country,date,sentiment_gdelt,sentiment_std,article_count_x,pct_positive,pct_negative,sentiment_climatebert,climatebert_pct_pos,climatebert_pct_neg,climatebert_confidence,article_count_y,climatebert_label
India,2020-01-01,-0.0329104149950927,0.3583077133759231,35,0.4857142857142857,0.4285714285714285,,,,,,
India,2020-01-02,0.0328259649413593,0.3120179974676665,29,0.5172413793103449,0.4827586206896552,,,,,,
India,2020-01-03,-0.1815544278503958,0.3808872890490571,36,0.3055555555555556,0.6666666666666666,,,,,,
India,2020-01-04,-0.2540541321376807,0.3329620928482051,31,0.2258064516129032,0.7741935483870968,,,,,,
India,2020-01-05,-0.1171662913075793,0.3869128992120164,27,0.3703703703703703,0.6296296296296297,,,,,,
India,2020-01-06,-0.160254942882749,0.4186794646798394,32,0.375,0.625,,,,,,
India,2020-01-07,-0.06542628817607,0.2736582041646019,34,0.4117647058823529,0.5588235294117647,,,,,,
India,2020-01-08,-0.2420028344216626,0.2749245827580628,37,0.1891891891891892,0.7837837837837838,,,,,,
India,2020-01-09,-0.1486671681452721,0.3343187509168709,44,0.3181818181818182,0.6818181818181818,,,,,,
India,2020-01-10,-0.0301502933671681,0.3144344474575818,45,0.4222222222222222,0.5333333333333333,,,,,,
India,2020-01-11,-0.0848917617793366,0.3735332197243869,21,0.3333333333333333,0.6190476190476191,,,,,,
India,2020-01-12,-0.0490350383259359,0.3938031938154837,24,0.4166666666666667,0.5833333333333334,,,,,,
India,2020-01-13,-0.0443126175268372,0.3524569604353722,33,0.3939393939393939,0.5757575757575758,,,,,,
India,2020-01-14,-0.0283016764535938,0.3682589409717572,33,0.3939393939393939,0.5454545454545454,,,,,,
India,2020-01-15,-0.0498329024501336,0.2543232916709009,30,0.4333333333333333,0.5,,,,,,
India,2020-01-16,-0.0720233917520373,0.2892992246967835,43,0.3488372093023256,0.6511627906976745,,,,,,
India,2020-01-17,-0.1168066932853115,0.3169477007944214,34,0.3235294117647059,0.6176470588235294,,,,,,
India,2020-01-18,-0.1643696366100806,0.3263294615781215,20,0.4,0.6,,,,,,
India,2020-01-19,-0.2189556540124073,0.3139917885025873,20,0.2,0.75,,,,,,
India,2020-01-20,-0.0687439018015102,0.362255112911972,43,0.3953488372093023,0.5813953488372093,,,,,,
India,2020-01-21,-0.0839835392693553,0.3098370933788751,40,0.3,0.625,,,,,,
India,2020-01-22,-0.0702395806690433,0.2852364522513493,37,0.3783783783783784,0.5405405405405406,,,,,,
India,2020-01-23,0.0510753774712398,0.3206665499101442,33,0.5151515151515151,0.4848484848484848,,,,,,
India,2020-01-24,-0.0678435051085876,0.3200251526500327,31,0.3225806451612903,0.6451612903225806,,,,,,
India,2020-01-25,-0.0908361852543503,0.3905498369281578,18,0.3333333333333333,0.6111111111111112,,,,,,
India,2020-01-26,-0.0005343631411722,0.316985995527675,23,0.3478260869565217,0.6521739130434783,,,,,,
India,2020-01-27,0.0307934689254313,0.3056742577838893,30,0.6,0.4,,,,,,
India,2020-01-28,-0.1902514638383501,0.3353828524861029,38,0.2631578947368421,0.7368421052631579,,,,,,
India,2020-01-29,-0.1276335386944391,0.2691769092103872,27,0.2222222222222222,0.7037037037037037,,,,,,
India,2020-01-30,-0.1169455411593504,0.3971496463746788,32,0.375,0.59375,,,,,,
India,2020-01-31,-0.1253687072244955,0.3717273241477075,40,0.3,0.625,,,,,,
India,2020-02-01,-0.113906362731749,0.3397249089244161,36,0.4166666666666667,0.5833333333333334,,,,,,
India,2020-02-02,-0.0031540408197327,0.2617715390308086,18,0.4444444444444444,0.5555555555555556,,,,,,
India,2020-02-03,-0.0270119362335092,0.3035632381861975,27,0.5185185185185185,0.4444444444444444,,,,,,
India,2020-02-04,-0.0735082775626504,0.2880894239448519,46,0.391304347826087,0.6086956521739131,,,,,,
India,2020-02-05,-0.0609210598814819,0.3228266239236201,38,0.4736842105263157,0.5263157894736842,,,,,,
India,2020-02-06,-0.0889673105276527,0.2752627122767261,44,0.3863636363636363,0.5909090909090909,,,,,,
India,2020-02-07,-0.1862691785885828,0.3158912027308273,33,0.2121212121212121,0.7878787878787878,,,,,,
India,2020-02-08,-0.0060663930093566,0.452596524545908,22,0.3636363636363636,0.6363636363636364,,,,,,
India,2020-02-09,-0.1574514712112806,0.3689105144896342,28,0.25,0.6428571428571429,,,,,,
India,2020-02-10,-0.0273599519425736,0.3082392977883818,39,0.4871794871794871,0.4871794871794871,,,,,,
India,2020-02-11,-0.0560648135366422,0.3016520687835489,28,0.4285714285714285,0.5,,,,,,
India,2020-02-12,-0.0908486442243624,0.3073737300720993,40,0.4,0.55,,,,,,
India,2020-02-13,-0.2067286103463089,0.3212281527412819,35,0.2857142857142857,0.6857142857142857,,,,,,
India,2020-02-14,-0.0352470568776685,0.3077394351627787,35,0.5142857142857142,0.4857142857142857,,,,,,
India,2020-02-15,-0.0268015561751585,0.3075343270771942,18,0.4444444444444444,0.5,,,,,,
India,2020-02-16,-0.1096674442273054,0.3814636968455705,28,0.5,0.5,,,,,,
India,2020-02-17,-0.1011945597937588,0.2979039304078241,41,0.3170731707317073,0.6585365853658537,,,,,,
India,2020-02-18,-0.1607270255055836,0.392012861850169,42,0.3571428571428571,0.6190476190476191,,,,,,
India,2020-02-19,0.0137711975910608,0.3467563777115131,38,0.4736842105263157,0.4473684210526316,,,,,,
India,2020-02-20,-0.0978452272331962,0.3597817166811327,35,0.4,0.5714285714285714,,,,,,
India,2020-02-21,-0.0082765576363994,0.3129135627882637,43,0.4883720930232558,0.4883720930232558,,,,,,
India,2020-02-22,0.0525610896053026,0.3364436526507433,28,0.5714285714285714,0.4285714285714285,,,,,,
India,2020-02-23,0.0339847174475985,0.3029458066815261,30,0.4666666666666667,0.4333333333333333,,,,,,
India,2020-02-24,-0.027003794261227,0.3426640493595724,36,0.5277777777777778,0.4444444444444444,,,,,,
India,2020-02-25,-0.1257381866075944,0.3666295006398608,53,0.320754716981132,0.6415094339622641,,,,,,
India,2020-02-26,-0.1716868330557391,0.3482091429477022,45,0.3333333333333333,0.6666666666666666,,,,,,
India,2020-02-27,-0.0632047602045094,0.251808004806696,33,0.4545454545454545,0.5151515151515151,,,,,,
India,2020-02-28,-0.065570551506028,0.2516483303036048,44,0.3409090909090909,0.6363636363636364,,,,,,
India,2020-02-29,-0.0432735908875595,0.3519591664642468,17,0.4117647058823529,0.5882352941176471,,,,,,
India,2020-03-01,-0.0660849505544007,0.4133962926006584,30,0.4333333333333333,0.5666666666666667,,,,,,
India,2020-03-02,-0.1208488336613882,0.4066388858861022,30,0.4,0.5333333333333333,,,,,,
India,2020-03-03,-0.1440160959606732,0.3256911148536774,35,0.4285714285714285,0.5714285714285714,,,,,,
India,2020-03-04,-0.1391100255713183,0.351704814090689,40,0.4,0.6,,,,,,
India,2020-03-05,-0.1218123978944339,0.3857955175543015,44,0.3863636363636363,0.6136363636363636,,,,,,
India,2020-03-06,-0.190495880261326,0.2780373630667674,28,0.2857142857142857,0.6785714285714286,,,,,,
India,2020-03-07,-0.2454245299220599,0.3159433324771575,23,0.217391304347826,0.782608695652174,,,,,,
India,2020-03-08,-0.157886216334701,0.2777521479582993,18,0.3333333333333333,0.6666666666666666,,,,,,
India,2020-03-09,-0.1857386349911785,0.2796185218822218,59,0.2033898305084746,0.7627118644067796,,,,,,
India,2020-03-10,-0.1548193645961549,0.3496060594629294,23,0.3478260869565217,0.6521739130434783,,,,,,
India,2020-03-11,-0.1312833685189987,0.3225007976106385,30,0.1666666666666666,0.6666666666666666,,,,,,
India,2020-03-12,-0.1208071958529682,0.391671321269945,35,0.3714285714285714,0.6285714285714286,,,,,,
India,2020-03-13,-0.1553548660012408,0.3429487227237341,39,0.2564102564102564,0.7435897435897436,,,,,,
India,2020-03-14,-0.1213029978161469,0.3049129513690274,22,0.3181818181818182,0.6363636363636364,,,,,,
India,2020-03-15,-0.2376492904681955,0.2542121272252896,18,0.1111111111111111,0.8888888888888888,,,,,,
India,2020-03-16,-0.2132089800216314,0.3660400721051768,35,0.3714285714285714,0.6285714285714286,,,,,,
India,2020-03-17,-0.1732441188792049,0.3541888532175186,35,0.2857142857142857,0.6857142857142857,,,,,,
India,2020-03-18,-0.1363339782147591,0.270880890676712,36,0.2777777777777778,0.6944444444444444,,,,,,
India,2020-03-19,-0.1595756514544299,0.3399810386710449,32,0.25,0.71875,,,,,,
India,2020-03-20,-0.2763032391709074,0.4037622498725999,43,0.2325581395348837,0.7441860465116279,,,,,,
India,2020-03-21,-0.162652763078683,0.3540252550223222,20,0.3,0.7,,,,,,
India,2020-03-22,-0.2114326327213474,0.2026040394647536,24,0.125,0.8333333333333334,,,,,,
India,2020-03-23,-0.231273294794107,0.2756725874977094,36,0.1666666666666666,0.8333333333333334,,,,,,
India,2020-03-24,-0.2081904530992209,0.2715636524166148,35,0.1714285714285714,0.8,,,,,,
India,2020-03-25,-0.238328460094168,0.2603972703577979,28,0.25,0.75,,,,,,
India,2020-03-26,-0.1464817435832968,0.266407434492409,44,0.2272727272727272,0.6590909090909091,,,,,,
India,2020-03-27,-0.185038244417883,0.2627877993144383,37,0.2162162162162162,0.7297297297297297,,,,,,
India,2020-03-28,-0.1581822439845737,0.2258267728548192,24,0.2083333333333333,0.75,,,,,,
India,2020-03-29,-0.2511476328073,0.2164646589589672,20,0.1,0.85,,,,,,
India,2020-03-30,-0.1327968978653251,0.3346895368272278,41,0.3414634146341463,0.6585365853658537,,,,,,
India,2020-03-31,-0.1674584433132416,0.2833820663433857,36,0.2777777777777778,0.6666666666666666,,,,,,
India,2020-04-01,-0.1955140063486762,0.3048992612721548,29,0.2758620689655172,0.7241379310344828,,,,,,
India,2020-04-02,-0.2392165602498825,0.2969767724665117,51,0.2156862745098039,0.7843137254901961,,,,,,
India,2020-04-03,-0.1656484973219827,0.3209389991424881,42,0.3333333333333333,0.6666666666666666,,,,,,
India,2020-04-04,-0.2484256647389181,0.265165401618959,24,0.0833333333333333,0.9166666666666666,,,,,,
India,2020-04-05,-0.1964497812070542,0.2449467487580544,15,0.2,0.7333333333333333,,,,,,
India,2020-04-06,-0.1692986038871159,0.301760136081374,31,0.3225806451612903,0.6774193548387096,,,,,,
India,2020-04-07,-0.1445075308806471,0.3323364064383816,34,0.3529411764705882,0.6176470588235294,,,,,,
India,2020-04-08,-0.1150139141081575,0.2666553020275469,35,0.3714285714285714,0.6285714285714286,,,,,,
India,2020-04-09,-0.2139194710889154,0.3066054799607117,28,0.2857142857142857,0.7142857142857143,,,,,,
India,2020-04-10,-0.1420339132477492,0.2826081511931346,19,0.3684210526315789,0.5789473684210527,,,,,,
India,2020-04-11,-0.2614661249413787,0.2884784382964985,28,0.1428571428571428,0.8214285714285714,,,,,,
India,2020-04-12,-0.1997818855600096,0.3437652821093357,23,0.217391304347826,0.7391304347826086,,,,,,
India,2020-04-13,-0.2990592732004196,0.259592476995366,35,0.1428571428571428,0.8285714285714286,,,,,,
India,2020-04-14,-0.2727957300725608,0.269015890972673,36,0.1388888888888889,0.8333333333333334,,,,,,
India,2020-04-15,-0.103355663486262,0.3939553617216407,31,0.2903225806451613,0.6774193548387096,,,,,,
India,2020-04-16,-0.1826439869961469,0.2679019732764826,31,0.3225806451612903,0.6774193548387096,,,,,,
India,2020-04-17,-0.1633294282062733,0.3000935897229201,41,0.3170731707317073,0.6585365853658537,,,,,,
India,2020-04-18,-0.079666533152669,0.3336540028696538,29,0.3448275862068966,0.6206896551724138,,,,,,
India,2020-04-19,-0.1354332109910919,0.188891649235538,26,0.2692307692307692,0.6153846153846154,,,,,,
India,2020-04-20,-0.2502134294461402,0.2397820110966569,29,0.1034482758620689,0.8620689655172413,,,,,,
India,2020-04-21,-0.1998832418213819,0.2856711572181521,44,0.1818181818181818,0.8181818181818182,,,,,,
India,2020-04-22,-0.1409071447308499,0.2820997725724598,43,0.2325581395348837,0.7674418604651163,,,,,,
India,2020-04-23,-0.1709275162395866,0.2903777664551122,41,0.2682926829268293,0.6829268292682927,,,,,,
India,2020-04-24,-0.1399140730962479,0.3053460675946431,44,0.2954545454545454,0.6818181818181818,,,,,,
India,2020-04-25,-0.192630970526417,0.2497703226704951,30,0.3,0.6666666666666666,,,,,,
India,2020-04-26,-0.1158452165629028,0.2549132067920676,25,0.24,0.64,,,,,,
India,2020-04-27,-0.16701659957302,0.2932301407618557,34,0.2352941176470588,0.7352941176470589,,,,,,
India,2020-04-28,-0.1738028781805118,0.2933774180627236,52,0.3269230769230769,0.6730769230769231,,,,,,
India,2020-04-29,-0.2252600380271607,0.2763431971141917,32,0.21875,0.75,,,,,,
India,2020-04-30,-0.1554511712094796,0.2964275684958538,38,0.2105263157894736,0.7368421052631579,,,,,,
India,2020-05-01,-0.144142701556145,0.2742539485091657,33,0.2424242424242424,0.7272727272727273,,,,,,
India,2020-05-02,-0.0890523269203129,0.2713442208392882,27,0.2962962962962963,0.6666666666666666,,,,,,
India,2020-05-03,-0.147868809871078,0.329004767056539,12,0.25,0.6666666666666666,,,,,,
India,2020-05-04,-0.1317924956554171,0.3606550508996363,44,0.2954545454545454,0.6363636363636364,,,,,,
India,2020-05-05,-0.1602691046380556,0.2736819613521586,33,0.2424242424242424,0.7575757575757576,,,,,,
India,2020-05-06,-0.1362670834114867,0.3215357137645647,26,0.2307692307692307,0.7307692307692307,,,,,,
India,2020-05-07,-0.1823509302748374,0.2517804992996579,34,0.2647058823529412,0.7058823529411765,,,,,,
India,2020-05-08,-0.2016183944689282,0.3173200331552306,48,0.2291666666666666,0.7083333333333334,,,,,,
India,2020-05-09,-0.1915906288799604,0.2887426144677522,24,0.25,0.75,,,,,,
India,2020-05-10,-0.1759788498502144,0.2547898039955386,32,0.25,0.75,,,,,,
India,2020-05-11,-0.1095529758390182,0.3027941281796764,38,0.3421052631578947,0.6578947368421053,,,,,,
India,2020-05-12,-0.207708881141307,0.2714783719883447,33,0.2121212121212121,0.7272727272727273,,,,,,
India,2020-05-13,-0.1606870437713932,0.2807979199232989,43,0.2790697674418604,0.6511627906976745,,,,,,
India,2020-05-14,-0.1991323965437637,0.2604107381252222,27,0.1481481481481481,0.8518518518518519,,,,,,
India,2020-05-15,-0.0939729989844064,0.286172473621078,41,0.3902439024390244,0.5609756097560976,,,,,,
India,2020-05-16,-0.0182249795358698,0.2252269947427524,22,0.5,0.4090909090909091,,,,,,
India,2020-05-17,-0.152512412116296,0.2211715804476237,21,0.238095238095238,0.7142857142857143,,,,,,
India,2020-05-18,-0.1259839757065077,0.3123280647197682,37,0.2702702702702703,0.7027027027027027,,,,,,
India,2020-05-19,-0.1490329915247956,0.2718442096784014,44,0.1818181818181818,0.7954545454545454,,,,,,
India,2020-05-20,-0.2429376571666373,0.3268833331465433,51,0.2156862745098039,0.7254901960784313,,,,,,
India,2020-05-21,-0.2923244347481603,0.3134129424132426,34,0.2058823529411764,0.7941176470588235,,,,,,
India,2020-05-22,-0.0257879507952689,0.3519051125122496,39,0.4358974358974359,0.5384615384615384,,,,,,
India,2020-05-23,-0.1825069046474718,0.3605917406174236,24,0.2916666666666667,0.6666666666666666,,,,,,
India,2020-05-24,-0.1016961518164936,0.3337688923068989,22,0.2727272727272727,0.7272727272727273,,,,,,
India,2020-05-25,-0.0580390150224827,0.2761131443906441,27,0.3703703703703703,0.5925925925925926,,,,,,
India,2020-05-26,-0.1521686392265707,0.4285642200312227,28,0.2142857142857142,0.75,,,,,,
India,2020-05-27,-0.1476043101791082,0.3135188782195846,43,0.3720930232558139,0.627906976744186,,,,,,
India,2020-05-28,-0.0970207746616429,0.3246936976390527,44,0.3636363636363636,0.6363636363636364,,,,,,
India,2020-05-29,-0.1458698019575557,0.2642001221014448,34,0.3529411764705882,0.6470588235294118,,,,,,
India,2020-05-30,-0.1453583623949938,0.3895712224868797,22,0.3181818181818182,0.6363636363636364,,,,,,
India,2020-05-31,-0.1924235759361589,0.3076896207879965,13,0.3076923076923077,0.6923076923076923,,,,,,
India,2020-06-01,-0.2292424366910004,0.3023293872225785,42,0.238095238095238,0.7380952380952381,,,,,,
India,2020-06-02,-0.0972573975514697,0.2749741040560083,32,0.34375,0.53125,,,,,,
India,2020-06-03,-0.2282839771755991,0.3647985255642701,32,0.21875,0.78125,,,,,,
India,2020-06-04,-0.0801671676301731,0.3139759160309173,36,0.4166666666666667,0.5833333333333334,,,,,,
India,2020-06-05,-0.083906411466741,0.3026332967348942,45,0.4666666666666667,0.5333333333333333,,,,,,
India,2020-06-06,-0.3370175813964791,0.2694153438950761,23,0.1304347826086956,0.8695652173913043,,,,,,
India,2020-06-07,-0.1567568507874983,0.3223569055163007,26,0.3076923076923077,0.6923076923076923,,,,,,
India,2020-06-08,-0.0679185482696101,0.3447252522028252,35,0.3714285714285714,0.5714285714285714,,,,,,
India,2020-06-09,-0.1444041236814641,0.3868631791295776,39,0.3333333333333333,0.6153846153846154,,,,,,
India,2020-06-10,-0.1072419657316996,0.3568990266514966,36,0.3611111111111111,0.6388888888888888,,,,,,
India,2020-06-11,-0.075108072489115,0.2827605174072755,29,0.3793103448275862,0.5517241379310345,,,,,,
India,2020-06-12,-0.127513193529246,0.231718714703331,32,0.21875,0.75,,,,,,
India,2020-06-13,-0.0793577948085384,0.3543478785899284,23,0.391304347826087,0.5652173913043478,,,,,,
India,2020-06-14,-0.0656531394587126,0.2890441466073319,18,0.3888888888888889,0.6111111111111112,,,,,,
India,2020-06-15,-0.2128200753830441,0.3516749227973413,39,0.282051282051282,0.6410256410256411,,,,,,
India,2020-06-16,-0.2506581584061914,0.3522598416189071,28,0.2142857142857142,0.75,,,,,,
India,2020-06-17,-0.2496847482391744,0.4139473953210225,33,0.2727272727272727,0.7272727272727273,,,,,,
India,2020-06-18,-0.1146091145297786,0.3567790275096555,47,0.3191489361702128,0.6382978723404256,,,,,,
India,2020-06-19,-0.1814038905727921,0.3215180328050815,34,0.2941176470588235,0.6764705882352942,,,,,,
India,2020-06-20,-0.023000281707263,0.4033499811402951,27,0.5555555555555556,0.4074074074074074,,,,,,
India,2020-06-21,-0.1142762249751651,0.3915530496744132,29,0.2758620689655172,0.6896551724137931,,,,,,
India,2020-06-22,-0.1410047024818474,0.2944529970256377,50,0.28,0.72,,,,,,
India,2020-06-23,-0.1512093868859883,0.2929619852597714,34,0.2647058823529412,0.7058823529411765,,,,,,
India,2020-06-24,-0.1275370924276347,0.3770025428153782,39,0.4102564102564102,0.5384615384615384,,,,,,
India,2020-06-25,-0.0908116374080616,0.2917473630556371,39,0.3076923076923077,0.5897435897435898,,,,,,
India,2020-06-26,-0.1954675014133717,0.2325715888352069,23,0.2608695652173913,0.7391304347826086,,,,,,
India,2020-06-27,-0.2313979214397868,0.2989825527457376,28,0.2142857142857142,0.75,,,,,,
India,2020-06-28,-0.2538630603645722,0.2517884884111712,34,0.1764705882352941,0.7941176470588235,,,,,,
India,2020-06-29,-0.1912473593609418,0.2995221852933557,31,0.2258064516129032,0.7419354838709677,,,,,,
India,2020-06-30,-0.2720424038934375,0.3893085234912059,37,0.2432432432432432,0.7297297297297297,1.0,1.0,0.0,0.7968,42.0,opportunity
India,2020-07-01,-0.1149438106753979,0.3441121772468193,30,0.3333333333333333,0.6333333333333333,1.0,1.0,0.0,0.8547,66.0,opportunity
India,2020-07-02,-0.139648071974817,0.2378031931243883,30,0.3333333333333333,0.6333333333333333,,,,,,
India,2020-07-03,-0.1329158804101699,0.2483759039075549,30,0.2666666666666666,0.7333333333333333,,,,,,
India,2020-07-04,-0.0544419230099646,0.2965015200404055,28,0.3571428571428571,0.6428571428571429,,,,,,
India,2020-07-05,-0.2385849906829921,0.3336417289186273,28,0.2857142857142857,0.7142857142857143,,,,,,
India,2020-07-06,-0.1308916677092644,0.3050050339831848,49,0.3877551020408163,0.5714285714285714,,,,,,
India,2020-07-07,-0.0935887148054319,0.3895850451194722,31,0.3870967741935484,0.6129032258064516,,,,,,
India,2020-07-08,-0.0771686794662295,0.3552706312135308,33,0.4848484848484848,0.4848484848484848,,,,,,
India,2020-07-09,-0.0804462578980982,0.3628811571843395,33,0.3939393939393939,0.5757575757575758,,,,,,
India,2020-07-10,-0.0508472623565239,0.3174812519297759,30,0.4666666666666667,0.5333333333333333,,,,,,
India,2020-07-11,-0.1192926626204356,0.2903473703418607,29,0.3448275862068966,0.6551724137931034,,,,,,
India,2020-07-12,-0.1590156563256443,0.3121753315554919,24,0.25,0.6666666666666666,,,,,,
India,2020-07-13,-0.042678661516861,0.2606630289744889,46,0.4347826086956521,0.5434782608695652,,,,,,
India,2020-07-14,-0.1479368149472354,0.2894281511252921,34,0.2352941176470588,0.6470588235294118,,,,,,
India,2020-07-15,-0.1040321752277557,0.3213852774497522,34,0.3529411764705882,0.6176470588235294,,,,,,
India,2020-07-16,-0.1197275000830322,0.2763284644014047,39,0.3333333333333333,0.6666666666666666,,,,,,
India,2020-07-17,-0.1614998515264309,0.3144358859107891,33,0.303030303030303,0.696969696969697,,,,,,
India,2020-07-18,-0.0702294854379844,0.265142563099303,22,0.4090909090909091,0.5909090909090909,,,,,,
India,2020-07-19,-0.2555238415032944,0.3342648036882138,21,0.238095238095238,0.7619047619047619,,,,,,
India,2020-07-20,-0.119125652376686,0.3588863218780367,38,0.4210526315789473,0.5789473684210527,,,,,,
India,2020-07-21,-0.0232450060627466,0.2977438967673135,49,0.3673469387755102,0.5510204081632653,,,,,,
India,2020-07-22,-0.0574955487888368,0.3375188157983829,30,0.3666666666666666,0.6333333333333333,,,,,,
India,2020-07-23,-0.023174058830102,0.3026964266517694,37,0.4594594594594595,0.5405405405405406,,,,,,
India,2020-07-24,-0.1862839383930601,0.3543702559944287,25,0.24,0.72,,,,,,
India,2020-07-25,-0.0997994074356708,0.3573223850862159,16,0.3125,0.6875,,,,,,
India,2020-07-26,-0.1309285516720524,0.3343739653517771,18,0.2777777777777778,0.7222222222222222,,,,,,
India,2020-07-27,-0.168077161477785,0.3454171616539689,39,0.3076923076923077,0.6666666666666666,,,,,,
India,2020-07-28,-0.137264597042417,0.3081621754179987,43,0.2558139534883721,0.6976744186046512,,,,,,
India,2020-07-29,-0.1205437501886219,0.2660102986758495,31,0.3548387096774194,0.5483870967741935,,,,,,
India,2020-07-30,-0.1237087536257117,0.2326433476767495,38,0.2368421052631578,0.6578947368421053,,,,,,
India,2020-07-31,-0.0206563014626391,0.316993774570821,32,0.5,0.40625,,,,,,
India,2020-08-01,-0.0281905288074518,0.2901605715281663,30,0.2666666666666666,0.6333333333333333,,,,,,
India,2020-08-02,-0.2278209103039298,0.227985076305461,20,0.15,0.85,,,,,,
India,2020-08-03,-0.143249069750012,0.3447794662923859,31,0.2903225806451613,0.6774193548387096,,,,,,
India,2020-08-04,-0.1049302580581588,0.340731352662059,35,0.4285714285714285,0.5714285714285714,,,,,,
India,2020-08-05,-0.0748850106829383,0.2422838158939753,43,0.4418604651162791,0.5348837209302325,,,,,,
India,2020-08-06,-0.1559283877758465,0.3810169214317837,27,0.2962962962962963,0.7037037037037037,,,,,,
India,2020-08-07,-0.1956426226845987,0.3725116077126217,32,0.34375,0.65625,,,,,,
India,2020-08-08,-0.1864358641342332,0.3474460454925692,31,0.2258064516129032,0.7741935483870968,,,,,,
India,2020-08-09,-0.0261516652335307,0.2586807145701679,22,0.4545454545454545,0.4545454545454545,,,,,,
India,2020-08-10,-0.1257423874104071,0.3575278546383287,44,0.3409090909090909,0.6590909090909091,,,,,,
India,2020-08-11,-0.0461208699401062,0.3598830753021778,42,0.3333333333333333,0.6190476190476191,,,,,,
India,2020-08-12,-0.0796045596284332,0.287659290972437,44,0.3863636363636363,0.5909090909090909,,,,,,
India,2020-08-13,-0.1151102109991237,0.2887129720923217,41,0.2682926829268293,0.7073170731707317,,,,,,
India,2020-08-14,-0.070302920021523,0.3363245972159693,32,0.375,0.625,,,,,,
India,2020-08-15,-0.0925702354249255,0.2032222081105842,24,0.2916666666666667,0.7083333333333334,,,,,,
India,2020-08-16,-0.1007787537249716,0.2505498330886082,27,0.3703703703703703,0.6296296296296297,,,,,,
India,2020-08-17,-0.0067880119140854,0.3240034941328005,38,0.4210526315789473,0.5526315789473685,,,,,,
India,2020-08-18,0.0022366696910394,0.3279640051298074,33,0.4242424242424242,0.5454545454545454,,,,,,
India,2020-08-19,-0.0582669677081674,0.2618382396113501,33,0.4242424242424242,0.5454545454545454,,,,,,
India,2020-08-20,-0.0762688172495177,0.3582444956411794,43,0.3720930232558139,0.6046511627906976,,,,,,
India,2020-08-21,-0.0413991939088193,0.4598852619551085,48,0.3958333333333333,0.5625,,,,,,
India,2020-08-22,-0.1422702845164365,0.351012098741059,24,0.4166666666666667,0.5833333333333334,,,,,,
India,2020-08-23,-0.0654908117463531,0.4932289291262358,13,0.3846153846153846,0.6153846153846154,,,,,,
India,2020-08-24,-0.0053337603909399,0.2889297085674403,26,0.4615384615384615,0.5,,,,,,
India,2020-08-25,0.0002532045640626,0.272715150083917,50,0.5,0.46,,,,,,
India,2020-08-26,-0.095546832905599,0.333480838235373,25,0.32,0.64,,,,,,
India,2020-08-27,-0.1156559533218103,0.3068609755088122,24,0.3333333333333333,0.5833333333333334,,,,,,
India,2020-08-28,-0.1260597049716354,0.3381969684221821,38,0.2368421052631578,0.7631578947368421,,,,,,
India,2020-08-29,-0.1609535785214427,0.3169038322971144,22,0.3636363636363636,0.5454545454545454,,,,,,
India,2020-08-30,-0.2021836945253903,0.3086496223000239,18,0.2777777777777778,0.7222222222222222,,,,,,
India,2020-08-31,-0.042756903285505,0.3526842119563014,40,0.375,0.6,,,,,,
India,2020-09-01,-0.0678003738710349,0.3516608978766145,32,0.40625,0.53125,,,,,,
India,2020-09-02,-0.1652587030350402,0.2868024884131984,38,0.3421052631578947,0.6578947368421053,,,,,,
India,2020-09-03,-0.0768681759256023,0.3276201703497949,44,0.3636363636363636,0.5909090909090909,,,,,,
India,2020-09-04,-0.08915918313455,0.2835426409062087,41,0.4146341463414634,0.5609756097560976,,,,,,
India,2020-09-05,-0.1135194363205655,0.3066312198479927,29,0.3793103448275862,0.6206896551724138,,,,,,
India,2020-09-06,-0.0553842158043557,0.3699663439743231,31,0.3870967741935484,0.5806451612903226,,,,,,
India,2020-09-07,-0.103142794962047,0.2590908839145482,37,0.3513513513513513,0.6486486486486487,,,,,,
India,2020-09-08,-0.13421622563455,0.3354500218330104,40,0.325,0.675,,,,,,
India,2020-09-09,-0.2105427059781149,0.3696593500224399,57,0.2982456140350877,0.7017543859649122,,,,,,
India,2020-09-10,-0.0426751095976889,0.3803342071002813,51,0.4313725490196078,0.5098039215686274,,,,,,
India,2020-09-11,-0.0954887422836147,0.3261336468439461,27,0.4074074074074074,0.5925925925925926,,,,,,
India,2020-09-12,-0.1609713886039393,0.4068282462751835,22,0.3636363636363636,0.6363636363636364,,,,,,
India,2020-09-13,-0.1714545270720615,0.2814584531679068,34,0.2941176470588235,0.6764705882352942,,,,,,
India,2020-09-14,-0.1804654312067293,0.3850686465397385,33,0.3939393939393939,0.6060606060606061,,,,,,
India,2020-09-15,-0.0068485463386689,0.342768235350431,36,0.5277777777777778,0.4722222222222222,,,,,,
India,2020-09-16,-0.0751261950990952,0.2266544621691522,35,0.3714285714285714,0.5714285714285714,,,,,,
India,2020-09-17,0.0453344790054835,0.387008130300952,36,0.4722222222222222,0.4722222222222222,,,,,,
India,2020-09-18,-0.1078558007484623,0.2810282494823249,35,0.4,0.5428571428571428,,,,,,
India,2020-09-19,-0.3015368096882778,0.2400416363085341,14,0.0714285714285714,0.9285714285714286,,,,,,
India,2020-09-20,-0.1632165884526277,0.3031703953758951,13,0.3846153846153846,0.6153846153846154,,,,,,
India,2020-09-21,-0.1099853418616613,0.2819843865447281,34,0.4411764705882353,0.5588235294117647,,,,,,
India,2020-09-22,-0.0733393209148595,0.3312682850459924,39,0.4102564102564102,0.5641025641025641,,,,,,
India,2020-09-23,-0.1230211092149904,0.2834460660604606,45,0.4,0.5777777777777777,,,,,,
India,2020-09-24,-0.0095679359534901,0.3074518877284722,32,0.4375,0.5,,,,,,
India,2020-09-25,-0.0973276587429996,0.3820855247332507,26,0.3846153846153846,0.6153846153846154,,,,,,
India,2020-09-26,-0.1729958621813225,0.3897186828820183,19,0.2631578947368421,0.6842105263157895,,,,,,
India,2020-09-27,-0.0963935831493868,0.3131803755190997,24,0.2916666666666667,0.7083333333333334,,,,,,
India,2020-09-28,-0.0235306444230781,0.3717129185139926,31,0.4516129032258064,0.5161290322580645,,,,,,
India,2020-09-29,-0.1764415198584499,0.3692214012582926,38,0.3684210526315789,0.631578947368421,,,,,,
India,2020-09-30,-0.0460979056859751,0.3399453551561188,27,0.4074074074074074,0.5555555555555556,,,,,,
India,2020-10-01,-0.1338411996748306,0.2944668599121723,67,0.373134328358209,0.5671641791044776,,,,,,
India,2020-10-02,-0.1060886236673302,0.3706045521856501,50,0.38,0.6,,,,,,
India,2020-10-03,-0.1972719804333743,0.400249447106742,17,0.4117647058823529,0.5882352941176471,,,,,,
India,2020-10-04,-0.0479853918430558,0.3693173082871749,21,0.6190476190476191,0.3333333333333333,,,,,,
India,2020-10-05,0.040096662742159,0.3067815100022648,35,0.5714285714285714,0.4285714285714285,,,,,,
India,2020-10-06,-0.0900128995141013,0.3712516427526274,42,0.3333333333333333,0.6428571428571429,,,,,,
India,2020-10-07,-0.0683187477492534,0.3773684489539178,34,0.4411764705882353,0.5,,,,,,
India,2020-10-08,-0.1224713242161154,0.3419836891938998,46,0.3478260869565217,0.6304347826086957,,,,,,
India,2020-10-09,0.0027023995535838,0.317908442409976,19,0.4736842105263157,0.4736842105263157,,,,,,
India,2020-10-10,-0.0452797978300804,0.2633588127896502,35,0.4285714285714285,0.5714285714285714,,,,,,
India,2020-10-11,-0.1138303775581983,0.3522121227583746,40,0.45,0.55,,,,,,
India,2020-10-12,-0.0010193726342559,0.3780878891765257,40,0.45,0.5,,,,,,
India,2020-10-13,-0.0696010675899907,0.327391182895184,42,0.4523809523809524,0.5476190476190477,,,,,,
India,2020-10-14,-0.1091989856618814,0.3575490298718906,42,0.3809523809523809,0.5476190476190477,,,,,,
India,2020-10-15,-0.1514554293716682,0.3194068144024402,55,0.4181818181818181,0.5818181818181818,,,,,,
India,2020-10-16,-0.1864890933103427,0.4071382303267007,13,0.3846153846153846,0.6153846153846154,,,,,,
India,2020-10-17,-0.0888274244392245,0.35153118502583,35,0.3714285714285714,0.6,,,,,,
India,2020-10-18,-0.194075582931972,0.3010351152635724,30,0.2666666666666666,0.7,,,,,,
India,2020-10-19,-0.1092228115585461,0.3365420270456704,32,0.34375,0.59375,,,,,,
India,2020-10-20,-0.0741126087603174,0.3678647106725076,41,0.3658536585365853,0.5853658536585366,,,,,,
India,2020-10-21,-0.0502517214242358,0.3023262102046626,37,0.5135135135135135,0.4864864864864865,,,,,,
India,2020-10-22,-0.0544389965718433,0.3835877210242197,30,0.4666666666666667,0.5333333333333333,,,,,,
India,2020-10-23,-0.1501590409159058,0.358292495259406,12,0.4166666666666667,0.5833333333333334,,,,,,
India,2020-10-24,-0.2665136867847963,0.4522909232042729,17,0.2352941176470588,0.7647058823529411,,,,,,
India,2020-10-25,-0.0559599665743438,0.3530870819613061,22,0.3636363636363636,0.5909090909090909,,,,,,
India,2020-10-26,-0.0265172326616664,0.4019096468875216,21,0.5238095238095238,0.4761904761904761,,,,,,
India,2020-10-27,-0.0481927289321392,0.303825637724243,36,0.4722222222222222,0.5277777777777778,,,,,,
India,2020-10-28,-0.0284888344616684,0.3406733343317668,32,0.53125,0.4375,,,,,,
India,2020-10-29,-0.1304740460236088,0.3192519721982716,31,0.3225806451612903,0.6451612903225806,,,,,,
India,2020-10-30,-0.032110651182827,0.4559726059664669,15,0.4666666666666667,0.4666666666666667,,,,,,
India,2020-10-31,-0.1138903321558729,0.3667963802225332,11,0.2727272727272727,0.6363636363636364,,,,,,
India,2020-11-01,-0.0373901511253364,0.3571282169737761,25,0.48,0.52,,,,,,
India,2020-11-02,-0.050429947676949,0.2942022659713357,37,0.5135135135135135,0.3783783783783784,,,,,,
India,2020-11-03,-0.0797308151076734,0.2765432878951383,32,0.40625,0.5625,,,,,,
India,2020-11-04,-0.1480588154305279,0.3822400967972935,35,0.3714285714285714,0.6,,,,,,
India,2020-11-05,0.0633749397738227,0.3076635728825703,27,0.4814814814814814,0.4814814814814814,,,,,,
India,2020-11-06,-0.1601766788961984,0.3455442943042772,16,0.3125,0.5625,,,,,,
India,2020-11-07,-0.0618316100967208,0.2728523831902685,3,0.6666666666666666,0.3333333333333333,,,,,,
India,2020-11-08,-0.0923708319731306,0.2825548791378917,22,0.4545454545454545,0.5454545454545454,,,,,,
India,2020-11-09,-0.1304848933374008,0.3238910631393563,32,0.375,0.625,,,,,,
India,2020-11-10,0.079510248194334,0.2038922146299867,18,0.6111111111111112,0.3333333333333333,,,,,,
India,2020-11-11,-0.0512388009250571,0.2826972244569796,22,0.3181818181818182,0.6363636363636364,,,,,,
India,2020-11-12,-0.021738380187768,0.3003872837734194,21,0.6190476190476191,0.3809523809523809,,,,,,
India,2020-11-13,0.1228689080045208,0.3558145865934902,14,0.5714285714285714,0.4285714285714285,,,,,,
India,2020-11-14,-0.1451841035503956,0.4706999664412954,4,0.75,0.25,,,,,,
India,2020-11-15,-0.1563693255077372,0.4312714452498722,9,0.3333333333333333,0.5555555555555556,,,,,,
India,2020-11-16,-0.1294918209313007,0.3246688981530984,20,0.3,0.7,,,,,,
India,2020-11-17,0.0021033989826933,0.3971694421557489,20,0.6,0.35,,,,,,
India,2020-11-18,0.0185882272874939,0.2985285058582932,55,0.4727272727272727,0.4909090909090909,,,,,,
India,2020-11-19,0.0065001605916404,0.3153261737510073,74,0.5,0.4459459459459459,,,,,,
India,2020-11-20,-0.0065744450806999,0.3162198886178326,72,0.4583333333333333,0.4444444444444444,,,,,,
India,2020-11-21,-0.0999823094679405,0.3073562402590018,41,0.3658536585365853,0.6341463414634146,,,,,,
India,2020-11-22,-0.0848173681898024,0.2660025194936911,41,0.3902439024390244,0.5853658536585366,,,,,,
India,2020-11-23,-0.078419805207404,0.3403928425932384,53,0.4150943396226415,0.5471698113207547,,,,,,
India,2020-11-24,-0.0338476957594875,0.2948870189351241,53,0.4716981132075472,0.5094339622641509,,,,,,
India,2020-11-25,-0.0737897879597474,0.3825374870386172,39,0.4102564102564102,0.5641025641025641,,,,,,
India,2020-11-26,-0.0043989778350079,0.3464175434514264,41,0.5365853658536586,0.4390243902439024,,,,,,
India,2020-11-27,0.0189643024176639,0.2831516915619656,37,0.4594594594594595,0.5135135135135135,,,,,,
India,2020-11-28,-0.0920880719584376,0.3484677349972542,43,0.2790697674418604,0.6976744186046512,,,,,,
India,2020-11-29,0.0038786066094136,0.3316343740178891,28,0.5357142857142857,0.4642857142857143,,,,,,
India,2020-11-30,-0.012613854904712,0.2887894520774487,66,0.4090909090909091,0.5151515151515151,,,,,,
India,2020-12-01,-0.0112066013710611,0.3915282255613437,21,0.4285714285714285,0.5714285714285714,,,,,,
India,2020-12-02,0.0208621262329397,0.2389048585309628,44,0.5454545454545454,0.4318181818181818,,,,,,
India,2020-12-03,-0.0010199294366034,0.3547129941543031,51,0.3725490196078431,0.5490196078431373,,,,,,
India,2020-12-04,-0.0362351747380648,0.3101218450775852,37,0.4054054054054054,0.5135135135135135,,,,,,
India,2020-12-05,-0.1193316821689825,0.3919161339842091,23,0.3478260869565217,0.6086956521739131,,,,,,
India,2020-12-06,-0.0693930907411266,0.2934171824180481,24,0.375,0.5416666666666666,,,,,,
India,2020-12-07,-0.0375734738474016,0.2661436828117743,40,0.4,0.55,,,,,,
India,2020-12-08,-0.1477437242552815,0.3816398172861662,48,0.3958333333333333,0.6041666666666666,,,,,,
India,2020-12-09,-0.0613608042797249,0.3352939099710946,44,0.4545454545454545,0.5,,,,,,
India,2020-12-10,-0.1027685114923542,0.3766149854355998,43,0.3953488372093023,0.5813953488372093,,,,,,
India,2020-12-11,-0.1436371289805113,0.3844912446632731,26,0.3846153846153846,0.5769230769230769,,,,,,
India,2020-12-12,-0.0512929573482925,0.3559257796882373,37,0.3783783783783784,0.6216216216216216,,,,,,
India,2020-12-13,-0.1664505831084637,0.265015702734388,19,0.2631578947368421,0.6842105263157895,,,,,,
India,2020-12-14,-0.1117652715480748,0.3348964153521903,30,0.3333333333333333,0.6,,,,,,
India,2020-12-15,-0.0430469470248241,0.3724299093716604,32,0.34375,0.65625,,,,,,
India,2020-12-16,0.0306276459860548,0.3320591609519795,33,0.4848484848484848,0.5151515151515151,,,,,,
India,2020-12-17,0.0054889559063046,0.2985498796245345,39,0.4358974358974359,0.5384615384615384,,,,,,
India,2020-12-18,-0.101124835925188,0.2949212971047778,35,0.3428571428571428,0.6285714285714286,,,,,,
India,2020-12-19,-0.0325950567035799,0.2190440431971519,20,0.35,0.6,,,,,,
India,2020-12-20,-0.1164140734307174,0.3153235943335526,20,0.35,0.6,,,,,,
India,2020-12-21,-0.1208502670316896,0.3385339959693371,39,0.3846153846153846,0.5641025641025641,,,,,,
India,2020-12-22,-0.0538042346513025,0.2999126109086724,35,0.4571428571428571,0.5142857142857142,,,,,,
India,2020-12-23,-0.128098169341052,0.3377454166814322,27,0.3333333333333333,0.6666666666666666,,,,,,
India,2020-12-24,-0.0010310823390362,0.2605736724083258,40,0.625,0.35,,,,,,
India,2020-12-25,-0.1932347854169033,0.3593239604257784,21,0.2857142857142857,0.7142857142857143,,,,,,
India,2020-12-26,0.0319706880904849,0.2990708469420587,19,0.4736842105263157,0.5263157894736842,,,,,,
India,2020-12-27,-0.1088166816781525,0.3679646214172993,20,0.4,0.6,,,,,,
India,2020-12-28,0.0361761316515829,0.4257374709495988,30,0.5666666666666667,0.4,,,,,,
India,2020-12-29,-0.1651303776056907,0.2447481015576741,30,0.2,0.6666666666666666,,,,,,
India,2020-12-30,-0.1239223944428126,0.2663544609061062,35,0.3142857142857143,0.6857142857142857,,,,,,
India,2020-12-31,-0.149578832597645,0.2575154768006366,38,0.2368421052631578,0.7631578947368421,,,,,,
India,2021-01-01,-0.1007352526365187,0.3092101635974615,16,0.3125,0.625,,,,,,
India,2021-01-02,-0.0831931270705672,0.3269092518655651,28,0.3214285714285714,0.6428571428571429,,,,,,
India,2021-01-03,-0.1306842927401149,0.3855005262441756,33,0.3333333333333333,0.6363636363636364,,,,,,
India,2021-01-04,-0.113294996059896,0.2830874837846272,35,0.3142857142857143,0.6571428571428571,,,,,,
India,2021-01-05,-0.0852537317404031,0.3193453844459881,48,0.4166666666666667,0.5833333333333334,,,,,,
India,2021-01-06,-0.1446911682647871,0.2790177910910231,41,0.2682926829268293,0.6829268292682927,,,,,,
India,2021-01-07,-0.0745695845371298,0.2877853155007746,27,0.4074074074074074,0.5185185185185185,,,,,,
India,2021-01-08,-0.0776590880749421,0.3940806625164592,40,0.4,0.575,,,,,,
India,2021-01-09,-0.2015129750808833,0.4165937370450999,26,0.2692307692307692,0.6538461538461539,,,,,,
India,2021-01-10,-0.1487754403766685,0.3740110318201037,28,0.3928571428571428,0.6071428571428571,,,,,,
India,2021-01-11,-0.1412659824610628,0.3064277029809852,40,0.35,0.625,,,,,,
India,2021-01-12,-0.0857331794214171,0.2995382257466206,30,0.4333333333333333,0.5,,,,,,
India,2021-01-13,-0.0185682234624607,0.3517836742983786,36,0.4444444444444444,0.5277777777777778,,,,,,
India,2021-01-14,-0.0930204733870512,0.3124457125102968,35,0.4571428571428571,0.5142857142857142,,,,,,
India,2021-01-15,0.0636413665928563,0.3474728597585352,26,0.5769230769230769,0.3461538461538461,,,,,,
India,2021-01-16,-0.0214823640542485,0.3659089066134732,27,0.5185185185185185,0.4814814814814814,,,,,,
India,2021-01-17,-0.1317944768171141,0.2472239369580337,25,0.36,0.6,,,,,,
India,2021-01-18,0.0296517262759677,0.3118287055524497,34,0.4117647058823529,0.4705882352941176,,,,,,
India,2021-01-19,-0.0448176349189644,0.3769273899685454,34,0.3823529411764705,0.5294117647058824,,,,,,
India,2021-01-20,-0.0650730740755071,0.3077499825489207,40,0.45,0.55,,,,,,
India,2021-01-21,-0.0709694418546926,0.3827003368504462,36,0.4166666666666667,0.5,,,,,,
India,2021-01-22,-0.0941038788297097,0.3884055508197698,43,0.3720930232558139,0.6046511627906976,,,,,,
India,2021-01-23,-0.1438845729504359,0.3495484141982736,20,0.3,0.65,,,,,,
India,2021-01-24,-0.191224052509796,0.3347533069570527,23,0.2608695652173913,0.7391304347826086,,,,,,
India,2021-01-25,-0.0703139867075791,0.2919233487636036,34,0.4705882352941176,0.5294117647058824,,,,,,
India,2021-01-26,-0.1516001622320856,0.2377167401336034,34,0.2058823529411764,0.7647058823529411,,,,,,
India,2021-01-27,-0.0165960304962175,0.3339679588016694,38,0.4736842105263157,0.5263157894736842,,,,,,
India,2021-01-28,-0.0842739352782841,0.3492438886157769,43,0.4418604651162791,0.5581395348837209,,,,,,
India,2021-01-29,-0.0483233485456516,0.2935016966436598,41,0.3902439024390244,0.5365853658536586,,,,,,
India,2021-01-30,-0.1332321477953251,0.29684771970771,19,0.3157894736842105,0.6842105263157895,,,,,,
India,2021-01-31,-0.0831428097828256,0.3838846773007481,20,0.45,0.55,,,,,,
India,2021-02-01,0.0040658155092712,0.3529962902885727,36,0.5,0.4444444444444444,,,,,,
India,2021-02-02,-0.0895023416730042,0.2802998252727004,32,0.3125,0.59375,,,,,,
India,2021-02-03,-0.0060006290044026,0.3127520076835779,40,0.5,0.5,,,,,,
India,2021-02-04,-0.0453797159920761,0.2358514114070542,51,0.4117647058823529,0.5686274509803921,,,,,,
India,2021-02-05,-0.0959363776915684,0.3897124845634362,29,0.4137931034482758,0.5517241379310345,,,,,,
India,2021-02-06,-0.1198243643251318,0.4535529044144493,26,0.3461538461538461,0.5384615384615384,,,,,,
India,2021-02-07,-0.2300618292043832,0.3120464933627048,47,0.1276595744680851,0.8723404255319149,,,,,,
India,2021-02-08,-0.18116985709278,0.348853404204469,63,0.3492063492063492,0.6507936507936508,,,,,,
India,2021-02-09,-0.1139964099110918,0.3184475905154563,42,0.3571428571428571,0.5952380952380952,,,,,,
India,2021-02-10,-0.0547909394056813,0.3082181338718706,49,0.4285714285714285,0.4489795918367347,,,,,,
India,2021-02-11,0.0036486059057881,0.3091364820703919,32,0.40625,0.5,,,,,,
India,2021-02-12,-0.0255853999944233,0.3737055847256193,26,0.5384615384615384,0.4615384615384615,,,,,,
India,2021-02-13,0.0065836568000992,0.34647584623443,21,0.3809523809523809,0.5714285714285714,,,,,,
India,2021-02-14,-0.3403968527917695,0.3967731664446792,18,0.2222222222222222,0.7777777777777778,,,,,,
India,2021-02-15,-0.0927671832119724,0.3123184486676332,48,0.3541666666666667,0.625,,,,,,
India,2021-02-16,-0.0962329133461965,0.343689694849951,46,0.3695652173913043,0.6304347826086957,,,,,,
India,2021-02-17,-0.0791514361787916,0.2955397219198185,39,0.4102564102564102,0.5641025641025641,,,,,,
India,2021-02-18,-0.1139818754666985,0.3561015529237068,35,0.4,0.6,,,,,,
India,2021-02-19,-0.0002191497637702,0.2830397056328622,47,0.5106382978723404,0.425531914893617,,,,,,
India,2021-02-20,-0.2074487590851014,0.2273259403937803,24,0.125,0.875,,,,,,
India,2021-02-21,-0.036746860100384,0.336293069205646,13,0.4615384615384615,0.4615384615384615,,,,,,
India,2021-02-22,-0.1232109703196058,0.2803071660517109,38,0.2894736842105263,0.7105263157894737,,,,,,
India,2021-02-23,-0.1389826281388588,0.3535308628348802,42,0.3809523809523809,0.5714285714285714,,,,,,
India,2021-02-24,-0.0582286558016011,0.3565321331771009,44,0.3863636363636363,0.5909090909090909,,,,,,
India,2021-02-25,0.0678149015662491,0.3147376711997357,30,0.5666666666666667,0.3666666666666666,,,,,,
India,2021-02-26,-0.0577062983337686,0.2280811758357639,44,0.3409090909090909,0.5454545454545454,,,,,,
India,2021-02-27,-0.1177620932767568,0.264621355724629,24,0.4166666666666667,0.5416666666666666,,,,,,
India,2021-02-28,-0.0810163648744408,0.3567336268774489,14,0.4285714285714285,0.5714285714285714,,,,,,
India,2021-03-01,-0.0591580743015109,0.3329206095056135,36,0.3611111111111111,0.5555555555555556,,,,,,
India,2021-03-02,-0.0722921819211324,0.326378019874755,31,0.4516129032258064,0.5483870967741935,,,,,,
India,2021-03-03,-0.0956716475364716,0.3376851411128195,27,0.4074074074074074,0.5555555555555556,,,,,,
India,2021-03-04,-0.0497538064583854,0.256308270203162,31,0.4516129032258064,0.5161290322580645,,,,,,
India,2021-03-05,-0.1166683863318504,0.3720700889443336,41,0.3902439024390244,0.5853658536585366,,,,,,
India,2021-03-06,0.0133776398733112,0.2672523866622802,23,0.3478260869565217,0.5652173913043478,,,,,,
India,2021-03-07,-0.028717290270104,0.2807944254339467,17,0.5882352941176471,0.4117647058823529,,,,,,
India,2021-03-08,-0.0265789013501961,0.3350633282122944,39,0.5128205128205128,0.4615384615384615,,,,,,
India,2021-03-09,-0.0303516248401813,0.3240870363016113,49,0.5102040816326531,0.4489795918367347,,,,,,
India,2021-03-10,-0.0851781150775308,0.3116942956109326,53,0.3962264150943396,0.5849056603773585,,,,,,
India,2021-03-11,-0.0209547573633563,0.2769425736491012,32,0.40625,0.5625,,,,,,
India,2021-03-12,-0.1910845504333413,0.2684816551861885,27,0.2222222222222222,0.7777777777777778,,,,,,
India,2021-03-13,-0.147569833927613,0.2862832831284356,21,0.2857142857142857,0.7142857142857143,,,,,,
India,2021-03-14,-0.001670262937664,0.2598183074789708,21,0.4761904761904761,0.5238095238095238,,,,,,
India,2021-03-15,0.033171756452492,0.2506764799037851,41,0.5365853658536586,0.3902439024390244,,,,,,
India,2021-03-16,-0.0620871627300591,0.2754074835046676,39,0.3846153846153846,0.5641025641025641,,,,,,
India,2021-03-17,-0.1619679581778402,0.3616258692171737,41,0.3658536585365853,0.6097560975609756,,,,,,
India,2021-03-18,0.0119403367034101,0.3091613453651221,33,0.3333333333333333,0.6363636363636364,,,,,,
India,2021-03-19,-0.0988861182299225,0.2472580645244158,33,0.3636363636363636,0.5757575757575758,,,,,,
India,2021-03-20,-0.0750514451029401,0.31833007594842,37,0.4054054054054054,0.5405405405405406,,,,,,
India,2021-03-21,0.0993853731208896,0.3771036498580096,13,0.6923076923076923,0.3076923076923077,,,,,,
India,2021-03-22,0.0533970810312671,0.2679987702677837,23,0.5652173913043478,0.391304347826087,,,,,,
India,2021-03-23,-0.0730770183508582,0.3823862056308366,27,0.3703703703703703,0.5555555555555556,,,,,,
India,2021-03-24,-0.0234196387101473,0.3794451411571315,35,0.5142857142857142,0.4857142857142857,,,,,,
India,2021-03-25,-0.1394261977118831,0.3080252155816692,32,0.28125,0.71875,,,,,,
India,2021-03-26,-0.0387821414841927,0.2757291955746874,45,0.4444444444444444,0.5555555555555556,,,,,,
India,2021-03-27,-0.1462608671840742,0.2707389184072812,27,0.2962962962962963,0.7037037037037037,,,,,,
India,2021-03-28,-0.0070773166417483,0.3845455339199344,21,0.3333333333333333,0.6190476190476191,,,,,,
India,2021-03-29,-0.1589051429629522,0.3495906924833619,29,0.3448275862068966,0.6551724137931034,,,,,,
India,2021-03-30,-0.037791077688551,0.1957943114798372,43,0.4186046511627907,0.4883720930232558,,,,,,
India,2021-03-31,0.0232364390970519,0.2095211648921015,33,0.5151515151515151,0.4242424242424242,,,,,,
India,2021-04-01,-0.0919607986509727,0.2925035508916956,47,0.4468085106382978,0.4893617021276595,,,,,,
India,2021-04-02,-0.0670758693514607,0.3279365208012538,23,0.391304347826087,0.6086956521739131,,,,,,
India,2021-04-03,-0.1942447438838451,0.2557553298223871,18,0.2222222222222222,0.7222222222222222,,,,,,
India,2021-04-04,-0.1747379100687711,0.3801629020734783,25,0.32,0.64,,,,,,
India,2021-04-05,-0.0294053414004903,0.3945315638473857,32,0.375,0.59375,,,,,,
India,2021-04-06,-0.015905527971892,0.3141324692358099,43,0.4418604651162791,0.4883720930232558,,,,,,
India,2021-04-07,0.140418557416487,0.2828774727169687,35,0.7142857142857143,0.2571428571428571,,,,,,
India,2021-04-08,-0.0468616339908194,0.3021575706165053,29,0.4137931034482758,0.5862068965517241,,,,,,
India,2021-04-09,-0.1141255915758941,0.3020969239529885,21,0.1904761904761904,0.6190476190476191,,,,,,
India,2021-04-10,-0.0275796383840479,0.2051898904979332,16,0.375,0.5625,,,,,,
India,2021-04-11,0.0484575057286761,0.1875981974073745,17,0.5882352941176471,0.4117647058823529,,,,,,
India,2021-04-12,-0.0135013148941859,0.3071020441730288,32,0.40625,0.59375,,,,,,
India,2021-04-13,0.0004268595240991,0.3275641443756238,34,0.5,0.3823529411764705,,,,,,
India,2021-04-14,-0.1367769199352215,0.2424386811360793,31,0.2258064516129032,0.7419354838709677,,,,,,
India,2021-04-15,0.0566295366122557,0.3114724909223872,41,0.4634146341463415,0.4634146341463415,,,,,,
India,2021-04-16,-0.0276883561972905,0.3517190910675838,30,0.4666666666666667,0.4666666666666667,,,,,,
India,2021-04-17,-0.0089959942088208,0.3117815949842883,15,0.5333333333333333,0.4666666666666667,,,,,,
India,2021-04-18,-0.0265897349646725,0.2504470267527311,25,0.52,0.48,,,,,,
India,2021-04-19,-0.0773112145753393,0.2726638463427874,34,0.3235294117647059,0.6176470588235294,,,,,,
India,2021-04-20,-0.0767476938438698,0.2073391777496585,35,0.3142857142857143,0.6571428571428571,,,,,,
India,2021-04-21,-0.0367887824571812,0.3200747454344352,42,0.4047619047619047,0.5714285714285714,,,,,,
India,2021-04-22,-0.0371246090981488,0.2467195088670562,75,0.3866666666666666,0.56,,,,,,
India,2021-04-23,-0.0682123889425607,0.219812344058384,47,0.3191489361702128,0.6382978723404256,,,,,,
India,2021-04-24,-0.1611207732871213,0.345209863543403,29,0.3103448275862069,0.6551724137931034,,,,,,
India,2021-04-25,-0.0795759697726013,0.3156023326165277,23,0.4347826086956521,0.5652173913043478,,,,,,
India,2021-04-26,-0.0381982839746792,0.285290841608616,38,0.5,0.4736842105263157,,,,,,
India,2021-04-27,-0.1259130007812983,0.2720683523293525,33,0.2424242424242424,0.696969696969697,,,,,,
India,2021-04-28,-0.1279702261393736,0.3201447796498454,52,0.4423076923076923,0.5576923076923077,,,,,,
India,2021-04-29,-0.1111871418022012,0.343404907770819,44,0.3636363636363636,0.6136363636363636,,,,,,
India,2021-04-30,-0.1092633894612761,0.2475650408786185,34,0.3529411764705882,0.6176470588235294,,,,,,
India,2021-05-01,-0.0260125895497442,0.3002839400244054,18,0.5,0.4444444444444444,,,,,,
India,2021-05-02,-0.1636813237730781,0.2387604868223314,21,0.2857142857142857,0.6666666666666666,,,,,,
India,2021-05-03,-0.0952414364370948,0.2863258106574013,45,0.4,0.5555555555555556,,,,,,
India,2021-05-04,-0.1180236097813063,0.3213864222188065,33,0.2424242424242424,0.6666666666666666,,,,,,
India,2021-05-05,-0.0607214593481841,0.2788580161393415,43,0.4186046511627907,0.5813953488372093,,,,,,
India,2021-05-06,-0.0289534778019966,0.2725505465711276,29,0.4137931034482758,0.5517241379310345,,,,,,
India,2021-05-07,-0.0663401228217129,0.2978508600020859,60,0.4333333333333333,0.5666666666666667,,,,,,
India,2021-05-08,0.0488043544016463,0.3609319113990292,34,0.6764705882352942,0.3235294117647059,,,,,,
India,2021-05-09,-0.1714359013883739,0.3746572009052462,22,0.4090909090909091,0.5909090909090909,,,,,,
India,2021-05-10,-0.0490904028475195,0.3559075208766984,42,0.4523809523809524,0.5,,,,,,
India,2021-05-11,-0.0838147050807583,0.3235809618183511,49,0.3265306122448979,0.6530612244897959,,,,,,
India,2021-05-12,-0.2461885633939282,0.2992594479821349,34,0.1764705882352941,0.7941176470588235,,,,,,
India,2021-05-13,-0.0027808991190344,0.2428603129905095,29,0.5172413793103449,0.4827586206896552,,,,,,
India,2021-05-14,-0.1957968532973707,0.2932955640408481,39,0.2051282051282051,0.6923076923076923,,,,,,
India,2021-05-15,-0.0538524815407834,0.2732410523722136,19,0.3684210526315789,0.631578947368421,,,,,,
India,2021-05-16,-0.1539427698453482,0.2577880605813502,28,0.2857142857142857,0.6785714285714286,,,,,,
India,2021-05-17,-0.0669975779017969,0.3279074007724234,40,0.325,0.625,,,,,,
India,2021-05-18,-0.1414389144433229,0.3864733922483053,41,0.3170731707317073,0.6829268292682927,,,,,,
India,2021-05-19,-0.0990604734493213,0.3285537063994159,39,0.3846153846153846,0.6153846153846154,,,,,,
India,2021-05-20,-0.1569555880310912,0.2697100052321631,32,0.28125,0.6875,,,,,,
India,2021-05-21,-0.1612246471601544,0.2406177141377788,34,0.1764705882352941,0.7941176470588235,,,,,,
India,2021-05-22,-0.1369930155452074,0.2744501788844202,22,0.2727272727272727,0.7272727272727273,,,,,,
India,2021-05-23,-0.0882038878706984,0.3724121481122621,22,0.4090909090909091,0.5909090909090909,,,,,,
India,2021-05-24,-0.0611269467349927,0.2635998492073213,27,0.3333333333333333,0.6296296296296297,,,,,,
India,2021-05-25,-0.0994659935053559,0.3272933992921747,36,0.3611111111111111,0.6111111111111112,,,,,,
India,2021-05-26,-0.0218103776739875,0.4898701958089055,30,0.5,0.5,,,,,,
India,2021-05-27,-0.1673585587505162,0.2991170419853412,34,0.3235294117647059,0.6470588235294118,,,,,,
India,2021-05-28,-0.1211216642142467,0.4080586748900232,25,0.32,0.68,,,,,,
India,2021-05-29,-0.1067965748893887,0.3297239365662594,22,0.4090909090909091,0.5,,,,,,
India,2021-05-30,-0.1546491134117969,0.3146268321127864,19,0.2631578947368421,0.6842105263157895,,,,,,
India,2021-05-31,-0.1013889323329583,0.3567196652608005,32,0.375,0.625,,,,,,
India,2021-06-01,-0.1149229405806423,0.2509921225413987,44,0.3181818181818182,0.6818181818181818,,,,,,
India,2021-06-02,-0.0208795721753045,0.2435324632678109,52,0.4423076923076923,0.5,,,,,,
India,2021-06-03,-0.1573450215913478,0.3614734998424861,36,0.3055555555555556,0.6388888888888888,,,,,,
India,2021-06-04,0.0010019323583625,0.2811894084883137,38,0.5263157894736842,0.4473684210526316,,,,,,
India,2021-06-05,-0.1319719438094449,0.3364099969506865,27,0.3703703703703703,0.6296296296296297,,,,,,
India,2021-06-06,-0.0369341311077166,0.296617669101838,28,0.5,0.5,,,,,,
India,2021-06-07,-0.1345520125273067,0.2329102597831236,34,0.2647058823529412,0.7352941176470589,,,,,,
India,2021-06-08,-0.055845528209253,0.3209337426722375,39,0.4102564102564102,0.5641025641025641,,,,,,
India,2021-06-09,-0.0759346662657987,0.2902504312940927,48,0.375,0.625,,,,,,
India,2021-06-10,-0.0420251166084008,0.2436251465437856,46,0.3695652173913043,0.5652173913043478,,,,,,
India,2021-06-11,0.0257306410638239,0.3258339142266151,31,0.5161290322580645,0.4838709677419355,,,,,,
India,2021-06-12,-0.0917424082062642,0.2663210430985391,27,0.3333333333333333,0.5925925925925926,,,,,,
India,2021-06-13,-0.0845725685753333,0.246006952447958,32,0.28125,0.6875,,,,,,
India,2021-06-14,-0.071638339869588,0.2705292513334892,35,0.2857142857142857,0.6285714285714286,,,,,,
India,2021-06-15,-0.0745331837094873,0.3549039897752199,47,0.3404255319148936,0.6170212765957447,,,,,,
India,2021-06-16,-0.0304420018391916,0.3051924621465232,40,0.45,0.525,,,,,,
India,2021-06-17,-0.0847622056895926,0.2991499750237783,31,0.2903225806451613,0.7096774193548387,,,,,,
India,2021-06-18,-0.140242094306611,0.3322209797529509,24,0.375,0.625,,,,,,
India,2021-06-19,-0.0578996540395359,0.372883501036472,21,0.4285714285714285,0.5714285714285714,,,,,,
India,2021-06-20,0.0575451854981644,0.2990747667828961,17,0.5294117647058824,0.4117647058823529,,,,,,
India,2021-06-21,-0.1150172816548654,0.3115986097509267,29,0.3103448275862069,0.6206896551724138,,,,,,
India,2021-06-22,0.0256599808760005,0.3072772957545798,33,0.3939393939393939,0.5757575757575758,,,,,,
India,2021-06-23,-0.0121117972196829,0.3503525156984103,34,0.5588235294117647,0.4411764705882353,,,,,,
India,2021-06-24,-0.1001626308233633,0.3535342942564692,37,0.2972972972972973,0.6486486486486487,,,,,,
India,2021-06-25,0.0940117215635177,0.2505712550731152,17,0.6470588235294118,0.2941176470588235,,,,,,
India,2021-06-26,-0.0152827043874679,0.3273786330577091,23,0.4782608695652174,0.5217391304347826,,,,,,
India,2021-06-27,-0.2460304601305147,0.290176053356307,22,0.1818181818181818,0.7272727272727273,,,,,,
India,2021-06-28,-0.0368789452152103,0.3103258118797883,41,0.3902439024390244,0.5609756097560976,,,,,,
India,2021-06-29,-0.1245360036370167,0.2939582386306272,34,0.2647058823529412,0.7058823529411765,,,,,,
India,2021-06-30,-0.0626168470318009,0.2731049455966243,33,0.4545454545454545,0.5454545454545454,-1.0,0.0,1.0,0.4799,19.0,risk
India,2021-07-01,-0.0662631282874202,0.2926527201171344,39,0.358974358974359,0.6410256410256411,1.0,1.0,0.0,0.9112,81.0,opportunity
India,2021-07-02,-0.0622709340523376,0.2779954204574671,44,0.3636363636363636,0.5909090909090909,,,,,,
India,2021-07-03,-0.0543082622339276,0.388721314526658,18,0.5555555555555556,0.4444444444444444,,,,,,
India,2021-07-04,-0.1135126059693711,0.358149052577604,19,0.3157894736842105,0.6842105263157895,,,,,,
India,2021-07-05,-0.0807083314369089,0.267969898765016,29,0.3103448275862069,0.5517241379310345,,,,,,
India,2021-07-06,-0.1457554889305818,0.2650996457368864,35,0.1714285714285714,0.8,,,,,,
India,2021-07-07,-0.0117453691506408,0.3960070969203121,36,0.4166666666666667,0.5555555555555556,,,,,,
India,2021-07-08,-0.0555227348877639,0.299958979672381,39,0.4102564102564102,0.5384615384615384,,,,,,
India,2021-07-09,-0.1753849787306107,0.3576429670588449,40,0.25,0.75,,,,,,
India,2021-07-10,-0.0270130754392829,0.2780893970651412,17,0.4705882352941176,0.5294117647058824,,,,,,
India,2021-07-11,-0.3617457910041006,0.1563969120031128,23,0.0,1.0,,,,,,
India,2021-07-12,-0.0852204254316967,0.3470777275438982,28,0.3571428571428571,0.6071428571428571,,,,,,
India,2021-07-13,0.094540860054241,0.3335390783516531,36,0.5833333333333334,0.3611111111111111,,,,,,
India,2021-07-14,-0.0573743472170118,0.3764818500389247,40,0.475,0.5,,,,,,
India,2021-07-15,-0.1423227638533593,0.3466980849619238,44,0.2272727272727272,0.75,,,,,,
India,2021-07-16,-0.113427408509322,0.3513312402933605,32,0.34375,0.59375,,,,,,
India,2021-07-17,-0.161162236145883,0.3100629683739961,18,0.2777777777777778,0.6111111111111112,,,,,,
India,2021-07-18,-0.0022224562765778,0.3772503789485588,26,0.3076923076923077,0.6153846153846154,,,,,,
India,2021-07-19,-0.1742584006597354,0.3255638202760025,30,0.2666666666666666,0.6666666666666666,,,,,,
India,2021-07-20,-0.038642543218828,0.344297107690543,37,0.3783783783783784,0.6216216216216216,,,,,,
India,2021-07-21,-0.061024771230043,0.3615042662623849,51,0.4705882352941176,0.5098039215686274,,,,,,
India,2021-07-22,0.0226125462042068,0.3117034177870497,36,0.5277777777777778,0.4722222222222222,,,,,,
India,2021-07-23,-0.0561516552312279,0.3755372088547766,37,0.5135135135135135,0.4594594594594595,,,,,,
India,2021-07-24,-0.1291327402830128,0.4600037159586181,29,0.4137931034482758,0.5862068965517241,,,,,,
India,2021-07-25,-0.1499827946086227,0.4313404560995844,32,0.4375,0.5625,,,,,,
India,2021-07-26,-0.0984840747735968,0.2873123525485525,30,0.3333333333333333,0.5666666666666667,,,,,,
India,2021-07-27,0.0493642667620188,0.2998842172095044,33,0.5757575757575758,0.4242424242424242,,,,,,
India,2021-07-28,-0.1001643163542413,0.3226932781689094,43,0.3720930232558139,0.5813953488372093,,,,,,
India,2021-07-29,-0.1027367922284457,0.3996863932774268,32,0.40625,0.5625,,,,,,
India,2021-07-30,-0.1443600473681038,0.2516701947160852,30,0.2666666666666666,0.6666666666666666,,,,,,
India,2021-07-31,-0.0891248194618913,0.3947256664317065,17,0.4705882352941176,0.4705882352941176,,,,,,
India,2021-08-01,-0.272195360948136,0.3546479334120203,20,0.2,0.8,,,,,,
India,2021-08-02,0.0087817253559257,0.2883047770224504,25,0.44,0.56,,,,,,
India,2021-08-03,-0.142900353474798,0.3877794610880575,29,0.4137931034482758,0.5862068965517241,,,,,,
India,2021-08-04,-0.1801904501797021,0.3312432076327505,50,0.3,0.68,,,,,,
India,2021-08-05,-0.06578340779397,0.4321766495573234,40,0.475,0.525,,,,,,
India,2021-08-06,-0.0459230320435088,0.3453827815280566,31,0.5161290322580645,0.4516129032258064,,,,,,
India,2021-08-07,0.0245032598047781,0.4185570951315258,32,0.4375,0.53125,,,,,,
India,2021-08-08,-0.0306699899795756,0.3486021064841388,13,0.4615384615384615,0.4615384615384615,,,,,,
India,2021-08-09,-0.0765489964729201,0.2701631816275177,55,0.3818181818181818,0.5636363636363636,,,,,,
India,2021-08-10,-0.0742357285146342,0.3544671391685864,39,0.4615384615384615,0.5128205128205128,,,,,,
India,2021-08-11,-0.0702602952342769,0.3828976977406141,29,0.4137931034482758,0.5862068965517241,,,,,,
India,2021-08-12,-0.0689400175488827,0.3229409998924525,30,0.4333333333333333,0.5333333333333333,,,,,,
India,2021-08-13,-0.1547311945942033,0.3798305774577615,24,0.3333333333333333,0.6666666666666666,,,,,,
India,2021-08-14,0.0840671184215345,0.4177995771788342,22,0.6818181818181818,0.3181818181818182,,,,,,
India,2021-08-15,-0.0333298300147569,0.2245291925486705,7,0.4285714285714285,0.5714285714285714,,,,,,
India,2021-08-16,-0.0983329308849029,0.2580570207068279,26,0.3461538461538461,0.6538461538461539,,,,,,
India,2021-08-17,-0.0548957253422231,0.2461754692449708,27,0.3333333333333333,0.6666666666666666,,,,,,
India,2021-08-18,-0.0209580565651516,0.2344850439297013,25,0.44,0.52,,,,,,
India,2021-08-19,-0.0485992534989343,0.3412912190973326,35,0.4,0.5714285714285714,,,,,,
India,2021-08-20,-0.1129186149880736,0.3228899694435624,48,0.3125,0.6041666666666666,,,,,,
India,2021-08-21,-0.1903454942162875,0.3970448421186226,24,0.3333333333333333,0.6666666666666666,,,,,,
India,2021-08-22,-0.1371152588447176,0.3352206334615801,27,0.3333333333333333,0.6666666666666666,,,,,,
India,2021-08-23,-0.1001616536724232,0.3379431427654031,56,0.4107142857142857,0.5892857142857143,,,,,,
India,2021-08-24,-0.0994883502295713,0.3390065858204649,52,0.3653846153846153,0.5961538461538461,,,,,,
India,2021-08-25,-0.0518596778462307,0.4082977126386231,35,0.4857142857142857,0.5142857142857142,,,,,,
India,2021-08-26,-0.0981675179118005,0.3557192989675544,35,0.4571428571428571,0.5428571428571428,,,,,,
India,2021-08-27,-0.0339594396498886,0.2831843565908182,47,0.4680851063829787,0.4468085106382978,,,,,,
India,2021-08-28,-0.0860559114012737,0.2854147646559302,24,0.2916666666666667,0.625,,,,,,
India,2021-08-29,0.0613900519741102,0.2955699435572324,17,0.6470588235294118,0.3529411764705882,,,,,,
India,2021-08-30,-0.042271563133515,0.2816553003335036,44,0.5,0.4545454545454545,,,,,,
India,2021-08-31,0.0043288879040044,0.3160774741900465,32,0.53125,0.46875,,,,,,
India,2021-09-01,-0.0553501834421001,0.3233638322534435,37,0.4054054054054054,0.5675675675675675,,,,,,
India,2021-09-02,-0.0639961117733639,0.4070250424291803,43,0.3953488372093023,0.6046511627906976,,,,,,
India,2021-09-03,-0.0673768595732284,0.3738893843464504,30,0.3666666666666666,0.5666666666666667,,,,,,
India,2021-09-04,-0.0297424288752048,0.3603877679192298,16,0.5,0.4375,,,,,,
India,2021-09-05,-0.1076574355715934,0.3396675390013869,25,0.36,0.64,,,,,,
India,2021-09-06,-0.0923463723258404,0.3883531018186896,34,0.3823529411764705,0.5588235294117647,,,,,,
India,2021-09-07,-0.1306788848602284,0.4292638442890057,32,0.4375,0.5625,,,,,,
India,2021-09-08,-0.0296780611884885,0.3145074363865723,36,0.5277777777777778,0.4166666666666667,,,,,,
India,2021-09-09,0.0226225315837139,0.2640381981339879,30,0.4,0.5666666666666667,,,,,,
India,2021-09-10,0.032935101812351,0.287481024687378,26,0.6153846153846154,0.3461538461538461,,,,,,
India,2021-09-11,-0.0873564207143492,0.2935180782873597,18,0.3888888888888889,0.6111111111111112,,,,,,
India,2021-09-12,-0.1101792130997326,0.3265748019861599,16,0.4375,0.5,,,,,,
India,2021-09-13,0.0010985723680018,0.2315200246961472,32,0.46875,0.53125,,,,,,
India,2021-09-14,0.0918052166429704,0.2840622051860415,36,0.6111111111111112,0.3333333333333333,,,,,,
India,2021-09-15,-0.0847869736291692,0.3245290603552196,35,0.3714285714285714,0.5428571428571428,,,,,,
India,2021-09-16,-0.0072471910894917,0.292577583934932,47,0.425531914893617,0.5319148936170213,,,,,,
India,2021-09-17,0.0131607687912194,0.3520728734929745,45,0.4666666666666667,0.5111111111111111,,,,,,
India,2021-09-18,-0.075373052167575,0.2974952657254401,32,0.46875,0.4375,,,,,,
India,2021-09-19,0.027133563391421,0.2913672680048845,22,0.6363636363636364,0.3636363636363636,,,,,,
India,2021-09-20,0.047441964027716,0.3279822625617886,27,0.5555555555555556,0.3703703703703703,,,,,,
India,2021-09-21,-0.0440752552403966,0.268947150424043,42,0.4047619047619047,0.5714285714285714,,,,,,
India,2021-09-22,-0.1009295505934731,0.2900873984066392,47,0.3191489361702128,0.6382978723404256,,,,,,
India,2021-09-23,-0.0262699352235608,0.4125177696353634,34,0.4411764705882353,0.5294117647058824,,,,,,
India,2021-09-24,0.1044340301921206,0.2658581156640088,42,0.5714285714285714,0.3333333333333333,,,,,,
India,2021-09-25,-0.0613328976770275,0.3163373008279282,41,0.4634146341463415,0.5365853658536586,,,,,,
India,2021-09-26,-0.1180797704733472,0.2937682758399819,27,0.2962962962962963,0.6296296296296297,,,,,,
India,2021-09-27,0.0894290930716068,0.3534589457920118,39,0.6153846153846154,0.3846153846153846,,,,,,
India,2021-09-28,-0.024376337214331,0.4179961652276293,34,0.3823529411764705,0.5588235294117647,,,,,,
India,2021-09-29,-0.0027758371337678,0.2777337304819937,35,0.4857142857142857,0.5142857142857142,,,,,,
India,2021-09-30,0.0143418990106287,0.402585277528832,40,0.525,0.475,,,,,,
India,2021-10-01,-0.0831179922934206,0.3089056362067029,21,0.3809523809523809,0.6190476190476191,,,,,,
India,2021-10-02,0.0436880337072711,0.3511580554575368,28,0.5714285714285714,0.4285714285714285,,,,,,
India,2021-10-03,-0.109454983634444,0.3697400970061261,22,0.2727272727272727,0.6363636363636364,,,,,,
India,2021-10-04,-0.1170818868268588,0.3165253523992975,27,0.2592592592592592,0.6666666666666666,,,,,,
India,2021-10-05,-0.095081704939938,0.3408020205488025,33,0.3939393939393939,0.5151515151515151,,,,,,
India,2021-10-06,-0.0773151822440992,0.3187972006240028,30,0.4,0.5666666666666667,,,,,,
India,2021-10-07,0.0119234801356072,0.3138950082129959,35,0.5142857142857142,0.4857142857142857,,,,,,
India,2021-10-08,0.0057790620304981,0.3041217001800423,44,0.4545454545454545,0.5227272727272727,,,,,,
India,2021-10-09,0.0451177198988546,0.33937406620051,32,0.4375,0.5,,,,,,
India,2021-10-10,-0.1074042286023606,0.3493962421184814,23,0.391304347826087,0.4782608695652174,,,,,,
India,2021-10-11,-0.1957937786192627,0.3764757417377253,44,0.2954545454545454,0.7045454545454546,,,,,,
India,2021-10-12,-0.0977931711568722,0.322217602196465,54,0.3333333333333333,0.6296296296296297,,,,,,
India,2021-10-13,-0.0151721972975979,0.3212881982747749,39,0.4871794871794871,0.4871794871794871,,,,,,
India,2021-10-14,-0.0736590374823204,0.351702886425389,37,0.3783783783783784,0.6216216216216216,,,,,,
India,2021-10-15,-0.1099959411405925,0.3100700842107683,37,0.3243243243243243,0.6486486486486487,,,,,,
India,2021-10-16,0.0035758201035214,0.263474394244599,21,0.5714285714285714,0.3809523809523809,,,,,,
India,2021-10-17,0.1540935163638928,0.365624672046561,22,0.6818181818181818,0.3181818181818182,,,,,,
India,2021-10-18,0.017368442378205,0.2757283438071362,38,0.4473684210526316,0.5526315789473685,,,,,,
India,2021-10-19,0.0151682968147537,0.314645025245773,33,0.4848484848484848,0.4545454545454545,,,,,,
India,2021-10-20,-0.0630744604292551,0.4881533262774129,32,0.5,0.5,,,,,,
India,2021-10-21,0.0116652010270873,0.2688087873001594,38,0.5,0.4736842105263157,,,,,,
India,2021-10-22,-0.0289636788127335,0.3203584373441385,32,0.4375,0.53125,,,,,,
India,2021-10-23,-0.1338016330531631,0.3519735128447269,20,0.25,0.65,,,,,,
India,2021-10-24,-0.1346744052155443,0.3228872712226915,18,0.3333333333333333,0.6666666666666666,,,,,,
India,2021-10-25,-0.0357667690315704,0.3204132146752046,39,0.358974358974359,0.5641025641025641,,,,,,
India,2021-10-26,0.0175226769700066,0.3473088709743901,29,0.4482758620689655,0.5172413793103449,,,,,,
India,2021-10-27,-0.0087489070433513,0.3210571745880808,44,0.2727272727272727,0.6363636363636364,,,,,,
India,2021-10-28,-0.0232592264696211,0.316479748676355,33,0.4242424242424242,0.5454545454545454,,,,,,
India,2021-10-29,-0.0176392288056816,0.3550473120741373,28,0.3571428571428571,0.6071428571428571,,,,,,
India,2021-10-30,0.0356250386540122,0.2921815390958703,29,0.5172413793103449,0.4482758620689655,,,,,,
India,2021-10-31,0.0352893493360922,0.2695579764626929,38,0.5789473684210527,0.4210526315789473,,,,,,
India,2021-11-01,-0.1179234116112177,0.2149838298412195,48,0.25,0.7083333333333334,,,,,,
India,2021-11-02,0.0955068895750268,0.2687446476071795,53,0.5849056603773585,0.3773584905660377,,,,,,
India,2021-11-03,-0.0245624075334341,0.3494832078101508,35,0.4857142857142857,0.5142857142857142,,,,,,
India,2021-11-04,-0.0828443215747564,0.2557921973809606,53,0.3018867924528302,0.6415094339622641,,,,,,
India,2021-11-05,0.0047614302606856,0.3096678368759253,39,0.4358974358974359,0.5384615384615384,,,,,,
India,2021-11-06,-0.0733798188190764,0.2853534259150397,28,0.3928571428571428,0.5357142857142857,,,,,,
India,2021-11-07,0.0532308734451608,0.3399476855907465,23,0.5217391304347826,0.4347826086956521,,,,,,
India,2021-11-08,-0.093319537803612,0.2814507432814321,26,0.2692307692307692,0.6923076923076923,,,,,,
India,2021-11-09,-0.075936118163545,0.3024910419142708,45,0.4888888888888889,0.5111111111111111,,,,,,
India,2021-11-10,-0.0489729453813087,0.2500019513768323,42,0.4285714285714285,0.5476190476190477,,,,,,
India,2021-11-11,0.0126483992645781,0.3323201802054429,33,0.4848484848484848,0.5151515151515151,,,,,,
India,2021-11-12,-0.1844922904682839,0.2556728836560519,21,0.238095238095238,0.7619047619047619,,,,,,
India,2021-11-13,-0.1695900858218117,0.3499396909087154,48,0.25,0.75,,,,,,
India,2021-11-14,-0.1606467017609359,0.2596147907037371,44,0.2954545454545454,0.6363636363636364,,,,,,
India,2021-11-15,-0.0854925835197046,0.2982231878099948,37,0.3783783783783784,0.6216216216216216,,,,,,
India,2021-11-16,-0.0877462648363046,0.3278173639819453,34,0.3235294117647059,0.6764705882352942,,,,,,
India,2021-11-17,-0.0875183411771671,0.3775876109660498,49,0.3673469387755102,0.6122448979591837,,,,,,
India,2021-11-18,0.0206087540332907,0.3098488693682462,40,0.5,0.45,,,,,,
India,2021-11-19,-0.05599177673106,0.3380640586728398,30,0.3666666666666666,0.6,,,,,,
India,2021-11-20,-0.1711873291511778,0.4028402247561763,17,0.4117647058823529,0.5882352941176471,,,,,,
India,2021-11-21,-0.1069475063228758,0.3168116544732316,11,0.3636363636363636,0.6363636363636364,,,,,,
India,2021-11-22,-0.0834548547593595,0.3047522772461221,24,0.4166666666666667,0.5833333333333334,,,,,,
India,2021-11-23,-0.0029563997347137,0.2799919121233974,39,0.358974358974359,0.5641025641025641,,,,,,
India,2021-11-24,-0.0694835091391425,0.2762640488733442,45,0.4666666666666667,0.5333333333333333,,,,,,
India,2021-11-25,-0.0386928672615938,0.2483119177839488,30,0.4,0.6,,,,,,
India,2021-11-26,-0.1389470845624154,0.3326947964082149,31,0.3548387096774194,0.6451612903225806,,,,,,
India,2021-11-27,-0.1726440818538055,0.3762696082136336,20,0.35,0.55,,,,,,
India,2021-11-28,-0.1482080858423634,0.3212006399512815,12,0.3333333333333333,0.6666666666666666,,,,,,
India,2021-11-29,0.082327080763911,0.3269787101635154,19,0.5263157894736842,0.4210526315789473,,,,,,
India,2021-11-30,-0.0394644144652627,0.2453506072432998,24,0.4583333333333333,0.5,,,,,,
India,2021-12-01,-0.0077455493294348,0.3237666027709016,43,0.5348837209302325,0.4418604651162791,,,,,,
India,2021-12-02,0.0102575763895642,0.2598310090798612,43,0.4651162790697674,0.4418604651162791,,,,,,
India,2021-12-03,-0.0724205681236692,0.2923123283039082,35,0.3714285714285714,0.6,,,,,,
India,2021-12-04,0.0702052385167756,0.2927207947777398,26,0.5769230769230769,0.4230769230769231,,,,,,
India,2021-12-05,-0.0109505052135699,0.2927778762596352,21,0.4285714285714285,0.5238095238095238,,,,,,
India,2021-12-06,-0.051973428915024,0.3582587970861801,40,0.475,0.5,,,,,,
India,2021-12-07,-0.0148861248720743,0.3467854603087771,34,0.5882352941176471,0.4117647058823529,,,,,,
India,2021-12-08,-0.0809186645681161,0.3272978470561005,55,0.4363636363636363,0.5272727272727272,,,,,,
India,2021-12-09,-0.0627744674677786,0.3086934984755542,44,0.4090909090909091,0.5909090909090909,,,,,,
India,2021-12-10,-0.1077396919795344,0.3393623647002787,28,0.4285714285714285,0.5,,,,,,
India,2021-12-11,0.0355544027299862,0.2816097883294783,30,0.5666666666666667,0.4,,,,,,
India,2021-12-12,-0.0128291374379956,0.3354362537050462,18,0.3888888888888889,0.6111111111111112,,,,,,
India,2021-12-13,-0.1029263341369448,0.303686020883351,36,0.4166666666666667,0.5833333333333334,,,,,,
India,2021-12-14,-0.062950399517863,0.3433238453997868,33,0.4242424242424242,0.5757575757575758,,,,,,
India,2021-12-15,0.0665034375039246,0.3321086884418932,41,0.5609756097560976,0.4146341463414634,,,,,,
India,2021-12-16,0.0016257110971434,0.3110545175579189,36,0.5555555555555556,0.4444444444444444,,,,,,
India,2021-12-17,0.079437833084231,0.4280546858987261,30,0.5333333333333333,0.4333333333333333,,,,,,
India,2021-12-18,-0.1248356445097108,0.4518026588682383,29,0.3103448275862069,0.6551724137931034,,,,,,
India,2021-12-19,-0.1778498880647134,0.3806213827531651,25,0.2,0.68,,,,,,
India,2021-12-20,-0.0578240901213101,0.370455813022555,31,0.4838709677419355,0.4516129032258064,,,,,,
India,2021-12-21,-0.0012053418147643,0.3566984087297319,28,0.4642857142857143,0.5357142857142857,,,,,,
India,2021-12-22,-0.0746022790150982,0.3384297599395501,30,0.4333333333333333,0.5,,,,,,
India,2021-12-23,0.1613623206317959,0.325685005006625,30,0.6666666666666666,0.2666666666666666,,,,,,
India,2021-12-24,-0.0172792249500929,0.2427935557126862,23,0.391304347826087,0.5652173913043478,,,,,,
India,2021-12-25,-0.0532076363049838,0.4485134371598598,14,0.3571428571428571,0.6428571428571429,,,,,,
India,2021-12-26,-0.2139702418910633,0.3676187986819116,16,0.25,0.6875,,,,,,
India,2021-12-27,-0.141061214219253,0.2929966390039907,45,0.3111111111111111,0.6888888888888889,,,,,,
India,2021-12-28,-0.0232266758720625,0.2896545594872676,34,0.4411764705882353,0.5588235294117647,,,,,,
India,2021-12-29,-0.0673620492343679,0.3402405983684075,34,0.3823529411764705,0.5882352941176471,,,,,,
India,2021-12-30,-0.032102240745978,0.3322012487872809,35,0.5714285714285714,0.4285714285714285,,,,,,
India,2021-12-31,-0.1687275145491173,0.3631955869981782,33,0.3636363636363636,0.6060606060606061,,,,,,
India,2022-01-01,-0.0036786502735774,0.3912760995594765,22,0.5,0.4545454545454545,1.0,1.0,0.0,0.5748,32.0,opportunity
India,2022-01-02,-0.0547450308333998,0.4114123969791911,22,0.4545454545454545,0.5,,,,,,
India,2022-01-03,-0.0990048673882119,0.2898104037868663,32,0.40625,0.5625,,,,,,
India,2022-01-04,-0.0429065671657954,0.3530240763002556,34,0.4705882352941176,0.4117647058823529,,,,,,
India,2022-01-05,0.0013253040644116,0.2934797860377696,45,0.4444444444444444,0.5111111111111111,,,,,,
India,2022-01-06,-0.0159627928461858,0.3323221932821765,33,0.5454545454545454,0.4545454545454545,,,,,,
India,2022-01-07,-0.1084803859089885,0.3423237672687333,39,0.358974358974359,0.6410256410256411,,,,,,
India,2022-01-08,-0.0639894376276699,0.2505735663087691,35,0.4857142857142857,0.4857142857142857,,,,,,
India,2022-01-09,-0.2580121308993494,0.2341721477840368,16,0.125,0.75,,,,,,
India,2022-01-10,0.009940484144135,0.3135286420275993,35,0.4571428571428571,0.4857142857142857,,,,,,
India,2022-01-11,-0.0508184984352081,0.3216855470583712,35,0.4,0.5428571428571428,,,,,,
India,2022-01-12,0.0402389316161214,0.3834911933499989,30,0.5666666666666667,0.4333333333333333,,,,,,
India,2022-01-13,-0.1646582685028987,0.4349147737622043,25,0.32,0.68,,,,,,
India,2022-01-14,-0.0459415083777206,0.4024243392512864,35,0.4571428571428571,0.5142857142857142,,,,,,
India,2022-01-15,-0.0101977024665022,0.3571321419088752,22,0.5,0.5,,,,,,
India,2022-01-16,0.0438862981443436,0.3735579552486102,27,0.4814814814814814,0.5185185185185185,,,,,,
India,2022-01-17,-0.0234191727445537,0.3875029385174532,39,0.5384615384615384,0.4102564102564102,,,,,,
India,2022-01-18,-0.0268843137844683,0.3002124282458801,31,0.4838709677419355,0.4838709677419355,,,,,,
India,2022-01-19,0.0037559977041571,0.371323276316656,46,0.5,0.4782608695652174,,,,,,
India,2022-01-20,-0.0093286914488889,0.2962898395709475,65,0.4307692307692308,0.5384615384615384,,,,,,
India,2022-01-21,-0.0536896394094874,0.3106868725833061,32,0.5,0.46875,,,,,,
India,2022-01-22,-0.0209319661473431,0.2750648978946951,29,0.5172413793103449,0.4137931034482758,,,,,,
India,2022-01-23,-0.1512736755640231,0.3958471941238922,22,0.4545454545454545,0.5,,,,,,
India,2022-01-24,0.0055707094808684,0.342512880827249,30,0.5333333333333333,0.4666666666666667,,,,,,
India,2022-01-25,-0.1196548689145335,0.3207777951252522,33,0.3939393939393939,0.5757575757575758,,,,,,
India,2022-01-26,-0.0655964784590819,0.3130208180622977,32,0.5,0.5,,,,,,
India,2022-01-27,-0.0519371964936105,0.3204649182950823,32,0.5,0.5,,,,,,
India,2022-01-28,-0.1520138467693739,0.3758805383442235,36,0.3055555555555556,0.6666666666666666,,,,,,
India,2022-01-29,0.0276202919998981,0.3448517305732193,28,0.5,0.4642857142857143,,,,,,
India,2022-01-30,-0.0010151992882155,0.3056998059975288,26,0.5,0.4615384615384615,,,,,,
India,2022-01-31,-0.015595305750439,0.2537679507026432,32,0.4375,0.53125,,,,,,
India,2022-02-01,0.0188377414757028,0.2813769528404708,42,0.5952380952380952,0.3333333333333333,,,,,,
India,2022-02-02,0.0038658239316578,0.3063971748466326,36,0.5833333333333334,0.3888888888888889,,,,,,
India,2022-02-03,-0.0704206447322766,0.4039956679331314,30,0.4,0.5666666666666667,,,,,,
India,2022-02-04,0.0087764101837294,0.4097578180690604,30,0.4666666666666667,0.5333333333333333,,,,,,
India,2022-02-05,-0.0186722384637408,0.2913350356592387,34,0.5,0.4705882352941176,,,,,,
India,2022-02-06,0.1585890461058112,0.2829024583308712,16,0.6875,0.3125,,,,,,
India,2022-02-07,-0.0687666051030191,0.3304151262614467,44,0.3863636363636363,0.6136363636363636,,,,,,
India,2022-02-08,-0.0542187416482764,0.3560153436219458,42,0.4047619047619047,0.5714285714285714,,,,,,
India,2022-02-09,-0.0339544029257743,0.3127605813639963,38,0.3947368421052631,0.5263157894736842,,,,,,
India,2022-02-10,-0.016627662436902,0.352512085724022,47,0.574468085106383,0.4042553191489361,,,,,,
India,2022-02-11,0.0009849508360054,0.3429298295500549,32,0.53125,0.4375,,,,,,
India,2022-02-12,-0.036408160735088,0.3101827517672301,20,0.4,0.55,,,,,,
India,2022-02-13,-0.1275094063118497,0.284209564362948,25,0.24,0.76,,,,,,
India,2022-02-14,0.0395657466162956,0.3274768235373307,36,0.6111111111111112,0.3888888888888889,,,,,,
India,2022-02-15,-0.0650588483336643,0.2841322217737404,35,0.4,0.5142857142857142,,,,,,
India,2022-02-16,-0.0846164433696539,0.2687109780547645,26,0.4615384615384615,0.5,,,,,,
India,2022-02-17,0.0406859353213833,0.3283894748783327,44,0.5681818181818182,0.4318181818181818,,,,,,
India,2022-02-18,0.0830117918824216,0.3535239366456399,34,0.6470588235294118,0.3529411764705882,,,,,,
India,2022-02-19,-0.0221922889016515,0.3241666759035406,26,0.5384615384615384,0.4615384615384615,,,,,,
India,2022-02-20,0.0189566233983123,0.4180324808414517,29,0.5517241379310345,0.4137931034482758,,,,,,
India,2022-02-21,-0.0172783271040417,0.3796187074501713,37,0.4864864864864865,0.5135135135135135,,,,,,
India,2022-02-22,-0.108218729322987,0.3687021573661113,39,0.4615384615384615,0.5384615384615384,,,,,,
India,2022-02-23,-0.0730219162460697,0.3589086567946594,49,0.4285714285714285,0.5102040816326531,,,,,,
India,2022-02-24,-0.1111183768486674,0.3639925032387437,57,0.4210526315789473,0.5789473684210527,,,,,,
India,2022-02-25,-0.1477726078356415,0.290721780311817,44,0.2954545454545454,0.7045454545454546,,,,,,
India,2022-02-26,-0.073118995838883,0.3116934219440123,38,0.5,0.5,,,,,,
India,2022-02-27,-0.0913636962965433,0.3282240714602208,19,0.3157894736842105,0.6842105263157895,,,,,,
India,2022-02-28,-0.1238161946401616,0.3390717583088158,51,0.2941176470588235,0.6666666666666666,,,,,,
India,2022-03-01,-0.2011747997545557,0.247009329902456,36,0.1666666666666666,0.7777777777777778,,,,,,
India,2022-03-02,-0.1851726965094815,0.3257302781450596,39,0.1794871794871795,0.7692307692307693,,,,,,
India,2022-03-03,-0.0621024544798915,0.3511570538362937,48,0.3958333333333333,0.5833333333333334,,,,,,
India,2022-03-04,-0.1866794719864785,0.3584987349127165,29,0.3448275862068966,0.6206896551724138,,,,,,
India,2022-03-05,-0.220509039562878,0.3094743331006905,31,0.2258064516129032,0.7419354838709677,,,,,,
India,2022-03-06,-0.2620157025442233,0.333326817513203,18,0.1666666666666666,0.6666666666666666,,,,,,
India,2022-03-07,-0.0993634273185539,0.2774063320288634,30,0.3333333333333333,0.6666666666666666,,,,,,
India,2022-03-08,-0.0976926975756009,0.3164326119798962,49,0.3469387755102041,0.6326530612244898,,,,,,
India,2022-03-09,-0.1359769858611545,0.275057267027223,29,0.2758620689655172,0.6896551724137931,,,,,,
India,2022-03-10,-0.0636735350377683,0.2645793910321316,33,0.3939393939393939,0.6060606060606061,,,,,,
India,2022-03-11,-0.1037203335559908,0.3468139807347246,38,0.3947368421052631,0.5789473684210527,,,,,,
India,2022-03-12,0.0195060858162251,0.3424018883291337,22,0.3181818181818182,0.5,,,,,,
India,2022-03-13,0.0578877227324999,0.4332323406766379,10,0.5,0.5,,,,,,
India,2022-03-14,-0.0807550830259598,0.3758734930433597,30,0.2666666666666666,0.5666666666666667,,,,,,
India,2022-03-15,-0.0812956561133583,0.3495205250381153,39,0.358974358974359,0.6410256410256411,,,,,,
India,2022-03-16,-0.0370693948911657,0.4078729858410719,28,0.3928571428571428,0.6071428571428571,,,,,,
India,2022-03-17,-0.0453291329610583,0.4135686071457514,28,0.4642857142857143,0.5357142857142857,,,,,,
India,2022-03-18,-0.1751821900036917,0.3090381735174379,39,0.3076923076923077,0.6923076923076923,,,,,,
India,2022-03-19,-0.1334096536075044,0.4701794910197664,18,0.2777777777777778,0.7222222222222222,,,,,,
India,2022-03-20,0.0390093072786042,0.4005100293924363,24,0.5,0.4583333333333333,,,,,,
India,2022-03-21,-0.0187762877300652,0.2523537963559105,32,0.5,0.5,,,,,,
India,2022-03-22,-0.0702115620330867,0.3974708586723253,54,0.4074074074074074,0.5740740740740741,,,,,,
India,2022-03-23,-0.1038036828722132,0.3284082828043587,34,0.3823529411764705,0.5882352941176471,,,,,,
India,2022-03-24,-0.0729106810453844,0.3136435256469618,37,0.3783783783783784,0.5675675675675675,,,,,,
India,2022-03-25,-0.0644874457623808,0.3662094470002511,34,0.3823529411764705,0.5882352941176471,,,,,,
India,2022-03-26,-0.0430821164743317,0.3416656550515755,26,0.5384615384615384,0.4230769230769231,,,,,,
India,2022-03-27,-0.1095138455365623,0.2888355945644757,17,0.3529411764705882,0.5882352941176471,,,,,,
India,2022-03-28,-0.0613607100857447,0.4173824341958266,32,0.28125,0.6875,,,,,,
India,2022-03-29,-0.028912356648995,0.2995886928009366,28,0.4285714285714285,0.5714285714285714,,,,,,
India,2022-03-30,-0.072192691073826,0.3165573109933385,39,0.4102564102564102,0.5384615384615384,,,,,,
India,2022-03-31,-0.0820732815435888,0.3239506118577405,49,0.3877551020408163,0.5510204081632653,,,,,,
India,2022-04-01,-0.0968169107204461,0.2793843688105309,45,0.3333333333333333,0.6444444444444445,,,,,,
India,2022-04-02,-0.013320496675022,0.343414729261787,25,0.52,0.48,,,,,,
India,2022-04-03,0.0348692706746931,0.3304494564221783,19,0.5789473684210527,0.4210526315789473,,,,,,
India,2022-04-04,-0.1321928580292847,0.3125257936232964,31,0.2903225806451613,0.7096774193548387,,,,,,
India,2022-04-05,-0.0279082971036873,0.329758501007394,37,0.4864864864864865,0.4864864864864865,,,,,,
India,2022-04-06,-0.0857785663801913,0.243146289244504,42,0.2857142857142857,0.6428571428571429,,,,,,
India,2022-04-07,-0.1233555669194209,0.2892982075827479,47,0.2765957446808511,0.6808510638297872,,,,,,
India,2022-04-08,-0.0980776355264943,0.3185254581999299,36,0.3333333333333333,0.6666666666666666,,,,,,
India,2022-04-09,-0.1148021173193134,0.2493025717487522,30,0.2666666666666666,0.7333333333333333,,,,,,
India,2022-04-10,-0.2272577018498484,0.32518567841452,30,0.2666666666666666,0.7,,,,,,
India,2022-04-11,-0.1259530705850555,0.3022730892683781,35,0.3142857142857143,0.6285714285714286,,,,,,
India,2022-04-12,-0.040672189784516,0.3447701810044859,39,0.3846153846153846,0.5897435897435898,,,,,,
India,2022-04-13,-0.1100491707229131,0.3581270196774004,36,0.4444444444444444,0.5555555555555556,,,,,,
India,2022-04-14,-0.0247603699482127,0.3267176727322067,40,0.5,0.45,,,,,,
India,2022-04-15,-0.0597731578623399,0.3384637233171042,19,0.5789473684210527,0.4210526315789473,,,,,,
India,2022-04-16,-0.0687745710651168,0.3318581297131928,27,0.4074074074074074,0.5185185185185185,,,,,,
India,2022-04-17,-0.1316199740024012,0.1820375854326468,14,0.2857142857142857,0.7142857142857143,,,,,,
India,2022-04-18,-0.0256047924605258,0.4406090881916767,39,0.4871794871794871,0.5128205128205128,,,,,,
India,2022-04-19,-0.0256543675087967,0.3842372188746459,35,0.4285714285714285,0.5428571428571428,,,,,,
India,2022-04-20,-0.1146413700629009,0.4401325239782227,40,0.475,0.525,,,,,,
India,2022-04-21,-0.0173723961197465,0.3084836757907356,30,0.5,0.4666666666666667,,,,,,
India,2022-04-22,-0.0412181327619314,0.3445781287825812,43,0.3720930232558139,0.5348837209302325,,,,,,
India,2022-04-23,0.0291644843855256,0.2637399602911697,21,0.4761904761904761,0.3333333333333333,,,,,,
India,2022-04-24,-0.150887943917602,0.1756321890268904,11,0.0909090909090909,0.7272727272727273,,,,,,
India,2022-04-25,-0.0030362849581862,0.2638064971135511,31,0.5161290322580645,0.4838709677419355,,,,,,
India,2022-04-26,-0.0467799886990995,0.3574929346444304,33,0.4545454545454545,0.5454545454545454,,,,,,
India,2022-04-27,-0.0844811438472568,0.3527997437957519,51,0.3725490196078431,0.5882352941176471,,,,,,
India,2022-04-28,-0.1457621652043971,0.3106184376277747,42,0.3333333333333333,0.6428571428571429,,,,,,
India,2022-04-29,-0.1420707862393023,0.3604875565810558,43,0.2790697674418604,0.6744186046511628,,,,,,
India,2022-04-30,-0.1110262297225877,0.4067826058907184,29,0.3793103448275862,0.6206896551724138,,,,,,
India,2022-05-01,-0.2186212457975993,0.3098054761735191,24,0.1666666666666666,0.8333333333333334,,,,,,
India,2022-05-02,-0.0811460355609024,0.2759436255492385,29,0.3448275862068966,0.6206896551724138,,,,,,
India,2022-05-03,-0.0859610358096693,0.3226526737524158,34,0.3529411764705882,0.6470588235294118,,,,,,
India,2022-05-04,-0.0233136781063988,0.413650351730373,42,0.5238095238095238,0.4761904761904761,,,,,,
India,2022-05-05,-0.1357890914225798,0.3153296804651648,43,0.3023255813953488,0.627906976744186,,,,,,
India,2022-05-06,-0.0899390964381507,0.3393271825650044,31,0.4193548387096774,0.5161290322580645,,,,,,
India,2022-05-07,-0.0846649416558176,0.3621362347602158,22,0.2272727272727272,0.6363636363636364,,,,,,
India,2022-05-08,-0.0281785494746823,0.3874808726319233,21,0.5714285714285714,0.3809523809523809,,,,,,
India,2022-05-09,-0.1559130054073069,0.3045389544430383,27,0.2592592592592592,0.7037037037037037,,,,,,
India,2022-05-10,-0.0446796586456903,0.3392592964939114,37,0.4324324324324324,0.5405405405405406,,,,,,
India,2022-05-11,0.0206557210981901,0.2995828265741383,34,0.5294117647058824,0.4411764705882353,,,,,,
India,2022-05-12,-0.1374693954629874,0.3263597810234243,36,0.3333333333333333,0.6388888888888888,,,,,,
India,2022-05-13,-0.0304474012877095,0.2851327788378441,26,0.4615384615384615,0.5384615384615384,,,,,,
India,2022-05-14,-0.1105571143628509,0.3003071890361795,26,0.3461538461538461,0.5384615384615384,,,,,,
India,2022-05-15,-0.0481893510045011,0.3848495443003081,26,0.4230769230769231,0.4615384615384615,,,,,,
India,2022-05-16,-0.070772440645758,0.2893611226494719,44,0.3409090909090909,0.6590909090909091,,,,,,
India,2022-05-17,-0.1219176814420179,0.3615678988126634,41,0.3170731707317073,0.6097560975609756,,,,,,
India,2022-05-18,-0.0740933951493184,0.4041742533730301,34,0.4705882352941176,0.5,,,,,,
India,2022-05-19,-0.1116625932960346,0.4520197250765944,34,0.3823529411764705,0.5588235294117647,,,,,,
India,2022-05-20,-0.1635657984595299,0.3163159375506477,33,0.2424242424242424,0.6363636363636364,,,,,,
India,2022-05-21,-0.0474411092957631,0.4597288727557266,23,0.4347826086956521,0.4782608695652174,,,,,,
India,2022-05-22,-0.1737455753511013,0.3280124975319274,30,0.3,0.6333333333333333,,,,,,
India,2022-05-23,-0.076548275509001,0.3705456412077331,41,0.3658536585365853,0.5365853658536586,,,,,,
India,2022-05-24,-0.1153957177178379,0.3637438358580186,60,0.4333333333333333,0.5666666666666667,,,,,,
India,2022-05-25,-0.1692858616108122,0.3111289669132193,35,0.2571428571428571,0.7142857142857143,,,,,,
India,2022-05-26,0.0299610728323526,0.2930295059789834,28,0.5714285714285714,0.4285714285714285,,,,,,
India,2022-05-27,-0.0796579690808639,0.2643223950724279,32,0.25,0.65625,,,,,,
India,2022-05-28,-0.130746213882327,0.3327928075807245,14,0.2857142857142857,0.7142857142857143,,,,,,
India,2022-05-29,-0.0449411504553773,0.3470441873444948,26,0.5384615384615384,0.4230769230769231,,,,,,
India,2022-05-30,-0.0112419279610342,0.3007916974516218,31,0.4516129032258064,0.5161290322580645,,,,,,
India,2022-05-31,-0.0633721901992841,0.2487740934813338,36,0.4444444444444444,0.5555555555555556,,,,,,
India,2022-06-01,-0.1470321799130236,0.3443749002961009,40,0.35,0.625,,,,,,
India,2022-06-02,-0.0616688506212922,0.2759486129954104,30,0.4666666666666667,0.5,,,,,,
India,2022-06-03,-0.1470780273266269,0.2982435140409936,31,0.2903225806451613,0.6774193548387096,,,,,,
India,2022-06-04,-0.2027378434172261,0.3012394268259745,24,0.2083333333333333,0.7916666666666666,,,,,,
India,2022-06-05,0.0591494940968914,0.3128851608235021,19,0.631578947368421,0.3684210526315789,,,,,,
India,2022-06-06,-0.0795700565828999,0.2632130996484195,41,0.3170731707317073,0.5609756097560976,,,,,,
India,2022-06-07,-0.0413019682861028,0.3982124550820652,31,0.4838709677419355,0.5161290322580645,,,,,,
India,2022-06-08,-0.1204232477872378,0.3392780309608599,28,0.3214285714285714,0.6071428571428571,,,,,,
India,2022-06-09,-0.0879518361243195,0.2807661441631063,32,0.40625,0.59375,,,,,,
India,2022-06-10,-0.0957818250670034,0.2876894740064754,31,0.3225806451612903,0.6451612903225806,,,,,,
India,2022-06-11,-0.229806013531365,0.3764820055495571,29,0.3448275862068966,0.6551724137931034,,,,,,
India,2022-06-12,-0.2291244321742634,0.3007667210157414,22,0.2727272727272727,0.7272727272727273,,,,,,
India,2022-06-13,-0.1769706866619377,0.2842861500770121,43,0.2093023255813953,0.7209302325581395,,,,,,
India,2022-06-14,-0.1241313764086895,0.3813050946796965,37,0.2972972972972973,0.6756756756756757,,,,,,
India,2022-06-15,-0.0663310654466834,0.2980933800598784,32,0.46875,0.46875,,,,,,
India,2022-06-16,-0.1008202014600639,0.2628190526997386,38,0.3421052631578947,0.6052631578947368,,,,,,
India,2022-06-17,-0.0982321235630405,0.2977468923781727,35,0.4,0.5428571428571428,,,,,,
India,2022-06-18,-0.3520884380421629,0.367638233680006,31,0.1935483870967742,0.7741935483870968,,,,,,
India,2022-06-19,-0.1546692164046365,0.3216187434884083,18,0.2777777777777778,0.6666666666666666,,,,,,
India,2022-06-20,-0.1152625219016648,0.3764169150239524,39,0.282051282051282,0.6923076923076923,,,,,,
India,2022-06-21,-0.1321466790151115,0.3672728266978375,42,0.3333333333333333,0.6666666666666666,,,,,,
India,2022-06-22,-0.1151231162872686,0.3705510328050233,37,0.3243243243243243,0.5675675675675675,,,,,,
India,2022-06-23,-0.0326913973460577,0.314353282346509,35,0.5142857142857142,0.4857142857142857,,,,,,
India,2022-06-24,-0.0907807238367104,0.3126270122924357,41,0.3902439024390244,0.5853658536585366,,,,,,
India,2022-06-25,0.0497303552452914,0.3460353718649361,19,0.631578947368421,0.3684210526315789,,,,,,
India,2022-06-26,-0.1121979908084156,0.2892576433215659,39,0.3076923076923077,0.6923076923076923,,,,,,
India,2022-06-27,-0.071688712691777,0.3015595885737584,46,0.4130434782608695,0.5869565217391305,,,,,,
India,2022-06-28,-0.1370346954244603,0.2998673699191034,45,0.3333333333333333,0.6444444444444445,,,,,,
India,2022-06-29,-0.0868390687766507,0.3173555663594844,33,0.4242424242424242,0.5454545454545454,,,,,,
India,2022-06-30,-0.082688097053557,0.2832062386155261,32,0.375,0.5,,,,,,
India,2022-07-01,-0.0152117453870307,0.335401399679659,40,0.45,0.55,-1.0,0.0,1.0,0.7717,80.0,risk
India,2022-07-02,-0.1291912542561644,0.3186848657207209,29,0.2758620689655172,0.6896551724137931,,,,,,
India,2022-07-03,-0.1988621820688348,0.3256482836615578,12,0.3333333333333333,0.5833333333333334,,,,,,
India,2022-07-04,-0.1672175993850303,0.3372534188037953,30,0.2666666666666666,0.7,,,,,,
India,2022-07-05,-0.0262102079914534,0.303850628657723,36,0.4444444444444444,0.4722222222222222,,,,,,
India,2022-07-06,0.048444085806285,0.2820171543850663,35,0.6,0.4,,,,,,
India,2022-07-07,-0.0600209137572443,0.3556784498165641,37,0.4594594594594595,0.5405405405405406,,,,,,
India,2022-07-08,-0.0859854966191279,0.3806683466999129,36,0.4444444444444444,0.5277777777777778,,,,,,
India,2022-07-09,-0.274163743727751,0.3387516354799431,28,0.2142857142857142,0.75,,,,,,
India,2022-07-10,-0.2630675847787793,0.2513917106207289,20,0.15,0.8,,,,,,
India,2022-07-11,-0.0526386496433794,0.286834568868594,36,0.4166666666666667,0.5833333333333334,,,,,,
India,2022-07-12,-0.0750583857041475,0.3574023396430639,33,0.3333333333333333,0.6060606060606061,,,,,,
India,2022-07-13,-0.1505035484901714,0.3124808090844595,40,0.275,0.675,,,,,,
India,2022-07-14,-0.1062505335364623,0.3780589181686729,47,0.4042553191489361,0.5531914893617021,,,,,,
India,2022-07-15,-0.0664867509608375,0.3455714391677055,48,0.3541666666666667,0.5833333333333334,,,,,,
India,2022-07-16,-0.104883402174395,0.4000394095079904,17,0.2352941176470588,0.6470588235294118,,,,,,
India,2022-07-17,-0.0091943012067482,0.3250230578083604,23,0.4347826086956521,0.5652173913043478,,,,,,
India,2022-07-18,-0.1100888399183038,0.3901068233723075,40,0.325,0.675,,,,,,
India,2022-07-19,-0.1320113917812724,0.3482927538184977,38,0.3421052631578947,0.6578947368421053,,,,,,
India,2022-07-20,-0.026910475452611,0.4050215867300065,40,0.375,0.575,,,,,,
India,2022-07-21,-0.0925264366795176,0.3241179962806639,45,0.4,0.6,,,,,,
India,2022-07-22,-0.0716834402775293,0.3483042593340084,30,0.3666666666666666,0.6333333333333333,,,,,,
India,2022-07-23,-0.032581755865726,0.3817073659532244,22,0.4090909090909091,0.5909090909090909,,,,,,
India,2022-07-24,0.0278116175470217,0.3031798306655256,24,0.5416666666666666,0.4583333333333333,,,,,,
India,2022-07-25,-0.1301217605269093,0.2827045319935728,28,0.3571428571428571,0.6071428571428571,,,,,,
India,2022-07-26,-0.1381781460390716,0.3381700498262386,33,0.3333333333333333,0.6666666666666666,,,,,,
India,2022-07-27,-0.1370837738885992,0.3251861889332645,40,0.325,0.625,,,,,,
India,2022-07-28,-0.1179013090361722,0.4054690436509016,31,0.4193548387096774,0.5161290322580645,,,,,,
India,2022-07-29,-0.0987714807037993,0.3014323735303138,35,0.4571428571428571,0.5428571428571428,,,,,,
India,2022-07-30,-0.0947801071502758,0.5046875859768587,21,0.4285714285714285,0.5238095238095238,,,,,,
India,2022-07-31,-0.0474467883809883,0.3067542142750507,26,0.5,0.4230769230769231,,,,,,
India,2022-08-01,-0.1317768254653185,0.3187234125948232,36,0.3333333333333333,0.6388888888888888,,,,,,
India,2022-08-02,-0.116261884254703,0.3840094579197947,31,0.4193548387096774,0.5806451612903226,,,,,,
India,2022-08-03,-0.2257494614584667,0.3987380001719499,39,0.3076923076923077,0.6410256410256411,,,,,,
India,2022-08-04,-0.0111269993753743,0.3627771860814117,41,0.3902439024390244,0.5853658536585366,,,,,,
India,2022-08-05,-0.1162496878982381,0.3762377857726222,32,0.40625,0.59375,,,,,,
India,2022-08-06,-0.1343963520577655,0.3229924981025424,25,0.36,0.6,,,,,,
India,2022-08-07,-0.0109517188921845,0.2557261629672574,16,0.4375,0.5625,,,,,,
India,2022-08-08,0.0021814256329735,0.3077474564891549,22,0.4545454545454545,0.5454545454545454,,,,,,
India,2022-08-09,0.0003157160627524,0.3102829373099297,31,0.5483870967741935,0.4193548387096774,,,,,,
India,2022-08-10,-0.016005903975947,0.3280439105410828,32,0.46875,0.53125,,,,,,
India,2022-08-11,-0.0465372417366792,0.2681918005639244,31,0.2903225806451613,0.6129032258064516,,,,,,
India,2022-08-12,-0.0760822509583567,0.3016343898596945,32,0.40625,0.5625,,,,,,
India,2022-08-13,-0.0939504375293945,0.3340871689368705,30,0.3,0.6666666666666666,,,,,,
India,2022-08-14,-0.0421227956141315,0.2855682457987866,24,0.4583333333333333,0.4166666666666667,,,,,,
India,2022-08-15,0.0161920134175434,0.3272567677305379,39,0.5128205128205128,0.4871794871794871,,,,,,
India,2022-08-16,-0.0283363550756487,0.352725398956176,35,0.4285714285714285,0.5142857142857142,,,,,,
India,2022-08-17,0.0561152892680681,0.3265554348391378,33,0.5151515151515151,0.4545454545454545,,,,,,
India,2022-08-18,0.0377966152288647,0.3773984192977684,36,0.5833333333333334,0.3611111111111111,,,,,,
India,2022-08-19,-0.0468953066200141,0.313784186207854,47,0.425531914893617,0.5531914893617021,,,,,,
India,2022-08-20,-0.1878183714367275,0.3190427958603761,33,0.2424242424242424,0.696969696969697,,,,,,
India,2022-08-21,-0.0745304636523196,0.3374912582618524,12,0.5,0.5,,,,,,
India,2022-08-22,-0.0649877205736476,0.2886660270714527,28,0.5,0.5,,,,,,
India,2022-08-23,-0.0418588885490496,0.3456482916161013,33,0.4545454545454545,0.5151515151515151,,,,,,
India,2022-08-24,-0.0150499417342373,0.2937207111169196,37,0.5135135135135135,0.4864864864864865,,,,,,
India,2022-08-25,-0.1297378812317135,0.3059022008037214,37,0.2432432432432432,0.7567567567567568,,,,,,
India,2022-08-26,-0.0280225397220729,0.3493652837536493,37,0.3783783783783784,0.5405405405405406,,,,,,
India,2022-08-27,-0.1265852119163738,0.3256262844036532,26,0.3461538461538461,0.5769230769230769,,,,,,
India,2022-08-28,-0.1695134731398805,0.3382076499993362,15,0.4,0.6,,,,,,
India,2022-08-29,-0.0683523313123133,0.3614577650938895,40,0.35,0.6,,,,,,
India,2022-08-30,-0.0316198230145495,0.3352847914482146,51,0.4705882352941176,0.4901960784313725,,,,,,
India,2022-08-31,-0.0395625352098983,0.381843744868439,39,0.3333333333333333,0.5128205128205128,,,,,,
India,2022-09-01,-0.0823988865263249,0.3233842131123421,36,0.4166666666666667,0.5833333333333334,,,,,,
India,2022-09-02,0.0056674395340443,0.3702232809624287,33,0.4545454545454545,0.5151515151515151,,,,,,
India,2022-09-03,-0.1748420020264558,0.299497330232277,17,0.1764705882352941,0.8235294117647058,,,,,,
India,2022-09-04,0.0026480138865482,0.293734342386638,23,0.5217391304347826,0.4782608695652174,,,,,,
India,2022-09-05,-0.0101089384451873,0.2892350469961793,34,0.5,0.4705882352941176,,,,,,
India,2022-09-06,-0.0881830987181431,0.3291331405710867,27,0.4074074074074074,0.5185185185185185,,,,,,
India,2022-09-07,-0.014255336472576,0.33579979379102,44,0.5681818181818182,0.4318181818181818,,,,,,
India,2022-09-08,0.0058846847793844,0.4623492239132465,30,0.6,0.4,,,,,,
India,2022-09-09,-0.0340661915869197,0.3393045234528626,30,0.4333333333333333,0.5333333333333333,,,,,,
India,2022-09-10,-0.0196582784232163,0.3770872146832468,21,0.5238095238095238,0.4761904761904761,,,,,,
India,2022-09-11,-0.0973419187397367,0.3169636034811405,24,0.3333333333333333,0.6666666666666666,,,,,,
India,2022-09-12,-0.0914158627103029,0.3566841369410116,32,0.375,0.5625,,,,,,
India,2022-09-13,-0.0381895559671362,0.3438736283323277,33,0.4242424242424242,0.4848484848484848,,,,,,
India,2022-09-14,-0.0330552275982891,0.3260060926932056,30,0.4333333333333333,0.5333333333333333,,,,,,
India,2022-09-15,-0.0692388614589871,0.2670422770443299,41,0.3414634146341463,0.6097560975609756,,,,,,
India,2022-09-16,-0.138297605473657,0.3308914543298268,42,0.3809523809523809,0.5714285714285714,,,,,,
India,2022-09-17,-0.0797853155178854,0.3028465940530541,35,0.3428571428571428,0.6571428571428571,,,,,,
India,2022-09-18,-0.1279871007795809,0.2452202476635191,17,0.3529411764705882,0.5294117647058824,,,,,,
India,2022-09-19,-0.0314189353254607,0.2790579972371862,45,0.4888888888888889,0.4666666666666667,,,,,,
India,2022-09-20,-0.0923403973260806,0.3691748696849736,39,0.3333333333333333,0.6410256410256411,,,,,,
India,2022-09-21,0.0531472499752163,0.3443768129944463,36,0.5833333333333334,0.3611111111111111,,,,,,
India,2022-09-22,0.027818181905689,0.366205246479357,49,0.4897959183673469,0.4489795918367347,,,,,,
India,2022-09-23,-0.1413695853871175,0.3140480934464584,45,0.3333333333333333,0.6222222222222222,,,,,,
India,2022-09-24,-0.1537406704769224,0.3191698173855309,33,0.303030303030303,0.696969696969697,,,,,,
India,2022-09-25,-0.0629508114037771,0.2573336682096179,19,0.3684210526315789,0.631578947368421,,,,,,
India,2022-09-26,0.0288706017392886,0.302713860121473,32,0.46875,0.5,,,,,,
India,2022-09-27,-0.0077664704785178,0.3241910528926973,30,0.4333333333333333,0.5333333333333333,,,,,,
India,2022-09-28,-0.0120761371493492,0.36357345747525,35,0.4571428571428571,0.5142857142857142,,,,,,
India,2022-09-29,-0.0757268181466443,0.3196110768561087,45,0.4222222222222222,0.5777777777777777,,,,,,
India,2022-09-30,-0.0818206063152704,0.2807677375653418,43,0.4186046511627907,0.5348837209302325,,,,,,
India,2022-10-01,-0.123218598715371,0.2970578606771128,19,0.3157894736842105,0.5789473684210527,,,,,,
India,2022-10-02,0.0281271631344739,0.4002295435927532,24,0.5833333333333334,0.4166666666666667,,,,,,
India,2022-10-03,0.0057788908514609,0.4088562011297632,27,0.5185185185185185,0.4814814814814814,,,,,,
India,2022-10-04,-0.0054629007304232,0.3654474602751784,24,0.375,0.625,,,,,,
India,2022-10-05,-0.0225649141346647,0.265206253150725,32,0.40625,0.5,,,,,,
India,2022-10-06,-0.0774176789812302,0.38981060623533,46,0.3478260869565217,0.6086956521739131,,,,,,
India,2022-10-07,-0.0932605781332953,0.3195137589365269,40,0.3,0.625,,,,,,
India,2022-10-08,-0.1150156164461856,0.3594472232016925,21,0.2857142857142857,0.6666666666666666,,,,,,
India,2022-10-09,-0.1671421113379467,0.2755840888275904,22,0.3636363636363636,0.6363636363636364,,,,,,
India,2022-10-10,0.082247324635937,0.3352308150530241,37,0.5675675675675675,0.4054054054054054,,,,,,
India,2022-10-11,-0.0890699602409508,0.2938950194902415,31,0.4193548387096774,0.5161290322580645,,,,,,
India,2022-10-12,-0.0077110440612234,0.3521851956609588,50,0.46,0.46,,,,,,
India,2022-10-13,0.0078251832610293,0.2722937134915522,49,0.4897959183673469,0.4693877551020408,,,,,,
India,2022-10-14,-0.1349016242604185,0.3519172666911315,48,0.375,0.5833333333333334,,,,,,
India,2022-10-15,0.0771638134641512,0.4377347720842758,21,0.5714285714285714,0.4285714285714285,,,,,,
India,2022-10-16,-0.0389786157600946,0.2971263756335311,24,0.5,0.4583333333333333,,,,,,
India,2022-10-17,0.0507369621609662,0.3504840040506951,34,0.4705882352941176,0.4705882352941176,,,,,,
India,2022-10-18,-0.054168231074608,0.4433200574713487,35,0.4571428571428571,0.5428571428571428,,,,,,
India,2022-10-19,0.0057156209026351,0.3271931928651863,42,0.5238095238095238,0.4761904761904761,,,,,,
India,2022-10-20,-0.0285475438849395,0.380768934515155,26,0.5,0.4615384615384615,,,,,,
India,2022-10-21,0.0071562658624881,0.38659542504635,39,0.6153846153846154,0.3333333333333333,,,,,,
India,2022-10-22,-0.0071477053650873,0.375443740418369,24,0.4583333333333333,0.4583333333333333,,,,,,
India,2022-10-23,-0.0125777478240627,0.3403922197377252,19,0.4736842105263157,0.5263157894736842,,,,,,
India,2022-10-24,-0.0938124578843058,0.3661942797527145,33,0.3939393939393939,0.5454545454545454,,,,,,
India,2022-10-25,-0.0734778705487226,0.2499608093103166,36,0.3611111111111111,0.6388888888888888,,,,,,
India,2022-10-26,-0.1340195963015784,0.422346554428204,28,0.4285714285714285,0.5714285714285714,,,,,,
India,2022-10-27,-0.0720563605165944,0.3325007731244177,39,0.3846153846153846,0.5897435897435898,,,,,,
India,2022-10-28,0.0264191635103946,0.2983527327179776,34,0.5,0.5,,,,,,
India,2022-10-29,-0.1493312474342222,0.3714264879940258,27,0.3333333333333333,0.5925925925925926,,,,,,
India,2022-10-30,-0.1385795776316857,0.2411375863861911,23,0.3478260869565217,0.6086956521739131,,,,,,
India,2022-10-31,-0.068777035645919,0.3969240726274825,46,0.4565217391304347,0.5217391304347826,,,,,,
India,2022-11-01,-0.0544906438421816,0.356147987285132,38,0.3947368421052631,0.5789473684210527,,,,,,
India,2022-11-02,-0.1159209131029276,0.2726671181256435,40,0.225,0.65,,,,,,
India,2022-11-03,-0.1238080082900134,0.3237320134231403,30,0.2666666666666666,0.7,,,,,,
India,2022-11-04,-0.0620797506474961,0.3236634100454799,37,0.4324324324324324,0.5675675675675675,,,,,,
India,2022-11-05,-0.0330273069339392,0.5016340968350864,19,0.4210526315789473,0.5263157894736842,,,,,,
India,2022-11-06,-0.0749180270855933,0.3753689959742594,23,0.391304347826087,0.5652173913043478,,,,,,
India,2022-11-07,-0.0987163954489581,0.2725792671107833,53,0.320754716981132,0.6415094339622641,,,,,,
India,2022-11-08,0.0297577669406585,0.3656475731878566,41,0.4878048780487805,0.4634146341463415,,,,,,
India,2022-11-09,-0.1327279760224511,0.3417539714141629,42,0.4047619047619047,0.5714285714285714,,,,,,
India,2022-11-10,-0.0826918920213445,0.3998228226570055,34,0.4411764705882353,0.5294117647058824,,,,,,
India,2022-11-11,0.0589533409546818,0.3987967543069752,8,0.625,0.375,,,,,,
India,2022-11-12,-0.0465084704838064,0.3950729043049858,34,0.4411764705882353,0.5588235294117647,,,,,,
India,2022-11-13,0.0949325365552439,0.3643499776564489,21,0.7142857142857143,0.2857142857142857,,,,,,
India,2022-11-14,-0.052260648257986,0.2675241826814116,53,0.3773584905660377,0.5849056603773585,,,,,,
India,2022-11-15,-0.086418430239317,0.2683305556590995,54,0.3518518518518518,0.6296296296296297,,,,,,
India,2022-11-16,-0.0626375596897103,0.3323383002791991,53,0.3962264150943396,0.5849056603773585,,,,,,
India,2022-11-17,-0.053917182357843,0.3670874249854445,39,0.4615384615384615,0.5384615384615384,,,,,,
India,2022-11-18,-0.1170252354296124,0.324269584814762,38,0.3421052631578947,0.6578947368421053,,,,,,
India,2022-11-19,-0.1330392451368924,0.2875521718453683,23,0.3478260869565217,0.6521739130434783,,,,,,
India,2022-11-20,-0.1884628016846864,0.3582784644641131,17,0.2352941176470588,0.7647058823529411,,,,,,
India,2022-11-21,-0.0012590787526444,0.2965491714826975,29,0.3793103448275862,0.5862068965517241,,,,,,
India,2022-11-22,-0.0548939748899771,0.4171547564759477,33,0.4545454545454545,0.5151515151515151,,,,,,
India,2022-11-23,-0.0411862757970372,0.2941658112049728,31,0.5806451612903226,0.3870967741935484,,,,,,
India,2022-11-24,-0.0021707545234863,0.3794815915028087,29,0.4137931034482758,0.5517241379310345,,,,,,
India,2022-11-25,-0.0432101730672104,0.3547373563351497,25,0.4,0.56,,,,,,
India,2022-11-26,0.029216845191798,0.2330752550912788,22,0.5,0.5,,,,,,
India,2022-11-27,-0.041733826371369,0.3869847179836828,24,0.5,0.5,,,,,,
India,2022-11-28,-0.0080014777935078,0.3683686550027799,38,0.5789473684210527,0.3947368421052631,,,,,,
India,2022-11-29,-0.0029195573877682,0.4001263903207434,45,0.4444444444444444,0.4888888888888889,,,,,,
India,2022-11-30,-0.0053137314411514,0.3251979846433213,27,0.5555555555555556,0.4444444444444444,,,,,,
India,2022-12-01,0.0583520048489807,0.36103871698156,27,0.7407407407407407,0.2222222222222222,,,,,,
India,2022-12-02,-0.0982532863851892,0.2675449265274995,40,0.25,0.725,,,,,,
India,2022-12-03,-0.1125990021497628,0.3288931748262113,31,0.2903225806451613,0.6774193548387096,,,,,,
India,2022-12-04,-0.0929338855378191,0.2866808383921415,26,0.3076923076923077,0.6153846153846154,,,,,,
India,2022-12-05,-0.0446373965506261,0.3448307942723665,46,0.4347826086956521,0.5652173913043478,,,,,,
India,2022-12-06,-0.1992117836090234,0.3175489155018779,41,0.2195121951219512,0.7560975609756098,,,,,,
India,2022-12-07,-0.0318351319757286,0.3473111911420914,56,0.4285714285714285,0.5714285714285714,,,,,,
India,2022-12-08,-0.067443912509866,0.3195288566868627,34,0.4411764705882353,0.5294117647058824,,,,,,
India,2022-12-09,0.032230997963758,0.2871264059235273,32,0.5,0.46875,,,,,,
India,2022-12-10,-0.0789565693048614,0.3668396679319978,20,0.4,0.5,,,,,,
India,2022-12-11,-0.1417495465160917,0.2823602305565771,23,0.3478260869565217,0.6521739130434783,,,,,,
India,2022-12-12,-0.06829426792498,0.3186547501878854,41,0.4146341463414634,0.5121951219512195,,,,,,
India,2022-12-13,-0.0408211160332109,0.3227011522052121,40,0.5,0.5,,,,,,
India,2022-12-14,-0.0474861910118263,0.3296403222525236,30,0.4333333333333333,0.5333333333333333,,,,,,
India,2022-12-15,0.0183126746371737,0.2818907443284317,42,0.4047619047619047,0.5,,,,,,
India,2022-12-16,0.0532401576870372,0.3003510214959058,37,0.4864864864864865,0.4324324324324324,,,,,,
India,2022-12-17,-0.0224793352255114,0.4534919197800117,24,0.375,0.625,,,,,,
India,2022-12-18,0.0046577540118181,0.3308781288914766,19,0.4736842105263157,0.3684210526315789,,,,,,
India,2022-12-19,-0.0074962954822809,0.306704836856868,31,0.3548387096774194,0.6451612903225806,,,,,,
India,2022-12-20,0.12485174818773,0.3730844457532477,32,0.65625,0.34375,,,,,,
India,2022-12-21,-0.0465823904219846,0.2557219548669475,39,0.4871794871794871,0.4358974358974359,,,,,,
India,2022-12-22,-0.016916095394421,0.3348142075326862,46,0.4130434782608695,0.5434782608695652,,,,,,
India,2022-12-23,-0.0633063528072752,0.3588892385210184,27,0.3333333333333333,0.6666666666666666,,,,,,
India,2022-12-24,-0.2008439991513549,0.2425120989581679,13,0.2307692307692307,0.7692307692307693,,,,,,
India,2022-12-25,-0.0330466745440263,0.2468278281156008,22,0.5,0.4545454545454545,,,,,,
India,2022-12-26,-0.1295363743558571,0.3610406829959105,18,0.2777777777777778,0.6666666666666666,,,,,,
India,2022-12-27,-0.1562480202718947,0.3302135888505949,37,0.3513513513513513,0.6216216216216216,,,,,,
India,2022-12-28,-0.1664767494088003,0.3287462175273954,41,0.3414634146341463,0.6341463414634146,,,,,,
India,2022-12-29,-0.0439592658691767,0.4093718981362302,23,0.3478260869565217,0.6086956521739131,,,,,,
India,2022-12-30,-0.0850117120408178,0.3379203085433155,33,0.4242424242424242,0.5757575757575758,,,,,,
India,2022-12-31,-0.0585014063121765,0.3999997208459802,29,0.3793103448275862,0.5517241379310345,0.0,0.0,0.0,0.4545,29.0,neutral
India,2023-01-01,-0.0797759366852629,0.323527591335963,17,0.5294117647058824,0.4705882352941176,,,,,,
India,2023-01-02,-0.0324888787471632,0.255167236903505,17,0.4117647058823529,0.5294117647058824,,,,,,
India,2023-01-03,-0.0243719607026789,0.3949080716316286,33,0.5454545454545454,0.3939393939393939,,,,,,
India,2023-01-04,-0.0949424685981234,0.3896841359948707,42,0.3333333333333333,0.6666666666666666,,,,,,
India,2023-01-05,-0.1133228612625864,0.2882239448021475,25,0.36,0.6,,,,,,
India,2023-01-06,-0.1292158185688739,0.3259852546679705,31,0.3870967741935484,0.6129032258064516,,,,,,
India,2023-01-07,-0.0129882454814038,0.2810613955175819,16,0.5625,0.4375,,,,,,
India,2023-01-08,-0.1252484552883772,0.3924139799650938,14,0.2857142857142857,0.6428571428571429,,,,,,
India,2023-01-09,-0.0698373574396316,0.3561166564846361,37,0.4054054054054054,0.5945945945945946,,,,,,
India,2023-01-10,-0.1508620327658092,0.3592365978642924,48,0.3333333333333333,0.625,,,,,,
India,2023-01-11,-0.099286099482867,0.3971726771895945,35,0.3714285714285714,0.5714285714285714,,,,,,
India,2023-01-12,0.0640503465150379,0.2952143681850063,31,0.4838709677419355,0.5161290322580645,,,,,,
India,2023-01-13,-0.0712245059786641,0.3746632384386162,32,0.46875,0.46875,,,,,,
India,2023-01-14,0.1460418738976874,0.3073502262176287,26,0.6923076923076923,0.3076923076923077,,,,,,
India,2023-01-15,-0.035925898835113,0.4588395861483327,24,0.5416666666666666,0.4166666666666667,,,,,,
India,2023-01-16,-0.1031708466235584,0.2829067734219538,36,0.3611111111111111,0.5833333333333334,,,,,,
India,2023-01-17,-0.0821261219997611,0.320374272299002,42,0.2857142857142857,0.6904761904761905,,,,,,
India,2023-01-18,-0.0528929453761688,0.2875120555838819,43,0.4418604651162791,0.5348837209302325,,,,,,
India,2023-01-19,-0.0747572389433527,0.3340660139361097,29,0.4827586206896552,0.5172413793103449,,,,,,
India,2023-01-20,0.0309269935487051,0.3023434932553932,30,0.5666666666666667,0.3666666666666666,,,,,,
India,2023-01-21,-0.0412919753275044,0.3447925587855011,23,0.3478260869565217,0.6086956521739131,,,,,,
India,2023-01-22,-0.1564949235953157,0.3690773088497547,19,0.2631578947368421,0.6842105263157895,,,,,,
India,2023-01-23,0.042667855638006,0.3529440880736398,45,0.5111111111111111,0.4888888888888889,,,,,,
India,2023-01-24,-0.0440947997129284,0.3585003694198533,49,0.4489795918367347,0.5306122448979592,,,,,,
India,2023-01-25,0.0336818847242421,0.4203858035694097,43,0.5813953488372093,0.4186046511627907,,,,,,
India,2023-01-26,-0.1113628587956243,0.3120008873222639,37,0.3513513513513513,0.6486486486486487,,,,,,
India,2023-01-27,-0.0026225754266357,0.3182664054900646,36,0.5,0.5,,,,,,
India,2023-01-28,-0.0714546381346468,0.3505041347575986,28,0.3571428571428571,0.6428571428571429,,,,,,
India,2023-01-29,-0.0434123463146895,0.3739353378900474,26,0.3461538461538461,0.6153846153846154,,,,,,
India,2023-01-30,-0.0940426224246385,0.2871747499843916,42,0.3571428571428571,0.5952380952380952,,,,,,
India,2023-01-31,0.0102998227588578,0.3326536354173707,44,0.5,0.4545454545454545,,,,,,
India,2023-02-01,-0.0933279484653523,0.3636593628838367,38,0.3947368421052631,0.6052631578947368,,,,,,
India,2023-02-02,-0.0499183937473215,0.2878899253908121,48,0.4791666666666667,0.5,,,,,,
India,2023-02-03,-0.0862419084831025,0.2890508915300032,32,0.34375,0.65625,,,,,,
India,2023-02-04,-0.2374430334533773,0.3958497642645924,19,0.4210526315789473,0.5789473684210527,,,,,,
India,2023-02-05,-0.0642770091533482,0.232167787359251,26,0.3461538461538461,0.6153846153846154,,,,,,
India,2023-02-06,-0.0255731479613585,0.3608861136967463,38,0.4210526315789473,0.5789473684210527,,,,,,
India,2023-02-07,-0.1722738098281863,0.3468831243284415,48,0.375,0.6041666666666666,,,,,,
India,2023-02-08,-0.0607637519617921,0.2926859318717819,46,0.4347826086956521,0.5,,,,,,
India,2023-02-09,-0.0395464626355019,0.323450679620648,50,0.46,0.48,,,,,,
India,2023-02-10,-0.00324047857429,0.3433657442165603,45,0.5111111111111111,0.4,,,,,,
India,2023-02-11,0.0101829285104403,0.3738914767661054,29,0.4137931034482758,0.5517241379310345,,,,,,
India,2023-02-12,-0.1164751293062885,0.2408190810863978,21,0.3809523809523809,0.5238095238095238,,,,,,
India,2023-02-13,-0.0270219574388755,0.3557526447386475,44,0.5454545454545454,0.4318181818181818,,,,,,
India,2023-02-14,-0.1218850495132389,0.4007275520692244,29,0.3793103448275862,0.5862068965517241,,,,,,
India,2023-02-15,-0.1200232291210994,0.3241130922873043,32,0.40625,0.5625,,,,,,
India,2023-02-16,-0.0914361213793572,0.3781678294058891,32,0.375,0.53125,,,,,,
India,2023-02-17,-0.0459992285941111,0.3882494897604657,48,0.4583333333333333,0.5416666666666666,,,,,,
India,2023-02-18,-0.1421151627536376,0.3841494248280712,34,0.3235294117647059,0.6764705882352942,,,,,,
India,2023-02-19,-0.029912944386435,0.3040418111371484,15,0.2666666666666666,0.6,,,,,,
India,2023-02-20,-0.0736446457610644,0.3417633170109002,37,0.3513513513513513,0.5945945945945946,,,,,,
India,2023-02-21,-0.0732514649707599,0.3798416367969712,37,0.3783783783783784,0.6216216216216216,,,,,,
India,2023-02-22,-0.0977213704081638,0.3176274957346467,40,0.4,0.6,,,,,,
India,2023-02-23,-0.057169542447825,0.3602732396261012,41,0.4146341463414634,0.5609756097560976,,,,,,
India,2023-02-24,-0.1554287232620571,0.3051491714633102,39,0.2307692307692307,0.6923076923076923,,,,,,
India,2023-02-25,-0.0359066271743184,0.2992201265188827,43,0.4186046511627907,0.5813953488372093,,,,,,
India,2023-02-26,-0.0335325667852891,0.2478552078331879,21,0.4285714285714285,0.4761904761904761,,,,,,
India,2023-02-27,-0.176578477908726,0.3760079908643005,25,0.24,0.72,,,,,,
India,2023-02-28,-0.0667012950752171,0.4005510742747089,43,0.3255813953488372,0.6511627906976745,,,,,,
India,2023-03-01,-0.0466175723093524,0.3399223654900353,36,0.4166666666666667,0.5277777777777778,,,,,,
India,2023-03-02,-0.062713508603717,0.3529212926602869,35,0.4285714285714285,0.5714285714285714,,,,,,
India,2023-03-03,-0.0845054218055602,0.3014013588956482,33,0.3333333333333333,0.6363636363636364,,,,,,
India,2023-03-04,-0.0488066123106655,0.3246414339681342,18,0.3888888888888889,0.6111111111111112,,,,,,
India,2023-03-05,0.0597801969835695,0.3446041249051569,28,0.5357142857142857,0.4285714285714285,,,,,,
India,2023-03-06,-0.0245152423416795,0.2949740603265699,25,0.48,0.52,,,,,,
India,2023-03-07,-0.0407272357986901,0.4384318399108083,33,0.3939393939393939,0.6060606060606061,,,,,,
India,2023-03-08,-0.088215001842473,0.3810398432038341,21,0.4285714285714285,0.4761904761904761,,,,,,
India,2023-03-09,0.0377627909703694,0.4108495001691659,36,0.4166666666666667,0.5555555555555556,,,,,,
India,2023-03-10,0.0683199884569873,0.3632977472474495,28,0.6071428571428571,0.3571428571428571,,,,,,
India,2023-03-11,-0.0472992157533457,0.4188751627194869,22,0.3181818181818182,0.6363636363636364,,,,,,
India,2023-03-12,0.0243511674471126,0.2741368150574521,23,0.5217391304347826,0.4347826086956521,,,,,,
India,2023-03-13,0.0031848188094958,0.2424588655267189,21,0.4761904761904761,0.5238095238095238,,,,,,
India,2023-03-14,-0.0910538411209661,0.4442978839209795,27,0.5185185185185185,0.4444444444444444,,,,,,
India,2023-03-15,-0.0303741284603222,0.3990915103773264,51,0.4901960784313725,0.4901960784313725,,,,,,
India,2023-03-16,-0.038275223824973,0.4364383006484961,34,0.5,0.5,,,,,,
India,2023-03-17,-0.0321671223357223,0.3360474502090958,45,0.5111111111111111,0.4888888888888889,,,,,,
India,2023-03-18,-0.0603269585584814,0.3308144464052732,26,0.4230769230769231,0.5384615384615384,,,,,,
India,2023-03-19,0.0303983425402887,0.2434163903204183,17,0.5882352941176471,0.4117647058823529,,,,,,
India,2023-03-20,-0.0595501207082627,0.2992419349365227,39,0.3846153846153846,0.5641025641025641,,,,,,
India,2023-03-21,-0.0778782867631949,0.3494123304796466,29,0.5172413793103449,0.4827586206896552,,,,,,
India,2023-03-22,-0.0981228792518682,0.2847513328363441,8,0.375,0.625,,,,,,
India,2023-03-23,0.122792572407057,0.18681748954841,10,0.8,0.2,,,,,,
India,2023-03-24,-0.0928604298296342,0.3246361634504137,50,0.34,0.6,,,,,,
India,2023-03-25,-0.0354570197843699,0.258325669631713,26,0.4230769230769231,0.5769230769230769,,,,,,
India,2023-03-26,-0.0720162777006336,0.3612608606633887,30,0.5,0.4666666666666667,,,,,,
India,2023-03-27,0.0263736171426427,0.3101193630559731,49,0.5306122448979592,0.4285714285714285,,,,,,
India,2023-03-28,-0.0417748792480271,0.3210330940642156,47,0.4042553191489361,0.5106382978723404,,,,,,
India,2023-03-29,-0.0264409342262462,0.3643051625677374,52,0.4230769230769231,0.5192307692307693,,,,,,
India,2023-03-30,-0.0646959211389361,0.3221882173102515,53,0.3773584905660377,0.6037735849056604,,,,,,
India,2023-03-31,0.0542789727172592,0.405374685625252,48,0.5416666666666666,0.4583333333333333,,,,,,
India,2023-04-01,-0.0372663946695548,0.3154110579438594,16,0.375,0.5625,,,,,,
India,2023-04-02,-0.1355416005991509,0.3638347022575171,25,0.4,0.6,,,,,,
India,2023-04-03,-0.121304410863092,0.3760994425679658,48,0.375,0.6041666666666666,,,,,,
India,2023-04-04,-0.1009819370086267,0.3355370084655005,46,0.3695652173913043,0.6086956521739131,,,,,,
India,2023-04-05,-0.0227069908844611,0.3249580406863284,36,0.3611111111111111,0.6111111111111112,,,,,,
India,2023-04-06,-0.0329600726709612,0.3627358022483516,36,0.4444444444444444,0.5555555555555556,,,,,,
India,2023-04-07,-0.0371204258470286,0.3435721955613449,29,0.4482758620689655,0.5517241379310345,,,,,,
India,2023-04-08,-0.0652878232495638,0.4378286063254745,19,0.3684210526315789,0.5789473684210527,,,,,,
India,2023-04-09,-0.0527696067191607,0.2693694818009854,21,0.4285714285714285,0.5714285714285714,,,,,,
India,2023-04-10,-0.1080190447201281,0.3459430172605969,37,0.4054054054054054,0.5405405405405406,,,,,,
India,2023-04-11,-0.0024191551833187,0.3896145763418018,42,0.4285714285714285,0.5714285714285714,,,,,,
India,2023-04-12,-0.0550232214279416,0.3678362490001866,41,0.4634146341463415,0.4878048780487805,,,,,,
India,2023-04-13,-0.060591825217183,0.2387579305249936,43,0.3488372093023256,0.5813953488372093,,,,,,
India,2023-04-14,0.0968626771527248,0.3165722701657245,41,0.6341463414634146,0.2682926829268293,,,,,,
India,2023-04-15,0.0128966688046565,0.3091196588082759,25,0.52,0.44,,,,,,
India,2023-04-16,-0.0767074798014392,0.2911784721393718,20,0.45,0.45,,,,,,
India,2023-04-17,-0.0352082200430728,0.3177554287123977,37,0.3783783783783784,0.5675675675675675,,,,,,
India,2023-04-18,0.0033023717110995,0.3659370879903155,35,0.4857142857142857,0.4857142857142857,,,,,,
India,2023-04-19,0.0329498164521854,0.2145750701286789,39,0.5641025641025641,0.4358974358974359,,,,,,
India,2023-04-20,0.026670709734273,0.2966502061076901,47,0.4680851063829787,0.5106382978723404,,,,,,
India,2023-04-21,0.0392707334352793,0.2812729526735428,33,0.6060606060606061,0.3939393939393939,,,,,,
India,2023-04-22,-0.1279983839435654,0.4096349756668068,33,0.3333333333333333,0.6666666666666666,,,,,,
India,2023-04-23,-0.0477493772095817,0.3252959626813139,19,0.4736842105263157,0.5263157894736842,,,,,,
India,2023-04-24,0.0098037629548738,0.2610212703904944,37,0.4594594594594595,0.4324324324324324,,,,,,
India,2023-04-25,-0.003811717146779,0.3138074619913096,34,0.4411764705882353,0.4705882352941176,,,,,,
India,2023-04-26,-0.0903922369870565,0.3654553044455177,36,0.4166666666666667,0.5833333333333334,,,,,,
India,2023-04-27,-0.0336818167774931,0.391435624159944,37,0.4594594594594595,0.5135135135135135,,,,,,
India,2023-04-28,0.0360728926781958,0.3179691797966797,31,0.5806451612903226,0.3870967741935484,,,,,,
India,2023-04-29,-0.0824641079715763,0.3513400720696983,27,0.3333333333333333,0.5185185185185185,,,,,,
India,2023-04-30,-0.1731762344133755,0.4051637391927491,30,0.2333333333333333,0.7666666666666667,,,,,,
India,2023-05-01,-0.0298204739414016,0.2901527387105085,22,0.4545454545454545,0.5454545454545454,,,,,,
India,2023-05-02,-0.1049348692194363,0.3375175551909439,43,0.4418604651162791,0.5581395348837209,,,,,,
India,2023-05-03,0.0530512325085242,0.2435354929165182,38,0.5789473684210527,0.3947368421052631,,,,,,
India,2023-05-04,-0.0390817135650632,0.3796318271990964,32,0.40625,0.46875,,,,,,
India,2023-05-05,-0.1085148260664536,0.3616059798716439,45,0.3777777777777777,0.6,,,,,,
India,2023-05-06,-0.0692048210310939,0.3978175488567058,32,0.46875,0.53125,,,,,,
India,2023-05-07,-0.2010821785461541,0.4022193272799765,17,0.3529411764705882,0.6470588235294118,,,,,,
India,2023-05-08,-0.1464768930853173,0.3567912535947897,41,0.3414634146341463,0.6585365853658537,,,,,,
India,2023-05-09,-0.0629798787316181,0.3408608035434775,34,0.4117647058823529,0.5882352941176471,,,,,,
India,2023-05-10,0.0413445563221102,0.3009244349998793,43,0.6046511627906976,0.3953488372093023,,,,,,
India,2023-05-11,-0.0078672298187036,0.3551008994838845,35,0.4285714285714285,0.5142857142857142,,,,,,
India,2023-05-12,-0.0561526420500516,0.2424275346043329,27,0.4074074074074074,0.5185185185185185,,,,,,
India,2023-05-13,-0.1480203435462312,0.3258652878943751,24,0.3333333333333333,0.6666666666666666,,,,,,
India,2023-05-14,-0.002427615147092,0.3640595035699427,21,0.4285714285714285,0.4761904761904761,,,,,,
India,2023-05-15,-0.0273804293934221,0.309312327996729,28,0.5357142857142857,0.4642857142857143,,,,,,
India,2023-05-16,-0.0237305208233983,0.3335727746481833,40,0.525,0.45,,,,,,
India,2023-05-17,-0.1064239147872084,0.300817823340516,38,0.3684210526315789,0.631578947368421,,,,,,
India,2023-05-18,-0.0352834703089228,0.2919473969447169,44,0.4090909090909091,0.5227272727272727,,,,,,
India,2023-05-19,-0.0908452242666515,0.3003642208014908,40,0.3,0.675,,,,,,
India,2023-05-20,-0.0226750971991247,0.2560394891308729,29,0.5172413793103449,0.4827586206896552,,,,,,
India,2023-05-21,0.0294260904746955,0.3589716491171942,22,0.4545454545454545,0.5454545454545454,,,,,,
India,2023-05-22,0.0020493631752848,0.3198674955155607,33,0.3939393939393939,0.5454545454545454,,,,,,
India,2023-05-23,0.0206717242444435,0.3280096634005224,30,0.5333333333333333,0.3666666666666666,,,,,,
India,2023-05-24,-0.0084490848147734,0.3373106929091261,43,0.4883720930232558,0.4651162790697674,,,,,,
India,2023-05-25,0.0155438571119107,0.3666879942137461,27,0.5185185185185185,0.4814814814814814,,,,,,
India,2023-05-26,0.0712251592066282,0.3348737606362672,33,0.696969696969697,0.303030303030303,,,,,,
India,2023-05-27,-0.0533055277639465,0.3548949774209509,23,0.4347826086956521,0.5652173913043478,,,,,,
India,2023-05-28,-0.0987713888198796,0.3729390378559863,18,0.4444444444444444,0.5,,,,,,
India,2023-05-29,0.0198505758957149,0.3370575989874133,37,0.5135135135135135,0.4324324324324324,,,,,,
India,2023-05-30,0.0033234617360507,0.2980104558756502,26,0.4615384615384615,0.5384615384615384,,,,,,
India,2023-05-31,-0.0891103806948518,0.259989320310618,35,0.3142857142857143,0.6857142857142857,,,,,,
India,2023-06-01,-0.0861300958614278,0.329878149129859,37,0.2972972972972973,0.6216216216216216,,,,,,
India,2023-06-02,-0.0836697324946328,0.3803357220373297,30,0.3333333333333333,0.6666666666666666,,,,,,
India,2023-06-03,-0.122929534413999,0.448610537534546,33,0.3636363636363636,0.6363636363636364,,,,,,
India,2023-06-04,-0.1362813024059545,0.3480161274137857,31,0.3225806451612903,0.5806451612903226,,,,,,
India,2023-06-05,-0.0342375477471925,0.3408135109253549,48,0.5,0.4166666666666667,,,,,,
India,2023-06-06,-0.0254058503642729,0.3706485594470044,47,0.4680851063829787,0.5106382978723404,,,,,,
India,2023-06-07,0.0393896707501619,0.4228186353252397,46,0.5869565217391305,0.4130434782608695,,,,,,
India,2023-06-08,-0.0786928007077399,0.311748581136007,39,0.4102564102564102,0.5641025641025641,,,,,,
India,2023-06-09,0.0442660149893244,0.3643834850520424,40,0.55,0.425,,,,,,
India,2023-06-10,0.0708260462978351,0.215455671621935,24,0.5416666666666666,0.4583333333333333,,,,,,
India,2023-06-11,0.0220771793597925,0.3572034129036811,17,0.4705882352941176,0.4117647058823529,,,,,,
India,2023-06-12,-0.0865381327948005,0.3754074367975462,47,0.2765957446808511,0.6808510638297872,,,,,,
India,2023-06-13,-0.0501105378777028,0.3760117049354571,42,0.4523809523809524,0.5238095238095238,,,,,,
India,2023-06-14,-0.0776084056713687,0.3362104428502368,27,0.4814814814814814,0.4444444444444444,,,,,,
India,2023-06-15,-0.101578907377744,0.3729669321633033,32,0.40625,0.59375,,,,,,
India,2023-06-16,-0.1598134581343158,0.3918948994638058,42,0.3333333333333333,0.6428571428571429,,,,,,
India,2023-06-17,-0.125513102794274,0.3463174025889654,27,0.3333333333333333,0.6296296296296297,,,,,,
India,2023-06-18,-0.0914821170310994,0.391114335992651,28,0.3571428571428571,0.6071428571428571,,,,,,
India,2023-06-19,-0.0863365779199861,0.3171725113158676,34,0.4705882352941176,0.5294117647058824,,,,,,
India,2023-06-20,0.007155311175933,0.3576969423325939,42,0.4761904761904761,0.5,,,,,,
India,2023-06-21,0.0974567485866379,0.4172817281257318,25,0.6,0.36,,,,,,
India,2023-06-22,-0.018517293113732,0.2561538174486907,44,0.4318181818181818,0.5,,,,,,
India,2023-06-23,0.0257654440800887,0.2730606092243023,30,0.5666666666666667,0.4,,,,,,
India,2023-06-24,-0.0959749897631924,0.4424346303212975,31,0.3870967741935484,0.6129032258064516,,,,,,
India,2023-06-25,-0.0321093807142544,0.2725093526731888,21,0.5238095238095238,0.4285714285714285,,,,,,
India,2023-06-26,-0.0226899498140691,0.4092066525037811,32,0.53125,0.46875,,,,,,
India,2023-06-27,-0.1238380006236981,0.2759051702853581,26,0.3846153846153846,0.5769230769230769,,,,,,
India,2023-06-28,-0.1251142080487866,0.3759583536740962,35,0.3714285714285714,0.6,,,,,,
India,2023-06-29,-0.043017995684634,0.2599913984605134,22,0.4090909090909091,0.5454545454545454,1.0,1.0,0.0,0.9273,43.0,opportunity
India,2023-06-30,0.102830337630674,0.3119201160768879,21,0.6666666666666666,0.3333333333333333,0.0,0.0,0.0,0.5029,53.0,neutral
India,2023-07-01,-0.1290396115549741,0.3181174210188603,36,0.3888888888888889,0.6111111111111112,1.0,1.0,0.0,0.6927,28.0,opportunity
India,2023-07-02,0.0905741971264845,0.3364421849775685,9,0.6666666666666666,0.3333333333333333,,,,,,
India,2023-07-03,-0.0624345754929741,0.3428535142121602,34,0.4117647058823529,0.5,,,,,,
India,2023-07-04,-0.0050136039679406,0.3900225335936957,34,0.5294117647058824,0.4117647058823529,,,,,,
India,2023-07-05,-0.0686749911065795,0.364522153772785,46,0.4347826086956521,0.5434782608695652,,,,,,
India,2023-07-06,-0.0344345981569982,0.3741826478088291,36,0.4722222222222222,0.5277777777777778,,,,,,
India,2023-07-07,-0.0302645863088959,0.3842004967408891,38,0.4736842105263157,0.4473684210526316,,,,,,
India,2023-07-08,0.0319241267098802,0.2938448746233125,21,0.5714285714285714,0.4285714285714285,,,,,,
India,2023-07-09,-0.199850050268993,0.374910685719952,16,0.1875,0.8125,,,,,,
India,2023-07-10,-0.0946815913488897,0.3513603945054926,30,0.3666666666666666,0.5666666666666667,,,,,,
India,2023-07-11,3.837189973411829e-05,0.3345787853055121,41,0.4390243902439024,0.5365853658536586,,,,,,
India,2023-07-12,-0.083039627357778,0.3598484365133153,42,0.4761904761904761,0.5238095238095238,,,,,,
India,2023-07-13,-0.0590065711746473,0.4429366683909428,38,0.5263157894736842,0.4473684210526316,,,,,,
India,2023-07-14,-0.0554352007500701,0.3575034364739853,44,0.4772727272727273,0.5227272727272727,,,,,,
India,2023-07-15,-0.2531480782366561,0.4390515117304411,26,0.3846153846153846,0.6153846153846154,,,,,,
India,2023-07-16,-0.1292911958114357,0.3327160846760386,27,0.4074074074074074,0.5555555555555556,,,,,,
India,2023-07-17,-0.125050275712157,0.3476885872204957,37,0.2972972972972973,0.6756756756756757,,,,,,
India,2023-07-18,0.0722903351066236,0.3973698104119395,32,0.625,0.3125,,,,,,
India,2023-07-19,-0.1474395361455694,0.3847983565207044,33,0.4242424242424242,0.5454545454545454,,,,,,
India,2023-07-20,-0.063987217792801,0.4354596397822222,33,0.5454545454545454,0.4545454545454545,,,,,,
India,2023-07-21,-0.1590544853655169,0.3811124834878863,34,0.4705882352941176,0.5,,,,,,
India,2023-07-22,0.0135567582309684,0.4092824890884491,18,0.5555555555555556,0.4444444444444444,,,,,,
India,2023-07-23,-0.1239596809915721,0.2827130924941526,41,0.3658536585365853,0.6097560975609756,,,,,,
India,2023-07-24,-0.0717589343689942,0.3822872069864766,30,0.3666666666666666,0.6,,,,,,
India,2023-07-25,0.0282630504502583,0.3449148622309149,34,0.5882352941176471,0.4117647058823529,,,,,,
India,2023-07-26,-0.1135568501287227,0.3446081226614748,43,0.4186046511627907,0.5348837209302325,,,,,,
India,2023-07-27,-0.0361782782569919,0.3494306010122752,38,0.4210526315789473,0.5263157894736842,,,,,,
India,2023-07-28,0.0265214863863101,0.2846020191683061,30,0.5333333333333333,0.4,,,,,,
India,2023-07-29,-0.0314340259436688,0.2254026802899826,21,0.4285714285714285,0.5714285714285714,,,,,,
India,2023-07-30,-0.043591746011039,0.3558415315752812,20,0.45,0.5,,,,,,
India,2023-07-31,-0.1004558905812178,0.3193665774920353,38,0.3947368421052631,0.6052631578947368,,,,,,
India,2023-08-01,-0.010505402458131,0.397806378931434,25,0.52,0.44,,,,,,
India,2023-08-02,0.0272299316624972,0.3134453518033816,46,0.5,0.4782608695652174,,,,,,
India,2023-08-03,-0.0537951260741853,0.3594746461161769,35,0.4571428571428571,0.5142857142857142,,,,,,
India,2023-08-04,0.0199045906308387,0.361378769842667,38,0.4736842105263157,0.4736842105263157,,,,,,
India,2023-08-05,-0.0863798644634709,0.4852035954353477,23,0.391304347826087,0.5652173913043478,,,,,,
India,2023-08-06,0.055582831572204,0.3641978630950809,20,0.45,0.45,,,,,,
India,2023-08-07,-0.0550719170107226,0.3625444799157529,35,0.4571428571428571,0.5428571428571428,,,,,,
India,2023-08-08,-0.0416128924114198,0.3159085986210377,27,0.5185185185185185,0.4444444444444444,,,,,,
India,2023-08-09,0.0281785318401947,0.4650893987289598,22,0.5,0.5,,,,,,
India,2023-08-10,0.0290836462045411,0.3457826243740673,36,0.5277777777777778,0.4166666666666667,,,,,,
India,2023-08-11,0.0479753021562391,0.3411495019565578,39,0.4615384615384615,0.4615384615384615,,,,,,
India,2023-08-12,-0.0768319094963454,0.3787054497316838,27,0.3703703703703703,0.5925925925925926,,,,,,
India,2023-08-13,-0.025612212098306,0.2940541419519849,24,0.4583333333333333,0.5416666666666666,,,,,,
India,2023-08-14,-0.0880758128912625,0.2751816766668455,35,0.2857142857142857,0.6285714285714286,,,,,,
India,2023-08-15,0.0450395152111864,0.408957810256332,28,0.6071428571428571,0.3928571428571428,,,,,,
India,2023-08-16,-0.0044430300804134,0.3802062217246434,22,0.5454545454545454,0.4090909090909091,,,,,,
India,2023-08-17,-0.1204518020688218,0.4579753244376725,27,0.4444444444444444,0.5185185185185185,,,,,,
India,2023-08-18,-0.0535854073014791,0.3234907770825519,39,0.3846153846153846,0.5897435897435898,,,,,,
India,2023-08-19,0.0556692780491434,0.326527950211618,24,0.625,0.375,,,,,,
India,2023-08-20,0.0035822620623651,0.2668010785048116,26,0.5384615384615384,0.4615384615384615,,,,,,
India,2023-08-21,0.0644933549110387,0.3615199761650253,42,0.6190476190476191,0.3571428571428571,,,,,,
India,2023-08-22,-0.014257867088305,0.2647450693595731,27,0.4814814814814814,0.4814814814814814,,,,,,
India,2023-08-23,0.0059331527971322,0.3304270662903694,60,0.5666666666666667,0.4,,,,,,
India,2023-08-24,0.0611998345413934,0.3349408389153733,34,0.4705882352941176,0.4411764705882353,,,,,,
India,2023-08-25,0.0872236103061421,0.3316924207492008,46,0.5217391304347826,0.4782608695652174,,,,,,
India,2023-08-26,0.0689918168915249,0.3788331524605778,30,0.6,0.3666666666666666,,,,,,
India,2023-08-27,-0.1355163002333445,0.3408829947572295,22,0.4545454545454545,0.5454545454545454,,,,,,
India,2023-08-28,0.0705613173516673,0.4148229026844576,31,0.4838709677419355,0.5161290322580645,,,,,,
India,2023-08-29,0.0428856027818784,0.3232657449044478,32,0.5,0.4375,,,,,,
India,2023-08-30,-0.0863575645807161,0.3884787094902717,40,0.325,0.65,,,,,,
India,2023-08-31,-0.0121525316208488,0.4225759093472435,38,0.5263157894736842,0.3947368421052631,,,,,,
India,2023-09-01,-0.0163466524261421,0.291761980047058,34,0.5294117647058824,0.4705882352941176,,,,,,
India,2023-09-02,-0.0305264612169346,0.2837479527135776,32,0.4375,0.53125,,,,,,
India,2023-09-03,-0.0168939530105827,0.3856615518140015,29,0.4137931034482758,0.5517241379310345,,,,,,
India,2023-09-04,0.1209216536806336,0.3760695201504053,31,0.6129032258064516,0.2903225806451613,,,,,,
India,2023-09-05,-0.050994351318151,0.3522658108573849,41,0.4634146341463415,0.4390243902439024,,,,,,
India,2023-09-06,-0.0007659250519076,0.3292273587909696,45,0.4444444444444444,0.5555555555555556,,,,,,
India,2023-09-07,0.0328359338992966,0.2728477742024323,42,0.4523809523809524,0.4285714285714285,,,,,,
India,2023-09-08,-0.0336234671855695,0.2534959778940053,47,0.4680851063829787,0.5106382978723404,,,,,,
India,2023-09-09,-0.1199961336891067,0.314137061376218,45,0.4,0.5555555555555556,,,,,,
India,2023-09-10,0.0341338921344929,0.2964564391290032,53,0.4716981132075472,0.5094339622641509,,,,,,
India,2023-09-11,0.0304159926948517,0.3302667586988647,42,0.4523809523809524,0.5,,,,,,
India,2023-09-12,0.0441826865957442,0.3803974273765476,45,0.4666666666666667,0.4444444444444444,,,,,,
India,2023-09-13,0.0521855647236263,0.4198337030476388,33,0.5757575757575758,0.4242424242424242,,,,,,
India,2023-09-14,0.047184102703473,0.2806047439477194,41,0.6097560975609756,0.3658536585365853,,,,,,
India,2023-09-15,-0.0319283488872255,0.3566221044385264,30,0.3333333333333333,0.6,,,,,,
India,2023-09-16,-0.1313691974872298,0.4149107982238054,20,0.25,0.7,,,,,,
India,2023-09-17,-0.0322512983935039,0.4280515208723164,27,0.5925925925925926,0.4074074074074074,,,,,,
India,2023-09-18,-0.0181719860300003,0.3771519490540734,37,0.4594594594594595,0.4864864864864865,,,,,,
India,2023-09-19,-0.1391965700780552,0.3992064789053505,34,0.3235294117647059,0.6764705882352942,,,,,,
India,2023-09-20,-0.1457997608181152,0.3194684244441632,26,0.1923076923076923,0.7692307692307693,,,,,,
India,2023-09-21,-0.1422888499154806,0.3829489006115216,34,0.2941176470588235,0.6470588235294118,,,,,,
India,2023-09-22,0.0693933720171878,0.3563550859201086,33,0.6060606060606061,0.3636363636363636,,,,,,
India,2023-09-23,-0.0557536299028912,0.375280209876756,23,0.391304347826087,0.5652173913043478,,,,,,
India,2023-09-24,-0.1257698333207599,0.2050211286973222,21,0.2857142857142857,0.7142857142857143,,,,,,
India,2023-09-25,0.0689891624945169,0.3948360119864637,26,0.5,0.4615384615384615,,,,,,
India,2023-09-26,-0.0063923899028224,0.3646597104317874,23,0.4782608695652174,0.5217391304347826,,,,,,
India,2023-09-27,0.0058411051898981,0.3299956890722684,29,0.4482758620689655,0.5517241379310345,,,,,,
India,2023-09-28,-0.1815648801368936,0.3456758577415798,21,0.3333333333333333,0.6666666666666666,,,,,,
India,2023-09-29,-0.1258311628916863,0.352442455852991,40,0.375,0.625,,,,,,
India,2023-09-30,-0.1073136384056217,0.3641310079340455,16,0.3125,0.6875,,,,,,
India,2023-10-01,0.0220646979586191,0.3067287452689458,23,0.6086956521739131,0.391304347826087,,,,,,
India,2023-10-02,0.0274714513639436,0.3468633138027729,21,0.4761904761904761,0.5238095238095238,,,,,,
India,2023-10-03,0.024615286289321,0.4352443657921338,38,0.5,0.4736842105263157,,,,,,
India,2023-10-04,0.0892098848304551,0.2814323046711548,34,0.6176470588235294,0.3529411764705882,,,,,,
India,2023-10-05,-0.1151882308299307,0.4271423125035518,48,0.4583333333333333,0.5208333333333334,,,,,,
India,2023-10-06,-0.1088706003920422,0.376469108305395,47,0.4042553191489361,0.5319148936170213,,,,,,
India,2023-10-07,-0.2896136277230985,0.4140490107777423,25,0.2,0.8,,,,,,
India,2023-10-08,0.0679803736284984,0.3248142879124899,26,0.5384615384615384,0.4615384615384615,,,,,,
India,2023-10-09,-0.0484953843979194,0.3915490979530306,43,0.4186046511627907,0.5581395348837209,,,,,,
India,2023-10-10,-0.0591754574830009,0.3504538829028027,38,0.3684210526315789,0.6052631578947368,,,,,,
India,2023-10-11,-0.0026544004630536,0.2704191512604665,44,0.5227272727272727,0.4545454545454545,,,,,,
India,2023-10-12,-0.0077005807044334,0.3154218871815618,42,0.5,0.4761904761904761,,,,,,
India,2023-10-13,-0.084054175430147,0.268734450826941,21,0.4761904761904761,0.5238095238095238,,,,,,
India,2023-10-14,-0.0391603600505924,0.3753053611054849,22,0.5,0.4545454545454545,,,,,,
India,2023-10-15,-0.0794893836853638,0.3598274736838805,18,0.3888888888888889,0.6111111111111112,,,,,,
India,2023-10-16,0.0076887245241017,0.3330712145212754,46,0.5,0.4565217391304347,,,,,,
India,2023-10-17,-0.0759240927394054,0.3317635438257565,32,0.375,0.53125,,,,,,
India,2023-10-18,-0.0438052732451297,0.3021129806160922,38,0.4736842105263157,0.5263157894736842,,,,,,
India,2023-10-19,0.0315417611599897,0.2727223845817316,39,0.5384615384615384,0.4102564102564102,,,,,,
India,2023-10-20,-0.0216338699859485,0.3037482413130721,46,0.5217391304347826,0.4782608695652174,,,,,,
India,2023-10-21,-0.0577330318289442,0.3720067382067317,28,0.3571428571428571,0.6428571428571429,,,,,,
India,2023-10-22,-0.0578786870847782,0.4477730497666534,27,0.4444444444444444,0.5555555555555556,,,,,,
India,2023-10-23,-0.0698066318681568,0.3755965549180355,30,0.5333333333333333,0.4,,,,,,
India,2023-10-24,-0.0050178734815872,0.3766440355548291,28,0.4642857142857143,0.5,,,,,,
India,2023-10-25,-0.1327782236999688,0.432105358984119,27,0.3333333333333333,0.6666666666666666,,,,,,
India,2023-10-26,-0.0493613811799809,0.3334374889977502,24,0.4166666666666667,0.5833333333333334,,,,,,
India,2023-10-27,-0.0129325221879415,0.3202895766659839,32,0.59375,0.375,,,,,,
India,2023-10-28,-0.1167205454579507,0.3592218226181488,28,0.3928571428571428,0.6071428571428571,,,,,,
India,2023-10-29,0.0087346335728755,0.3521972853619756,17,0.5294117647058824,0.4705882352941176,,,,,,
India,2023-10-30,-0.0983901644269811,0.3123421649955634,32,0.3125,0.625,,,,,,
India,2023-10-31,0.0963097741233314,0.4006380270006394,36,0.6388888888888888,0.3611111111111111,,,,,,
India,2023-11-01,-0.0497488330776932,0.3850926777363339,38,0.4473684210526316,0.5526315789473685,,,,,,
India,2023-11-02,0.0376211255305823,0.3128187342888274,46,0.5652173913043478,0.4347826086956521,,,,,,
India,2023-11-03,-0.1668052467496517,0.2946682703024432,39,0.3076923076923077,0.6923076923076923,,,,,,
India,2023-11-04,-0.2260483743838877,0.410938570785898,40,0.3,0.65,,,,,,
India,2023-11-05,-0.2551411183568995,0.3879134044020558,27,0.2592592592592592,0.7407407407407407,,,,,,
India,2023-11-06,-0.0796517122672034,0.3465075378848564,33,0.4242424242424242,0.5757575757575758,,,,,,
India,2023-11-07,-0.1391462731510801,0.3121816030009911,35,0.3714285714285714,0.6285714285714286,,,,,,
India,2023-11-08,-0.0244679867802544,0.4144623479828654,46,0.4782608695652174,0.5217391304347826,,,,,,
India,2023-11-09,0.0069966895889978,0.3473675693586768,42,0.5,0.4761904761904761,,,,,,
India,2023-11-10,-0.0315974590782895,0.3722570658513088,33,0.3939393939393939,0.6060606060606061,,,,,,
India,2023-11-11,-0.0569164231430449,0.4478500382167416,24,0.4166666666666667,0.5833333333333334,,,,,,
India,2023-11-12,-0.093209088152512,0.3813388732532936,23,0.391304347826087,0.6086956521739131,,,,,,
India,2023-11-13,-0.1844476748127205,0.4022019588986496,37,0.3513513513513513,0.6216216216216216,,,,,,
India,2023-11-14,-0.0410506826913081,0.3484353701864653,37,0.4594594594594595,0.5135135135135135,,,,,,
India,2023-11-15,0.0489566910547996,0.3664116855556995,37,0.5405405405405406,0.4054054054054054,,,,,,
India,2023-11-16,0.1098540699821402,0.304536611407652,35,0.6285714285714286,0.2857142857142857,,,,,,
India,2023-11-17,-0.006110986303176,0.3316966046812081,31,0.5161290322580645,0.4516129032258064,,,,,,
India,2023-11-18,0.1571613002157822,0.4574720445615792,23,0.5652173913043478,0.4347826086956521,,,,,,
India,2023-11-19,-0.0081179858577091,0.3480840764017972,18,0.4444444444444444,0.5,,,,,,
India,2023-11-20,-0.0452185728368714,0.2685540297830441,30,0.4,0.4666666666666667,,,,,,
India,2023-11-21,0.0441526907161429,0.3467039199582339,40,0.55,0.45,,,,,,
India,2023-11-22,-0.0667362615188043,0.3428596241817094,50,0.44,0.52,,,,,,
India,2023-11-23,-0.0310238159314134,0.4105986281329934,39,0.5128205128205128,0.4615384615384615,,,,,,
India,2023-11-24,-0.0049342557386247,0.3332227889898054,28,0.5714285714285714,0.3928571428571428,,,,,,
India,2023-11-25,-0.0232671678277972,0.2963083054301945,25,0.44,0.52,,,,,,
India,2023-11-26,-0.0664677213743047,0.2981809849042363,17,0.4705882352941176,0.4705882352941176,,,,,,
India,2023-11-27,0.0650493015814009,0.3428825673924654,24,0.5416666666666666,0.4166666666666667,,,,,,
India,2023-11-28,0.0138366264629716,0.2604942614002038,36,0.5,0.4166666666666667,,,,,,
India,2023-11-29,0.0799926326504861,0.2844318371130051,31,0.6451612903225806,0.3548387096774194,,,,,,
India,2023-11-30,0.057293857469683,0.3298845296794427,36,0.5,0.4444444444444444,,,,,,
India,2023-12-01,0.0032606426336326,0.3154941828239124,52,0.4807692307692308,0.4423076923076923,,,,,,
India,2023-12-02,0.0772342365387022,0.3958795087332052,26,0.5769230769230769,0.3461538461538461,,,,,,
India,2023-12-03,0.0106937778510733,0.2458092400160457,33,0.5151515151515151,0.4848484848484848,,,,,,
India,2023-12-04,-0.0507690695382382,0.3061557891591731,36,0.3611111111111111,0.5833333333333334,,,,,,
India,2023-12-05,-0.0433986666143892,0.3980534061880514,43,0.3953488372093023,0.5813953488372093,,,,,,
India,2023-12-06,-0.0572692667116635,0.4162184300559298,31,0.4193548387096774,0.5483870967741935,,,,,,
India,2023-12-07,0.006004359941702,0.3631036401930201,39,0.4358974358974359,0.5641025641025641,,,,,,
India,2023-12-08,-0.0346055821966657,0.3251966732894876,36,0.5,0.4444444444444444,,,,,,
India,2023-12-09,-0.062959690213967,0.2908395734530918,35,0.3714285714285714,0.6285714285714286,,,,,,
India,2023-12-10,-0.1425301679963906,0.3334753196445423,23,0.217391304347826,0.6956521739130435,,,,,,
India,2023-12-11,0.1054702816639002,0.3070536668949556,31,0.6451612903225806,0.3225806451612903,,,,,,
India,2023-12-12,0.0235303900311312,0.2629050236854712,30,0.5333333333333333,0.4666666666666667,,,,,,
India,2023-12-13,-0.0661241613498196,0.3762423225923534,32,0.40625,0.5,,,,,,
India,2023-12-14,-0.0817918032527593,0.3021661725337279,30,0.5,0.5,,,,,,
India,2023-12-15,0.0091659164119362,0.4204281009742177,42,0.4761904761904761,0.4761904761904761,,,,,,
India,2023-12-16,0.0355195436291937,0.3686443907150518,23,0.4782608695652174,0.4782608695652174,,,,,,
India,2023-12-17,-0.1316102949468636,0.4661321901527457,25,0.48,0.52,,,,,,
India,2023-12-18,-0.0310866337596604,0.3976220044947581,33,0.4848484848484848,0.5151515151515151,,,,,,
India,2023-12-19,0.1135772086983416,0.3172598969403262,34,0.6176470588235294,0.3235294117647059,,,,,,
India,2023-12-20,-0.0225666834732591,0.2998465771933953,36,0.4722222222222222,0.5,,,,,,
India,2023-12-21,-0.0634443658173638,0.2968948610636903,24,0.4166666666666667,0.5833333333333334,,,,,,
India,2023-12-22,-0.0937637278612824,0.4251522456268228,25,0.48,0.52,,,,,,
India,2023-12-23,-0.215207896917004,0.3391634406433676,25,0.28,0.72,,,,,,
India,2023-12-24,-0.2514621687102523,0.3612922347706792,32,0.3125,0.6875,,,,,,
India,2023-12-25,-0.0183954711026616,0.369362289119934,21,0.4761904761904761,0.3809523809523809,,,,,,
India,2023-12-26,-0.1521099937863124,0.3532734841620397,44,0.3409090909090909,0.6363636363636364,,,,,,
India,2023-12-27,-0.0336559178391451,0.2693749155121779,50,0.44,0.52,,,,,,
India,2023-12-28,-0.0671824970545759,0.3461103066780687,38,0.4210526315789473,0.5263157894736842,,,,,,
India,2023-12-29,-0.0380537075067866,0.2954980764357269,32,0.40625,0.5,,,,,,
India,2023-12-30,-0.2051169757326718,0.3515625238001905,16,0.25,0.6875,,,,,,
India,2023-12-31,-0.0386275220119231,0.3452445253471316,23,0.4782608695652174,0.4782608695652174,,,,,,
India,2024-01-01,-0.1455709752357344,0.2382953373595693,21,0.1904761904761904,0.8095238095238095,0.0,0.0,0.0,0.6207,42.0,neutral
India,2024-01-02,-0.0910457148270407,0.3174039417793902,29,0.3448275862068966,0.6551724137931034,,,,,,
India,2024-01-03,-0.0720672417986452,0.4031541062899603,28,0.4642857142857143,0.4642857142857143,,,,,,
India,2024-01-04,-0.0121292038235966,0.3810349784656859,31,0.4516129032258064,0.5161290322580645,,,,,,
India,2024-01-05,-0.1125731267499763,0.3848319027167311,33,0.3939393939393939,0.5757575757575758,,,,,,
India,2024-01-06,-0.0601075261489374,0.2935908700806014,29,0.3793103448275862,0.6206896551724138,,,,,,
India,2024-01-07,-0.0121171975515529,0.3574193081478738,26,0.5769230769230769,0.4230769230769231,,,,,,
India,2024-01-08,0.0417650745599243,0.3534099521664121,44,0.5909090909090909,0.3863636363636363,,,,,,
India,2024-01-09,-0.0351340517579518,0.3497500608388081,31,0.4193548387096774,0.5806451612903226,,,,,,
India,2024-01-10,-0.0216347647822395,0.3374892281485042,49,0.4897959183673469,0.4897959183673469,,,,,,
India,2024-01-11,0.0663705506207649,0.3697138014810698,37,0.5945945945945946,0.3783783783783784,,,,,,
India,2024-01-12,-0.118294806910752,0.4203678520711376,45,0.3777777777777777,0.6,,,,,,
India,2024-01-13,-0.0233762590479239,0.2868955489915646,25,0.44,0.52,,,,,,
India,2024-01-14,-0.0855079648224333,0.3196774883353329,22,0.4090909090909091,0.5909090909090909,,,,,,
India,2024-01-15,0.0797230533458261,0.370175518567205,38,0.6578947368421053,0.3421052631578947,,,,,,
India,2024-01-16,-0.0566536028559548,0.3882138942840635,42,0.4285714285714285,0.5714285714285714,,,,,,
India,2024-01-17,-0.0356448968875182,0.3558988384608819,24,0.375,0.5833333333333334,,,,,,
India,2024-01-18,-0.0147726678511029,0.299906432067729,35,0.4285714285714285,0.5428571428571428,,,,,,
India,2024-01-19,-0.0361643610305654,0.2532412739583383,39,0.5128205128205128,0.4615384615384615,,,,,,
India,2024-01-20,-0.1252110006742205,0.3119368743185447,25,0.48,0.52,,,,,,
India,2024-01-21,0.0705610804607313,0.3109788823131194,22,0.5909090909090909,0.4090909090909091,,,,,,
India,2024-01-22,-0.0066564310803634,0.4060342485434853,40,0.475,0.525,,,,,,
India,2024-01-23,0.0706666130306914,0.3247088915578403,39,0.5128205128205128,0.4871794871794871,,,,,,
India,2024-01-24,0.0264815050638915,0.3871247805537214,36,0.4722222222222222,0.4444444444444444,,,,,,
India,2024-01-25,0.1055424420873233,0.388154287590536,26,0.6923076923076923,0.3076923076923077,,,,,,
India,2024-01-26,-0.0555313288593973,0.3609054882094304,28,0.4285714285714285,0.5714285714285714,,,,,,
India,2024-01-27,-0.0142936027992663,0.4419341814741085,27,0.5185185185185185,0.4814814814814814,,,,,,
India,2024-01-28,-0.0857104774360132,0.4731369987366352,23,0.391304347826087,0.6086956521739131,,,,,,
India,2024-01-29,-0.0030400781046109,0.3733033614014486,32,0.59375,0.40625,,,,,,
India,2024-01-30,0.0094725099659834,0.3713332871917258,41,0.4146341463414634,0.5365853658536586,,,,,,
India,2024-01-31,-0.0901077653673388,0.2979332299315947,33,0.3636363636363636,0.5454545454545454,,,,,,
India,2024-02-01,0.0962941709185005,0.3128242341570442,40,0.7,0.275,,,,,,
India,2024-02-02,0.0255705568341009,0.3543420998521516,28,0.4642857142857143,0.4642857142857143,,,,,,
India,2024-02-03,-0.038942783441093,0.3324743948368957,16,0.5,0.5,,,,,,
India,2024-02-04,0.1084977055802135,0.3390330014960152,20,0.55,0.45,,,,,,
India,2024-02-05,-0.066765327116631,0.2481363850360407,36,0.3888888888888889,0.5833333333333334,,,,,,
India,2024-02-06,-0.1087628150452203,0.2718416360403294,40,0.325,0.65,,,,,,
India,2024-02-07,-0.0133578104496552,0.2936648559567268,43,0.4186046511627907,0.5116279069767442,,,,,,
India,2024-02-08,-0.0177784152709636,0.3994536500858942,40,0.425,0.525,,,,,,
India,2024-02-09,0.0140694511530367,0.4428018641574356,36,0.5555555555555556,0.4444444444444444,,,,,,
India,2024-02-10,-0.0830923937714814,0.3098696260904905,15,0.3333333333333333,0.6666666666666666,,,,,,
India,2024-02-11,-0.0627745044766808,0.2572498849892249,19,0.4210526315789473,0.5789473684210527,,,,,,
India,2024-02-12,0.025341251808711,0.3592510982343362,29,0.5517241379310345,0.4137931034482758,,,,,,
India,2024-02-13,0.0155024388219949,0.3781232657422535,36,0.5277777777777778,0.4722222222222222,,,,,,
India,2024-02-14,-0.1220427616684711,0.4229854448312391,34,0.4705882352941176,0.5294117647058824,,,,,,
India,2024-02-15,-0.0195342970668788,0.3361757435149904,41,0.3902439024390244,0.5853658536585366,,,,,,
India,2024-02-16,0.0742994406071884,0.3898622196992394,33,0.4848484848484848,0.4848484848484848,,,,,,
India,2024-02-17,-0.156083420586242,0.4524691071365287,31,0.3870967741935484,0.6129032258064516,,,,,,
India,2024-02-18,-0.0855723187359888,0.3765568294574177,24,0.4166666666666667,0.5833333333333334,,,,,,
India,2024-02-19,-0.0427903736439431,0.4215034812747082,34,0.5,0.5,,,,,,
India,2024-02-20,0.0217085712138884,0.3678432523256753,49,0.5510204081632653,0.4489795918367347,,,,,,
India,2024-02-21,-0.0012833203382009,0.3206106044002979,51,0.4901960784313725,0.4509803921568627,,,,,,
India,2024-02-22,0.0226078269306976,0.3238303111703844,48,0.6041666666666666,0.3541666666666667,,,,,,
India,2024-02-23,0.0862176349402193,0.3549048665813822,43,0.5348837209302325,0.4418604651162791,,,,,,
India,2024-02-24,-0.0253430468767441,0.4046046980881982,31,0.4516129032258064,0.5483870967741935,,,,,,
India,2024-02-25,0.032096416433862,0.3258295347440903,25,0.56,0.44,,,,,,
India,2024-02-26,-0.0057124516971455,0.401305567431868,45,0.5111111111111111,0.4888888888888889,,,,,,
India,2024-02-27,-0.0856165440915865,0.4412270941150504,41,0.4146341463414634,0.5609756097560976,,,,,,
India,2024-02-28,0.0285033341309395,0.3732489977526698,32,0.5,0.46875,,,,,,
India,2024-02-29,-0.0045027510093676,0.2948881446495467,40,0.45,0.45,,,,,,
India,2024-03-01,0.0757686023586743,0.3178596729885037,50,0.52,0.44,,,,,,
India,2024-03-02,-0.0446788992247437,0.3530102372021143,24,0.4166666666666667,0.5416666666666666,,,,,,
India,2024-03-03,-0.0394331133574065,0.3898274269139845,25,0.44,0.56,,,,,,
India,2024-03-04,-0.0612771759885197,0.3954886618812912,38,0.3684210526315789,0.6052631578947368,,,,,,
India,2024-03-05,-0.1180276061766362,0.4490941927635232,46,0.4347826086956521,0.5217391304347826,,,,,,
India,2024-03-06,-0.1286228232502329,0.3963421160548132,51,0.4313725490196078,0.5490196078431373,,,,,,
India,2024-03-07,-0.0158518613608109,0.3621142768965994,37,0.4054054054054054,0.5405405405405406,,,,,,
India,2024-03-08,0.0992521822064969,0.3002387545681897,38,0.6052631578947368,0.3684210526315789,,,,,,
India,2024-03-09,-0.1674631610128113,0.3434735546233887,37,0.3513513513513513,0.6486486486486487,,,,,,
India,2024-03-10,-0.0706293834012315,0.3183966519606186,26,0.4615384615384615,0.5,,,,,,
India,2024-03-11,0.1034564869334598,0.3055634884661616,29,0.6551724137931034,0.3103448275862069,,,,,,
India,2024-03-12,-0.0421853526230384,0.4473437725871159,40,0.425,0.525,,,,,,
India,2024-03-13,-0.0039051549967752,0.3413510530865378,38,0.5,0.4736842105263157,,,,,,
India,2024-03-14,0.0296662533816732,0.3629291586308958,33,0.4848484848484848,0.4848484848484848,,,,,,
India,2024-03-15,-0.046934423539474,0.323789892278242,36,0.4722222222222222,0.5277777777777778,,,,,,
India,2024-03-16,0.0324378439818609,0.2749818486432686,25,0.52,0.4,,,,,,
India,2024-03-17,-0.1479998650346272,0.390840950693828,23,0.391304347826087,0.6086956521739131,,,,,,
India,2024-03-18,-0.0158606751375488,0.3912128923046701,27,0.4444444444444444,0.4814814814814814,,,,,,
India,2024-03-19,-0.0126116509570999,0.303160530561543,41,0.4390243902439024,0.5365853658536586,,,,,,
India,2024-03-20,0.0099648387517225,0.3884114291591734,37,0.5405405405405406,0.4324324324324324,,,,,,
India,2024-03-21,-0.0467917681813072,0.2911144078246563,57,0.4210526315789473,0.5614035087719298,,,,,,
India,2024-03-22,-0.016753335929522,0.2925785336516224,38,0.5526315789473685,0.4473684210526316,,,,,,
India,2024-03-23,-0.0799802512028357,0.4183299670401511,20,0.45,0.55,,,,,,
India,2024-03-24,-0.1634168082831228,0.3422368280496689,19,0.3684210526315789,0.631578947368421,,,,,,
India,2024-03-25,0.0340411286032128,0.28468140945124,25,0.52,0.48,,,,,,
India,2024-03-26,0.0801459073456106,0.3191757909624865,22,0.5454545454545454,0.4545454545454545,,,,,,
India,2024-03-27,0.0380523446593313,0.2890353259193191,24,0.5416666666666666,0.4583333333333333,,,,,,
India,2024-03-28,0.0044925016805207,0.3155511373462316,28,0.5357142857142857,0.3928571428571428,,,,,,
India,2024-03-29,-0.0315661393206918,0.3804578923010545,24,0.375,0.5833333333333334,,,,,,
India,2024-03-30,-0.1657277364759137,0.4010327891023874,23,0.217391304347826,0.6086956521739131,,,,,,
India,2024-03-31,-0.1688583304228351,0.4177836660780314,19,0.3157894736842105,0.6842105263157895,,,,,,
India,2024-04-01,-0.0473331399942318,0.2946198908835906,28,0.5,0.5,,,,,,
India,2024-04-02,0.0565841765336566,0.3852025979839614,26,0.4615384615384615,0.4615384615384615,,,,,,
India,2024-04-03,-0.0336223634060476,0.2914645252333059,37,0.4324324324324324,0.5135135135135135,,,,,,
India,2024-04-04,-0.01491098833531,0.3904460521426641,36,0.4166666666666667,0.5277777777777778,,,,,,
India,2024-04-05,-0.0719709040034381,0.3377704483076192,43,0.5348837209302325,0.4418604651162791,,,,,,
India,2024-04-06,-0.0124437531422694,0.3753784969677325,26,0.4230769230769231,0.5769230769230769,,,,,,
India,2024-04-07,0.0793472240641597,0.3577543261709519,36,0.5833333333333334,0.4166666666666667,,,,,,
India,2024-04-08,-0.0578451254427987,0.3650243840620527,43,0.4418604651162791,0.5348837209302325,,,,,,
India,2024-04-09,-0.0128948359255775,0.364096888968455,43,0.5581395348837209,0.4186046511627907,,,,,,
India,2024-04-10,0.0350107694044279,0.3660735811133154,58,0.5344827586206896,0.4310344827586206,,,,,,
India,2024-04-11,-0.0053716156873187,0.3513530801340577,37,0.4054054054054054,0.5945945945945946,,,,,,
India,2024-04-12,0.0743502119407637,0.3788765075550107,34,0.5882352941176471,0.4117647058823529,,,,,,
India,2024-04-13,-0.0057814741191313,0.3857216035100172,26,0.4230769230769231,0.5,,,,,,
India,2024-04-14,-0.1608256060581757,0.4331031520346423,21,0.2857142857142857,0.6190476190476191,,,,,,
India,2024-04-15,-0.0337560392556394,0.3843212718036319,31,0.4193548387096774,0.5483870967741935,,,,,,
India,2024-04-16,-0.1341268457532949,0.2995841723090549,39,0.2564102564102564,0.7435897435897436,,,,,,
India,2024-04-17,-0.1116422374794698,0.3992760412096314,33,0.3939393939393939,0.6060606060606061,,,,,,
India,2024-04-18,-0.0607901067349256,0.3396065178223026,36,0.4166666666666667,0.5555555555555556,,,,,,
India,2024-04-19,-0.0980811609945881,0.3101083008314979,35,0.3428571428571428,0.6285714285714286,,,,,,
India,2024-04-20,-0.1098362885535345,0.3445292295693405,23,0.3478260869565217,0.6521739130434783,,,,,,
India,2024-04-21,-0.0239547090231297,0.3335136763681379,25,0.52,0.48,,,,,,
India,2024-04-22,-0.0469507064370694,0.3789898239582129,35,0.4571428571428571,0.5142857142857142,,,,,,
India,2024-04-23,0.0375457942289823,0.3093619180628392,45,0.4666666666666667,0.5111111111111111,,,,,,
India,2024-04-24,-0.049378552011809,0.360577854643801,37,0.4324324324324324,0.5675675675675675,,,,,,
India,2024-04-25,-0.0557281256716649,0.3252367925818473,41,0.3902439024390244,0.5853658536585366,,,,,,
India,2024-04-26,-0.0318742554692025,0.3437451565485401,26,0.4615384615384615,0.5384615384615384,,,,,,
India,2024-04-27,-0.0540525710942889,0.2579904307462897,19,0.3684210526315789,0.631578947368421,,,,,,
India,2024-04-28,-0.1066915680071647,0.3621284758380616,20,0.35,0.6,,,,,,
India,2024-04-29,0.0423544505980755,0.4117800048239815,29,0.5172413793103449,0.4827586206896552,,,,,,
India,2024-04-30,0.0691293448627445,0.4539800183743162,32,0.5,0.46875,,,,,,
India,2024-05-01,0.099603368986803,0.3304034402785808,29,0.5517241379310345,0.4137931034482758,,,,,,
India,2024-05-02,-0.0454074589484006,0.2898640741887553,35,0.3714285714285714,0.5714285714285714,,,,,,
India,2024-05-03,-0.0192213122502012,0.428035711892531,28,0.5,0.5,,,,,,
India,2024-05-04,-0.1262615107876425,0.328008975864223,18,0.3888888888888889,0.6111111111111112,,,,,,
India,2024-05-05,-0.2260797306489399,0.3921790463132529,19,0.3157894736842105,0.6842105263157895,,,,,,
India,2024-05-06,-0.1138893017296312,0.2781566028347088,32,0.3125,0.5625,,,,,,
India,2024-05-07,-0.0112704337698876,0.3947481485804091,41,0.5121951219512195,0.4878048780487805,,,,,,
India,2024-05-08,-0.0148970298549247,0.2718989788999905,45,0.4666666666666667,0.5111111111111111,,,,,,
India,2024-05-09,-0.0087893969691928,0.2945136114178733,36,0.5,0.4722222222222222,,,,,,
India,2024-05-10,-0.0367516323469069,0.3126492512812833,38,0.3947368421052631,0.5,,,,,,
India,2024-05-11,-0.0617915378840723,0.4054585618875228,13,0.3846153846153846,0.6153846153846154,,,,,,
India,2024-05-12,-0.1712429086462633,0.4029232288232471,19,0.3684210526315789,0.5789473684210527,,,,,,
India,2024-05-13,0.0346795158848078,0.4912313394399623,35,0.5428571428571428,0.4571428571428571,,,,,,
India,2024-05-14,-0.0374475772641922,0.4286632186470097,55,0.5272727272727272,0.4727272727272727,,,,,,
India,2024-05-15,-0.0662309480841817,0.3874737118146583,41,0.4390243902439024,0.5365853658536586,,,,,,
India,2024-05-16,-0.0257292732157488,0.2839703569859664,35,0.4285714285714285,0.5428571428571428,,,,,,
India,2024-05-17,0.0103017349799191,0.492779358184736,33,0.5151515151515151,0.4545454545454545,,,,,,
India,2024-05-18,-0.0259177507210954,0.4281445174952395,25,0.44,0.56,,,,,,
India,2024-05-19,-0.0711480518751318,0.3682648651733704,21,0.4285714285714285,0.5714285714285714,,,,,,
India,2024-05-20,-0.2358720040128355,0.392969792896148,43,0.3488372093023256,0.627906976744186,,,,,,
India,2024-05-21,0.0632441664296615,0.3713476347111571,20,0.45,0.5,,,,,,
India,2024-05-22,-0.0765765629712071,0.3751878408447978,37,0.4054054054054054,0.5945945945945946,,,,,,
India,2024-05-23,-0.0500998396877395,0.4615288232282413,45,0.4222222222222222,0.5777777777777777,,,,,,
India,2024-05-24,-0.0678735681293488,0.3756181260820083,29,0.5172413793103449,0.4827586206896552,,,,,,
India,2024-05-25,-0.1492060786783589,0.2973654064769362,24,0.3333333333333333,0.625,,,,,,
India,2024-05-26,-0.226218553716813,0.5039713353277732,11,0.3636363636363636,0.6363636363636364,,,,,,
India,2024-05-27,-0.1304478007915936,0.4328249027317206,26,0.4230769230769231,0.5769230769230769,,,,,,
India,2024-05-28,-0.074895080151238,0.3784493165746779,40,0.4,0.525,,,,,,
India,2024-05-29,-0.168106802964796,0.3824000006157849,39,0.282051282051282,0.6666666666666666,,,,,,
India,2024-05-30,-0.0037413504691961,0.394345773023073,39,0.4615384615384615,0.5384615384615384,,,,,,
India,2024-05-31,-0.1254425499022091,0.3679645447010527,49,0.3877551020408163,0.5918367346938775,,,,,,
India,2024-06-01,-0.0545152690598976,0.3510861837611299,21,0.3333333333333333,0.6190476190476191,,,,,,
India,2024-06-02,-0.0731923871307071,0.3316357299946679,19,0.5263157894736842,0.4736842105263157,,,,,,
India,2024-06-03,-0.0964174638524242,0.3327547065467805,42,0.3095238095238095,0.6904761904761905,,,,,,
India,2024-06-04,0.0081057600125338,0.3035467582436265,50,0.54,0.4,,,,,,
India,2024-06-05,0.0398691476004168,0.2844490227595835,39,0.6153846153846154,0.3076923076923077,,,,,,
India,2024-06-06,0.0539551091211882,0.340898969554035,32,0.5625,0.40625,,,,,,
India,2024-06-07,-0.0216964704273201,0.3537676283275576,28,0.4642857142857143,0.4642857142857143,,,,,,
India,2024-06-08,-0.0117703336363277,0.3602855776080724,25,0.48,0.52,,,,,,
India,2024-06-09,0.1313234663753037,0.4306062947964346,14,0.7142857142857143,0.2857142857142857,,,,,,
India,2024-06-10,0.1005860175862045,0.3634295495062353,31,0.6451612903225806,0.2903225806451613,,,,,,
India,2024-06-11,-0.1301583965472329,0.3256170035764033,32,0.375,0.5625,,,,,,
India,2024-06-12,-0.0695131411468357,0.4315705255670593,39,0.4871794871794871,0.4615384615384615,,,,,,
India,2024-06-13,-0.0910173310005187,0.3358228869183614,39,0.4358974358974359,0.5641025641025641,,,,,,
India,2024-06-14,-0.0391018182818901,0.3369730097159999,50,0.4,0.6,,,,,,
India,2024-06-15,0.0213929590443001,0.2873173662387286,18,0.6666666666666666,0.2777777777777778,,,,,,
India,2024-06-16,-0.1088987563235226,0.2351680282205308,36,0.3611111111111111,0.6388888888888888,,,,,,
India,2024-06-17,-0.1797075937410372,0.351474977356867,38,0.2105263157894736,0.7894736842105263,,,,,,
India,2024-06-18,0.0167383186196073,0.3969537947293787,25,0.48,0.48,,,,,,
India,2024-06-19,-0.0630062567882668,0.3632947196633034,35,0.4571428571428571,0.5428571428571428,,,,,,
India,2024-06-20,-0.0665294090847872,0.4424051174699298,35,0.4571428571428571,0.4857142857142857,,,,,,
India,2024-06-21,-0.0910238488084741,0.4161449466207867,42,0.5,0.4761904761904761,,,,,,
India,2024-06-22,-0.0990031797709406,0.4389063027957149,27,0.4444444444444444,0.5555555555555556,,,,,,
India,2024-06-23,0.0322213398253421,0.4399582300367116,31,0.4516129032258064,0.5161290322580645,,,,,,
India,2024-06-24,-0.1161007154706315,0.3612505706928958,32,0.375,0.59375,,,,,,
India,2024-06-25,-0.0324265441736791,0.4007508017779843,32,0.53125,0.46875,,,,,,
India,2024-06-26,-0.0499531234595504,0.3909065563156368,41,0.4634146341463415,0.5365853658536586,,,,,,
India,2024-06-27,0.021766262910795,0.311539404219306,46,0.5869565217391305,0.3478260869565217,,,,,,
India,2024-06-28,-0.0351908787203977,0.3994947959722861,40,0.475,0.5,,,,,,
India,2024-06-29,0.0954016139348695,0.3731515044458278,29,0.6551724137931034,0.3448275862068966,0.0,0.0,0.0,0.4696,16.0,neutral
India,2024-06-30,-0.1332122247434502,0.3531989650125874,32,0.375,0.625,-1.0,0.0,1.0,0.6545,38.0,risk
India,2024-07-01,-0.0806698248815551,0.4368271139698468,22,0.5454545454545454,0.4090909090909091,1.0,1.0,0.0,0.4965,50.0,opportunity
India,2024-07-02,-0.0747032956464498,0.3601884439125232,39,0.3846153846153846,0.4871794871794871,,,,,,
India,2024-07-03,-0.0154470013222508,0.3529063825686991,41,0.4634146341463415,0.5121951219512195,,,,,,
India,2024-07-04,0.0001361733132137,0.3464437801513234,36,0.4444444444444444,0.5,,,,,,
India,2024-07-05,-0.0964316084545312,0.2722926227547477,32,0.34375,0.625,,,,,,
India,2024-07-06,-0.0082609765663381,0.3307128798821517,26,0.5,0.5,,,,,,
India,2024-07-07,-0.0703021186007197,0.38526741169127,23,0.3043478260869565,0.6956521739130435,,,,,,
India,2024-07-08,-0.0204901674314122,0.3588259111456838,39,0.4358974358974359,0.5384615384615384,,,,,,
India,2024-07-09,-0.0504850463503544,0.3684851593284923,35,0.4571428571428571,0.4857142857142857,,,,,,
India,2024-07-10,-0.0010713954879864,0.3200192077677961,48,0.5,0.5,,,,,,
India,2024-07-11,-0.1251795810601666,0.396721662877616,26,0.2692307692307692,0.6538461538461539,,,,,,
India,2024-07-12,0.1844358404132033,0.4112741134449866,34,0.6470588235294118,0.2941176470588235,,,,,,
India,2024-07-13,-0.0805942435699862,0.4793144035647241,25,0.44,0.56,,,,,,
India,2024-07-14,0.1088259435224914,0.4461650285219202,20,0.65,0.35,,,,,,
India,2024-07-15,0.1089526693100624,0.3345269498112464,33,0.5757575757575758,0.4242424242424242,,,,,,
India,2024-07-16,-0.0823752941718566,0.3636992082292637,30,0.4333333333333333,0.5333333333333333,,,,,,
India,2024-07-17,0.001979918022204,0.4401484178960299,26,0.5,0.4615384615384615,,,,,,
India,2024-07-18,0.007413575988012,0.4579401573944023,37,0.5135135135135135,0.4864864864864865,,,,,,
India,2024-07-19,0.0066098025740222,0.3563531345812548,29,0.5517241379310345,0.4482758620689655,,,,,,
India,2024-07-20,-0.2045143819006549,0.3752028874485462,28,0.2857142857142857,0.6428571428571429,,,,,,
India,2024-07-21,-0.0137409131144082,0.3466951966061727,12,0.6666666666666666,0.3333333333333333,,,,,,
India,2024-07-22,-0.0801450562057906,0.368411472847597,36,0.3611111111111111,0.6111111111111112,,,,,,
India,2024-07-23,0.0241661159902493,0.3627007086000287,34,0.5588235294117647,0.4411764705882353,,,,,,
India,2024-07-24,0.0428371453659864,0.3568354939307727,39,0.5641025641025641,0.4358974358974359,,,,,,
India,2024-07-25,0.0225686661889474,0.2841081993030817,34,0.4411764705882353,0.5588235294117647,,,,,,
India,2024-07-26,-0.0012606401503842,0.2917665644737853,37,0.5135135135135135,0.4864864864864865,,,,,,
India,2024-07-27,0.0972345467934891,0.3827412697895629,25,0.48,0.48,,,,,,
India,2024-07-28,-0.0539052431286693,0.3612733136652928,27,0.4444444444444444,0.5555555555555556,,,,,,
India,2024-07-29,-0.0189695346109432,0.2766768600433035,47,0.425531914893617,0.4893617021276595,,,,,,
India,2024-07-30,-0.2073208072729495,0.4823586934997026,47,0.3617021276595745,0.6170212765957447,,,,,,
India,2024-07-31,0.0150496015831447,0.4382899284729959,33,0.5151515151515151,0.4848484848484848,,,,,,
India,2024-08-01,-0.0608964001515204,0.47860591340178,41,0.5121951219512195,0.4878048780487805,,,,,,
India,2024-08-02,-0.0858506501301066,0.3640018280337432,46,0.4130434782608695,0.5652173913043478,,,,,,
India,2024-08-03,-0.0815068418989877,0.30515465012557,17,0.3529411764705882,0.5882352941176471,,,,,,
India,2024-08-04,-0.091032646305787,0.3012321757223052,14,0.4285714285714285,0.4285714285714285,,,,,,
India,2024-08-05,-0.0660231322013308,0.3875861724560923,41,0.4878048780487805,0.4634146341463415,,,,,,
India,2024-08-06,-0.13544321569545,0.3012090958645271,36,0.3055555555555556,0.6944444444444444,,,,,,
India,2024-08-07,0.0964826070900215,0.3939618448780848,30,0.7,0.2666666666666666,,,,,,
India,2024-08-08,-0.0472692454036575,0.3758050477324451,43,0.4186046511627907,0.5348837209302325,,,,,,
India,2024-08-09,0.011580965331408,0.3721165713676557,39,0.4358974358974359,0.5128205128205128,,,,,,
India,2024-08-10,-0.0116293440848814,0.4267753627458658,27,0.4074074074074074,0.5925925925925926,,,,,,
India,2024-08-11,-0.0758594342642183,0.4511730699709995,27,0.3703703703703703,0.5555555555555556,,,,,,
India,2024-08-12,-0.0263218215454136,0.4299478655819091,36,0.5555555555555556,0.4444444444444444,,,,,,
India,2024-08-13,0.059151480936071,0.3854546216264497,41,0.5365853658536586,0.4634146341463415,,,,,,
India,2024-08-14,0.1172928068879761,0.3943044959642334,31,0.5806451612903226,0.4193548387096774,,,,,,
India,2024-08-15,-0.0720013101900518,0.3886807590165012,45,0.3777777777777777,0.5777777777777777,,,,,,
India,2024-08-16,-0.1345180161104534,0.3740608217676476,31,0.2903225806451613,0.6129032258064516,,,,,,
India,2024-08-17,-0.1830434414702675,0.4642414490396396,27,0.3333333333333333,0.6666666666666666,,,,,,
India,2024-08-18,-0.0243666341264931,0.5049446499948519,19,0.4736842105263157,0.4736842105263157,,,,,,
India,2024-08-19,-0.0297537190751987,0.3622665729364492,24,0.4583333333333333,0.4583333333333333,,,,,,
India,2024-08-20,0.0162743610994008,0.3605725590404656,28,0.5357142857142857,0.4642857142857143,,,,,,
India,2024-08-21,-0.0411506337288966,0.3579959533100469,34,0.4117647058823529,0.5294117647058824,,,,,,
India,2024-08-22,-0.0258593034775339,0.3423220636627388,33,0.4242424242424242,0.5757575757575758,,,,,,
India,2024-08-23,0.0028038143055368,0.3332636503028454,40,0.45,0.525,,,,,,
India,2024-08-24,-0.0044723235208985,0.4851862097307056,18,0.6111111111111112,0.3888888888888889,,,,,,
India,2024-08-25,-0.0114191576231015,0.4310654238785387,26,0.4230769230769231,0.5384615384615384,,,,,,
India,2024-08-26,-0.1590104413794499,0.4848759122545467,33,0.3333333333333333,0.6363636363636364,,,,,,
India,2024-08-27,-0.0424501798200306,0.4021070378924494,39,0.4871794871794871,0.5128205128205128,,,,,,
India,2024-08-28,-0.1153150289872475,0.3759361968597854,40,0.4,0.575,,,,,,
India,2024-08-29,-0.2196927138139802,0.4056570172636279,30,0.2666666666666666,0.7,,,,,,
India,2024-08-30,-0.1377252249084748,0.3925102936807492,44,0.3409090909090909,0.6136363636363636,,,,,,
India,2024-08-31,-0.0595774220876803,0.3769387685221239,20,0.35,0.55,,,,,,
India,2024-09-01,-0.0249495469435123,0.3606729481574192,23,0.4347826086956521,0.5652173913043478,,,,,,
India,2024-09-02,-0.0205687992307139,0.4077402461604187,47,0.4680851063829787,0.5106382978723404,,,,,,
India,2024-09-03,-0.0172459257917785,0.4137860757872333,35,0.5142857142857142,0.4857142857142857,,,,,,
India,2024-09-04,0.0464345171584343,0.3895000862130638,47,0.4893617021276595,0.4468085106382978,,,,,,
India,2024-09-05,0.0095302522794909,0.391497503872497,34,0.5882352941176471,0.3823529411764705,,,,,,
India,2024-09-06,-0.0510250825485028,0.2755271093394338,35,0.4285714285714285,0.5714285714285714,,,,,,
India,2024-09-07,0.0353811513564649,0.5144203005015227,20,0.55,0.45,,,,,,
India,2024-09-08,0.0726806376199531,0.3993253550828278,19,0.7894736842105263,0.2105263157894736,,,,,,
India,2024-09-09,-0.0697571172408912,0.4093042578136356,36,0.4722222222222222,0.5,,,,,,
India,2024-09-10,0.0216776498078184,0.352919477738025,37,0.4324324324324324,0.5675675675675675,,,,,,
India,2024-09-11,0.0046533886049155,0.3685110048128313,36,0.5555555555555556,0.4444444444444444,,,,,,
India,2024-09-12,-0.0831809211590757,0.2812229067119609,33,0.4545454545454545,0.5454545454545454,,,,,,
India,2024-09-13,-0.0567155191084125,0.4253651303963026,30,0.4,0.5666666666666667,,,,,,
India,2024-09-14,0.0738877027601355,0.3963075279987664,27,0.7037037037037037,0.2962962962962963,,,,,,
India,2024-09-15,0.0035310002190881,0.3320238419225723,23,0.4782608695652174,0.5217391304347826,,,,,,
India,2024-09-16,0.1276219605421832,0.3930694044181894,41,0.5609756097560976,0.3658536585365853,,,,,,
India,2024-09-17,-0.0093820561339902,0.3336397006313468,27,0.4444444444444444,0.5185185185185185,,,,,,
India,2024-09-18,-0.030449005382475,0.2889110491192091,37,0.3783783783783784,0.5675675675675675,,,,,,
India,2024-09-19,-0.0175776832124047,0.3488817069112377,29,0.5862068965517241,0.3793103448275862,,,,,,
India,2024-09-20,0.0217757486678298,0.3448449360722664,48,0.4791666666666667,0.4791666666666667,,,,,,
India,2024-09-21,0.0791121532865323,0.2983881745974115,25,0.6,0.36,,,,,,
India,2024-09-22,0.0551524495104662,0.3555213060056016,22,0.5,0.5,,,,,,
India,2024-09-23,0.2114749394072457,0.3607108020420129,33,0.6666666666666666,0.303030303030303,,,,,,
India,2024-09-24,0.005300031953356,0.3059754714854948,41,0.5121951219512195,0.4878048780487805,,,,,,
India,2024-09-25,0.0439620497319016,0.3586619110126563,41,0.5365853658536586,0.4390243902439024,,,,,,
India,2024-09-26,-0.0103382011719348,0.3622726786618193,46,0.5217391304347826,0.4782608695652174,,,,,,
India,2024-09-27,-0.0672448493422521,0.3237176999423314,45,0.4222222222222222,0.5333333333333333,,,,,,
India,2024-09-28,0.0319260236669462,0.3706675975950255,18,0.6111111111111112,0.3333333333333333,,,,,,
India,2024-09-29,-0.0355070022862573,0.3504463982736595,24,0.375,0.625,,,,,,
India,2024-09-30,-0.0461912834806189,0.2871028353574503,41,0.4146341463414634,0.5609756097560976,,,,,,
India,2024-10-01,-0.0302010842579531,0.3405472414671849,35,0.5142857142857142,0.4857142857142857,,,,,,
India,2024-10-02,0.0829060794535911,0.3402624367406344,35,0.6,0.3714285714285714,,,,,,
India,2024-10-03,-0.0479136935209418,0.3736907325600041,31,0.4838709677419355,0.5161290322580645,,,,,,
India,2024-10-04,-0.0169003252486107,0.3868131111979963,31,0.5161290322580645,0.4516129032258064,,,,,,
India,2024-10-05,-0.1031518134967982,0.3658591338711345,26,0.4615384615384615,0.5384615384615384,,,,,,
India,2024-10-06,-0.1249740557704267,0.4059592311589788,23,0.391304347826087,0.6086956521739131,,,,,,
India,2024-10-07,0.0050202548648355,0.4143324573657176,38,0.5,0.5,,,,,,
India,2024-10-08,0.0347815337134835,0.40563015251659,32,0.4375,0.5625,,,,,,
India,2024-10-09,-0.0641481451421004,0.4451291895785679,36,0.4166666666666667,0.5555555555555556,,,,,,
India,2024-10-10,0.0466745613386327,0.3934965564069745,47,0.574468085106383,0.3829787234042553,,,,,,
India,2024-10-11,0.1589768253434594,0.3184776989031528,29,0.7241379310344828,0.2758620689655172,,,,,,
India,2024-10-12,-0.0789649578218529,0.4114666849086226,18,0.4444444444444444,0.5555555555555556,,,,,,
India,2024-10-13,0.0108222775380086,0.3213374740543882,22,0.6818181818181818,0.3181818181818182,,,,,,
India,2024-10-14,0.0308762876521572,0.423313101199561,33,0.4242424242424242,0.5454545454545454,,,,,,
India,2024-10-15,-0.0354328406057303,0.4423339401513573,31,0.4838709677419355,0.4838709677419355,,,,,,
India,2024-10-16,0.0050874674867208,0.338227380630541,48,0.5208333333333334,0.4583333333333333,,,,,,
India,2024-10-17,-0.0436873713781075,0.4322085077716661,34,0.4117647058823529,0.5294117647058824,,,,,,
India,2024-10-18,0.111955151451378,0.2548683115691956,27,0.6296296296296297,0.3333333333333333,,,,,,
India,2024-10-19,-0.0412017257973338,0.3245725952590161,24,0.4166666666666667,0.5833333333333334,,,,,,
India,2024-10-20,-0.0228589263371105,0.3962335966180904,20,0.35,0.6,,,,,,
India,2024-10-21,-0.071090461244556,0.435285778518053,37,0.4324324324324324,0.5135135135135135,,,,,,
India,2024-10-22,0.0417310808075144,0.3851008255885013,34,0.5294117647058824,0.4411764705882353,,,,,,
India,2024-10-23,-0.0688281638591591,0.3406494298892944,45,0.4,0.5555555555555556,,,,,,
India,2024-10-24,0.0360570900153202,0.3656767548120105,41,0.5609756097560976,0.4390243902439024,,,,,,
India,2024-10-25,0.0250648153540897,0.365772585513075,39,0.5384615384615384,0.4358974358974359,,,,,,
India,2024-10-26,0.0375503585797289,0.430108143966604,22,0.5,0.4090909090909091,,,,,,
India,2024-10-27,0.0787011266341977,0.480395970543378,19,0.631578947368421,0.3684210526315789,,,,,,
India,2024-10-28,-0.0602678906590946,0.4045532996439843,40,0.375,0.6,,,,,,
India,2024-10-29,-0.0676110637444683,0.4106180313972172,34,0.4411764705882353,0.5588235294117647,,,,,,
India,2024-10-30,0.0501448714445316,0.4545486321857875,36,0.5833333333333334,0.3888888888888889,,,,,,
India,2024-10-31,-0.0057308340169884,0.5188381070954953,33,0.4545454545454545,0.5454545454545454,,,,,,
India,2024-11-01,0.000635024934481,0.3789405540366858,28,0.4642857142857143,0.4642857142857143,,,,,,
India,2024-11-02,-0.1386553411591075,0.2685473968998531,23,0.217391304347826,0.6521739130434783,,,,,,
India,2024-11-03,-0.1272851625586089,0.4009527817525758,24,0.375,0.5833333333333334,,,,,,
India,2024-11-04,-0.1108536706224491,0.3427890986283534,29,0.3793103448275862,0.5862068965517241,,,,,,
India,2024-11-05,0.0482424730785637,0.3987200052411338,43,0.5116279069767442,0.4651162790697674,,,,,,
India,2024-11-06,0.0001045419669668,0.3601276643609546,27,0.5185185185185185,0.4814814814814814,,,,,,
India,2024-11-07,0.0445353067954575,0.3585232791450355,39,0.5128205128205128,0.4871794871794871,,,,,,
India,2024-11-08,-0.0431786273403191,0.3780113666187054,33,0.4242424242424242,0.5454545454545454,,,,,,
India,2024-11-09,-0.1854010058157533,0.4298166580163295,22,0.3636363636363636,0.5,,,,,,
India,2024-11-10,0.0599515273977406,0.355424826921497,22,0.6363636363636364,0.3181818181818182,,,,,,
India,2024-11-11,-0.027935688246428,0.3109822235592813,27,0.3703703703703703,0.5555555555555556,,,,,,
India,2024-11-12,-0.0102274326939719,0.4284095528406859,51,0.4313725490196078,0.5490196078431373,,,,,,
India,2024-11-13,0.0064598833399443,0.3424789698788544,40,0.4,0.6,,,,,,
India,2024-11-14,0.0031311260236726,0.3928969092460989,39,0.5128205128205128,0.4871794871794871,,,,,,
India,2024-11-15,-0.0287040861683229,0.3752927710751048,32,0.53125,0.46875,,,,,,
India,2024-11-16,0.0420389305215136,0.3851924274244863,25,0.56,0.44,,,,,,
India,2024-11-17,-0.1315937846359269,0.4111688446772127,25,0.28,0.72,,,,,,
India,2024-11-18,-0.1622979083328276,0.4231100892631716,41,0.3658536585365853,0.6341463414634146,,,,,,
India,2024-11-19,0.0679878662263563,0.3403250335706065,56,0.5,0.4821428571428571,,,,,,
India,2024-11-20,-0.0183942862895582,0.3927819160635368,31,0.5483870967741935,0.4516129032258064,,,,,,
India,2024-11-21,-0.1522620878073277,0.4696659844130312,45,0.3777777777777777,0.6,,,,,,
India,2024-11-22,-0.1088910209951453,0.4469107638719169,40,0.375,0.575,,,,,,
India,2024-11-23,-0.1082208821280294,0.3713529913726728,20,0.4,0.6,,,,,,
India,2024-11-24,0.0204323897834434,0.3068216450598794,33,0.5454545454545454,0.4545454545454545,,,,,,
India,2024-11-25,-0.0433715903756893,0.385973146842178,48,0.4583333333333333,0.5208333333333334,,,,,,
India,2024-11-26,0.043750429283285,0.4294349086057351,38,0.3947368421052631,0.6052631578947368,,,,,,
India,2024-11-27,-0.0029599575717728,0.4602938307961283,34,0.6176470588235294,0.3823529411764705,,,,,,
India,2024-11-28,-0.1348028951483958,0.3354847200358326,35,0.4,0.6,,,,,,
India,2024-11-29,-0.1021885870298093,0.4594584220381804,28,0.3571428571428571,0.6071428571428571,,,,,,
India,2024-11-30,-0.2367330922490444,0.544463766339522,22,0.3181818181818182,0.6818181818181818,,,,,,
India,2024-12-01,-0.2003786609262495,0.3326116139713064,20,0.15,0.85,,,,,,
India,2024-12-02,-0.1026450154082303,0.3716289194644729,42,0.3571428571428571,0.6428571428571429,,,,,,
India,2024-12-03,0.0033510440492554,0.3177812308881904,46,0.4782608695652174,0.4782608695652174,,,,,,
India,2024-12-04,0.0816360364633303,0.4016047918875411,40,0.55,0.425,,,,,,
India,2024-12-05,-0.0633375383633052,0.4445126621041302,40,0.475,0.525,,,,,,
India,2024-12-06,-0.1048538949630827,0.4067021268466724,41,0.4146341463414634,0.5609756097560976,,,,,,
India,2024-12-07,-0.0623823039445484,0.3421044763002823,23,0.391304347826087,0.5652173913043478,,,,,,
India,2024-12-08,-0.0140233466331095,0.3524503153374141,21,0.5238095238095238,0.3809523809523809,,,,,,
India,2024-12-09,0.018673463469016,0.435863555943962,34,0.5294117647058824,0.4705882352941176,,,,,,
India,2024-12-10,-0.0521147113802513,0.3254763176772672,37,0.4594594594594595,0.4864864864864865,,,,,,
India,2024-12-11,-0.0040173798109034,0.3059567376764813,33,0.5151515151515151,0.4545454545454545,,,,,,
India,2024-12-12,0.0100014412111701,0.4136859651348526,45,0.5111111111111111,0.4666666666666667,,,,,,
India,2024-12-13,-0.0940991156962595,0.4421319781372574,30,0.4666666666666667,0.5333333333333333,,,,,,
India,2024-12-14,0.0589326872704388,0.4127898145236121,28,0.5714285714285714,0.3928571428571428,,,,,,
India,2024-12-15,-0.2283978136103225,0.3537725492520326,18,0.2222222222222222,0.7777777777777778,,,,,,
India,2024-12-16,-0.0054516333717462,0.3518537102078329,38,0.5263157894736842,0.4736842105263157,,,,,,
India,2024-12-17,0.0582832830603889,0.3695491234953107,22,0.5454545454545454,0.4545454545454545,,,,,,
India,2024-12-18,0.0004816910840875,0.4256887620123607,43,0.4651162790697674,0.4883720930232558,,,,,,
India,2024-12-19,-0.0139214015085237,0.3996467492472008,30,0.5,0.5,,,,,,
India,2024-12-20,-0.0995656698828335,0.3743575740030788,57,0.4210526315789473,0.5789473684210527,,,,,,
India,2024-12-21,-0.0454947746603593,0.4735248737209032,27,0.3703703703703703,0.5185185185185185,,,,,,
India,2024-12-22,-0.0577992984334887,0.3961384514109096,24,0.4166666666666667,0.5416666666666666,,,,,,
India,2024-12-23,-0.0078377727154334,0.3030017361658821,29,0.5172413793103449,0.4482758620689655,,,,,,
India,2024-12-24,-0.0739942280274753,0.3488315916555631,31,0.4838709677419355,0.4838709677419355,,,,,,
India,2024-12-25,0.0534963891979211,0.3527260895230654,9,0.4444444444444444,0.5555555555555556,,,,,,
India,2024-12-26,-0.0475251204811291,0.4486431993719598,31,0.4516129032258064,0.5161290322580645,,,,,,
India,2024-12-27,-0.0389291150902858,0.3733724877675403,43,0.5116279069767442,0.4418604651162791,,,,,,
India,2024-12-28,-0.0122447629739748,0.4035532432797251,24,0.5,0.4583333333333333,,,,,,
India,2024-12-29,-0.0831472929277099,0.3144259075857606,28,0.3928571428571428,0.6071428571428571,,,,,,
India,2024-12-30,-0.0126940685068764,0.377120146850789,27,0.4074074074074074,0.5925925925925926,1.0,1.0,0.0,0.6076,31.0,opportunity
India,2024-12-31,-0.0849612535823931,0.4405896813294503,39,0.3846153846153846,0.6153846153846154,-1.0,0.0,1.0,0.8592,50.0,risk
Indonesia,2020-01-01,-0.1608920710200345,0.4683189127216345,32,0.34375,0.625,,,,,,
Indonesia,2020-01-02,-0.285276722245667,0.4872808005944525,46,0.217391304347826,0.7608695652173914,,,,,,
Indonesia,2020-01-03,-0.2463899819573378,0.3487434441738306,39,0.2051282051282051,0.7435897435897436,,,,,,
Indonesia,2020-01-04,-0.3431729666246509,0.4137898138874462,31,0.2580645161290322,0.7419354838709677,,,,,,
Indonesia,2020-01-05,-0.3160558317976171,0.3947035630752616,21,0.2857142857142857,0.7142857142857143,,,,,,
Indonesia,2020-01-06,-0.2368897596119735,0.4220832783343995,45,0.2666666666666666,0.6666666666666666,,,,,,
Indonesia,2020-01-07,-0.211177026120825,0.4535638445282341,44,0.2954545454545454,0.6590909090909091,,,,,,
Indonesia,2020-01-08,-0.2069067409594847,0.4171620045204732,44,0.2045454545454545,0.7727272727272727,,,,,,
Indonesia,2020-01-09,-0.1655659694189488,0.4758630677325517,45,0.3333333333333333,0.6444444444444445,,,,,,
Indonesia,2020-01-10,-0.1844834992552717,0.3623646000300824,46,0.2608695652173913,0.6521739130434783,,,,,,
Indonesia,2020-01-11,-0.1441979868139316,0.4111964807081133,29,0.3448275862068966,0.6551724137931034,,,,,,
Indonesia,2020-01-12,-0.1816033387794043,0.430081329774712,19,0.3157894736842105,0.631578947368421,,,,,,
Indonesia,2020-01-13,-0.0581573523420499,0.4042391978902745,38,0.5,0.4736842105263157,,,,,,
Indonesia,2020-01-14,-0.1668394728862823,0.3837451026840596,27,0.3703703703703703,0.6296296296296297,,,,,,
Indonesia,2020-01-15,-0.1863205707531749,0.4642156964860924,32,0.34375,0.625,,,,,,
Indonesia,2020-01-16,-0.2259523689965863,0.4131922597089487,39,0.2051282051282051,0.7692307692307693,,,,,,
Indonesia,2020-01-17,-0.2653817172075925,0.3699262428803435,29,0.2068965517241379,0.7586206896551724,,,,,,
Indonesia,2020-01-18,-0.2784010987508472,0.4812210090271125,15,0.2,0.8,,,,,,
Indonesia,2020-01-19,-0.2520580088829711,0.42896209753516,17,0.2352941176470588,0.7647058823529411,,,,,,
Indonesia,2020-01-20,-0.270770185813817,0.3727405850758241,36,0.25,0.7222222222222222,,,,,,
Indonesia,2020-01-21,-0.1731324764735679,0.3838752488848478,36,0.2777777777777778,0.6388888888888888,,,,,,
Indonesia,2020-01-22,-0.1801005857110297,0.3198218231871989,39,0.2307692307692307,0.7692307692307693,,,,,,
Indonesia,2020-01-23,-0.2004179227822623,0.3226103065318357,36,0.2222222222222222,0.7777777777777778,,,,,,
Indonesia,2020-01-24,-0.1316284399964727,0.4364787701187841,21,0.3333333333333333,0.6190476190476191,,,,,,
Indonesia,2020-01-25,0.0250272496054081,0.5671515242072396,18,0.6111111111111112,0.3888888888888889,,,,,,
Indonesia,2020-01-26,0.0643550043797636,0.4644890134422907,15,0.5333333333333333,0.4666666666666667,,,,,,
Indonesia,2020-01-27,-0.137359095055447,0.3221103985837588,40,0.3,0.6,,,,,,
Indonesia,2020-01-28,-0.2583761004368261,0.3463042565151738,31,0.2258064516129032,0.7419354838709677,,,,,,
Indonesia,2020-01-29,-0.2946042233840013,0.4449738702476218,32,0.15625,0.8125,,,,,,
Indonesia,2020-01-30,-0.2183910976485177,0.4726662255475737,23,0.391304347826087,0.6086956521739131,,,,,,
Indonesia,2020-01-31,-0.2479544060353048,0.3618761153778333,35,0.2571428571428571,0.7428571428571429,,,,,,
Indonesia,2020-02-01,-0.1014445150863082,0.4281003478797429,17,0.3529411764705882,0.6470588235294118,,,,,,
Indonesia,2020-02-02,-0.3310025031801484,0.3408342071784823,25,0.2,0.8,,,,,,
Indonesia,2020-02-03,-0.2186023078017207,0.3730394386982713,52,0.3076923076923077,0.6730769230769231,,,,,,
Indonesia,2020-02-04,-0.2718676651372632,0.3890324808484707,51,0.2549019607843137,0.6862745098039216,,,,,,
Indonesia,2020-02-05,-0.2541887467627877,0.4611195524736801,45,0.2888888888888888,0.6444444444444445,,,,,,
Indonesia,2020-02-06,-0.1953350598296269,0.397344715589749,38,0.3421052631578947,0.631578947368421,,,,,,
Indonesia,2020-02-07,-0.069623555565502,0.3792013749277178,31,0.3548387096774194,0.5806451612903226,,,,,,
Indonesia,2020-02-08,-0.3192862846282747,0.3922921259857295,18,0.1666666666666666,0.7222222222222222,,,,,,
Indonesia,2020-02-09,-0.1715500408851831,0.4039513448106131,15,0.2666666666666666,0.6,,,,,,
Indonesia,2020-02-10,-0.2686495108512124,0.3619345048075066,47,0.2553191489361702,0.7021276595744681,,,,,,
Indonesia,2020-02-11,-0.2062519592786995,0.3997093200527981,44,0.3181818181818182,0.6590909090909091,,,,,,
Indonesia,2020-02-12,-0.1245320984172227,0.3543513508829033,62,0.2580645161290322,0.6774193548387096,,,,,,
Indonesia,2020-02-13,-0.2590246095388222,0.3940543479936888,28,0.2142857142857142,0.7142857142857143,,,,,,
Indonesia,2020-02-14,-0.1709935586849718,0.4489872234852076,38,0.3947368421052631,0.5789473684210527,,,,,,
Indonesia,2020-02-15,-0.0823767495258834,0.3870311395355557,14,0.2857142857142857,0.5714285714285714,,,,,,
Indonesia,2020-02-16,-0.1322213533480257,0.3007348363107957,28,0.25,0.6428571428571429,,,,,,
Indonesia,2020-02-17,-0.1597820108565152,0.3742243051961912,35,0.3142857142857143,0.6571428571428571,,,,,,
Indonesia,2020-02-18,-0.1174112311834991,0.3662626098636264,29,0.3448275862068966,0.6206896551724138,,,,,,
Indonesia,2020-02-19,-0.1543692522583084,0.3267882714659342,41,0.3170731707317073,0.6341463414634146,,,,,,
Indonesia,2020-02-20,-0.1750399072029573,0.429136253091152,35,0.3428571428571428,0.6,,,,,,
Indonesia,2020-02-21,-0.0723383235653158,0.4595933474487458,38,0.4473684210526316,0.5263157894736842,,,,,,
Indonesia,2020-02-22,-0.1716553041103263,0.347962245858207,23,0.4347826086956521,0.5652173913043478,,,,,,
Indonesia,2020-02-23,-0.2875680483400533,0.5008206632407977,22,0.3181818181818182,0.6818181818181818,,,,,,
Indonesia,2020-02-24,-0.3469516674859091,0.3562296126688429,42,0.119047619047619,0.8571428571428571,,,,,,
Indonesia,2020-02-25,-0.1389139982266994,0.4352872777681839,37,0.4054054054054054,0.5405405405405406,,,,,,
Indonesia,2020-02-26,-0.2447123669686277,0.4036343068602284,49,0.2857142857142857,0.6938775510204082,,,,,,
Indonesia,2020-02-27,-0.2231802105959212,0.35335509692216,33,0.2727272727272727,0.7272727272727273,,,,,,
Indonesia,2020-02-28,-0.1248931009575837,0.3761447983352246,37,0.3783783783783784,0.5945945945945946,,,,,,
Indonesia,2020-02-29,-0.3089057316625819,0.3683015952296819,26,0.1923076923076923,0.7307692307692307,,,,,,
Indonesia,2020-03-01,-0.3322215964707797,0.4146472642023033,21,0.238095238095238,0.7142857142857143,,,,,,
Indonesia,2020-03-02,-0.2967820803625979,0.3869188590801628,33,0.2727272727272727,0.7272727272727273,,,,,,
Indonesia,2020-03-03,-0.295615677526013,0.34356902174172,33,0.1818181818181818,0.8181818181818182,,,,,,
Indonesia,2020-03-04,-0.230256199800107,0.332385794003542,48,0.3125,0.6666666666666666,,,,,,
Indonesia,2020-03-05,-0.1875317390622061,0.3963417696449974,52,0.2692307692307692,0.6923076923076923,,,,,,
Indonesia,2020-03-06,-0.1208976691453583,0.4238063527535124,35,0.3142857142857143,0.6571428571428571,,,,,,
Indonesia,2020-03-07,0.0270990265135501,0.3633699761189757,10,0.7,0.3,,,,,,
Indonesia,2020-03-08,-0.1881388796480826,0.4382036869994815,20,0.25,0.7,,,,,,
Indonesia,2020-03-09,-0.1818684961611836,0.4487785453961171,48,0.25,0.75,,,,,,
Indonesia,2020-03-10,-0.2478808830421972,0.3616117785792166,53,0.2264150943396226,0.7358490566037735,,,,,,
Indonesia,2020-03-11,-0.0842167622513581,0.4758907618876644,52,0.3846153846153846,0.5576923076923077,,,,,,
Indonesia,2020-03-12,-0.1871660751055937,0.3467079917467329,43,0.2790697674418604,0.6744186046511628,,,,,,
Indonesia,2020-03-13,-0.2903964529283315,0.3706756198245809,29,0.1724137931034483,0.7931034482758621,,,,,,
Indonesia,2020-03-14,-0.254732910170854,0.4071721423106281,18,0.2222222222222222,0.7222222222222222,,,,,,
Indonesia,2020-03-15,-0.2413029174528103,0.3389170647535955,24,0.2083333333333333,0.75,,,,,,
Indonesia,2020-03-16,-0.1922834724941771,0.3703572541810502,36,0.2777777777777778,0.6944444444444444,,,,,,
Indonesia,2020-03-17,-0.2378698452761681,0.3577612938221087,40,0.275,0.725,,,,,,
Indonesia,2020-03-18,-0.1117545405131067,0.3496865408844898,29,0.2758620689655172,0.6896551724137931,,,,,,
Indonesia,2020-03-19,-0.2481061100911086,0.2958568987263768,53,0.1320754716981132,0.8301886792452831,,,,,,
Indonesia,2020-03-20,-0.2101145854515048,0.3330791678198783,40,0.225,0.75,,,,,,
Indonesia,2020-03-21,-0.1901904866962051,0.3202430801120071,21,0.1904761904761904,0.8095238095238095,,,,,,
Indonesia,2020-03-22,-0.233587483287738,0.3918812427128778,24,0.2916666666666667,0.6666666666666666,,,,,,
Indonesia,2020-03-23,-0.0935232373565844,0.3349976604569202,35,0.3714285714285714,0.5714285714285714,,,,,,
Indonesia,2020-03-24,-0.3472144547869959,0.2976925180269179,28,0.1071428571428571,0.8571428571428571,,,,,,
Indonesia,2020-03-25,-0.0698588951242325,0.2562101175500988,17,0.2941176470588235,0.6470588235294118,,,,,,
Indonesia,2020-03-26,-0.179435741207267,0.331890156974292,27,0.2222222222222222,0.7037037037037037,,,,,,
Indonesia,2020-03-27,-0.1725019938196617,0.3885897475305968,33,0.2424242424242424,0.6666666666666666,,,,,,
Indonesia,2020-03-28,-0.3217250776599432,0.3953801064226403,18,0.2777777777777778,0.6666666666666666,,,,,,
Indonesia,2020-03-29,-0.3975363021039337,0.3673713353710094,15,0.2,0.8,,,,,,
Indonesia,2020-03-30,-0.2631539467928235,0.3641519587159604,30,0.2,0.8,,,,,,
Indonesia,2020-03-31,-0.3014218785520417,0.324741574408067,35,0.1428571428571428,0.8571428571428571,,,,,,
Indonesia,2020-04-01,-0.2572493137963439,0.3422573686854671,42,0.1428571428571428,0.7857142857142857,,,,,,
Indonesia,2020-04-02,-0.2566669737408356,0.2865898976987549,26,0.1153846153846153,0.8076923076923077,,,,,,
Indonesia,2020-04-03,-0.239520926441612,0.4084143270569964,35,0.2857142857142857,0.6285714285714286,,,,,,
Indonesia,2020-04-04,-0.3658432290337003,0.3778689805318531,25,0.12,0.72,,,,,,
Indonesia,2020-04-05,-0.3195484822434569,0.2727442634291636,8,0.125,0.875,,,,,,
Indonesia,2020-04-06,-0.2771656784194516,0.270940268097242,31,0.1612903225806451,0.8064516129032258,,,,,,
Indonesia,2020-04-07,-0.1989668393614732,0.3526388166641501,35,0.2,0.7428571428571429,,,,,,
Indonesia,2020-04-08,-0.1484239664403393,0.3712804756335183,46,0.2826086956521739,0.6304347826086957,,,,,,
Indonesia,2020-04-09,-0.2363371683075842,0.3126238679167925,43,0.2558139534883721,0.7209302325581395,,,,,,
Indonesia,2020-04-10,-0.1995191692548747,0.4330784694742544,26,0.3076923076923077,0.6923076923076923,,,,,,
Indonesia,2020-04-11,-0.2342864092766184,0.3951629307340968,18,0.2777777777777778,0.6666666666666666,,,,,,
Indonesia,2020-04-12,-0.255934834416134,0.2954770773784113,20,0.15,0.75,,,,,,
Indonesia,2020-04-13,-0.2409170498451255,0.3948058422957031,32,0.3125,0.6875,,,,,,
Indonesia,2020-04-14,-0.1036138435530937,0.3829338537580606,45,0.2888888888888888,0.6888888888888889,,,,,,
Indonesia,2020-04-15,-0.1612819265027741,0.3063621877670158,47,0.2553191489361702,0.723404255319149,,,,,,
Indonesia,2020-04-16,-0.1690952380222516,0.348706558979987,44,0.2954545454545454,0.6818181818181818,,,,,,
Indonesia,2020-04-17,-0.2724115503841728,0.3465746967641386,43,0.1627906976744186,0.813953488372093,,,,,,
Indonesia,2020-04-18,-0.2953399706598618,0.4474814633878023,20,0.25,0.75,,,,,,
Indonesia,2020-04-19,-0.2603484343379277,0.4070568441922778,28,0.1785714285714285,0.6071428571428571,,,,,,
Indonesia,2020-04-20,-0.1664177164884655,0.3090987307316573,33,0.2727272727272727,0.696969696969697,,,,,,
Indonesia,2020-04-21,-0.2401007317212274,0.3190950223808558,44,0.2045454545454545,0.7727272727272727,,,,,,
Indonesia,2020-04-22,-0.2015599917250592,0.2881109960392501,44,0.2954545454545454,0.6818181818181818,,,,,,
Indonesia,2020-04-23,-0.0945881797539331,0.3753319692067339,45,0.3777777777777777,0.6,,,,,,
Indonesia,2020-04-24,-0.1336511871218813,0.3168398948102519,35,0.2571428571428571,0.7428571428571429,,,,,,
Indonesia,2020-04-25,-0.2661887749520878,0.3237257634879503,15,0.1333333333333333,0.8666666666666667,,,,,,
Indonesia,2020-04-26,-0.2458362558653115,0.349947309882278,28,0.1785714285714285,0.8214285714285714,,,,,,
Indonesia,2020-04-27,-0.1233346395370095,0.3616119804349638,44,0.3636363636363636,0.5909090909090909,,,,,,
Indonesia,2020-04-28,-0.2080256473708898,0.4005216823221891,37,0.1891891891891892,0.8108108108108109,,,,,,
Indonesia,2020-04-29,-0.2369450269302702,0.3016148328269147,26,0.1538461538461538,0.7692307692307693,,,,,,
Indonesia,2020-04-30,-0.0940998236967316,0.434214174678086,35,0.4285714285714285,0.5428571428571428,,,,,,
Indonesia,2020-05-01,-0.2567167268643163,0.3358493194679612,26,0.1923076923076923,0.7692307692307693,,,,,,
Indonesia,2020-05-02,-0.2048491027922008,0.3568432951065182,27,0.2592592592592592,0.6296296296296297,,,,,,
Indonesia,2020-05-03,-0.1625385849439173,0.3445931711807166,18,0.2222222222222222,0.7777777777777778,,,,,,
Indonesia,2020-05-04,-0.1374270091842024,0.3784304047033781,40,0.325,0.65,,,,,,
Indonesia,2020-05-05,-0.1168681626314969,0.3306963245358537,50,0.32,0.6,,,,,,
Indonesia,2020-05-06,-0.1138927762382426,0.3957138275206813,46,0.3260869565217391,0.6086956521739131,,,,,,
Indonesia,2020-05-07,-0.2139710245766756,0.3296315036695468,33,0.1818181818181818,0.8181818181818182,,,,,,
Indonesia,2020-05-08,-0.1836732640502408,0.3427497741131232,39,0.282051282051282,0.6666666666666666,,,,,,
Indonesia,2020-05-09,-0.2354200676348412,0.4126154593304311,25,0.24,0.76,,,,,,
Indonesia,2020-05-10,-0.1629879943092859,0.3427289178702631,23,0.2608695652173913,0.6956521739130435,,,,,,
Indonesia,2020-05-11,-0.1694510124773458,0.2953299000824614,45,0.2444444444444444,0.7333333333333333,,,,,,
Indonesia,2020-05-12,-0.2014721804824024,0.3766376333344363,56,0.25,0.7142857142857143,,,,,,
Indonesia,2020-05-13,-0.1893606357028885,0.3274517008705661,30,0.2666666666666666,0.6666666666666666,,,,,,
Indonesia,2020-05-14,-0.1455137038356161,0.4501247059893829,37,0.4054054054054054,0.5945945945945946,,,,,,
Indonesia,2020-05-15,-0.218978808718902,0.3983519134788041,40,0.275,0.7,,,,,,
Indonesia,2020-05-16,-0.1385831990576722,0.3333751734307565,21,0.3333333333333333,0.6190476190476191,,,,,,
Indonesia,2020-05-17,-0.1530430531506205,0.3335449997052614,28,0.4285714285714285,0.5714285714285714,,,,,,
Indonesia,2020-05-18,-0.2029755807706512,0.368376378618682,31,0.2258064516129032,0.6774193548387096,,,,,,
Indonesia,2020-05-19,-0.2104864411643838,0.3620269888521506,40,0.25,0.7,,,,,,
Indonesia,2020-05-20,-0.0927177616152105,0.3621476902104555,30,0.3333333333333333,0.6,,,,,,
Indonesia,2020-05-21,-0.1690209950984445,0.3711683536251092,26,0.2692307692307692,0.6538461538461539,,,,,,
Indonesia,2020-05-22,-0.1584135373875619,0.3934626026995404,38,0.3157894736842105,0.6578947368421053,,,,,,
Indonesia,2020-05-23,-0.1562306534386154,0.3273932471134048,19,0.2631578947368421,0.6842105263157895,,,,,,
Indonesia,2020-05-24,-0.2370925004091229,0.3640574237278911,26,0.2307692307692307,0.7307692307692307,,,,,,
Indonesia,2020-05-25,-0.1696999699780912,0.348982463658298,23,0.3043478260869565,0.5652173913043478,,,,,,
Indonesia,2020-05-26,-0.1066478908152614,0.1852014167939864,29,0.2068965517241379,0.6896551724137931,,,,,,
Indonesia,2020-05-27,-0.0737340796215813,0.2669371235785623,28,0.3571428571428571,0.5714285714285714,,,,,,
Indonesia,2020-05-28,-0.1774914335937299,0.3314436786223534,39,0.3333333333333333,0.6666666666666666,,,,,,
Indonesia,2020-05-29,-0.1444164021483825,0.3103540605108698,43,0.2558139534883721,0.7209302325581395,,,,,,
Indonesia,2020-05-30,-0.154285024493944,0.3983141091148571,22,0.3181818181818182,0.6363636363636364,,,,,,
Indonesia,2020-05-31,-0.1924811222044733,0.401509671189987,22,0.2727272727272727,0.7272727272727273,,,,,,
Indonesia,2020-06-01,-0.1500700886520068,0.3332541228137222,30,0.3,0.6666666666666666,,,,,,
Indonesia,2020-06-02,-0.1598219048340229,0.3631087306731581,41,0.3414634146341463,0.6097560975609756,,,,,,
Indonesia,2020-06-03,-0.1823991866527903,0.3584394644418017,31,0.2903225806451613,0.6774193548387096,,,,,,
Indonesia,2020-06-04,-0.0527282802088159,0.3273052753488652,34,0.4705882352941176,0.5,,,,,,
Indonesia,2020-06-05,0.0448106505048758,0.417123501476949,37,0.6216216216216216,0.3243243243243243,,,,,,
Indonesia,2020-06-06,-0.0394389686885133,0.3910136203760571,24,0.4583333333333333,0.5,,,,,,
Indonesia,2020-06-07,-0.1212669111081942,0.3927363834643145,21,0.3333333333333333,0.5714285714285714,,,,,,
Indonesia,2020-06-08,-0.0811950182534111,0.357961481255229,35,0.4857142857142857,0.4857142857142857,,,,,,
Indonesia,2020-06-09,-0.1655362500319339,0.3989808320633577,44,0.3181818181818182,0.6363636363636364,,,,,,
Indonesia,2020-06-10,-0.1602007429657359,0.3669278275871102,39,0.3076923076923077,0.6410256410256411,,,,,,
Indonesia,2020-06-11,-0.1430882912802551,0.453675956599899,38,0.2631578947368421,0.7105263157894737,,,,,,
Indonesia,2020-06-12,-0.1928264413706076,0.3572983014223443,26,0.4230769230769231,0.5384615384615384,,,,,,
Indonesia,2020-06-13,-0.1946180683951377,0.3663304724136103,23,0.3043478260869565,0.6521739130434783,,,,,,
Indonesia,2020-06-14,-0.0497429400356516,0.347689967756651,22,0.4545454545454545,0.5,,,,,,
Indonesia,2020-06-15,-0.1280618704481747,0.2373101847298772,36,0.2777777777777778,0.7222222222222222,,,,,,
Indonesia,2020-06-16,-0.1726803533716655,0.3731957069685528,40,0.35,0.6,,,,,,
Indonesia,2020-06-17,-0.0493669551895621,0.3593387319476773,30,0.5,0.4666666666666667,,,,,,
Indonesia,2020-06-18,-0.0912598459989907,0.4043804437567158,43,0.3953488372093023,0.5581395348837209,,,,,,
Indonesia,2020-06-19,-0.1327803628651713,0.3481760451942055,36,0.3611111111111111,0.6111111111111112,,,,,,
Indonesia,2020-06-20,0.0045045182613813,0.4187653012063106,22,0.5454545454545454,0.3636363636363636,,,,,,
Indonesia,2020-06-21,-0.1143423703239105,0.3594127346554727,30,0.3666666666666666,0.5333333333333333,,,,,,
Indonesia,2020-06-22,-0.1745343691121049,0.4331587515178169,46,0.3260869565217391,0.6086956521739131,,,,,,
Indonesia,2020-06-23,-0.0955716623340534,0.3798392047586068,54,0.3703703703703703,0.5925925925925926,,,,,,
Indonesia,2020-06-24,-0.1255821081106522,0.2902477238303121,41,0.2682926829268293,0.6097560975609756,,,,,,
Indonesia,2020-06-25,-0.1412595823595831,0.4583978139562746,41,0.4634146341463415,0.5365853658536586,,,,,,
Indonesia,2020-06-26,-0.2756075945074639,0.3769413754675982,18,0.2777777777777778,0.7222222222222222,,,,,,
Indonesia,2020-06-27,-0.0815326211618457,0.3210347566723946,21,0.4285714285714285,0.5714285714285714,,,,,,
Indonesia,2020-06-28,0.0062585547318908,0.3817272837218128,26,0.3846153846153846,0.6153846153846154,,,,,,
Indonesia,2020-06-29,-0.1253651916701703,0.3530751004861091,37,0.2972972972972973,0.6216216216216216,,,,,,
Indonesia,2020-06-30,-0.1458581776501084,0.4915110471219778,34,0.4117647058823529,0.5882352941176471,,,,,,
Indonesia,2020-07-01,-0.0546164504241198,0.3155957469061416,39,0.358974358974359,0.6153846153846154,0.0,0.0,0.0,0.5193,30.0,neutral
Indonesia,2020-07-02,-0.1025805803082269,0.3450655740272271,22,0.4090909090909091,0.5,,,,,,
Indonesia,2020-07-03,-0.0283747641219375,0.2752660860343164,28,0.3214285714285714,0.5714285714285714,,,,,,
Indonesia,2020-07-04,-0.0998984920178251,0.3751129601853243,13,0.4615384615384615,0.4615384615384615,,,,,,
Indonesia,2020-07-05,-0.1559177392591768,0.3885888522821903,23,0.391304347826087,0.5652173913043478,,,,,,
Indonesia,2020-07-06,-0.1242457021368659,0.4134540816061318,35,0.3714285714285714,0.5714285714285714,,,,,,
Indonesia,2020-07-07,-0.1193134807701032,0.3268827066596912,39,0.4358974358974359,0.5641025641025641,,,,,,
Indonesia,2020-07-08,-0.2359411985255984,0.3873999528264027,39,0.1794871794871795,0.7692307692307693,,,,,,
Indonesia,2020-07-09,-0.1225493669932339,0.4136995735772316,48,0.4166666666666667,0.5625,,,,,,
Indonesia,2020-07-10,-0.1074936803166293,0.3901352599101036,50,0.4,0.58,,,,,,
Indonesia,2020-07-11,-0.2682706376716569,0.3650346398924088,26,0.2692307692307692,0.7307692307692307,,,,,,
Indonesia,2020-07-12,-0.1707884243344186,0.4104804744613322,20,0.4,0.55,,,,,,
Indonesia,2020-07-13,-0.241415511527404,0.4089534365010621,29,0.3103448275862069,0.6551724137931034,,,,,,
Indonesia,2020-07-14,-0.2175527123008181,0.3186833365230223,40,0.225,0.775,,,,,,
Indonesia,2020-07-15,-0.3630938246010318,0.3284752450580775,24,0.125,0.8333333333333334,,,,,,
Indonesia,2020-07-16,-0.2256257380217164,0.3151152889508101,39,0.2307692307692307,0.6923076923076923,,,,,,
Indonesia,2020-07-17,-0.157434229170566,0.3613841795989932,39,0.2307692307692307,0.717948717948718,,,,,,
Indonesia,2020-07-18,-0.0979851079534568,0.3755535539770478,20,0.55,0.45,,,,,,
Indonesia,2020-07-19,-0.1649946672005394,0.432785844531091,16,0.4375,0.5625,,,,,,
Indonesia,2020-07-20,-0.1760997123429104,0.3895247456239256,55,0.3454545454545454,0.5818181818181818,,,,,,
Indonesia,2020-07-21,-0.0996610470527329,0.3667885619841758,40,0.4,0.6,,,,,,
Indonesia,2020-07-22,-0.0995869737589713,0.3805245517902801,26,0.3076923076923077,0.6538461538461539,,,,,,
Indonesia,2020-07-23,-0.0827700416829908,0.4263080671959169,42,0.4047619047619047,0.5714285714285714,,,,,,
Indonesia,2020-07-24,-0.0934382936336357,0.3245499365573331,32,0.40625,0.5625,,,,,,
Indonesia,2020-07-25,-0.1324432210654312,0.4585594325650025,23,0.3043478260869565,0.6521739130434783,,,,,,
Indonesia,2020-07-26,-0.1785749044359924,0.3678861292380963,22,0.3181818181818182,0.5909090909090909,,,,,,
Indonesia,2020-07-27,-0.1136663349919688,0.45359552233476,40,0.3,0.7,,,,,,
Indonesia,2020-07-28,-0.0520703404750999,0.4657492132068884,32,0.40625,0.53125,,,,,,
Indonesia,2020-07-29,-0.0221082342545079,0.4253478990384763,43,0.4186046511627907,0.4651162790697674,,,,,,
Indonesia,2020-07-30,0.0620539002734138,0.4406315294803833,30,0.5333333333333333,0.4333333333333333,,,,,,
Indonesia,2020-07-31,-0.1992710914103049,0.3045640505306915,26,0.2307692307692307,0.7692307692307693,,,,,,
Indonesia,2020-08-01,-0.1720835086522193,0.4526819611974347,17,0.3529411764705882,0.6470588235294118,,,,,,
Indonesia,2020-08-02,-0.1870377878823701,0.398241585535526,19,0.2631578947368421,0.5789473684210527,,,,,,
Indonesia,2020-08-03,-0.1601055030242734,0.5405053900958907,25,0.36,0.64,,,,,,
Indonesia,2020-08-04,-0.0538083220035479,0.4127744595579928,37,0.4594594594594595,0.4594594594594595,,,,,,
Indonesia,2020-08-05,-0.1898137606590519,0.4310306659723222,29,0.2758620689655172,0.6896551724137931,,,,,,
Indonesia,2020-08-06,-0.1655009807369142,0.4180224881022663,50,0.24,0.74,,,,,,
Indonesia,2020-08-07,-0.209877321371658,0.3817625048195948,29,0.3448275862068966,0.6551724137931034,,,,,,
Indonesia,2020-08-08,-0.100981680218655,0.3714863248500976,23,0.3043478260869565,0.6956521739130435,,,,,,
Indonesia,2020-08-09,-0.3038197467227139,0.4148454243572037,21,0.1904761904761904,0.6666666666666666,,,,,,
Indonesia,2020-08-10,-0.11117774426155,0.3930974668850978,50,0.4,0.58,,,,,,
Indonesia,2020-08-11,-0.1905616205498706,0.4110876687006794,47,0.2553191489361702,0.6808510638297872,,,,,,
Indonesia,2020-08-12,-0.0838168220154908,0.394985239785282,35,0.3428571428571428,0.6,,,,,,
Indonesia,2020-08-13,-0.1333142599100681,0.3051668588276944,29,0.4137931034482758,0.5517241379310345,,,,,,
Indonesia,2020-08-14,-0.1149185711092829,0.4522746797548971,31,0.3548387096774194,0.5806451612903226,,,,,,
Indonesia,2020-08-15,-0.0717075200514851,0.4612917484804937,16,0.5,0.4375,,,,,,
Indonesia,2020-08-16,-0.2984708073983865,0.4321802437967318,31,0.2580645161290322,0.7096774193548387,,,,,,
Indonesia,2020-08-17,-0.1676881719392336,0.5421316679477199,23,0.3478260869565217,0.6521739130434783,,,,,,
Indonesia,2020-08-18,-0.1447907811229737,0.3770403381703244,32,0.25,0.6875,,,,,,
Indonesia,2020-08-19,-0.2142632206382115,0.4658551292691416,44,0.3409090909090909,0.6363636363636364,,,,,,
Indonesia,2020-08-20,-0.0569723917026025,0.3744010421891998,21,0.3333333333333333,0.5714285714285714,,,,,,
Indonesia,2020-08-21,-0.2524422736476579,0.420656120999253,39,0.282051282051282,0.6923076923076923,,,,,,
Indonesia,2020-08-22,-0.2435361385513345,0.459919148452089,20,0.25,0.75,,,,,,
Indonesia,2020-08-23,-0.3347811537627543,0.5059437483260887,25,0.28,0.72,,,,,,
Indonesia,2020-08-24,-0.0781911720595853,0.4238988289225902,39,0.3333333333333333,0.6153846153846154,,,,,,
Indonesia,2020-08-25,-0.1325055298748915,0.4096782931297849,44,0.3409090909090909,0.6136363636363636,,,,,,
Indonesia,2020-08-26,-0.0655869526149586,0.4065811561096912,58,0.4310344827586206,0.5172413793103449,,,,,,
Indonesia,2020-08-27,-0.00629461296773,0.4142938205424791,40,0.5,0.475,,,,,,
Indonesia,2020-08-28,-0.1394132534174109,0.4066406450914412,41,0.3902439024390244,0.6097560975609756,,,,,,
Indonesia,2020-08-29,-0.1110061591336174,0.5396292792082608,15,0.4666666666666667,0.5333333333333333,,,,,,
Indonesia,2020-08-30,-0.0843191921318656,0.3894591049543255,26,0.5,0.4615384615384615,,,,,,
Indonesia,2020-08-31,-0.1216812670609786,0.4264966271207323,44,0.3409090909090909,0.6363636363636364,,,,,,
Indonesia,2020-09-01,-0.124233981924036,0.3597375049531146,42,0.3095238095238095,0.5952380952380952,,,,,,
Indonesia,2020-09-02,-0.0899724796107227,0.4450065887986485,44,0.4545454545454545,0.5,,,,,,
Indonesia,2020-09-03,-0.2540488903873307,0.4340080851503169,41,0.2439024390243902,0.7560975609756098,,,,,,
Indonesia,2020-09-04,-0.1577528850756655,0.4647064682821427,44,0.3636363636363636,0.6363636363636364,,,,,,
Indonesia,2020-09-05,-0.1130735557987079,0.4862067280948054,26,0.3461538461538461,0.6153846153846154,,,,,,
Indonesia,2020-09-06,-0.0896506164838558,0.4300480912335905,29,0.3448275862068966,0.5862068965517241,,,,,,
Indonesia,2020-09-07,0.063866302181741,0.3989430456461952,35,0.5714285714285714,0.4,,,,,,
Indonesia,2020-09-08,-0.0388667628851338,0.422138133820152,35,0.4571428571428571,0.5142857142857142,,,,,,
Indonesia,2020-09-09,-0.1976202374378487,0.4594089474047853,28,0.4285714285714285,0.5714285714285714,,,,,,
Indonesia,2020-09-10,-0.1105736993066112,0.3928450854310811,34,0.3823529411764705,0.6176470588235294,,,,,,
Indonesia,2020-09-11,-0.119466514227264,0.3983566938433078,54,0.2777777777777778,0.5740740740740741,,,,,,
Indonesia,2020-09-12,-0.2164329151435897,0.4494191568703232,23,0.3478260869565217,0.6521739130434783,,,,,,
Indonesia,2020-09-13,0.0134906368614811,0.2404513545298848,19,0.5789473684210527,0.4210526315789473,,,,,,
Indonesia,2020-09-14,-0.1886940299355793,0.4088504179440058,36,0.3055555555555556,0.6111111111111112,,,,,,
Indonesia,2020-09-15,-0.2476777414919127,0.4244334631384336,41,0.2926829268292683,0.7073170731707317,,,,,,
Indonesia,2020-09-16,-0.2310968025503201,0.4665614062558571,40,0.25,0.725,,,,,,
Indonesia,2020-09-17,-0.1317481090192575,0.3803606761234168,46,0.3260869565217391,0.6739130434782609,,,,,,
Indonesia,2020-09-18,-0.1962902691749739,0.3244889172941357,28,0.2142857142857142,0.7142857142857143,,,,,,
Indonesia,2020-09-19,-0.043941747731885,0.4767667971690295,23,0.4347826086956521,0.5652173913043478,,,,,,
Indonesia,2020-09-20,-0.4083569636693154,0.3790431506839685,23,0.1739130434782608,0.8260869565217391,,,,,,
Indonesia,2020-09-21,-0.0933836325658984,0.3898833016927912,36,0.3333333333333333,0.6666666666666666,,,,,,
Indonesia,2020-09-22,-0.1837664375454925,0.4111996803898901,54,0.3518518518518518,0.5925925925925926,,,,,,
Indonesia,2020-09-23,-0.1279215047631322,0.3498615223150551,35,0.3142857142857143,0.6571428571428571,,,,,,
Indonesia,2020-09-24,-0.3177672371937605,0.4175322034821987,23,0.1739130434782608,0.8260869565217391,,,,,,
Indonesia,2020-09-25,-0.1731926959328515,0.427225383705349,38,0.3421052631578947,0.6052631578947368,,,,,,
Indonesia,2020-09-26,-0.2750018251542598,0.371710686469995,15,0.2666666666666666,0.6666666666666666,,,,,,
Indonesia,2020-09-27,-0.2444795063293242,0.4644077187664093,15,0.2666666666666666,0.7333333333333333,,,,,,
Indonesia,2020-09-28,-0.1803846542036417,0.415008643182076,25,0.36,0.6,,,,,,
Indonesia,2020-09-29,-0.0636159108651765,0.278892046461136,31,0.3870967741935484,0.5483870967741935,,,,,,
Indonesia,2020-09-30,-0.2127496897290738,0.4077565169918191,37,0.2702702702702703,0.7027027027027027,,,,,,
Indonesia,2020-10-01,-0.061518443625823,0.4484614992821011,51,0.4313725490196078,0.5490196078431373,,,,,,
Indonesia,2020-10-02,-0.12895582152418,0.3910123550305361,54,0.3148148148148148,0.6666666666666666,,,,,,
Indonesia,2020-10-03,-0.3963735057868829,0.4117699410549649,45,0.1777777777777777,0.7777777777777778,,,,,,
Indonesia,2020-10-04,-0.241988639896368,0.4434865374662062,25,0.28,0.68,,,,,,
Indonesia,2020-10-05,-0.1105602502217329,0.3521864470012747,33,0.3636363636363636,0.4848484848484848,,,,,,
Indonesia,2020-10-06,-0.0839074220150621,0.427640899234453,29,0.3793103448275862,0.5172413793103449,,,,,,
Indonesia,2020-10-07,-0.1266772444722227,0.4024716676829523,33,0.3333333333333333,0.6060606060606061,,,,,,
Indonesia,2020-10-08,-0.1439363713451194,0.3699530239561751,23,0.3043478260869565,0.5217391304347826,,,,,,
Indonesia,2020-10-09,-0.2995166273456568,0.3977533274563919,14,0.3571428571428571,0.6428571428571429,,,,,,
Indonesia,2020-10-10,-0.2211185106777767,0.471050795914769,27,0.2962962962962963,0.6666666666666666,,,,,,
Indonesia,2020-10-11,-0.1685784452137212,0.4034190813651378,30,0.3,0.6333333333333333,,,,,,
Indonesia,2020-10-12,-0.1447521727493079,0.4374289899336049,46,0.2826086956521739,0.6304347826086957,,,,,,
Indonesia,2020-10-13,-0.0167033316589625,0.5012362081652962,33,0.4848484848484848,0.5151515151515151,,,,,,
Indonesia,2020-10-14,0.0013592418502481,0.2950054579868317,26,0.5769230769230769,0.3846153846153846,,,,,,
Indonesia,2020-10-15,-0.0296033795405611,0.3253427911138483,35,0.4,0.5714285714285714,,,,,,
Indonesia,2020-10-16,-0.0833839844373418,0.4150495409477004,29,0.4827586206896552,0.4827586206896552,,,,,,
Indonesia,2020-10-17,-0.1103323782877183,0.5316984429778631,23,0.4782608695652174,0.4347826086956521,,,,,,
Indonesia,2020-10-18,-0.1636533890012887,0.404952424661753,31,0.2580645161290322,0.6451612903225806,,,,,,
Indonesia,2020-10-19,-0.1599072314222066,0.4252433958800459,42,0.3095238095238095,0.6428571428571429,,,,,,
Indonesia,2020-10-20,-0.0637812102963062,0.3658219567638199,38,0.3684210526315789,0.5789473684210527,,,,,,
Indonesia,2020-10-21,-0.1607264799771969,0.368536569655971,42,0.3809523809523809,0.5952380952380952,,,,,,
Indonesia,2020-10-22,-0.0965606431648745,0.3869764910946071,31,0.3225806451612903,0.6451612903225806,,,,,,
Indonesia,2020-10-23,-0.1463882965009191,0.3648090560761748,27,0.3333333333333333,0.6296296296296297,,,,,,
Indonesia,2020-10-24,-0.259738231198259,0.3515186517178622,18,0.2222222222222222,0.7777777777777778,,,,,,
Indonesia,2020-10-25,-0.0388375338974461,0.3711817140875242,25,0.52,0.48,,,,,,
Indonesia,2020-10-26,0.0003833401218064,0.424026393539085,43,0.4883720930232558,0.4418604651162791,,,,,,
Indonesia,2020-10-27,-0.1400826453234209,0.4577550639738988,50,0.36,0.64,,,,,,
Indonesia,2020-10-28,-0.1686634915140451,0.3405105261624936,36,0.4166666666666667,0.5833333333333334,,,,,,
Indonesia,2020-10-29,-0.1531739082645085,0.5097553029761339,33,0.3333333333333333,0.6363636363636364,,,,,,
Indonesia,2020-10-30,0.019384645340447,0.4751851288501819,22,0.5,0.4545454545454545,,,,,,
Indonesia,2020-10-31,0.0523992868397245,0.3696271359915977,6,0.5,0.5,,,,,,
Indonesia,2020-11-01,-0.1346055668920374,0.4032339604103812,24,0.375,0.625,,,,,,
Indonesia,2020-11-02,-0.107103784910413,0.4439508810554952,27,0.4074074074074074,0.5555555555555556,,,,,,
Indonesia,2020-11-03,-0.0381228930643289,0.4989654390976068,22,0.5,0.5,,,,,,
Indonesia,2020-11-04,-0.0413612380768978,0.3465236565668528,32,0.5,0.4375,,,,,,
Indonesia,2020-11-05,-0.1428524162217054,0.3089685115630918,19,0.3157894736842105,0.6842105263157895,,,,,,
Indonesia,2020-11-06,-0.2851784931503541,0.3503271192973785,15,0.2,0.8,,,,,,
Indonesia,2020-11-07,-0.3971973430107317,0.4154328063295758,9,0.1111111111111111,0.8888888888888888,,,,,,
Indonesia,2020-11-08,0.3293426375429074,0.4739138822912036,5,0.8,0.2,,,,,,
Indonesia,2020-11-09,-0.0002846213626164,0.3815619640309608,26,0.5384615384615384,0.4615384615384615,,,,,,
Indonesia,2020-11-10,-0.0582222998658551,0.3134037458056281,28,0.3571428571428571,0.6428571428571429,,,,,,
Indonesia,2020-11-11,-0.0078554335069359,0.4348530589507189,28,0.4642857142857143,0.5357142857142857,,,,,,
Indonesia,2020-11-12,-0.155753471102517,0.4077374579949506,24,0.2916666666666667,0.625,,,,,,
Indonesia,2020-11-13,-0.0339059643040782,0.2195800364508018,6,0.5,0.5,,,,,,
Indonesia,2020-11-15,-0.4747195888787127,0.3941936988483079,3,0.0,1.0,,,,,,
Indonesia,2020-11-16,0.0147293820506053,0.397379279062696,34,0.5294117647058824,0.4705882352941176,,,,,,
Indonesia,2020-11-17,-0.1241504496437028,0.3561533417359652,26,0.3076923076923077,0.6923076923076923,,,,,,
Indonesia,2020-11-18,-0.059917457308452,0.3019197688127006,75,0.3333333333333333,0.5866666666666667,,,,,,
Indonesia,2020-11-19,-0.067019573666864,0.4725876394109021,68,0.4117647058823529,0.5441176470588235,,,,,,
Indonesia,2020-11-20,-0.1379849151492578,0.3941686845061257,52,0.4423076923076923,0.5384615384615384,,,,,,
Indonesia,2020-11-21,-0.1302006220032178,0.502290302557776,38,0.3421052631578947,0.631578947368421,,,,,,
Indonesia,2020-11-22,-0.1192604071426598,0.4156282077484212,23,0.3478260869565217,0.6521739130434783,,,,,,
Indonesia,2020-11-23,-0.0632775689865818,0.378079756654981,61,0.4098360655737705,0.5245901639344263,,,,,,
Indonesia,2020-11-24,-0.0775625471716684,0.3653788623968962,58,0.4310344827586206,0.5344827586206896,,,,,,
Indonesia,2020-11-25,-0.1140756775929806,0.3744376823928262,72,0.3888888888888889,0.5833333333333334,,,,,,
Indonesia,2020-11-26,-0.1201685738399885,0.4279042576569759,60,0.4,0.55,,,,,,
Indonesia,2020-11-27,-0.1109790120531909,0.4295066062218957,50,0.38,0.6,,,,,,
Indonesia,2020-11-28,0.100637085609828,0.3456339295982758,28,0.6428571428571429,0.3214285714285714,,,,,,
Indonesia,2020-11-29,-0.1254290540238633,0.4483479174551665,32,0.34375,0.625,,,,,,
Indonesia,2020-11-30,-0.1290856926333065,0.506101319047472,55,0.4181818181818181,0.5454545454545454,,,,,,
Indonesia,2020-12-01,-0.0924190018951295,0.3880562686158808,36,0.3611111111111111,0.6388888888888888,,,,,,
Indonesia,2020-12-02,-0.1757291939349108,0.3838470003985282,37,0.3243243243243243,0.6486486486486487,,,,,,
Indonesia,2020-12-03,-0.1365437627912651,0.3952211803147985,49,0.3877551020408163,0.5714285714285714,,,,,,
Indonesia,2020-12-04,-0.1568707717998398,0.4246338497724071,55,0.2727272727272727,0.6727272727272727,,,,,,
Indonesia,2020-12-05,-0.1647737539504294,0.4361350366024569,29,0.3103448275862069,0.6551724137931034,,,,,,
Indonesia,2020-12-06,-0.2868832577207632,0.4264876576968483,31,0.2258064516129032,0.7419354838709677,,,,,,
Indonesia,2020-12-07,-0.1740294295152684,0.3901313090588662,50,0.32,0.66,,,,,,
Indonesia,2020-12-08,-0.0957642544557945,0.402581589743947,32,0.40625,0.53125,,,,,,
Indonesia,2020-12-09,-0.0465181561996402,0.3201642979173283,30,0.4333333333333333,0.5666666666666667,,,,,,
Indonesia,2020-12-10,-0.1192507796497696,0.3951524983894502,35,0.4,0.5714285714285714,,,,,,
Indonesia,2020-12-11,-0.0963105031831069,0.4532662765290247,27,0.4074074074074074,0.5925925925925926,,,,,,
Indonesia,2020-12-12,-0.0208609581980137,0.4134968005782744,41,0.5609756097560976,0.4390243902439024,,,,,,
Indonesia,2020-12-13,0.0627178278389252,0.4157241710334726,17,0.5294117647058824,0.4705882352941176,,,,,,
Indonesia,2020-12-14,-0.177732445217275,0.450904733827045,26,0.4615384615384615,0.5384615384615384,,,,,,
Indonesia,2020-12-15,-0.1291759592661901,0.4976569392539407,30,0.4333333333333333,0.5,,,,,,
Indonesia,2020-12-16,-0.0235814262235597,0.3931126984038979,37,0.5135135135135135,0.4324324324324324,,,,,,
Indonesia,2020-12-17,-0.0872050842244238,0.4451806410262162,45,0.4444444444444444,0.5333333333333333,,,,,,
Indonesia,2020-12-18,-0.0527584483292348,0.4471948878876286,41,0.4390243902439024,0.5365853658536586,,,,,,
Indonesia,2020-12-19,-0.0575983756869449,0.4086866095944189,24,0.5833333333333334,0.4166666666666667,,,,,,
Indonesia,2020-12-20,-0.0206288845393801,0.4072496874474224,25,0.56,0.44,,,,,,
Indonesia,2020-12-21,-0.0109313144572163,0.380461230384477,37,0.4324324324324324,0.5135135135135135,,,,,,
Indonesia,2020-12-22,-0.1134988459054101,0.4548687433433716,44,0.3863636363636363,0.6136363636363636,,,,,,
Indonesia,2020-12-23,-0.0579735678021719,0.3345995619287487,42,0.4523809523809524,0.4761904761904761,,,,,,
Indonesia,2020-12-24,-0.0602538403481182,0.3458265723370196,24,0.2916666666666667,0.7083333333333334,,,,,,
Indonesia,2020-12-25,-0.1447843046530849,0.4475923248588392,15,0.3333333333333333,0.6,,,,,,
Indonesia,2020-12-26,-0.2042149442476736,0.480998037419246,16,0.375,0.5625,,,,,,
Indonesia,2020-12-27,-0.0418303054810796,0.3443570181444085,10,0.6,0.4,,,,,,
Indonesia,2020-12-28,-0.0591255373095441,0.3900408328232806,28,0.3928571428571428,0.5357142857142857,1.0,1.0,0.0,0.887,11.0,opportunity
Indonesia,2020-12-29,-0.2161491328582979,0.3199322747833452,31,0.2258064516129032,0.7419354838709677,1.0,1.0,0.0,0.9334,10.0,opportunity
Indonesia,2020-12-30,-0.2840668792975109,0.4134105936958174,27,0.2962962962962963,0.6666666666666666,1.0,1.0,0.0,0.788,11.0,opportunity
Indonesia,2020-12-31,-0.0850592740704652,0.2783956232491286,29,0.3793103448275862,0.5517241379310345,-1.0,0.0,1.0,0.7312,14.0,risk
Indonesia,2021-01-01,-0.0239474238163205,0.4907155453711649,14,0.4285714285714285,0.5714285714285714,,,,,,
Indonesia,2021-01-02,-0.0558802252567397,0.3877216524133213,17,0.4117647058823529,0.5882352941176471,,,,,,
Indonesia,2021-01-03,-0.1889515864376271,0.4276604787784542,21,0.3333333333333333,0.6190476190476191,,,,,,
Indonesia,2021-01-04,-0.2128630916361742,0.3600646713998444,56,0.2678571428571428,0.7142857142857143,,,,,,
Indonesia,2021-01-05,-0.2426116540810925,0.3506662662709509,45,0.2,0.7777777777777778,,,,,,
Indonesia,2021-01-06,-0.1199963915340452,0.4280735512908648,30,0.3,0.7,,,,,,
Indonesia,2021-01-07,-0.2120834623077075,0.4329378081778478,32,0.34375,0.65625,,,,,,
Indonesia,2021-01-08,-0.0239744319645461,0.3414354809696188,34,0.5588235294117647,0.4411764705882353,,,,,,
Indonesia,2021-01-09,-0.100014784349383,0.3935526034719397,23,0.3478260869565217,0.6086956521739131,,,,,,
Indonesia,2021-01-10,-0.2481275981989332,0.3132754759793875,29,0.2413793103448276,0.7241379310344828,,,,,,
Indonesia,2021-01-11,-0.0780051864096049,0.2370281115344175,35,0.3142857142857143,0.6285714285714286,,,,,,
Indonesia,2021-01-12,-0.1796086346107979,0.3995933241570031,28,0.3571428571428571,0.6428571428571429,,,,,,
Indonesia,2021-01-13,-0.0576899630274645,0.3426703134033472,38,0.4210526315789473,0.5526315789473685,,,,,,
Indonesia,2021-01-14,-0.0932923218575313,0.3727942969170509,36,0.3333333333333333,0.6111111111111112,,,,,,
Indonesia,2021-01-15,-0.2388046511610791,0.3933292539648243,55,0.2545454545454545,0.7272727272727273,,,,,,
Indonesia,2021-01-16,-0.3287455401377125,0.2685500532065687,23,0.0869565217391304,0.8260869565217391,,,,,,
Indonesia,2021-01-17,-0.0580375267725462,0.4365342805925307,25,0.48,0.48,,,,,,
Indonesia,2021-01-18,-0.1124727148454876,0.4387252472018478,49,0.4081632653061224,0.5714285714285714,,,,,,
Indonesia,2021-01-19,-0.3131266018812401,0.4138977559426794,40,0.175,0.775,,,,,,
Indonesia,2021-01-20,-0.1286843859245954,0.385995840273092,32,0.46875,0.53125,,,,,,
Indonesia,2021-01-21,-0.0061992789447029,0.3970140434111649,44,0.4090909090909091,0.5454545454545454,,,,,,
Indonesia,2021-01-22,-0.159428869659906,0.3942349402487949,36,0.3611111111111111,0.6111111111111112,,,,,,
Indonesia,2021-01-23,-0.2108899380063779,0.4954433158838589,24,0.2916666666666667,0.6666666666666666,,,,,,
Indonesia,2021-01-24,-0.3712705659016865,0.4455755671294881,25,0.24,0.76,,,,,,
Indonesia,2021-01-25,-0.218117144382167,0.3433732936934112,42,0.238095238095238,0.6666666666666666,,,,,,
Indonesia,2021-01-26,-0.1798379146879581,0.4330188718208161,41,0.3658536585365853,0.6341463414634146,,,,,,
Indonesia,2021-01-27,-0.2253562770080049,0.3448983018281897,35,0.2,0.7428571428571429,,,,,,
Indonesia,2021-01-28,-0.1729189416316055,0.4239208925307587,26,0.2692307692307692,0.7307692307692307,,,,,,
Indonesia,2021-01-29,-0.0694668852606008,0.4186293042452984,31,0.4193548387096774,0.5806451612903226,,,,,,
Indonesia,2021-01-30,-0.222092693523788,0.5034300055748157,20,0.3,0.7,,,,,,
Indonesia,2021-01-31,0.0507289501679662,0.4697276504005054,14,0.5714285714285714,0.3571428571428571,,,,,,
Indonesia,2021-02-01,-0.249054894437872,0.4450722132578361,41,0.2926829268292683,0.7073170731707317,,,,,,
Indonesia,2021-02-02,-0.0987868215845657,0.3142619935161647,34,0.3529411764705882,0.6470588235294118,,,,,,
Indonesia,2021-02-03,-0.1349721029402052,0.4359603518090529,44,0.3863636363636363,0.5909090909090909,,,,,,
Indonesia,2021-02-04,-0.068814612291097,0.4430085988491708,35,0.4,0.5428571428571428,,,,,,
Indonesia,2021-02-05,-0.058938824635181,0.3646669996107301,33,0.4545454545454545,0.5151515151515151,,,,,,
Indonesia,2021-02-06,-0.1133924282927408,0.4018678229082095,19,0.3157894736842105,0.5789473684210527,,,,,,
Indonesia,2021-02-07,-0.0713512476897787,0.3141222572996276,22,0.2272727272727272,0.5909090909090909,,,,,,
Indonesia,2021-02-08,-0.1943301907351598,0.4158673532361724,41,0.2682926829268293,0.7317073170731707,,,,,,
Indonesia,2021-02-09,-0.148219490698338,0.450293045974183,40,0.375,0.625,,,,,,
Indonesia,2021-02-10,-0.2256361939781539,0.4497775160552279,48,0.3333333333333333,0.625,,,,,,
Indonesia,2021-02-11,-0.1408044675129416,0.4706710220936271,32,0.4375,0.5625,,,,,,
Indonesia,2021-02-12,-0.1466014020429234,0.3219895375736907,23,0.391304347826087,0.5652173913043478,,,,,,
Indonesia,2021-02-13,-0.0853235991897633,0.3801596320212206,29,0.4137931034482758,0.5172413793103449,,,,,,
Indonesia,2021-02-14,-0.1112487858129122,0.2757848166868852,23,0.391304347826087,0.5217391304347826,,,,,,
Indonesia,2021-02-15,-0.2417471823912374,0.3892335966973089,53,0.2830188679245283,0.6981132075471698,,,,,,
Indonesia,2021-02-16,-0.2425279139306353,0.4194200857158063,41,0.2682926829268293,0.7317073170731707,,,,,,
Indonesia,2021-02-17,-0.1460101429652505,0.3851275178102585,47,0.3617021276595745,0.6382978723404256,,,,,,
Indonesia,2021-02-18,-0.2300579089018889,0.447937839325966,42,0.2619047619047619,0.7142857142857143,,,,,,
Indonesia,2021-02-19,-0.2354324488635779,0.4935492465230748,24,0.2916666666666667,0.625,,,,,,
Indonesia,2021-02-20,-0.1493510519062257,0.3226136841116686,21,0.2857142857142857,0.6666666666666666,,,,,,
Indonesia,2021-02-21,-0.3326836813982575,0.4226277516165314,19,0.2105263157894736,0.7894736842105263,,,,,,
Indonesia,2021-02-22,-0.244610023135611,0.4570318904733262,37,0.2972972972972973,0.7027027027027027,,,,,,
Indonesia,2021-02-23,-0.0685247996463058,0.4276005575491026,53,0.4716981132075472,0.5094339622641509,,,,,,
Indonesia,2021-02-24,-0.0303738740911354,0.4278421525423372,48,0.5416666666666666,0.4375,,,,,,
Indonesia,2021-02-25,-0.1754202369704804,0.462621671250371,51,0.3725490196078431,0.6078431372549019,,,,,,
Indonesia,2021-02-26,-0.2346971769560217,0.4487275348681347,33,0.303030303030303,0.6666666666666666,,,,,,
Indonesia,2021-02-27,-0.1792652452342583,0.3499367411388161,40,0.3,0.65,,,,,,
Indonesia,2021-02-28,-0.0537848839468567,0.3083948742309331,27,0.3333333333333333,0.5925925925925926,,,,,,
Indonesia,2021-03-01,-0.273809540693073,0.3746141547548871,30,0.2333333333333333,0.7,,,,,,
Indonesia,2021-03-02,-0.1693831577148647,0.3054142481937401,34,0.2941176470588235,0.6470588235294118,,,,,,
Indonesia,2021-03-03,-0.2561469106065427,0.3527677351984196,35,0.2,0.7428571428571429,,,,,,
Indonesia,2021-03-04,-0.1207963785498178,0.4024287196723326,37,0.3243243243243243,0.6486486486486487,,,,,,
Indonesia,2021-03-05,-0.0445706483100397,0.4948239055886898,32,0.4375,0.5625,,,,,,
Indonesia,2021-03-06,-0.1611047408973064,0.3627027152589084,24,0.2916666666666667,0.7083333333333334,,,,,,
Indonesia,2021-03-07,-0.2192988586258744,0.4636096754396286,34,0.2941176470588235,0.6764705882352942,,,,,,
Indonesia,2021-03-08,-0.0245035922949293,0.392733270086795,43,0.5348837209302325,0.4651162790697674,,,,,,
Indonesia,2021-03-09,-0.1371142358341605,0.4141955749825359,43,0.3953488372093023,0.5348837209302325,,,,,,
Indonesia,2021-03-10,-0.2091458525791457,0.4387333494171663,41,0.3170731707317073,0.6585365853658537,,,,,,
Indonesia,2021-03-11,-0.3666176543401954,0.4239894034998372,23,0.217391304347826,0.782608695652174,,,,,,
Indonesia,2021-03-12,-0.2314043301749959,0.3972004265912848,39,0.2564102564102564,0.717948717948718,,,,,,
Indonesia,2021-03-13,-0.2803365855314788,0.5426663708255802,13,0.3076923076923077,0.6923076923076923,,,,,,
Indonesia,2021-03-14,-0.1757450382314009,0.3895597703322891,15,0.2666666666666666,0.6666666666666666,,,,,,
Indonesia,2021-03-15,-0.1591165652094634,0.3450202015876737,25,0.28,0.68,,,,,,
Indonesia,2021-03-16,-0.1627273951500141,0.3406824262608285,31,0.3225806451612903,0.6129032258064516,,,,,,
Indonesia,2021-03-17,-0.1337472893201902,0.4657794042251368,41,0.3902439024390244,0.5853658536585366,,,,,,
Indonesia,2021-03-18,-0.1246346838542893,0.3617047579814807,26,0.2692307692307692,0.6538461538461539,,,,,,
Indonesia,2021-03-19,-0.0487899552385936,0.3750379211891027,31,0.3870967741935484,0.5161290322580645,,,,,,
Indonesia,2021-03-20,-0.31024223522053,0.3739688617441984,28,0.1785714285714285,0.7857142857142857,,,,,,
Indonesia,2021-03-21,-0.0595082159929629,0.3591993801016662,16,0.4375,0.5625,,,,,,
Indonesia,2021-03-22,-0.2457490555229424,0.4395683503291078,32,0.3125,0.65625,,,,,,
Indonesia,2021-03-23,-0.1177553185360514,0.372962134131803,39,0.358974358974359,0.6153846153846154,,,,,,
Indonesia,2021-03-24,-0.1728815964768117,0.3475279906518536,45,0.3333333333333333,0.6666666666666666,,,,,,
Indonesia,2021-03-25,-0.0666237219042528,0.261452199195495,33,0.3333333333333333,0.6666666666666666,,,,,,
Indonesia,2021-03-26,-0.1239097462615704,0.3884657213901766,32,0.34375,0.59375,,,,,,
Indonesia,2021-03-27,-0.0203859732660537,0.3851601451654134,19,0.4210526315789473,0.4736842105263157,,,,,,
Indonesia,2021-03-28,-0.3873559835375372,0.3957863108582681,20,0.15,0.75,,,,,,
Indonesia,2021-03-29,-0.3431883693957561,0.4228872882482469,54,0.1851851851851851,0.7962962962962963,,,,,,
Indonesia,2021-03-30,-0.2548988523309917,0.3800431648036457,49,0.2857142857142857,0.6938775510204082,,,,,,
Indonesia,2021-03-31,-0.1571905337585147,0.363707995370248,36,0.3333333333333333,0.6388888888888888,,,,,,
Indonesia,2021-04-01,-0.0702759726379124,0.4553052499108072,39,0.3846153846153846,0.5641025641025641,,,,,,
Indonesia,2021-04-02,-0.06619835305441,0.4426061690619348,32,0.375,0.53125,,,,,,
Indonesia,2021-04-03,-0.1842027645957567,0.4018878941466131,16,0.375,0.625,,,,,,
Indonesia,2021-04-04,-0.3642921841526981,0.285312126478604,25,0.08,0.88,,,,,,
Indonesia,2021-04-05,-0.3380020482954988,0.3761850763483302,46,0.2608695652173913,0.717391304347826,,,,,,
Indonesia,2021-04-06,-0.2726621968324026,0.3972643651595731,39,0.3076923076923077,0.6923076923076923,,,,,,
Indonesia,2021-04-07,-0.172190293270963,0.4382542033226188,50,0.38,0.6,,,,,,
Indonesia,2021-04-08,-0.2249251576325985,0.4241244113760001,39,0.3333333333333333,0.6153846153846154,,,,,,
Indonesia,2021-04-09,-0.0654503541562195,0.4536671618857867,32,0.46875,0.53125,,,,,,
Indonesia,2021-04-10,-0.2758919867016195,0.450016239336387,21,0.3333333333333333,0.6190476190476191,,,,,,
Indonesia,2021-04-11,-0.2411668341761639,0.3083881863498171,20,0.15,0.8,,,,,,
Indonesia,2021-04-12,-0.0422356675598831,0.4003818028536791,31,0.4193548387096774,0.5483870967741935,,,,,,
Indonesia,2021-04-13,-0.1260678916502672,0.4384636425280179,33,0.303030303030303,0.6666666666666666,,,,,,
Indonesia,2021-04-14,-0.2238727542557877,0.3758776886804968,40,0.3,0.6,,,,,,
Indonesia,2021-04-15,-0.2231091215208653,0.4378451507595391,38,0.3684210526315789,0.631578947368421,,,,,,
Indonesia,2021-04-16,-0.123499890816601,0.3251695392134019,20,0.45,0.5,,,,,,
Indonesia,2021-04-17,-0.1267270659290794,0.476544215156358,23,0.391304347826087,0.5217391304347826,,,,,,
Indonesia,2021-04-18,-0.0912626949955694,0.4830384152859761,17,0.3529411764705882,0.6470588235294118,,,,,,
Indonesia,2021-04-19,0.0521421218968434,0.3667195305613775,19,0.5263157894736842,0.4210526315789473,,,,,,
Indonesia,2021-04-20,-0.1806954250640946,0.3965890953775335,26,0.3076923076923077,0.6153846153846154,,,,,,
Indonesia,2021-04-21,-0.1670432470316009,0.3800860783038934,32,0.28125,0.71875,,,,,,
Indonesia,2021-04-22,-0.0937767605755152,0.446468702983483,57,0.3333333333333333,0.6491228070175439,,,,,,
Indonesia,2021-04-23,-0.1946463073652923,0.2953098784008452,47,0.1914893617021276,0.7872340425531915,,,,,,
Indonesia,2021-04-24,-0.1433145058182919,0.2594185609908325,50,0.18,0.78,,,,,,
Indonesia,2021-04-25,-0.2071680322959356,0.3277980907461696,34,0.2352941176470588,0.7352941176470589,,,,,,
Indonesia,2021-04-26,-0.1496967924802459,0.2636514352457402,32,0.21875,0.75,,,,,,
Indonesia,2021-04-27,-0.0933572915457924,0.3948888795720805,37,0.4324324324324324,0.5405405405405406,,,,,,
Indonesia,2021-04-28,-0.2293758616962933,0.438194173060691,35,0.2857142857142857,0.6857142857142857,,,,,,
Indonesia,2021-04-29,-0.1294227940369553,0.4234860471826834,28,0.4642857142857143,0.5357142857142857,,,,,,
Indonesia,2021-04-30,-0.200975640740627,0.3752641311753713,42,0.2142857142857142,0.6666666666666666,,,,,,
Indonesia,2021-05-01,-0.3160050559676628,0.3897144445536188,27,0.2222222222222222,0.7407407407407407,,,,,,
Indonesia,2021-05-02,-0.0954894102987498,0.3363019239349155,17,0.4117647058823529,0.5294117647058824,,,,,,
Indonesia,2021-05-03,-0.1122412023005845,0.4148043197592799,33,0.3939393939393939,0.5757575757575758,,,,,,
Indonesia,2021-05-04,-0.1242274715247939,0.3617576478853748,37,0.4054054054054054,0.5675675675675675,,,,,,
Indonesia,2021-05-05,-0.2012990934437908,0.3617608866563984,35,0.2857142857142857,0.6857142857142857,,,,,,
Indonesia,2021-05-06,-0.1621461775716871,0.418188337865161,39,0.3076923076923077,0.6666666666666666,,,,,,
Indonesia,2021-05-07,-0.074304181811306,0.3512981402313986,39,0.4871794871794871,0.4615384615384615,,,,,,
Indonesia,2021-05-08,-0.0045677969771086,0.2955947341532002,24,0.5833333333333334,0.4166666666666667,,,,,,
Indonesia,2021-05-09,-0.201351053937952,0.3897056489954147,21,0.2857142857142857,0.6666666666666666,,,,,,
Indonesia,2021-05-10,-0.2233827234033248,0.3239549126635645,40,0.175,0.825,,,,,,
Indonesia,2021-05-11,-0.1374447766427828,0.4167846968493352,46,0.3043478260869565,0.6521739130434783,,,,,,
Indonesia,2021-05-12,-0.1091742151127847,0.4191186901163896,27,0.4444444444444444,0.5555555555555556,,,,,,
Indonesia,2021-05-13,-0.2139215078367922,0.2368538024705706,15,0.0666666666666666,0.8,,,,,,
Indonesia,2021-05-14,-0.1714225463363019,0.3125737989667542,23,0.3043478260869565,0.6956521739130435,,,,,,
Indonesia,2021-05-15,-0.300234626337766,0.306746841317306,23,0.1304347826086956,0.8695652173913043,,,,,,
Indonesia,2021-05-16,-0.1972991004989271,0.3760186192902334,21,0.1904761904761904,0.8095238095238095,,,,,,
Indonesia,2021-05-17,-0.1686055988372769,0.4054618555768687,38,0.2631578947368421,0.7368421052631579,,,,,,
Indonesia,2021-05-18,-0.0311152455611307,0.3349925161947333,46,0.5,0.4347826086956521,,,,,,
Indonesia,2021-05-19,-0.2208532771577703,0.3695207755525929,36,0.3055555555555556,0.6666666666666666,,,,,,
Indonesia,2021-05-20,-0.1635772066929195,0.3793253694354327,49,0.3265306122448979,0.6326530612244898,,,,,,
Indonesia,2021-05-21,-0.2091297294350136,0.3392504293970056,40,0.2,0.8,,,,,,
Indonesia,2021-05-22,-0.1698883906902354,0.4622468140213105,35,0.4,0.6,,,,,,
Indonesia,2021-05-23,-0.0924007161884555,0.3854379657453905,18,0.3888888888888889,0.6111111111111112,,,,,,
Indonesia,2021-05-24,-0.2773434186586483,0.4288041987383302,39,0.2051282051282051,0.7692307692307693,,,,,,
Indonesia,2021-05-25,-0.1320575747893221,0.4000943186522001,39,0.358974358974359,0.6153846153846154,,,,,,
Indonesia,2021-05-26,-0.0278626992353052,0.3507913659301754,27,0.5185185185185185,0.4074074074074074,,,,,,
Indonesia,2021-05-27,-0.0830421568965087,0.435355968167548,43,0.4651162790697674,0.4883720930232558,,,,,,
Indonesia,2021-05-28,-0.0642773038651136,0.4220038185258639,38,0.4473684210526316,0.5,,,,,,
Indonesia,2021-05-29,-0.0306508621168383,0.3626745648533633,25,0.44,0.56,,,,,,
Indonesia,2021-05-30,0.0864531602319742,0.320420946122753,22,0.6363636363636364,0.3181818181818182,,,,,,
Indonesia,2021-05-31,-0.2377427437943274,0.3812747955926481,38,0.2368421052631578,0.7105263157894737,,,,,,
Indonesia,2021-06-01,-0.0577197489413379,0.3977229980954767,28,0.4642857142857143,0.5,,,,,,
Indonesia,2021-06-02,-0.1966411369077128,0.3481068728977636,28,0.2857142857142857,0.7142857142857143,,,,,,
Indonesia,2021-06-03,-0.1098766951842851,0.3956662867919288,35,0.4,0.5714285714285714,,,,,,
Indonesia,2021-06-04,-0.1519647700766258,0.3689262776253343,33,0.3636363636363636,0.6363636363636364,,,,,,
Indonesia,2021-06-05,-0.1085737951166695,0.3588800415379705,23,0.2608695652173913,0.6086956521739131,,,,,,
Indonesia,2021-06-06,-0.1704148939975333,0.4572432644813979,25,0.4,0.6,,,,,,
Indonesia,2021-06-07,-0.1119521984684407,0.357123132638641,50,0.34,0.6,,,,,,
Indonesia,2021-06-08,-0.1389297189728536,0.3309138169442289,36,0.4166666666666667,0.5833333333333334,,,,,,
Indonesia,2021-06-09,-0.1216277466467679,0.3369508939919697,38,0.3157894736842105,0.6052631578947368,,,,,,
Indonesia,2021-06-10,-0.0536229734143664,0.4241118974249722,38,0.4473684210526316,0.5,,,,,,
Indonesia,2021-06-11,-0.2564188407514317,0.5022233616088272,53,0.3018867924528302,0.6415094339622641,,,,,,
Indonesia,2021-06-12,-0.1057356781378155,0.3214300715314257,30,0.3333333333333333,0.6666666666666666,,,,,,
Indonesia,2021-06-13,-0.1280857230122225,0.3990572606223389,20,0.25,0.65,,,,,,
Indonesia,2021-06-14,-0.1177968417429174,0.4782657171220035,37,0.3243243243243243,0.6486486486486487,,,,,,
Indonesia,2021-06-15,-0.0882192474124504,0.3476321648064228,45,0.3555555555555555,0.5777777777777777,,,,,,
Indonesia,2021-06-16,-0.0366734892759104,0.4715488742285206,43,0.4883720930232558,0.4651162790697674,,,,,,
Indonesia,2021-06-17,-0.1202496457085462,0.4138362961318749,39,0.4102564102564102,0.5641025641025641,,,,,,
Indonesia,2021-06-18,-0.1113983948678131,0.4284455165774997,31,0.3870967741935484,0.5161290322580645,,,,,,
Indonesia,2021-06-19,-0.165801809870052,0.402391422725405,25,0.32,0.64,,,,,,
Indonesia,2021-06-20,-0.0872090340023838,0.3413181310823481,21,0.3333333333333333,0.6666666666666666,,,,,,
Indonesia,2021-06-21,-0.1475390661775105,0.3986954210027155,48,0.3958333333333333,0.5833333333333334,,,,,,
Indonesia,2021-06-22,-0.2287573332673335,0.333960597513244,26,0.2307692307692307,0.7692307692307693,,,,,,
Indonesia,2021-06-23,-0.165810167749729,0.3992081895289079,29,0.3448275862068966,0.5517241379310345,,,,,,
Indonesia,2021-06-24,-0.0706859045872873,0.4732214861898109,36,0.3611111111111111,0.5833333333333334,,,,,,
Indonesia,2021-06-25,-0.0570948046179688,0.5228640731242753,26,0.4230769230769231,0.5,,,,,,
Indonesia,2021-06-26,-0.2165653580453247,0.3819415958806847,14,0.2857142857142857,0.7142857142857143,,,,,,
Indonesia,2021-06-27,-0.1199434558733407,0.3585354175487584,18,0.4444444444444444,0.5555555555555556,,,,,,
Indonesia,2021-06-28,-0.1126169064272767,0.3563595638295694,34,0.2941176470588235,0.6470588235294118,,,,,,
Indonesia,2021-06-29,-0.045653835311169,0.4152394106940518,43,0.3953488372093023,0.5581395348837209,,,,,,
Indonesia,2021-06-30,-0.097395840817626,0.4137834277782575,48,0.3958333333333333,0.6041666666666666,,,,,,
Indonesia,2021-07-01,-0.131289156721636,0.4453951181753435,41,0.4390243902439024,0.5365853658536586,,,,,,
Indonesia,2021-07-02,-0.2265350856674991,0.311881669034259,28,0.1785714285714285,0.7142857142857143,,,,,,
Indonesia,2021-07-03,-0.0804444526442334,0.3798504412756874,14,0.4285714285714285,0.5714285714285714,,,,,,
Indonesia,2021-07-04,-0.2511869513870383,0.4328807331911599,24,0.2083333333333333,0.7916666666666666,,,,,,
Indonesia,2021-07-05,-0.1973249873516169,0.3380852981618535,49,0.2448979591836734,0.6938775510204082,,,,,,
Indonesia,2021-07-06,-0.2179204954927535,0.3549729951432283,35,0.2571428571428571,0.6857142857142857,,,,,,
Indonesia,2021-07-07,-0.2077501357342065,0.3976487354726031,43,0.3255813953488372,0.6511627906976745,,,,,,
Indonesia,2021-07-08,-0.1476690418185822,0.401360514463421,48,0.375,0.625,,,,,,
Indonesia,2021-07-09,-0.1590624668710539,0.3882719723722449,40,0.375,0.625,,,,,,
Indonesia,2021-07-10,-0.2288613065796606,0.362625862339517,25,0.32,0.68,,,,,,
Indonesia,2021-07-11,-0.3786827454349691,0.4027652575827432,24,0.1666666666666666,0.8333333333333334,,,,,,
Indonesia,2021-07-12,-0.2776261911002174,0.382272468804046,35,0.2857142857142857,0.7142857142857143,,,,,,
Indonesia,2021-07-13,-0.2414260835500135,0.4205713615848956,43,0.3023255813953488,0.6511627906976745,,,,,,
Indonesia,2021-07-14,-0.1474827515733147,0.3937992530644617,34,0.4411764705882353,0.5294117647058824,,,,,,
Indonesia,2021-07-15,-0.1108136354920885,0.4612071512258112,42,0.4047619047619047,0.5714285714285714,,,,,,
Indonesia,2021-07-16,-0.2364099301430979,0.4378362068934246,29,0.3103448275862069,0.6896551724137931,,,,,,
Indonesia,2021-07-17,-0.1948067371885421,0.3940023378133952,22,0.3181818181818182,0.6363636363636364,,,,,,
Indonesia,2021-07-18,-0.1772618235850107,0.2537507201262506,18,0.2222222222222222,0.6666666666666666,,,,,,
Indonesia,2021-07-19,-0.0956407547432475,0.4453423290274043,42,0.3333333333333333,0.6428571428571429,,,,,,
Indonesia,2021-07-20,-0.093100667303399,0.3279847507532092,29,0.2413793103448276,0.7241379310344828,,,,,,
Indonesia,2021-07-21,-0.1360719565278165,0.3495859377734847,37,0.3783783783783784,0.6216216216216216,,,,,,
Indonesia,2021-07-22,-0.1869058331532594,0.3619782792206971,44,0.3181818181818182,0.6818181818181818,,,,,,
Indonesia,2021-07-23,-0.1739540834912539,0.3999736154571483,31,0.3548387096774194,0.6451612903225806,,,,,,
Indonesia,2021-07-24,0.0138688787873747,0.4180434597690627,31,0.4838709677419355,0.4838709677419355,,,,,,
Indonesia,2021-07-25,-0.0828339840138211,0.3849085915367941,18,0.3888888888888889,0.5,,,,,,
Indonesia,2021-07-26,-0.1463386876323656,0.3889496956847761,35,0.3714285714285714,0.5428571428571428,,,,,,
Indonesia,2021-07-27,-0.0592486641868858,0.4585823733450063,39,0.3846153846153846,0.5384615384615384,,,,,,
Indonesia,2021-07-28,-0.1845624101895659,0.432871059967655,43,0.3720930232558139,0.5813953488372093,,,,,,
Indonesia,2021-07-29,-0.2185890409698098,0.4191120951952228,27,0.2962962962962963,0.7037037037037037,,,,,,
Indonesia,2021-07-30,-0.1470794622175587,0.4204670353662702,22,0.4545454545454545,0.5454545454545454,,,,,,
Indonesia,2021-07-31,-0.0302065187809945,0.5051714846770405,8,0.5,0.375,,,,,,
Indonesia,2021-08-01,-0.3025410953897005,0.2057783143530192,24,0.0833333333333333,0.9166666666666666,,,,,,
Indonesia,2021-08-02,-0.1804755609618166,0.4242327983454247,47,0.2765957446808511,0.6808510638297872,,,,,,
Indonesia,2021-08-03,-0.0315405968612329,0.3183481795167258,43,0.3720930232558139,0.5581395348837209,,,,,,
Indonesia,2021-08-04,0.0407275537460998,0.4285468216768447,37,0.4594594594594595,0.4864864864864865,,,,,,
Indonesia,2021-08-05,-0.1043143835382853,0.3399400264994536,51,0.3725490196078431,0.5490196078431373,,,,,,
Indonesia,2021-08-06,-0.0144459808238943,0.4011784212924182,46,0.5,0.4782608695652174,,,,,,
Indonesia,2021-08-07,0.0302252691567191,0.4160293619949364,17,0.4117647058823529,0.5882352941176471,,,,,,
Indonesia,2021-08-08,-0.1286631407062359,0.3897740318192437,24,0.3333333333333333,0.5833333333333334,,,,,,
Indonesia,2021-08-09,-0.109612783222849,0.4131055845054034,36,0.3611111111111111,0.5833333333333334,,,,,,
Indonesia,2021-08-10,-0.1186928253526885,0.3988145410760824,26,0.3846153846153846,0.6153846153846154,,,,,,
Indonesia,2021-08-11,-0.0633284239698394,0.4048541831501601,17,0.5294117647058824,0.4117647058823529,,,,,,
Indonesia,2021-08-12,-0.1416434379133159,0.399963946011961,27,0.3333333333333333,0.6666666666666666,,,,,,
Indonesia,2021-08-13,-0.1052694407654844,0.4140889948711304,37,0.3243243243243243,0.6756756756756757,,,,,,
Indonesia,2021-08-14,0.0317515243398614,0.4346310193418511,12,0.6666666666666666,0.3333333333333333,,,,,,
Indonesia,2021-08-15,0.2704478765176576,0.5341643907130569,13,0.6923076923076923,0.3076923076923077,,,,,,
Indonesia,2021-08-16,-0.1408542412185213,0.3246718642294278,18,0.2777777777777778,0.6666666666666666,,,,,,
Indonesia,2021-08-17,-0.0904889619936997,0.4480062326043613,22,0.5,0.4545454545454545,,,,,,
Indonesia,2021-08-18,-0.1065899169410171,0.4196150608698504,27,0.3333333333333333,0.6296296296296297,,,,,,
Indonesia,2021-08-19,-0.0967610414635477,0.4007574463189984,46,0.4130434782608695,0.5434782608695652,,,,,,
Indonesia,2021-08-20,-0.0340961107887587,0.4204847126998501,24,0.4166666666666667,0.5416666666666666,,,,,,
Indonesia,2021-08-21,-0.2291960749750072,0.4681776297387598,22,0.3636363636363636,0.6363636363636364,,,,,,
Indonesia,2021-08-22,-0.3005327272113017,0.4364270403847411,32,0.1875,0.8125,,,,,,
Indonesia,2021-08-23,-0.1989096305120337,0.457155367021989,50,0.34,0.62,,,,,,
Indonesia,2021-08-24,-0.0721341512773812,0.4043728175618411,40,0.425,0.575,,,,,,
Indonesia,2021-08-25,-0.0321320891903654,0.4131053428530226,52,0.4038461538461538,0.5769230769230769,,,,,,
Indonesia,2021-08-26,-0.086739199592138,0.3926671098288463,50,0.34,0.62,,,,,,
Indonesia,2021-08-27,-0.0245764232104016,0.4858487886391091,30,0.5,0.4666666666666667,,,,,,
Indonesia,2021-08-28,-0.1499598971585717,0.4710563019482298,27,0.4444444444444444,0.5185185185185185,,,,,,
Indonesia,2021-08-29,-0.1747081673290678,0.384837049799981,22,0.3636363636363636,0.6363636363636364,,,,,,
Indonesia,2021-08-30,-0.125268385361999,0.4458642049060628,47,0.3191489361702128,0.5957446808510638,,,,,,
Indonesia,2021-08-31,0.0565439400855004,0.3617953126416117,34,0.5588235294117647,0.3529411764705882,,,,,,
Indonesia,2021-09-01,-0.1283712667436983,0.4099097144372891,46,0.391304347826087,0.5869565217391305,,,,,,
Indonesia,2021-09-02,-0.0052467400949262,0.5114121170531425,26,0.6538461538461539,0.3461538461538461,,,,,,
Indonesia,2021-09-03,-0.0842170807041659,0.4942614272013869,31,0.3870967741935484,0.5806451612903226,,,,,,
Indonesia,2021-09-04,-0.1472150878732629,0.4133032137160161,30,0.3666666666666666,0.6,,,,,,
Indonesia,2021-09-05,-0.2987155354248077,0.4339398296378885,29,0.2413793103448276,0.7241379310344828,,,,,,
Indonesia,2021-09-06,-0.2845233405144643,0.4635318381272317,32,0.28125,0.6875,,,,,,
Indonesia,2021-09-07,-0.1544539781832764,0.4509367131975181,36,0.3888888888888889,0.6111111111111112,,,,,,
Indonesia,2021-09-08,-0.1693537282950397,0.4131051541622023,46,0.3478260869565217,0.6304347826086957,,,,,,
Indonesia,2021-09-09,-0.28229012348942,0.4292920180426347,36,0.2222222222222222,0.75,,,,,,
Indonesia,2021-09-10,-0.1154270230824032,0.553077026646151,37,0.4054054054054054,0.5675675675675675,,,,,,
Indonesia,2021-09-11,-0.1650065715528167,0.4936473247944351,15,0.4,0.6,,,,,,
Indonesia,2021-09-12,-0.1403113903654777,0.4482181316671539,18,0.3888888888888889,0.5555555555555556,,,,,,
Indonesia,2021-09-13,-0.0698802127406846,0.4171016675434024,36,0.4444444444444444,0.5277777777777778,,,,,,
Indonesia,2021-09-14,-0.1567058614665216,0.4783704007872217,38,0.2894736842105263,0.631578947368421,,,,,,
Indonesia,2021-09-15,-0.0663449621579881,0.3027765003182634,33,0.3939393939393939,0.5454545454545454,,,,,,
Indonesia,2021-09-16,-0.1840059884140784,0.4115783464385099,49,0.3265306122448979,0.6326530612244898,,,,,,
Indonesia,2021-09-17,-0.1764416814840632,0.4894774638574311,30,0.4333333333333333,0.5666666666666667,,,,,,
Indonesia,2021-09-18,0.0183403096114958,0.4475060934479379,19,0.4736842105263157,0.4736842105263157,,,,,,
Indonesia,2021-09-19,-0.1950920108758427,0.4508142287137127,17,0.4117647058823529,0.5882352941176471,,,,,,
Indonesia,2021-09-20,-0.222444303833888,0.4307700121808804,31,0.3870967741935484,0.6129032258064516,,,,,,
Indonesia,2021-09-21,-0.2467049548765223,0.397146811164106,45,0.2222222222222222,0.7555555555555555,,,,,,
Indonesia,2021-09-22,-0.2651343560532762,0.4479587244769206,46,0.3478260869565217,0.6304347826086957,,,,,,
Indonesia,2021-09-23,-0.0748906404891878,0.4471602257182124,29,0.4482758620689655,0.5172413793103449,,,,,,
Indonesia,2021-09-24,-0.0172679434451879,0.4288452941036701,45,0.4,0.5555555555555556,,,,,,
Indonesia,2021-09-25,-0.1173194594866857,0.3855815165495231,24,0.3333333333333333,0.6666666666666666,,,,,,
Indonesia,2021-09-26,-0.0764752522175151,0.3350711168866339,24,0.3333333333333333,0.625,,,,,,
Indonesia,2021-09-27,0.0249002111096151,0.4083802230164966,35,0.5428571428571428,0.4571428571428571,,,,,,
Indonesia,2021-09-28,-0.1883732707471001,0.3833151522213308,39,0.4358974358974359,0.5384615384615384,,,,,,
Indonesia,2021-09-29,-0.1330576860276156,0.4012398883325209,43,0.3953488372093023,0.6046511627906976,,,,,,
Indonesia,2021-09-30,-0.1001598595065869,0.4155613899771181,35,0.4285714285714285,0.4857142857142857,,,,,,
Indonesia,2021-10-01,-0.0389435800943223,0.4502962301164188,28,0.5357142857142857,0.4642857142857143,,,,,,
Indonesia,2021-10-02,-0.1275749450230962,0.3119851904773883,19,0.3157894736842105,0.5263157894736842,,,,,,
Indonesia,2021-10-03,0.2959186787968444,0.4991173031504058,12,0.75,0.25,,,,,,
Indonesia,2021-10-04,-0.1752995149987482,0.3455109984916331,40,0.35,0.65,,,,,,
Indonesia,2021-10-05,0.0266495020130334,0.440829465076548,29,0.5172413793103449,0.4482758620689655,,,,,,
Indonesia,2021-10-06,-0.1228472826022647,0.4766574841405799,24,0.4583333333333333,0.5416666666666666,,,,,,
Indonesia,2021-10-07,-0.065043594959546,0.3883708904123015,34,0.3823529411764705,0.5294117647058824,,,,,,
Indonesia,2021-10-08,-0.1001784461102176,0.4859785438804659,39,0.3333333333333333,0.6153846153846154,,,,,,
Indonesia,2021-10-09,-0.0292017970738904,0.1739961162909209,12,0.4166666666666667,0.4166666666666667,,,,,,
Indonesia,2021-10-10,-0.1712672040298653,0.3767183282823193,22,0.2727272727272727,0.7272727272727273,,,,,,
Indonesia,2021-10-11,-0.1152319463967815,0.4316137077942512,23,0.3478260869565217,0.6086956521739131,,,,,,
Indonesia,2021-10-12,0.0511467966631458,0.4371046890983993,34,0.5294117647058824,0.3823529411764705,,,,,,
Indonesia,2021-10-13,-0.1203639924564772,0.45464928169712,43,0.3720930232558139,0.5813953488372093,,,,,,
Indonesia,2021-10-14,-0.1524085900738223,0.4400794976966707,60,0.3666666666666666,0.5666666666666667,,,,,,
Indonesia,2021-10-15,-0.1385749334556471,0.3870272715879578,37,0.4054054054054054,0.5405405405405406,,,,,,
Indonesia,2021-10-16,-0.1017651968786455,0.3605156191193459,37,0.3783783783783784,0.5405405405405406,,,,,,
Indonesia,2021-10-17,-0.0748149472206537,0.5010778424026118,19,0.4736842105263157,0.5263157894736842,,,,,,
Indonesia,2021-10-18,-0.1918665185788385,0.4873288695678798,41,0.3658536585365853,0.6341463414634146,,,,,,
Indonesia,2021-10-19,-0.0137566366447633,0.3993895259338597,40,0.525,0.425,,,,,,
Indonesia,2021-10-20,-0.1749139921001786,0.4121318813051557,25,0.36,0.6,,,,,,
Indonesia,2021-10-21,0.027320251133871,0.3698226654567257,37,0.5405405405405406,0.4594594594594595,,,,,,
Indonesia,2021-10-22,-0.093042427321629,0.4183618094300347,47,0.4042553191489361,0.4468085106382978,,,,,,
Indonesia,2021-10-23,0.0148802435754252,0.4313005992731837,19,0.5263157894736842,0.4736842105263157,,,,,,
Indonesia,2021-10-24,0.0508260232961874,0.3940289869408724,17,0.5882352941176471,0.4117647058823529,,,,,,
Indonesia,2021-10-25,-0.0397464522274245,0.3984900727941757,32,0.375,0.5625,,,,,,
Indonesia,2021-10-26,-0.0841242835284333,0.4166977963062683,45,0.4222222222222222,0.5111111111111111,,,,,,
Indonesia,2021-10-27,-0.0168349944877092,0.3406456313236392,43,0.5116279069767442,0.4651162790697674,,,,,,
Indonesia,2021-10-28,-0.0879092923439988,0.4086096288998451,54,0.4259259259259259,0.5,,,,,,
Indonesia,2021-10-29,-0.107470701975248,0.3675137231141661,48,0.25,0.7083333333333334,,,,,,
Indonesia,2021-10-30,0.0165054405066932,0.4052430350230193,20,0.55,0.4,,,,,,
Indonesia,2021-10-31,-0.0759540130264775,0.4933032793257702,20,0.3,0.65,,,,,,
Indonesia,2021-11-01,-0.0736444321675506,0.4832561391714879,40,0.375,0.55,,,,,,
Indonesia,2021-11-02,-0.037336932193252,0.2899994804426128,69,0.4492753623188406,0.5362318840579711,,,,,,
Indonesia,2021-11-03,-0.0774127043855215,0.3539138428934287,35,0.4,0.5714285714285714,,,,,,
Indonesia,2021-11-04,-0.040768675279362,0.3147705254443106,35,0.4857142857142857,0.5142857142857142,,,,,,
Indonesia,2021-11-05,-0.0692185524835694,0.4302353212555418,42,0.3809523809523809,0.5952380952380952,,,,,,
Indonesia,2021-11-06,0.1141088962324037,0.4141327939990722,20,0.6,0.35,,,,,,
Indonesia,2021-11-07,-0.0958175606813786,0.3433823833626846,26,0.5,0.4230769230769231,,,,,,
Indonesia,2021-11-08,-0.0595279398377112,0.403749748664325,43,0.3720930232558139,0.5116279069767442,,,,,,
Indonesia,2021-11-09,-0.041264012169069,0.3906354044866637,37,0.4864864864864865,0.4324324324324324,,,,,,
Indonesia,2021-11-10,0.0359672713524021,0.2827663504120998,26,0.5,0.5,,,,,,
Indonesia,2021-11-11,-0.1132835397650119,0.460173952851771,46,0.3695652173913043,0.5652173913043478,,,,,,
Indonesia,2021-11-12,-0.0296834214156359,0.3648556652514323,32,0.4375,0.5,,,,,,
Indonesia,2021-11-13,-0.0716869895174186,0.314284477252862,28,0.3571428571428571,0.6071428571428571,,,,,,
Indonesia,2021-11-14,-0.1446939717673195,0.4303696282211667,22,0.3636363636363636,0.5909090909090909,,,,,,
Indonesia,2021-11-15,-0.2438161929563945,0.4245269303837641,36,0.2777777777777778,0.6944444444444444,,,,,,
Indonesia,2021-11-16,-0.0964521677205212,0.443961513676797,32,0.5,0.5,,,,,,
Indonesia,2021-11-17,-0.106187116142741,0.4623282106135742,24,0.375,0.5833333333333334,,,,,,
Indonesia,2021-11-18,-0.0366756444480349,0.4138587723359809,37,0.4594594594594595,0.5405405405405406,,,,,,
Indonesia,2021-11-19,-0.1048488710866963,0.4041907068721923,47,0.3404255319148936,0.6170212765957447,,,,,,
Indonesia,2021-11-20,0.0386631595418203,0.4418714382736812,11,0.6363636363636364,0.3636363636363636,,,,,,
Indonesia,2021-11-21,0.0791616800277145,0.25682523587016,23,0.6521739130434783,0.3478260869565217,,,,,,
Indonesia,2021-11-22,-0.1064178282354168,0.3559427330193468,32,0.375,0.59375,,,,,,
Indonesia,2021-11-23,-0.0286824124378367,0.390320508624963,40,0.55,0.425,,,,,,
Indonesia,2021-11-24,0.0085141939702247,0.4153743064789466,41,0.5853658536585366,0.4146341463414634,,,,,,
Indonesia,2021-11-25,-0.0337858927025573,0.4619984698750057,31,0.4193548387096774,0.5161290322580645,,,,,,
Indonesia,2021-11-26,0.0277843523365642,0.4471949282023683,33,0.4848484848484848,0.4545454545454545,,,,,,
Indonesia,2021-11-27,-0.1802751966023488,0.5571864111714377,25,0.44,0.56,,,,,,
Indonesia,2021-11-28,0.0021427951355005,0.4392678922668472,18,0.4444444444444444,0.5,,,,,,
Indonesia,2021-11-29,-0.031698648040663,0.441316178989253,31,0.4516129032258064,0.4838709677419355,,,,,,
Indonesia,2021-11-30,-0.0161360805636854,0.4235858093435276,38,0.4210526315789473,0.5263157894736842,,,,,,
Indonesia,2021-12-01,-0.0850462694248167,0.478885259765362,52,0.4615384615384615,0.5192307692307693,,,,,,
Indonesia,2021-12-02,-0.0191543093187532,0.484784885872251,30,0.4666666666666667,0.5333333333333333,,,,,,
Indonesia,2021-12-03,-0.03936149064126,0.3442420164091672,30,0.4,0.5666666666666667,,,,,,
Indonesia,2021-12-04,-0.199794946145023,0.4070772696066008,32,0.34375,0.65625,,,,,,
Indonesia,2021-12-05,-0.3908381806683836,0.421996898362125,36,0.1944444444444444,0.8055555555555556,,,,,,
Indonesia,2021-12-06,-0.1930270639292496,0.4017350290596683,41,0.3658536585365853,0.6341463414634146,,,,,,
Indonesia,2021-12-07,-0.3818066661217743,0.3691645994410607,35,0.1428571428571428,0.8571428571428571,,,,,,
Indonesia,2021-12-08,-0.0494890644514491,0.4322414417038308,40,0.425,0.45,,,,,,
Indonesia,2021-12-09,-0.0892421376685962,0.461820926717658,29,0.4482758620689655,0.4827586206896552,,,,,,
Indonesia,2021-12-10,-0.0088285903076099,0.3775405542765726,30,0.5333333333333333,0.4,,,,,,
Indonesia,2021-12-11,-0.2153973890504094,0.47917884687294,11,0.3636363636363636,0.5454545454545454,,,,,,
Indonesia,2021-12-12,-0.1859088627086628,0.5375600121353631,15,0.4,0.6,,,,,,
Indonesia,2021-12-13,-0.1369110402227258,0.4326960804979469,46,0.3478260869565217,0.6521739130434783,,,,,,
Indonesia,2021-12-14,-0.1731174660811928,0.3880152946111007,58,0.2758620689655172,0.6724137931034483,,,,,,
Indonesia,2021-12-15,-0.1506497940069728,0.48518964429938,41,0.4146341463414634,0.5609756097560976,,,,,,
Indonesia,2021-12-16,-0.086694867643782,0.4101722170162419,40,0.5,0.475,,,,,,
Indonesia,2021-12-17,-0.0045596062913568,0.4360326115648913,31,0.5161290322580645,0.4193548387096774,,,,,,
Indonesia,2021-12-18,-0.0616357866655115,0.4089183794336461,18,0.4444444444444444,0.4444444444444444,,,,,,
Indonesia,2021-12-19,-0.0244703411014411,0.4681336585394707,14,0.5,0.5,,,,,,
Indonesia,2021-12-20,-0.1881553099632532,0.3726867724996738,31,0.2580645161290322,0.6774193548387096,,,,,,
Indonesia,2021-12-21,-0.0541594916139181,0.4731189524132037,45,0.4,0.5333333333333333,,,,,,
Indonesia,2021-12-22,-0.0801769135608838,0.4457670061501581,30,0.4333333333333333,0.5333333333333333,,,,,,
Indonesia,2021-12-23,0.0456806793668099,0.3701938954481221,42,0.4761904761904761,0.4523809523809524,,,,,,
Indonesia,2021-12-24,-0.0595709318126046,0.3804436566987389,30,0.4,0.5666666666666667,,,,,,
Indonesia,2021-12-25,-0.0378668409093253,0.3973614846774481,25,0.4,0.56,,,,,,
Indonesia,2021-12-26,-0.0331320448242892,0.3311464048516955,14,0.3571428571428571,0.6428571428571429,,,,,,
Indonesia,2021-12-27,0.0146392014125847,0.4466430504444186,29,0.4827586206896552,0.4827586206896552,,,,,,
Indonesia,2021-12-28,-0.1077675121318716,0.3263866000889379,29,0.2758620689655172,0.6551724137931034,,,,,,
Indonesia,2021-12-29,0.0311313294169034,0.4502950062044253,28,0.5,0.4642857142857143,0.0,0.0,0.0,0.684,10.0,neutral
Indonesia,2021-12-30,-0.1773054323751232,0.4622135941582559,33,0.4242424242424242,0.5757575757575758,1.0,1.0,0.0,0.8668,15.0,opportunity
Indonesia,2021-12-31,-0.1388862227351734,0.4377896514500946,35,0.4285714285714285,0.5142857142857142,1.0,1.0,0.0,0.8226,12.0,opportunity
Indonesia,2022-01-01,-0.1174562244308367,0.3486728684477711,31,0.3870967741935484,0.5806451612903226,0.0,0.0,0.0,0.6354,10.0,neutral
Indonesia,2022-01-02,-0.2590618149639761,0.5660066987328816,12,0.1666666666666666,0.6666666666666666,,,,,,
Indonesia,2022-01-03,-0.201124457633724,0.49021728336028,31,0.3225806451612903,0.6451612903225806,,,,,,
Indonesia,2022-01-04,-0.2380214484710728,0.3885185271087711,29,0.2068965517241379,0.7931034482758621,,,,,,
Indonesia,2022-01-05,-0.0503199611799364,0.3898306129188534,26,0.5384615384615384,0.3846153846153846,,,,,,
Indonesia,2022-01-06,0.0070386947945247,0.3709437600842278,31,0.4838709677419355,0.4838709677419355,,,,,,
Indonesia,2022-01-07,-0.1460456840534194,0.3455562658842686,34,0.3529411764705882,0.6470588235294118,,,,,,
Indonesia,2022-01-08,-0.2122284774812695,0.387205146612145,15,0.3333333333333333,0.6666666666666666,,,,,,
Indonesia,2022-01-09,-0.060002654765262,0.394709228376438,27,0.4074074074074074,0.5925925925925926,,,,,,
Indonesia,2022-01-10,-0.1872668684159442,0.343959850368118,35,0.2285714285714285,0.7428571428571429,,,,,,
Indonesia,2022-01-11,-0.3060564927891995,0.4193023801857988,32,0.28125,0.6875,,,,,,
Indonesia,2022-01-12,-0.0923715206405915,0.4558990009407843,55,0.4181818181818181,0.5818181818181818,,,,,,
Indonesia,2022-01-13,-0.0596043157812831,0.377626696382085,46,0.4130434782608695,0.5217391304347826,,,,,,
Indonesia,2022-01-14,-0.1002198609511896,0.3834404083495619,39,0.3846153846153846,0.5641025641025641,,,,,,
Indonesia,2022-01-15,-0.1444556771372992,0.3933286461545155,22,0.2727272727272727,0.6363636363636364,,,,,,
Indonesia,2022-01-16,0.0009448037924591,0.3810122427362872,17,0.4117647058823529,0.5294117647058824,,,,,,
Indonesia,2022-01-17,-0.2212505901655094,0.4659414101844634,42,0.3809523809523809,0.5952380952380952,,,,,,
Indonesia,2022-01-18,-0.1568489246439476,0.3967787533527295,36,0.3333333333333333,0.6388888888888888,,,,,,
Indonesia,2022-01-19,-0.1934306147078534,0.386643888908474,31,0.2258064516129032,0.7096774193548387,,,,,,
Indonesia,2022-01-20,-0.1343937918790669,0.4173543057082454,37,0.3783783783783784,0.5945945945945946,,,,,,
Indonesia,2022-01-21,-0.1995139662595669,0.4126891631219773,47,0.3404255319148936,0.6382978723404256,,,,,,
Indonesia,2022-01-22,-0.2658803209497853,0.4394465111695064,26,0.2307692307692307,0.7692307692307693,,,,,,
Indonesia,2022-01-23,0.0653169569245697,0.3508874705807718,29,0.5517241379310345,0.4137931034482758,,,,,,
Indonesia,2022-01-24,-0.0794316964358895,0.452534737012354,39,0.5128205128205128,0.4358974358974359,,,,,,
Indonesia,2022-01-25,-0.0278867286524744,0.3814647893414685,41,0.4146341463414634,0.5853658536585366,,,,,,
Indonesia,2022-01-26,-0.0683407380307728,0.4067072189517904,36,0.4166666666666667,0.5555555555555556,,,,,,
Indonesia,2022-01-27,-0.0335904066377785,0.410285052464615,37,0.4594594594594595,0.5135135135135135,,,,,,
Indonesia,2022-01-28,-0.1775993637902151,0.3834612804317063,40,0.275,0.7,,,,,,
Indonesia,2022-01-29,-0.1277882233732124,0.5145424362621809,14,0.3571428571428571,0.6428571428571429,,,,,,
Indonesia,2022-01-30,-0.1984508415048618,0.3590770625832906,25,0.36,0.64,,,,,,
Indonesia,2022-01-31,-0.1153936080421487,0.4064312718923202,38,0.3684210526315789,0.631578947368421,,,,,,
Indonesia,2022-02-01,-0.0656367981579578,0.4831323169975662,33,0.3939393939393939,0.5757575757575758,,,,,,
Indonesia,2022-02-02,-0.0761904956382211,0.4092726839736355,41,0.4146341463414634,0.5609756097560976,,,,,,
Indonesia,2022-02-03,-0.1375142035590526,0.3781109888036095,45,0.4,0.5777777777777777,,,,,,
Indonesia,2022-02-04,-0.0512319869964274,0.4105642236219601,30,0.3333333333333333,0.6666666666666666,,,,,,
Indonesia,2022-02-05,-0.0614830689556823,0.3529106133121454,15,0.4666666666666667,0.5333333333333333,,,,,,
Indonesia,2022-02-06,-0.1061493615779736,0.426641348778132,21,0.2857142857142857,0.4761904761904761,,,,,,
Indonesia,2022-02-07,-0.2178113909977874,0.3069184270957663,30,0.2,0.7333333333333333,,,,,,
Indonesia,2022-02-08,0.0140931355564713,0.3717578976211275,35,0.6,0.4,,,,,,
Indonesia,2022-02-09,-0.0742409165449233,0.3581732052956086,58,0.3103448275862069,0.6206896551724138,,,,,,
Indonesia,2022-02-10,-0.0811836691400407,0.3273434055097904,45,0.3777777777777777,0.5777777777777777,,,,,,
Indonesia,2022-02-11,-0.0693647963904019,0.377032098068336,45,0.4222222222222222,0.4888888888888889,,,,,,
Indonesia,2022-02-12,-0.0671521938622946,0.4063754417939017,26,0.4230769230769231,0.5769230769230769,,,,,,
Indonesia,2022-02-13,-0.1830698736095533,0.4262420518911043,24,0.3333333333333333,0.5833333333333334,,,,,,
Indonesia,2022-02-14,-0.1383951559557651,0.2986198068368663,36,0.1944444444444444,0.75,,,,,,
Indonesia,2022-02-15,-0.1938278655077656,0.3556616308202712,42,0.3095238095238095,0.6666666666666666,,,,,,
Indonesia,2022-02-16,-0.1980918979488345,0.4931016430404286,43,0.3255813953488372,0.6511627906976745,,,,,,
Indonesia,2022-02-17,-0.1323692635483643,0.4416127280192876,52,0.3269230769230769,0.6730769230769231,,,,,,
Indonesia,2022-02-18,-0.1125466841419739,0.5009026189631629,63,0.4444444444444444,0.5238095238095238,,,,,,
Indonesia,2022-02-19,0.0041657272139089,0.360845968673922,18,0.4444444444444444,0.5,,,,,,
Indonesia,2022-02-20,-0.1167338847818441,0.3435451577179015,19,0.3684210526315789,0.5789473684210527,,,,,,
Indonesia,2022-02-21,0.0115729630929723,0.4501850678864478,39,0.5128205128205128,0.4358974358974359,,,,,,
Indonesia,2022-02-22,-0.0256498668672981,0.3771921742759522,33,0.4242424242424242,0.5151515151515151,,,,,,
Indonesia,2022-02-23,0.0486647011116807,0.4165256439112969,46,0.5434782608695652,0.4347826086956521,,,,,,
Indonesia,2022-02-24,-0.0968727581812659,0.4242882002699809,40,0.4,0.6,,,,,,
Indonesia,2022-02-25,-0.1373422814056346,0.4411344587865437,46,0.3260869565217391,0.6521739130434783,,,,,,
Indonesia,2022-02-26,-0.0186602048560272,0.2780329866734187,19,0.4736842105263157,0.3684210526315789,,,,,,
Indonesia,2022-02-27,-0.222470077378253,0.3809105679690331,30,0.2666666666666666,0.7,,,,,,
Indonesia,2022-02-28,-0.1497992823516806,0.2824339976754138,26,0.3076923076923077,0.6538461538461539,,,,,,
Indonesia,2022-03-01,-0.1108561072634016,0.4107796298456669,34,0.3823529411764705,0.5882352941176471,,,,,,
Indonesia,2022-03-02,-0.2585320940772265,0.5188367922596366,31,0.3870967741935484,0.6129032258064516,,,,,,
Indonesia,2022-03-03,-0.0904839184908973,0.3756295766757102,24,0.2916666666666667,0.625,,,,,,
Indonesia,2022-03-04,-0.1899878338582785,0.3770680418971782,32,0.28125,0.65625,,,,,,
Indonesia,2022-03-05,-0.2061437867427061,0.386423829952237,15,0.2666666666666666,0.7333333333333333,,,,,,
Indonesia,2022-03-06,-0.1306376467845976,0.467597302431741,17,0.4705882352941176,0.4705882352941176,,,,,,
Indonesia,2022-03-07,-0.1609910998024478,0.4145063080991445,36,0.3888888888888889,0.5833333333333334,,,,,,
Indonesia,2022-03-08,-0.2296717614701764,0.4012381819874692,33,0.2727272727272727,0.7272727272727273,,,,,,
Indonesia,2022-03-09,-0.1598205669579945,0.3358678742243497,50,0.32,0.66,,,,,,
Indonesia,2022-03-10,-0.1595091622588705,0.4782140342511674,41,0.3658536585365853,0.6097560975609756,,,,,,
Indonesia,2022-03-11,-0.1432844489816255,0.4109224374264197,35,0.3714285714285714,0.6,,,,,,
Indonesia,2022-03-12,-0.106181843197233,0.445136644520863,20,0.35,0.65,,,,,,
Indonesia,2022-03-13,-0.0703349444671701,0.3494738167186789,21,0.4761904761904761,0.4761904761904761,,,,,,
Indonesia,2022-03-14,-0.0770848500020501,0.3847061499518795,49,0.3673469387755102,0.6122448979591837,,,,,,
Indonesia,2022-03-15,-0.055432642292912,0.460268115836894,47,0.4893617021276595,0.4680851063829787,,,,,,
Indonesia,2022-03-16,-0.0401180700402979,0.3945691782654968,43,0.4418604651162791,0.4883720930232558,,,,,,
Indonesia,2022-03-17,-0.0573376860101098,0.3981706873749108,30,0.4333333333333333,0.5666666666666667,,,,,,
Indonesia,2022-03-18,-0.1250148456962284,0.4127727476580836,34,0.2941176470588235,0.6470588235294118,,,,,,
Indonesia,2022-03-19,0.0026015719687929,0.4116367486027826,22,0.4545454545454545,0.5454545454545454,,,,,,
Indonesia,2022-03-20,-0.0719316674890384,0.3441781243996583,19,0.4210526315789473,0.5789473684210527,,,,,,
Indonesia,2022-03-21,-0.1553722412720461,0.2932764797703144,46,0.2826086956521739,0.6956521739130435,,,,,,
Indonesia,2022-03-22,-0.0470717338448627,0.3820514821716788,43,0.4418604651162791,0.5348837209302325,,,,,,
Indonesia,2022-03-23,-0.1753810222727098,0.3989383628275229,33,0.303030303030303,0.696969696969697,,,,,,
Indonesia,2022-03-24,-0.117517296078852,0.3434931905214791,45,0.3333333333333333,0.6222222222222222,,,,,,
Indonesia,2022-03-25,-0.1503068523517133,0.4397454555612768,31,0.3870967741935484,0.6129032258064516,,,,,,
Indonesia,2022-03-26,-0.1803488241740868,0.3521806559737782,11,0.3636363636363636,0.6363636363636364,,,,,,
Indonesia,2022-03-27,-0.1749893031213335,0.4353685764358173,26,0.3461538461538461,0.6538461538461539,,,,,,
Indonesia,2022-03-28,-0.2322499314271534,0.4169675055033156,23,0.3478260869565217,0.6086956521739131,,,,,,
Indonesia,2022-03-29,-0.092487787762631,0.2885528789328123,36,0.2777777777777778,0.6388888888888888,,,,,,
Indonesia,2022-03-30,-0.1573933665161088,0.3848700811721262,32,0.40625,0.59375,,,,,,
Indonesia,2022-03-31,-0.0666880014542332,0.3396836895698988,41,0.4878048780487805,0.5121951219512195,,,,,,
Indonesia,2022-04-01,-0.0969721175097152,0.3408687874419262,37,0.3243243243243243,0.5945945945945946,,,,,,
Indonesia,2022-04-02,-0.1237338913899118,0.4584188768610752,19,0.3684210526315789,0.631578947368421,,,,,,
Indonesia,2022-04-03,0.0095285761825241,0.3394843574095129,15,0.5333333333333333,0.4666666666666667,,,,,,
Indonesia,2022-04-04,-0.0839019744256207,0.4364122268869038,34,0.4117647058823529,0.5294117647058824,,,,,,
Indonesia,2022-04-05,-0.192884081749283,0.4026674866995102,34,0.3529411764705882,0.6470588235294118,,,,,,
Indonesia,2022-04-06,-0.1546524111512868,0.3855740048860659,44,0.4318181818181818,0.5454545454545454,,,,,,
Indonesia,2022-04-07,-0.1706937712870945,0.319115350246856,46,0.2391304347826087,0.717391304347826,,,,,,
Indonesia,2022-04-08,-0.152464108106769,0.4864845290756966,29,0.3793103448275862,0.5862068965517241,,,,,,
Indonesia,2022-04-09,-0.2503580438588494,0.4074179285989188,16,0.25,0.6875,,,,,,
Indonesia,2022-04-10,0.1149297367648502,0.4198442642755225,14,0.6428571428571429,0.3571428571428571,,,,,,
Indonesia,2022-04-11,-0.0674456148511085,0.3773560720401822,43,0.4418604651162791,0.5116279069767442,,,,,,
Indonesia,2022-04-12,-0.1003398329263738,0.4007382922661442,31,0.3225806451612903,0.6129032258064516,,,,,,
Indonesia,2022-04-13,-0.1225934728394623,0.4085817087329356,44,0.4772727272727273,0.5227272727272727,,,,,,
Indonesia,2022-04-14,-0.0379371725374553,0.3687494539897521,40,0.45,0.5,,,,,,
Indonesia,2022-04-15,-0.1213028264915218,0.3972628256241233,23,0.3478260869565217,0.6086956521739131,,,,,,
Indonesia,2022-04-16,-0.1724139557847301,0.5845515590171811,19,0.4210526315789473,0.5263157894736842,,,,,,
Indonesia,2022-04-17,-0.0111131789786269,0.4645825935312463,24,0.5833333333333334,0.4166666666666667,,,,,,
Indonesia,2022-04-18,-0.1377847821835765,0.4737653586844217,35,0.4,0.5714285714285714,,,,,,
Indonesia,2022-04-19,-0.0970987825067098,0.2819411975053899,36,0.3333333333333333,0.5833333333333334,,,,,,
Indonesia,2022-04-20,-0.157833779519225,0.3172424811598736,46,0.2826086956521739,0.6956521739130435,,,,,,
Indonesia,2022-04-21,-0.1234419776696824,0.426813723199995,49,0.4081632653061224,0.5714285714285714,,,,,,
Indonesia,2022-04-22,-0.0904897480241825,0.3551755111032483,42,0.4285714285714285,0.5714285714285714,,,,,,
Indonesia,2022-04-23,-0.1318486916706122,0.3329069892960313,20,0.3,0.65,,,,,,
Indonesia,2022-04-24,-0.1462442667051404,0.379891100922316,34,0.3529411764705882,0.6176470588235294,,,,,,
Indonesia,2022-04-25,-0.1298890178964124,0.4878768588248064,36,0.3888888888888889,0.6111111111111112,,,,,,
Indonesia,2022-04-26,-0.0812246757528426,0.4236851659274135,51,0.392156862745098,0.5882352941176471,,,,,,
Indonesia,2022-04-27,-0.1400147777792993,0.3991719724890921,40,0.35,0.6,,,,,,
Indonesia,2022-04-28,-0.1490083771006082,0.3308637282125823,36,0.2777777777777778,0.6666666666666666,,,,,,
Indonesia,2022-04-29,-0.1207983757627039,0.3554501411764665,42,0.4047619047619047,0.5714285714285714,,,,,,
Indonesia,2022-04-30,-0.043614453136171,0.3339279484097295,21,0.4285714285714285,0.4761904761904761,,,,,,
Indonesia,2022-05-01,0.0795545152927063,0.2954781945184284,23,0.5217391304347826,0.391304347826087,,,,,,
Indonesia,2022-05-02,-0.0705686626550638,0.4163344652813822,18,0.3888888888888889,0.5555555555555556,,,,,,
Indonesia,2022-05-03,0.0201411326249807,0.3338491226063572,24,0.5,0.5,,,,,,
Indonesia,2022-05-04,-0.1042404783329027,0.407502258350473,21,0.3809523809523809,0.5714285714285714,,,,,,
Indonesia,2022-05-05,-0.084787309647165,0.4628283110041003,14,0.2142857142857142,0.7857142857142857,,,,,,
Indonesia,2022-05-06,-0.0867909288582196,0.3989019822559917,34,0.3235294117647059,0.6176470588235294,,,,,,
Indonesia,2022-05-07,-0.1661642772371838,0.3168951590894002,15,0.2666666666666666,0.6,,,,,,
Indonesia,2022-05-08,0.1345545638088824,0.162021647575655,15,0.7333333333333333,0.1333333333333333,,,,,,
Indonesia,2022-05-09,-0.2132663530916235,0.3356280494278027,46,0.1956521739130435,0.6956521739130435,,,,,,
Indonesia,2022-05-10,-0.2689189806995966,0.4575348480597384,36,0.25,0.7222222222222222,,,,,,
Indonesia,2022-05-11,-0.1536537344852188,0.4208206703836588,33,0.3333333333333333,0.6666666666666666,,,,,,
Indonesia,2022-05-12,-0.1678205397184693,0.4574359855460366,39,0.4102564102564102,0.5897435897435898,,,,,,
Indonesia,2022-05-13,-0.2235525699915393,0.3906584493243378,34,0.2941176470588235,0.6764705882352942,,,,,,
Indonesia,2022-05-14,-0.0981139832006257,0.4234898967808347,23,0.391304347826087,0.5652173913043478,,,,,,
Indonesia,2022-05-15,-0.1180674186695809,0.4426979566651423,28,0.4285714285714285,0.5357142857142857,,,,,,
Indonesia,2022-05-16,-0.170743204139379,0.4441296278217345,26,0.4230769230769231,0.5769230769230769,,,,,,
Indonesia,2022-05-17,-0.2180973311400231,0.4068302746367604,58,0.2413793103448276,0.7413793103448276,,,,,,
Indonesia,2022-05-18,-0.1414833065757867,0.4093169428235408,53,0.320754716981132,0.660377358490566,,,,,,
Indonesia,2022-05-19,-0.0511555421258011,0.3916212887295499,55,0.4181818181818181,0.5818181818181818,,,,,,
Indonesia,2022-05-20,-0.1704556082563625,0.3790362131154104,44,0.3409090909090909,0.6363636363636364,,,,,,
Indonesia,2022-05-21,-0.2255799892184498,0.426662890843377,26,0.2692307692307692,0.6923076923076923,,,,,,
Indonesia,2022-05-22,-0.0114367688022144,0.4040144777194375,23,0.4782608695652174,0.4782608695652174,,,,,,
Indonesia,2022-05-23,-0.0929316640378661,0.4235817753576031,39,0.4102564102564102,0.5384615384615384,,,,,,
Indonesia,2022-05-24,-0.0537959459961078,0.3640946321278927,45,0.4222222222222222,0.5555555555555556,,,,,,
Indonesia,2022-05-25,-0.0114148027084006,0.3958848226381656,44,0.5,0.4545454545454545,,,,,,
Indonesia,2022-05-26,-0.1729976691623677,0.3778912739647556,30,0.3,0.6333333333333333,,,,,,
Indonesia,2022-05-27,-0.0935670963233212,0.3850742622948597,42,0.4285714285714285,0.5476190476190477,,,,,,
Indonesia,2022-05-28,-0.0453415582396901,0.4504338485964871,23,0.4782608695652174,0.5217391304347826,,,,,,
Indonesia,2022-05-29,0.0144232736487239,0.2016205134975122,11,0.5454545454545454,0.4545454545454545,,,,,,
Indonesia,2022-05-30,-0.0893974933614209,0.4338098934060248,34,0.2941176470588235,0.6764705882352942,,,,,,
Indonesia,2022-05-31,-0.0321870804796572,0.3729053112676807,44,0.4772727272727273,0.5227272727272727,,,,,,
Indonesia,2022-06-01,-0.0056535693579079,0.414757078065709,22,0.4545454545454545,0.4545454545454545,,,,,,
Indonesia,2022-06-02,-0.136961625229707,0.4478381101498946,21,0.3809523809523809,0.6190476190476191,,,,,,
Indonesia,2022-06-03,-0.0795115596024197,0.4429764413535629,40,0.325,0.675,,,,,,
Indonesia,2022-06-04,-0.0411099443177454,0.3106143634302239,16,0.4375,0.375,,,,,,
Indonesia,2022-06-05,-0.0915450362181518,0.4176634540612028,21,0.2857142857142857,0.5714285714285714,,,,,,
Indonesia,2022-06-06,-0.0700316330799808,0.3803999767979302,42,0.4285714285714285,0.5476190476190477,,,,,,
Indonesia,2022-06-07,-0.2178747342040168,0.4385879213482813,37,0.3513513513513513,0.5945945945945946,,,,,,
Indonesia,2022-06-08,-0.1896569766123079,0.3210359784994027,28,0.2142857142857142,0.75,,,,,,
Indonesia,2022-06-09,-0.1065867971637833,0.4012303414687836,36,0.3333333333333333,0.6388888888888888,,,,,,
Indonesia,2022-06-10,-0.0167320964445296,0.3084918428268677,30,0.5333333333333333,0.4,,,,,,
Indonesia,2022-06-11,-0.1185342978336558,0.4024193937555187,20,0.35,0.55,,,,,,
Indonesia,2022-06-12,-0.1596864327723443,0.3444349114786881,20,0.3,0.6,,,,,,
Indonesia,2022-06-13,-0.1513701080070511,0.4391835305794996,46,0.4565217391304347,0.5434782608695652,,,,,,
Indonesia,2022-06-14,-0.0428335418963348,0.3834287796991281,37,0.4324324324324324,0.5135135135135135,,,,,,
Indonesia,2022-06-15,-0.0098408179127559,0.3326697532972335,43,0.5116279069767442,0.3953488372093023,,,,,,
Indonesia,2022-06-16,-0.0909731261151134,0.4646717422195561,37,0.4324324324324324,0.4594594594594595,,,,,,
Indonesia,2022-06-17,-0.0289182701181498,0.4496882071399012,43,0.5116279069767442,0.4651162790697674,,,,,,
Indonesia,2022-06-18,-0.0421628085130283,0.4311994733415791,32,0.4375,0.5,,,,,,
Indonesia,2022-06-19,-0.0964342166292524,0.3982387982701905,22,0.3636363636363636,0.5909090909090909,,,,,,
Indonesia,2022-06-20,-0.0328483141019012,0.3105128149548048,37,0.4864864864864865,0.5135135135135135,,,,,,
Indonesia,2022-06-21,-0.1394082920048333,0.4383073505370072,38,0.3684210526315789,0.631578947368421,,,,,,
Indonesia,2022-06-22,-0.1400781769109012,0.3652678079567093,45,0.3333333333333333,0.6666666666666666,,,,,,
Indonesia,2022-06-23,-0.0222224493761581,0.4305900701572701,41,0.4878048780487805,0.4146341463414634,,,,,,
Indonesia,2022-06-24,-0.1558933501095065,0.446464000945494,35,0.3428571428571428,0.6571428571428571,,,,,,
Indonesia,2022-06-25,0.0496658890568858,0.3514779302387585,18,0.5,0.4444444444444444,,,,,,
Indonesia,2022-06-26,-0.1449222020692259,0.3644283832225296,25,0.36,0.52,,,,,,
Indonesia,2022-06-27,-0.0563091636528743,0.3956911973955564,34,0.3529411764705882,0.5588235294117647,,,,,,
Indonesia,2022-06-28,-0.1010487428738421,0.4255537601888601,37,0.3513513513513513,0.6486486486486487,,,,,,
Indonesia,2022-06-29,-0.1382940698502311,0.2665768292992797,42,0.2857142857142857,0.6666666666666666,,,,,,
Indonesia,2022-06-30,-0.136045125842674,0.333459479203103,55,0.2909090909090909,0.6727272727272727,1.0,1.0,0.0,0.6957,33.0,opportunity
Indonesia,2022-07-01,-0.0963476828406485,0.3685981980114671,37,0.3243243243243243,0.5675675675675675,1.0,1.0,0.0,0.7368,22.0,opportunity
Indonesia,2022-07-02,0.0689716612822684,0.3825593729069569,20,0.5,0.45,,,,,,
Indonesia,2022-07-03,-0.1816348256350058,0.520748403760528,16,0.375,0.5625,,,,,,
Indonesia,2022-07-04,-0.020275983308632,0.3137851695016536,42,0.4761904761904761,0.4761904761904761,,,,,,
Indonesia,2022-07-05,-0.0597723928248997,0.4665256529647469,41,0.4390243902439024,0.4878048780487805,,,,,,
Indonesia,2022-07-06,-0.1175528559733119,0.3956318256417816,26,0.3076923076923077,0.5769230769230769,,,,,,
Indonesia,2022-07-07,-0.1318180801502043,0.3083537583928515,48,0.3125,0.6666666666666666,,,,,,
Indonesia,2022-07-08,-0.1596740053930587,0.3975082360448178,43,0.3488372093023256,0.6511627906976745,,,,,,
Indonesia,2022-07-09,-0.0564298734121851,0.3573455110722887,33,0.3333333333333333,0.6060606060606061,,,,,,
Indonesia,2022-07-10,-0.0345364664466028,0.2394790298116788,22,0.4545454545454545,0.5454545454545454,,,,,,
Indonesia,2022-07-11,-0.1874200700996896,0.3720628051451249,48,0.2708333333333333,0.7083333333333334,,,,,,
Indonesia,2022-07-12,-0.224364377314128,0.4207359997338524,40,0.375,0.625,,,,,,
Indonesia,2022-07-13,0.0448831473663437,0.3500795714677661,25,0.56,0.32,,,,,,
Indonesia,2022-07-14,-0.1779615589912352,0.2921849745902464,32,0.21875,0.71875,,,,,,
Indonesia,2022-07-15,-0.1287407290010608,0.3843671441102834,36,0.3055555555555556,0.6388888888888888,,,,,,
Indonesia,2022-07-16,-0.1854132957528008,0.4472402340157351,22,0.2727272727272727,0.6363636363636364,,,,,,
Indonesia,2022-07-17,-0.227643687920577,0.3961499616046602,27,0.2962962962962963,0.6296296296296297,,,,,,
Indonesia,2022-07-18,-0.1719234620848571,0.3826553663610665,33,0.3333333333333333,0.6666666666666666,,,,,,
Indonesia,2022-07-19,-0.2484763910127556,0.3943591190460363,40,0.275,0.7,,,,,,
Indonesia,2022-07-20,-0.075113630689123,0.3800903507187649,30,0.4333333333333333,0.5333333333333333,,,,,,
Indonesia,2022-07-21,-0.1423306873536977,0.3624066274284758,42,0.3571428571428571,0.5714285714285714,,,,,,
Indonesia,2022-07-22,-0.2502964085263928,0.5021872273956262,35,0.2857142857142857,0.7142857142857143,,,,,,
Indonesia,2022-07-23,-0.2035666286563508,0.3678579428184543,15,0.2666666666666666,0.7333333333333333,,,,,,
Indonesia,2022-07-24,-0.1022533497528438,0.3833204046252123,23,0.4782608695652174,0.4782608695652174,,,,,,
Indonesia,2022-07-25,-0.2218077717620424,0.3351762171652827,34,0.2352941176470588,0.7647058823529411,,,,,,
Indonesia,2022-07-26,-0.1006874007458483,0.4765219654939729,36,0.3888888888888889,0.5555555555555556,,,,,,
Indonesia,2022-07-27,-0.0277351029006279,0.4187774232966126,52,0.5384615384615384,0.4615384615384615,,,,,,
Indonesia,2022-07-28,0.0158403721252442,0.4288263330714329,42,0.5,0.4285714285714285,,,,,,
Indonesia,2022-07-29,0.0105053666891915,0.4399166625873038,29,0.5517241379310345,0.4137931034482758,,,,,,
Indonesia,2022-07-30,0.0179208687916165,0.3695714799495032,15,0.6,0.4,,,,,,
Indonesia,2022-07-31,-0.0687718884734446,0.2633224230600006,16,0.4375,0.5,,,,,,
Indonesia,2022-08-01,-0.192507776371135,0.3921011250196731,36,0.3055555555555556,0.5555555555555556,,,,,,
Indonesia,2022-08-02,-0.0972427615893768,0.500861562895405,28,0.3928571428571428,0.6071428571428571,,,,,,
Indonesia,2022-08-03,-0.2237800430913955,0.4244786204081616,45,0.3555555555555555,0.6222222222222222,,,,,,
Indonesia,2022-08-04,-0.0941506250366748,0.4308052188966011,41,0.4634146341463415,0.5121951219512195,,,,,,
Indonesia,2022-08-05,-0.1299985871134016,0.4793697817679976,35,0.4,0.5428571428571428,,,,,,
Indonesia,2022-08-06,-0.028673872576531,0.413902663119558,21,0.4285714285714285,0.5238095238095238,,,,,,
Indonesia,2022-08-07,-0.0741389267981198,0.4017764681627101,23,0.4782608695652174,0.5217391304347826,,,,,,
Indonesia,2022-08-08,-0.1108549686948342,0.4484995352604116,46,0.4782608695652174,0.5,,,,,,
Indonesia,2022-08-09,-0.2189634408992847,0.4317660469759239,34,0.4117647058823529,0.5588235294117647,,,,,,
Indonesia,2022-08-10,0.0060523766461164,0.3964157040564834,35,0.6285714285714286,0.3714285714285714,,,,,,
Indonesia,2022-08-11,-0.1458247581403666,0.3201644249697981,28,0.3571428571428571,0.5357142857142857,,,,,,
Indonesia,2022-08-12,-0.1382505491104583,0.3380333499070213,31,0.3870967741935484,0.5483870967741935,,,,,,
Indonesia,2022-08-13,-0.1221248291861931,0.4259891488798219,32,0.46875,0.5,,,,,,
Indonesia,2022-08-14,-0.0368219597105764,0.3733834791473517,22,0.5909090909090909,0.4090909090909091,,,,,,
Indonesia,2022-08-15,-0.0585252493198038,0.4298320197206292,34,0.4411764705882353,0.5,,,,,,
Indonesia,2022-08-16,0.1014112765425031,0.3640961676427632,28,0.6071428571428571,0.3214285714285714,,,,,,
Indonesia,2022-08-17,0.050148848367551,0.4612999022328165,34,0.4411764705882353,0.4705882352941176,,,,,,
Indonesia,2022-08-18,-0.2297777854596498,0.5152217007665005,33,0.3636363636363636,0.6060606060606061,,,,,,
Indonesia,2022-08-19,-0.1662614523970056,0.3897455632183182,45,0.3333333333333333,0.6222222222222222,,,,,,
Indonesia,2022-08-20,-0.210884051256211,0.5302738052981584,17,0.3529411764705882,0.5294117647058824,,,,,,
Indonesia,2022-08-21,-0.2035473694523021,0.368876868512378,19,0.2631578947368421,0.7368421052631579,,,,,,
Indonesia,2022-08-22,0.0653426735557731,0.3659897615100954,30,0.6,0.3666666666666666,,,,,,
Indonesia,2022-08-23,-0.192872440062697,0.4438397212405549,36,0.25,0.7222222222222222,,,,,,
Indonesia,2022-08-24,-0.1414373888913274,0.3760754768001865,38,0.3157894736842105,0.6052631578947368,,,,,,
Indonesia,2022-08-25,0.0025225425914073,0.3822880388694144,34,0.5882352941176471,0.3823529411764705,,,,,,
Indonesia,2022-08-26,-0.069823695491055,0.5060587384587422,27,0.5185185185185185,0.4814814814814814,,,,,,
Indonesia,2022-08-27,-0.2180821709729035,0.4202107033478918,33,0.303030303030303,0.6666666666666666,,,,,,
Indonesia,2022-08-28,-0.0077026518742874,0.4551868842442925,22,0.4090909090909091,0.5909090909090909,,,,,,
Indonesia,2022-08-29,-0.0793389352759469,0.3978914536582489,44,0.3181818181818182,0.6136363636363636,,,,,,
Indonesia,2022-08-30,-0.1440580136636997,0.3700276487984297,29,0.2758620689655172,0.7241379310344828,,,,,,
Indonesia,2022-08-31,-0.1726710457789547,0.4506980464364298,40,0.35,0.6,,,,,,
Indonesia,2022-09-01,-0.0255614512479687,0.3474330945846946,48,0.4375,0.5208333333333334,,,,,,
Indonesia,2022-09-02,-0.0596503517980824,0.3997066516972257,39,0.3846153846153846,0.5641025641025641,,,,,,
Indonesia,2022-09-03,-0.0395392794177377,0.3660078422462218,30,0.4333333333333333,0.4666666666666667,,,,,,
Indonesia,2022-09-04,-0.0875379493377578,0.2341946819083735,25,0.36,0.6,,,,,,
Indonesia,2022-09-05,-0.1205482008898868,0.4368946547822064,49,0.3877551020408163,0.5918367346938775,,,,,,
Indonesia,2022-09-06,-0.2834572595440845,0.4211025869231662,34,0.2647058823529412,0.6470588235294118,,,,,,
Indonesia,2022-09-07,-0.1446877482584083,0.4028793677091019,45,0.3333333333333333,0.6444444444444445,,,,,,
Indonesia,2022-09-08,-0.1763057918932206,0.4235550451385669,56,0.3214285714285714,0.6428571428571429,,,,,,
Indonesia,2022-09-09,-0.0673027761085418,0.3594713128790807,31,0.4193548387096774,0.5806451612903226,,,,,,
Indonesia,2022-09-10,-0.1719914815266125,0.4593185361516883,16,0.375,0.625,,,,,,
Indonesia,2022-09-11,-0.1815638582308993,0.3793713773624358,35,0.2857142857142857,0.6857142857142857,,,,,,
Indonesia,2022-09-12,-0.1886053972915187,0.3669943435205405,33,0.303030303030303,0.6666666666666666,,,,,,
Indonesia,2022-09-13,-0.0287396929098415,0.346923867765096,29,0.5862068965517241,0.4137931034482758,,,,,,
Indonesia,2022-09-14,-0.0780577795301059,0.4417850996615609,32,0.40625,0.59375,,,,,,
Indonesia,2022-09-15,-0.0473666580808663,0.3379032650892491,30,0.4666666666666667,0.5,,,,,,
Indonesia,2022-09-16,-0.1803892982633701,0.3812291316685958,27,0.2592592592592592,0.7407407407407407,,,,,,
Indonesia,2022-09-17,-0.1868473110547837,0.4604365219107025,18,0.3888888888888889,0.5555555555555556,,,,,,
Indonesia,2022-09-18,-0.0398806698247554,0.4593142256262136,23,0.5652173913043478,0.4347826086956521,,,,,,
Indonesia,2022-09-19,-0.1431302595016976,0.3946426321611379,41,0.3902439024390244,0.5853658536585366,,,,,,
Indonesia,2022-09-20,0.0368855701576543,0.3167297255196111,35,0.5142857142857142,0.4857142857142857,,,,,,
Indonesia,2022-09-21,-0.0665431880180393,0.4384134226632147,33,0.4545454545454545,0.4848484848484848,,,,,,
Indonesia,2022-09-22,-0.1043184548670528,0.4421825344738186,27,0.4074074074074074,0.5185185185185185,,,,,,
Indonesia,2022-09-23,-0.1066018021109353,0.4352672869989675,39,0.4358974358974359,0.5641025641025641,,,,,,
Indonesia,2022-09-24,-0.0577062842309702,0.335429898202804,28,0.4285714285714285,0.5357142857142857,,,,,,
Indonesia,2022-09-25,-0.0435097591861766,0.2420723721329221,20,0.4,0.55,,,,,,
Indonesia,2022-09-26,0.0017348353898446,0.3757231192812086,40,0.5,0.45,,,,,,
Indonesia,2022-09-27,-0.0286230706814419,0.4652576429012237,36,0.5,0.4166666666666667,,,,,,
Indonesia,2022-09-28,-0.0769940968537954,0.3686590489457215,34,0.4705882352941176,0.5,,,,,,
Indonesia,2022-09-29,0.0399908880402073,0.3537846887046817,35,0.6857142857142857,0.3142857142857143,,,,,,
Indonesia,2022-09-30,-0.0732916584638094,0.4117716097186726,32,0.375,0.5,,,,,,
Indonesia,2022-10-01,-0.2230347607219071,0.4114404255567955,19,0.2105263157894736,0.7368421052631579,,,,,,
Indonesia,2022-10-02,0.1589526658800729,0.3446869803681714,13,0.6923076923076923,0.3076923076923077,,,,,,
Indonesia,2022-10-03,0.0054177197326654,0.3760714570303124,37,0.4594594594594595,0.4864864864864865,,,,,,
Indonesia,2022-10-04,0.0738558863534364,0.3815437818675551,37,0.5945945945945946,0.3243243243243243,,,,,,
Indonesia,2022-10-05,-0.032497983503329,0.3754400790986225,31,0.4838709677419355,0.4838709677419355,,,,,,
Indonesia,2022-10-06,-0.1873778602844417,0.4077379731236906,47,0.3404255319148936,0.5957446808510638,,,,,,
Indonesia,2022-10-07,-0.0072224040024762,0.3819314026206102,36,0.4444444444444444,0.5555555555555556,,,,,,
Indonesia,2022-10-08,-0.1154367054081463,0.4207759169817312,24,0.4166666666666667,0.5833333333333334,,,,,,
Indonesia,2022-10-09,-0.0652259845593599,0.3887365566000978,15,0.4666666666666667,0.5333333333333333,,,,,,
Indonesia,2022-10-10,-0.2035358003081301,0.4739820780809894,48,0.2916666666666667,0.6666666666666666,,,,,,
Indonesia,2022-10-11,-0.06058124611166,0.4307505557211797,31,0.4516129032258064,0.5161290322580645,,,,,,
Indonesia,2022-10-12,-0.0737089231377369,0.3682973698182429,50,0.34,0.6,,,,,,
Indonesia,2022-10-13,-0.2181568916633995,0.4147152611794433,48,0.3541666666666667,0.625,,,,,,
Indonesia,2022-10-14,-0.0831928499235666,0.407126545086907,34,0.4411764705882353,0.5588235294117647,,,,,,
Indonesia,2022-10-15,-0.1968126116267372,0.3474037782201785,21,0.1904761904761904,0.7142857142857143,,,,,,
Indonesia,2022-10-16,-0.0379076967491751,0.3400000417340304,21,0.4285714285714285,0.5714285714285714,,,,,,
Indonesia,2022-10-17,-0.0109227457402622,0.4086898518812127,51,0.5490196078431373,0.4313725490196078,,,,,,
Indonesia,2022-10-18,0.0857331199471049,0.4249032148942157,43,0.627906976744186,0.3720930232558139,,,,,,
Indonesia,2022-10-19,-0.084444366808142,0.4271628364467474,38,0.3947368421052631,0.5789473684210527,,,,,,
Indonesia,2022-10-20,-0.3000345447394955,0.4772394771214522,28,0.1785714285714285,0.8214285714285714,,,,,,
Indonesia,2022-10-21,-0.0440243447891256,0.3506511665712021,36,0.4444444444444444,0.5277777777777778,,,,,,
Indonesia,2022-10-22,-0.0201720314329936,0.4784939641942346,16,0.4375,0.5625,,,,,,
Indonesia,2022-10-23,-0.0029821408684702,0.3008721366927618,19,0.4736842105263157,0.4736842105263157,,,,,,
Indonesia,2022-10-24,-0.0308443272521341,0.30838725681857,43,0.3953488372093023,0.5581395348837209,,,,,,
Indonesia,2022-10-25,-0.1156201436429637,0.3702952704103001,46,0.3260869565217391,0.6739130434782609,,,,,,
Indonesia,2022-10-26,-0.1122828163163477,0.4508181611054741,36,0.4722222222222222,0.5277777777777778,,,,,,
Indonesia,2022-10-27,-0.0840141264770438,0.4260034987921116,40,0.35,0.6,,,,,,
Indonesia,2022-10-28,0.0310711650556838,0.410040835349213,29,0.5172413793103449,0.4827586206896552,,,,,,
Indonesia,2022-10-29,0.0028797825292846,0.3376649699093875,15,0.6,0.4,,,,,,
Indonesia,2022-10-30,0.1222094146270727,0.3286055532632375,13,0.6153846153846154,0.3846153846153846,,,,,,
Indonesia,2022-10-31,-0.2180997553623462,0.5189420098634093,35,0.3142857142857143,0.6857142857142857,,,,,,
Indonesia,2022-11-01,-0.0685829529808219,0.4732376656083775,23,0.5652173913043478,0.4347826086956521,,,,,,
Indonesia,2022-11-02,-0.0503283685044994,0.3791713620550153,19,0.5263157894736842,0.4736842105263157,,,,,,
Indonesia,2022-11-03,-0.0488212308997887,0.33451577321302,24,0.4166666666666667,0.4583333333333333,,,,,,
Indonesia,2022-11-04,0.0376907877573927,0.2693832155162244,28,0.6428571428571429,0.3571428571428571,,,,,,
Indonesia,2022-11-05,0.0686726775717151,0.2519925402187881,14,0.6428571428571429,0.2857142857142857,,,,,,
Indonesia,2022-11-06,-0.1600683566353834,0.2666037421135357,18,0.1666666666666666,0.7777777777777778,,,,,,
Indonesia,2022-11-07,-0.061627810091714,0.416257836324337,30,0.4,0.5333333333333333,,,,,,
Indonesia,2022-11-08,-0.1641141513015056,0.3069789125058845,20,0.3,0.7,,,,,,
Indonesia,2022-11-09,0.1195021569869186,0.2822111747914752,18,0.6666666666666666,0.3333333333333333,,,,,,
Indonesia,2022-11-10,-0.1521079561890095,0.4113130326369598,34,0.3235294117647059,0.6764705882352942,,,,,,
Indonesia,2022-11-11,-0.0659930805716363,0.2998545735024018,6,0.3333333333333333,0.6666666666666666,,,,,,
Indonesia,2022-11-12,-0.1983687094955111,0.3852135992228911,27,0.2222222222222222,0.7037037037037037,,,,,,
Indonesia,2022-11-13,-0.0076108937723946,0.4066157614839399,33,0.5151515151515151,0.4242424242424242,,,,,,
Indonesia,2022-11-14,-0.1251763074097891,0.2956245755893294,85,0.3294117647058823,0.6470588235294118,,,,,,
Indonesia,2022-11-15,-0.0575561937402063,0.3251000062541795,104,0.375,0.5961538461538461,,,,,,
Indonesia,2022-11-16,-0.1167250988907656,0.3227905415070354,93,0.3763440860215054,0.6129032258064516,,,,,,
Indonesia,2022-11-17,0.0146939586591513,0.3946771073205927,51,0.5098039215686274,0.4509803921568627,,,,,,
Indonesia,2022-11-18,0.0543430449565627,0.3598476985943031,48,0.5416666666666666,0.4583333333333333,,,,,,
Indonesia,2022-11-19,0.0592635960647355,0.3796725653342962,20,0.55,0.45,,,,,,
Indonesia,2022-11-20,-0.006569183688771,0.3639870341822986,16,0.625,0.375,,,,,,
Indonesia,2022-11-21,-0.3016084837673979,0.4441520220952435,45,0.2222222222222222,0.7333333333333333,,,,,,
Indonesia,2022-11-22,-0.1896730221789451,0.3742814810303293,38,0.4210526315789473,0.5789473684210527,,,,,,
Indonesia,2022-11-23,-0.0573876224262372,0.4491898796609616,26,0.5,0.4230769230769231,,,,,,
Indonesia,2022-11-24,-0.0369252371935582,0.4025111051354272,28,0.5,0.4285714285714285,,,,,,
Indonesia,2022-11-25,-0.0973939054753345,0.3442068502471156,30,0.4,0.5,,,,,,
Indonesia,2022-11-26,0.1502767638488244,0.3871427348426008,15,0.6,0.4,,,,,,
Indonesia,2022-11-27,-0.1458627378189875,0.3316838452952249,19,0.3157894736842105,0.6842105263157895,,,,,,
Indonesia,2022-11-28,0.0298491006817403,0.4232864349389925,27,0.5185185185185185,0.4814814814814814,,,,,,
Indonesia,2022-11-29,-0.2047042379552114,0.4479127093665027,33,0.303030303030303,0.6363636363636364,,,,,,
Indonesia,2022-11-30,-0.1550075150929077,0.437641959793509,28,0.3571428571428571,0.6428571428571429,,,,,,
Indonesia,2022-12-01,-0.0865732339527293,0.3027190576783798,37,0.3783783783783784,0.5675675675675675,,,,,,
Indonesia,2022-12-02,-0.046819147178659,0.3821115294596799,32,0.4375,0.53125,,,,,,
Indonesia,2022-12-03,-0.0037431946359629,0.4119602275993972,24,0.4583333333333333,0.4583333333333333,,,,,,
Indonesia,2022-12-04,-0.1651392735277036,0.5648093261928088,12,0.4166666666666667,0.5833333333333334,,,,,,
Indonesia,2022-12-05,-0.157658720780674,0.4366328159227318,54,0.3333333333333333,0.6666666666666666,,,,,,
Indonesia,2022-12-06,-0.0065966644415961,0.5190651767962315,39,0.5128205128205128,0.4871794871794871,,,,,,
Indonesia,2022-12-07,-0.1920375051000881,0.3950874130156118,42,0.3809523809523809,0.5714285714285714,,,,,,
Indonesia,2022-12-08,-0.1933360274828937,0.406348528489616,50,0.38,0.58,,,,,,
Indonesia,2022-12-09,-0.2049756436270986,0.4702713064837776,35,0.4285714285714285,0.5428571428571428,,,,,,
Indonesia,2022-12-10,0.0235269910170334,0.4751510215261764,30,0.5,0.4666666666666667,,,,,,
Indonesia,2022-12-11,0.0146332788558363,0.3386529475472488,18,0.6111111111111112,0.3888888888888889,,,,,,
Indonesia,2022-12-12,-0.1983905300600371,0.4212371027362743,40,0.375,0.6,,,,,,
Indonesia,2022-12-13,-0.1308134900999796,0.4087861287349344,36,0.4166666666666667,0.5555555555555556,,,,,,
Indonesia,2022-12-14,-0.1054144340102999,0.3803837099484395,37,0.4324324324324324,0.4594594594594595,,,,,,
Indonesia,2022-12-15,0.0457880825863573,0.3681245563113514,37,0.5675675675675675,0.3783783783783784,,,,,,
Indonesia,2022-12-16,0.0250626154454029,0.4701372708187596,29,0.5172413793103449,0.4827586206896552,,,,,,
Indonesia,2022-12-17,0.0101003012130628,0.4559896989923672,27,0.5555555555555556,0.4074074074074074,,,,,,
Indonesia,2022-12-18,-0.1746323735448861,0.4013643687893889,13,0.4615384615384615,0.5384615384615384,,,,,,
Indonesia,2022-12-19,-0.1451214126652801,0.4730247458499199,42,0.3809523809523809,0.6190476190476191,,,,,,
Indonesia,2022-12-20,0.047898610273669,0.3856933028521916,22,0.5,0.4545454545454545,,,,,,
Indonesia,2022-12-21,-0.1009004053811155,0.4401263846238888,43,0.4418604651162791,0.5348837209302325,,,,,,
Indonesia,2022-12-22,-0.0531035579909788,0.4092314003820056,44,0.4545454545454545,0.5227272727272727,,,,,,
Indonesia,2022-12-23,-0.0920996144706829,0.3228142504607705,25,0.36,0.6,,,,,,
Indonesia,2022-12-24,-0.0201384215001559,0.3758793607040168,17,0.3529411764705882,0.5882352941176471,,,,,,
Indonesia,2022-12-25,-0.074671314266533,0.4898309930193091,13,0.5384615384615384,0.4615384615384615,,,,,,
Indonesia,2022-12-26,-0.0941463199122758,0.3998673714770856,28,0.3928571428571428,0.5357142857142857,,,,,,
Indonesia,2022-12-27,-0.1061681549522906,0.3735968286781286,47,0.3617021276595745,0.6170212765957447,,,,,,
Indonesia,2022-12-28,-0.1442143680149714,0.3924184998379538,30,0.2666666666666666,0.7,,,,,,
Indonesia,2022-12-29,-0.0653117844179516,0.4516817797147627,38,0.4473684210526316,0.5263157894736842,1.0,1.0,0.0,0.6231,9.0,opportunity
Indonesia,2022-12-30,0.0160340150517597,0.42924451256991,35,0.5428571428571428,0.4285714285714285,0.0,0.0,0.0,0.79,30.0,neutral
Indonesia,2022-12-31,-0.0776868548696486,0.3330315784444734,24,0.4583333333333333,0.5416666666666666,1.0,1.0,0.0,0.6151,14.0,opportunity
Indonesia,2023-01-01,-0.1546874128094638,0.4132934228997043,17,0.4705882352941176,0.5294117647058824,0.0,0.0,0.0,0.673,6.0,neutral
Indonesia,2023-01-02,-0.1555594178324938,0.4571857684607198,38,0.3157894736842105,0.6052631578947368,,,,,,
Indonesia,2023-01-03,-0.2095233844818946,0.4026423304140476,49,0.2653061224489796,0.7346938775510204,,,,,,
Indonesia,2023-01-04,-0.1549086881049229,0.4612796614473798,30,0.3333333333333333,0.6333333333333333,,,,,,
Indonesia,2023-01-05,-0.2941098534185204,0.404368742564179,36,0.1944444444444444,0.75,,,,,,
Indonesia,2023-01-06,-0.1582196233878156,0.3969989841841464,31,0.3225806451612903,0.6451612903225806,,,,,,
Indonesia,2023-01-07,-0.0577030485913141,0.3594465144725523,20,0.45,0.55,,,,,,
Indonesia,2023-01-08,-0.223967983132249,0.3730336576087694,17,0.4117647058823529,0.5882352941176471,,,,,,
Indonesia,2023-01-09,-0.2224588066111277,0.3973858129584857,39,0.3076923076923077,0.6923076923076923,,,,,,
Indonesia,2023-01-10,-0.224254351262937,0.4023456265019434,39,0.2564102564102564,0.6666666666666666,,,,,,
Indonesia,2023-01-11,0.051870693456579,0.3989448756016156,37,0.5675675675675675,0.3783783783783784,,,,,,
Indonesia,2023-01-12,-0.2223271428489897,0.4116076091139692,50,0.4,0.6,,,,,,
Indonesia,2023-01-13,-0.1829863807827173,0.4190786893220214,24,0.4166666666666667,0.5416666666666666,,,,,,
Indonesia,2023-01-14,-0.0821297948297918,0.3706608983489157,20,0.45,0.5,,,,,,
Indonesia,2023-01-15,-0.1096743112840767,0.353433465333348,23,0.391304347826087,0.5652173913043478,,,,,,
Indonesia,2023-01-16,-0.1837704409399332,0.4176693860333587,38,0.2894736842105263,0.631578947368421,,,,,,
Indonesia,2023-01-17,-0.030142939991092,0.4022017891549567,38,0.4473684210526316,0.5263157894736842,,,,,,
Indonesia,2023-01-18,-0.1938502425613273,0.4178614095953761,43,0.2790697674418604,0.6511627906976745,,,,,,
Indonesia,2023-01-19,-0.1962622080353951,0.4898549101817693,37,0.3243243243243243,0.6486486486486487,,,,,,
Indonesia,2023-01-20,-0.0598124161287754,0.4501927158924665,44,0.4545454545454545,0.5454545454545454,,,,,,
Indonesia,2023-01-21,-0.0474244154471654,0.2894334225018793,12,0.25,0.75,,,,,,
Indonesia,2023-01-22,0.142727491906332,0.4695639951390697,15,0.5333333333333333,0.4666666666666667,,,,,,
Indonesia,2023-01-23,-0.1617962552488029,0.5037599370096018,26,0.3461538461538461,0.5769230769230769,,,,,,
Indonesia,2023-01-24,-0.1728382012628747,0.4478257245202845,42,0.3333333333333333,0.5952380952380952,,,,,,
Indonesia,2023-01-25,-0.1133558195962429,0.3870178102870791,36,0.4722222222222222,0.5277777777777778,,,,,,
Indonesia,2023-01-26,-0.099384746503041,0.5165165827110297,32,0.4375,0.5,,,,,,
Indonesia,2023-01-27,-0.0400688427410745,0.4267451895925857,39,0.5384615384615384,0.4615384615384615,,,,,,
Indonesia,2023-01-28,-0.1163475017489992,0.3606092101938308,29,0.3448275862068966,0.5172413793103449,,,,,,
Indonesia,2023-01-29,0.0403421363113387,0.3506149983755519,22,0.5909090909090909,0.3636363636363636,,,,,,
Indonesia,2023-01-30,-0.0549283300230569,0.427612901971482,37,0.4054054054054054,0.5675675675675675,,,,,,
Indonesia,2023-01-31,-0.0242061997726447,0.3447567247948735,40,0.475,0.5,,,,,,
Indonesia,2023-02-01,-0.0394660917380662,0.33511117176457,57,0.543859649122807,0.4561403508771929,,,,,,
Indonesia,2023-02-02,-0.0509383665102832,0.3681107227013167,52,0.3846153846153846,0.5769230769230769,,,,,,
Indonesia,2023-02-03,-0.1179382477600625,0.4274182246616701,44,0.3181818181818182,0.6590909090909091,,,,,,
Indonesia,2023-02-04,-0.0948721918306428,0.3706000256074587,27,0.4074074074074074,0.5925925925925926,,,,,,
Indonesia,2023-02-05,-0.0095742720335158,0.4321375773048539,31,0.4838709677419355,0.4838709677419355,,,,,,
Indonesia,2023-02-06,-0.1709135968991035,0.3986694396745116,45,0.2222222222222222,0.7777777777777778,,,,,,
Indonesia,2023-02-07,-0.0363192410993212,0.4008482924086855,56,0.3928571428571428,0.5535714285714286,,,,,,
Indonesia,2023-02-08,-0.0181368706325044,0.3086898641323742,44,0.4545454545454545,0.5,,,,,,
Indonesia,2023-02-09,-0.0410513583986104,0.3996357726104688,41,0.4146341463414634,0.5121951219512195,,,,,,
Indonesia,2023-02-10,-0.0822498809902721,0.4567717167682014,38,0.3947368421052631,0.5263157894736842,,,,,,
Indonesia,2023-02-11,-0.120913412696944,0.3457627093278662,23,0.391304347826087,0.5217391304347826,,,,,,
Indonesia,2023-02-12,-0.2071476172435061,0.4385308399440781,20,0.3,0.65,,,,,,
Indonesia,2023-02-13,-0.2303163103099366,0.3673956821334815,32,0.28125,0.6875,,,,,,
Indonesia,2023-02-14,-0.1613542944262084,0.4712145502823748,40,0.5,0.475,,,,,,
Indonesia,2023-02-15,-0.1110524533097495,0.3954565877747039,44,0.4090909090909091,0.5681818181818182,,,,,,
Indonesia,2023-02-16,-0.2291488638675017,0.4173672498654042,36,0.3333333333333333,0.6666666666666666,,,,,,
Indonesia,2023-02-17,-0.1200616061233874,0.4413459743308609,42,0.5,0.5,,,,,,
Indonesia,2023-02-18,0.2269539239618124,0.3410791949273241,12,0.6666666666666666,0.25,,,,,,
Indonesia,2023-02-19,-0.1587855950543484,0.337100289594458,19,0.3157894736842105,0.631578947368421,,,,,,
Indonesia,2023-02-20,-0.1141360246157081,0.4451352274029278,37,0.4054054054054054,0.5675675675675675,,,,,,
Indonesia,2023-02-21,-0.0743385999224967,0.3764762874552672,39,0.3846153846153846,0.5897435897435898,,,,,,
Indonesia,2023-02-22,-0.000317584605269,0.3747273985599348,33,0.4848484848484848,0.5151515151515151,,,,,,
Indonesia,2023-02-23,0.0232843844370606,0.4134412816919934,35,0.6,0.3428571428571428,,,,,,
Indonesia,2023-02-24,-0.035966610364485,0.413263770885647,41,0.5609756097560976,0.4390243902439024,,,,,,
Indonesia,2023-02-25,-0.076190842571109,0.3943170009570191,20,0.45,0.5,,,,,,
Indonesia,2023-02-26,-0.2925166320474534,0.4619410792565045,16,0.25,0.75,,,,,,
Indonesia,2023-02-27,-0.083145949375496,0.4759970484159073,40,0.45,0.55,,,,,,
Indonesia,2023-02-28,-0.056405123336507,0.3613739573104698,36,0.4722222222222222,0.5,,,,,,
Indonesia,2023-03-01,-0.1162121048711547,0.4285270809166679,43,0.4651162790697674,0.5116279069767442,,,,,,
Indonesia,2023-03-02,-0.1357774735964096,0.4660681983190069,34,0.5,0.5,,,,,,
Indonesia,2023-03-03,0.018318672206849,0.3768233703380537,36,0.5277777777777778,0.4166666666666667,,,,,,
Indonesia,2023-03-04,-0.0960727307740933,0.4685893290853631,25,0.4,0.56,,,,,,
Indonesia,2023-03-05,-0.0584842838721112,0.373363709278373,14,0.2857142857142857,0.7142857142857143,,,,,,
Indonesia,2023-03-06,-0.008571768351986,0.4331640742011677,38,0.4736842105263157,0.5,,,,,,
Indonesia,2023-03-07,-0.1019325150482923,0.3989449172331802,37,0.5135135135135135,0.4594594594594595,,,,,,
Indonesia,2023-03-08,-0.1070986142139634,0.3681276446970489,31,0.4193548387096774,0.5483870967741935,,,,,,
Indonesia,2023-03-09,-0.0249971048621886,0.3379555101603387,38,0.4210526315789473,0.5789473684210527,,,,,,
Indonesia,2023-03-10,-0.0025253315787298,0.4280423515735057,33,0.6060606060606061,0.3939393939393939,,,,,,
Indonesia,2023-03-11,0.0977007026071746,0.5403024860612021,19,0.6842105263157895,0.3157894736842105,,,,,,
Indonesia,2023-03-12,-0.0799012324882217,0.432926854693035,20,0.4,0.5,,,,,,
Indonesia,2023-03-13,-0.1120611446751128,0.3577974012893632,39,0.4871794871794871,0.4871794871794871,,,,,,
Indonesia,2023-03-14,-0.033432867938371,0.2816281715448823,31,0.5161290322580645,0.4516129032258064,,,,,,
Indonesia,2023-03-15,-0.0951144320815784,0.3025863691642155,34,0.2941176470588235,0.6764705882352942,,,,,,
Indonesia,2023-03-16,-0.00438695577816,0.3826915649286191,32,0.46875,0.46875,,,,,,
Indonesia,2023-03-17,0.0305824439917888,0.3852697168658857,35,0.4571428571428571,0.5142857142857142,,,,,,
Indonesia,2023-03-18,-0.3121467442292504,0.5020139929564043,15,0.3333333333333333,0.6666666666666666,,,,,,
Indonesia,2023-03-19,0.0288215364375013,0.1817913226317062,7,0.5714285714285714,0.4285714285714285,,,,,,
Indonesia,2023-03-20,-0.0492477637657803,0.3091928433567169,36,0.4444444444444444,0.5277777777777778,,,,,,
Indonesia,2023-03-21,-0.0718720557244045,0.4135016331085366,24,0.4166666666666667,0.5833333333333334,,,,,,
Indonesia,2023-03-22,-0.005728773941499,0.5152714894833234,3,0.6666666666666666,0.3333333333333333,,,,,,
Indonesia,2023-03-23,0.0551270411036625,0.3269186578115437,14,0.5,0.5,,,,,,
Indonesia,2023-03-24,-0.0763405368478883,0.4051344438736947,34,0.4705882352941176,0.4117647058823529,,,,,,
Indonesia,2023-03-25,0.018349039591092,0.3500310729593748,39,0.5384615384615384,0.4615384615384615,,,,,,
Indonesia,2023-03-26,-0.0622239224891116,0.4277717293786429,31,0.4516129032258064,0.5483870967741935,,,,,,
Indonesia,2023-03-27,-0.1080380460301244,0.3271726881226209,52,0.3076923076923077,0.6923076923076923,,,,,,
Indonesia,2023-03-28,-0.2078367237055945,0.372926566253155,50,0.18,0.76,,,,,,
Indonesia,2023-03-29,-0.0945433880180476,0.3695870406827353,54,0.3703703703703703,0.5925925925925926,,,,,,
Indonesia,2023-03-30,-0.0564822933657337,0.3996759427915063,49,0.5510204081632653,0.4489795918367347,,,,,,
Indonesia,2023-03-31,-0.1437302213708725,0.3357614578765333,53,0.4150943396226415,0.5849056603773585,,,,,,
Indonesia,2023-04-01,-0.1044711634926945,0.3404047985300213,20,0.3,0.65,,,,,,
Indonesia,2023-04-02,-0.1516808261674966,0.473571175185165,35,0.3142857142857143,0.6,,,,,,
Indonesia,2023-04-03,-0.2621672408923626,0.4275741795466929,47,0.2340425531914893,0.7659574468085106,,,,,,
Indonesia,2023-04-04,-0.0334400260343621,0.377910281170898,43,0.5116279069767442,0.4186046511627907,,,,,,
Indonesia,2023-04-05,-0.0389286563603486,0.3754715417482316,51,0.3725490196078431,0.6078431372549019,,,,,,
Indonesia,2023-04-06,-0.0392201917035145,0.3597117706822851,53,0.4339622641509434,0.5094339622641509,,,,,,
Indonesia,2023-04-07,-0.0474627192731973,0.3384199290315087,31,0.5483870967741935,0.4516129032258064,,,,,,
Indonesia,2023-04-08,-0.0686614762449813,0.3751439764021297,22,0.5,0.5,,,,,,
Indonesia,2023-04-09,-0.1165272303193011,0.351753270365512,18,0.3888888888888889,0.6111111111111112,,,,,,
Indonesia,2023-04-10,-0.1115567777351504,0.4761171439737979,34,0.3823529411764705,0.5882352941176471,,,,,,
Indonesia,2023-04-11,-0.0491782452705524,0.4056681112926468,39,0.4102564102564102,0.4615384615384615,,,,,,
Indonesia,2023-04-12,-0.1013433201958954,0.3754140618869044,38,0.3421052631578947,0.6052631578947368,,,,,,
Indonesia,2023-04-13,-0.2285678043729889,0.3888220958010213,37,0.2162162162162162,0.7837837837837838,,,,,,
Indonesia,2023-04-14,-0.0788247828830779,0.379904690844129,45,0.3333333333333333,0.6,,,,,,
Indonesia,2023-04-15,-0.0931163926764902,0.4090573313547331,34,0.5,0.5,,,,,,
Indonesia,2023-04-16,0.1046033021138909,0.2821627406365,15,0.5333333333333333,0.4,,,,,,
Indonesia,2023-04-17,-0.0065574847919969,0.3529868424282534,39,0.4871794871794871,0.4358974358974359,,,,,,
Indonesia,2023-04-18,-0.0314360711894965,0.4194167445735601,54,0.5740740740740741,0.3888888888888889,,,,,,
Indonesia,2023-04-19,-0.0667034427797763,0.346336470258668,36,0.4722222222222222,0.5,,,,,,
Indonesia,2023-04-20,-0.0386037793332938,0.3345699388879176,54,0.4074074074074074,0.5370370370370371,,,,,,
Indonesia,2023-04-21,0.0176268846067741,0.2548858717092649,23,0.5217391304347826,0.4347826086956521,,,,,,
Indonesia,2023-04-22,0.020934028441734,0.3411588994447443,20,0.45,0.5,,,,,,
Indonesia,2023-04-23,-0.0328914472163654,0.3477777219408274,13,0.3846153846153846,0.6153846153846154,,,,,,
Indonesia,2023-04-24,-0.0634761403988555,0.2854385238705449,25,0.32,0.6,,,,,,
Indonesia,2023-04-25,-0.2038692729589585,0.3606899738191567,28,0.3214285714285714,0.6785714285714286,,,,,,
Indonesia,2023-04-26,-0.0176038721842258,0.4602077507107389,40,0.5,0.5,,,,,,
Indonesia,2023-04-27,-0.0522649329775401,0.3937519801224707,31,0.4516129032258064,0.4838709677419355,,,,,,
Indonesia,2023-04-28,-0.1346365946384493,0.4164428548245864,39,0.3846153846153846,0.5897435897435898,,,,,,
Indonesia,2023-04-29,-0.0495161269542203,0.4126168974436575,20,0.5,0.4,,,,,,
Indonesia,2023-04-30,-0.2096094265810464,0.4558966637288854,16,0.375,0.625,,,,,,
Indonesia,2023-05-01,-0.1665939638177619,0.3896379962597995,30,0.3666666666666666,0.6,,,,,,
Indonesia,2023-05-02,0.0304876115964807,0.5278955695934698,23,0.4782608695652174,0.4347826086956521,,,,,,
Indonesia,2023-05-03,0.0310562282893315,0.2880594614758089,31,0.5161290322580645,0.4193548387096774,,,,,,
Indonesia,2023-05-04,-0.1449898907079198,0.4676609776574728,29,0.4137931034482758,0.5517241379310345,,,,,,
Indonesia,2023-05-05,-0.0025681799637821,0.4273008909463972,34,0.5294117647058824,0.4411764705882353,,,,,,
Indonesia,2023-05-06,0.0526754956040297,0.4152081928557233,30,0.6,0.4,,,,,,
Indonesia,2023-05-07,-0.0102361979115102,0.4065033309690441,19,0.5789473684210527,0.4210526315789473,,,,,,
Indonesia,2023-05-08,-0.1586677796437789,0.3846348860784275,45,0.2888888888888888,0.6666666666666666,,,,,,
Indonesia,2023-05-09,-0.0910333910490074,0.4612841420078044,31,0.4516129032258064,0.5161290322580645,,,,,,
Indonesia,2023-05-10,0.0013129867035657,0.3845655814957426,21,0.5714285714285714,0.4285714285714285,,,,,,
Indonesia,2023-05-11,-0.0474426584778478,0.3480937687039434,29,0.5862068965517241,0.4137931034482758,,,,,,
Indonesia,2023-05-12,-0.0763983428798263,0.4805841456340879,43,0.4186046511627907,0.5348837209302325,,,,,,
Indonesia,2023-05-13,-0.1202181379142377,0.2370604624446067,20,0.25,0.7,,,,,,
Indonesia,2023-05-14,-0.0346013220184407,0.4003798080269189,25,0.48,0.44,,,,,,
Indonesia,2023-05-15,-0.0735754846582562,0.4379291198761814,46,0.4347826086956521,0.5434782608695652,,,,,,
Indonesia,2023-05-16,-0.0323773223743261,0.3948886993235591,22,0.5909090909090909,0.3636363636363636,,,,,,
Indonesia,2023-05-17,-0.1557020984834712,0.4801299876147531,53,0.3773584905660377,0.5849056603773585,,,,,,
Indonesia,2023-05-18,-0.1022747170262892,0.3680035891412545,28,0.3928571428571428,0.6071428571428571,,,,,,
Indonesia,2023-05-19,-0.1356746810963596,0.4464824785736604,27,0.4444444444444444,0.5555555555555556,,,,,,
Indonesia,2023-05-20,0.3604388063918619,0.3429115650340681,27,0.8518518518518519,0.1111111111111111,,,,,,
Indonesia,2023-05-21,-0.1140442395559733,0.3881198216828235,26,0.3461538461538461,0.5769230769230769,,,,,,
Indonesia,2023-05-22,-0.0654870034824106,0.3664357473705149,46,0.5,0.5,,,,,,
Indonesia,2023-05-23,0.0603555795449576,0.2729810689121191,39,0.6153846153846154,0.3333333333333333,,,,,,
Indonesia,2023-05-24,-0.146329511579979,0.459262609114931,43,0.3953488372093023,0.5348837209302325,,,,,,
Indonesia,2023-05-25,-0.1317382300457593,0.4744807727589735,39,0.358974358974359,0.6153846153846154,,,,,,
Indonesia,2023-05-26,0.0170487965441321,0.4027067581222105,39,0.5128205128205128,0.4615384615384615,,,,,,
Indonesia,2023-05-27,0.0236208385867679,0.4550135460113552,22,0.4545454545454545,0.4545454545454545,,,,,,
Indonesia,2023-05-28,0.0006826051525404,0.5136584268044572,26,0.5,0.4615384615384615,,,,,,
Indonesia,2023-05-29,-0.1012700256190075,0.511124690467159,33,0.4848484848484848,0.4848484848484848,,,,,,
Indonesia,2023-05-30,-0.1198116291712334,0.4328356750552047,46,0.391304347826087,0.5434782608695652,,,,,,
Indonesia,2023-05-31,-0.1502234943117748,0.4057544984466968,28,0.3571428571428571,0.5357142857142857,,,,,,
Indonesia,2023-06-01,-0.0326661470985814,0.409554769598334,38,0.4736842105263157,0.4473684210526316,,,,,,
Indonesia,2023-06-02,0.0783489789582516,0.3337779993863714,26,0.5384615384615384,0.3461538461538461,,,,,,
Indonesia,2023-06-03,0.0304310077322454,0.5116306175054333,18,0.6111111111111112,0.3333333333333333,,,,,,
Indonesia,2023-06-04,0.0183338538603669,0.4049430824258816,29,0.6551724137931034,0.3103448275862069,,,,,,
Indonesia,2023-06-05,-0.1008916680972021,0.4771940435342732,44,0.3863636363636363,0.6136363636363636,,,,,,
Indonesia,2023-06-06,-0.0614339902838089,0.3802663026632619,49,0.4285714285714285,0.5714285714285714,,,,,,
Indonesia,2023-06-07,-0.108518658176204,0.4205222452987331,43,0.4186046511627907,0.5581395348837209,,,,,,
Indonesia,2023-06-08,-0.086731511797653,0.3242757149248982,54,0.3703703703703703,0.5925925925925926,,,,,,
Indonesia,2023-06-09,-0.0577301356866219,0.3859455528225278,35,0.4571428571428571,0.4571428571428571,,,,,,
Indonesia,2023-06-10,0.1404784465301191,0.3298318794888323,15,0.7333333333333333,0.2666666666666666,,,,,,
Indonesia,2023-06-11,-0.0123641916934258,0.3785195243143153,27,0.5185185185185185,0.4814814814814814,,,,,,
Indonesia,2023-06-12,-0.0806685099005944,0.3865162607235823,22,0.3636363636363636,0.5,,,,,,
Indonesia,2023-06-13,-0.1737751470860171,0.5260796656553691,33,0.3636363636363636,0.6363636363636364,,,,,,
Indonesia,2023-06-14,-0.1060024566864263,0.3326105426715464,43,0.3953488372093023,0.5116279069767442,,,,,,
Indonesia,2023-06-15,-0.0795741307098707,0.431455462559757,38,0.4736842105263157,0.5,,,,,,
Indonesia,2023-06-16,0.0265232684197428,0.3362048232271368,33,0.5757575757575758,0.4242424242424242,,,,,,
Indonesia,2023-06-17,-0.0103944254265291,0.4306865913850868,25,0.6,0.36,,,,,,
Indonesia,2023-06-18,0.0660149430970688,0.3790043240124046,28,0.6071428571428571,0.3928571428571428,,,,,,
Indonesia,2023-06-19,0.0095601282783762,0.3011015989415233,45,0.6,0.3777777777777777,,,,,,
Indonesia,2023-06-20,-0.1110818951567225,0.3391968753858291,42,0.3333333333333333,0.5952380952380952,,,,,,
Indonesia,2023-06-21,-0.0565221224936963,0.4673249267136006,34,0.5588235294117647,0.4117647058823529,,,,,,
Indonesia,2023-06-22,0.0437114910265047,0.3703746950314304,32,0.65625,0.34375,,,,,,
Indonesia,2023-06-23,-0.04383875867825,0.420175629501872,37,0.4594594594594595,0.5405405405405406,,,,,,
Indonesia,2023-06-24,-0.0505847107404544,0.5115874513007795,20,0.45,0.5,,,,,,
Indonesia,2023-06-25,-0.1590031711832498,0.4259210929182435,21,0.3809523809523809,0.6190476190476191,,,,,,
Indonesia,2023-06-26,-0.099607130362611,0.3686008825858644,28,0.4285714285714285,0.5714285714285714,1.0,1.0,0.0,0.6723,9.0,opportunity
Indonesia,2023-06-27,-0.0986542579592815,0.4175301334932679,44,0.4545454545454545,0.5,1.0,1.0,0.0,0.9402,45.0,opportunity
Indonesia,2023-06-28,-0.0007288875564348,0.4488991548904158,35,0.5428571428571428,0.4,,,,,,
Indonesia,2023-06-29,-0.2063492244203342,0.3668115822854818,24,0.2916666666666667,0.6666666666666666,0.0,0.0,0.0,0.656,8.0,neutral
Indonesia,2023-06-30,-0.1769999850209018,0.3462064976840984,38,0.3157894736842105,0.6578947368421053,1.0,1.0,0.0,0.7079,7.0,opportunity
Indonesia,2023-07-01,-0.2034941465369651,0.4843233456978832,20,0.35,0.55,,,,,,
Indonesia,2023-07-02,-0.2510224903031298,0.3706060839861537,14,0.2857142857142857,0.6428571428571429,,,,,,
Indonesia,2023-07-03,-0.1807728340309935,0.3439393706899915,40,0.275,0.65,,,,,,
Indonesia,2023-07-04,-0.0890432617998394,0.3721457967346028,38,0.3421052631578947,0.5789473684210527,,,,,,
Indonesia,2023-07-05,-0.1629008145546026,0.4050474753622142,42,0.2857142857142857,0.6904761904761905,,,,,,
Indonesia,2023-07-06,-0.0556447813226379,0.4052752239902307,33,0.4848484848484848,0.4848484848484848,,,,,,
Indonesia,2023-07-07,-0.0587078847671269,0.4328638369374766,48,0.4583333333333333,0.5416666666666666,,,,,,
Indonesia,2023-07-08,0.105403935217432,0.446710645281766,16,0.5625,0.4375,,,,,,
Indonesia,2023-07-09,0.0426675965219051,0.4246933883892981,23,0.5217391304347826,0.4782608695652174,,,,,,
Indonesia,2023-07-10,-0.089564610080162,0.4333245626722533,44,0.4090909090909091,0.5454545454545454,,,,,,
Indonesia,2023-07-11,-0.0935481219852343,0.4612320177104919,43,0.3953488372093023,0.5813953488372093,,,,,,
Indonesia,2023-07-12,-0.0443011228770891,0.369889157988626,42,0.4523809523809524,0.5238095238095238,,,,,,
Indonesia,2023-07-13,-0.0498099470222362,0.3603467630415101,48,0.5,0.4791666666666667,,,,,,
Indonesia,2023-07-14,-0.0167107135399328,0.3303947818914105,31,0.4193548387096774,0.5161290322580645,,,,,,
Indonesia,2023-07-15,0.0259707532976588,0.3978871378934387,22,0.4545454545454545,0.5454545454545454,,,,,,
Indonesia,2023-07-16,-0.0104648620123117,0.529817220292513,20,0.5,0.45,,,,,,
Indonesia,2023-07-17,-0.1041863031140687,0.4485831955384634,33,0.4545454545454545,0.5151515151515151,,,,,,
Indonesia,2023-07-18,0.0194782186401281,0.4259321628815171,33,0.5757575757575758,0.3939393939393939,,,,,,
Indonesia,2023-07-19,-0.0598678109373566,0.3888729630459235,28,0.3928571428571428,0.5714285714285714,,,,,,
Indonesia,2023-07-20,-0.2004956720188745,0.4457450891376494,22,0.4090909090909091,0.5454545454545454,,,,,,
Indonesia,2023-07-21,0.0921478785557187,0.4179208489034111,29,0.4827586206896552,0.4482758620689655,,,,,,
Indonesia,2023-07-22,-0.0135432800763539,0.4566657158941319,24,0.4583333333333333,0.5,,,,,,
Indonesia,2023-07-23,-0.0944765280982458,0.4538623580457419,24,0.4166666666666667,0.5,,,,,,
Indonesia,2023-07-24,0.0053477042626202,0.3574087424216379,39,0.5897435897435898,0.4102564102564102,,,,,,
Indonesia,2023-07-25,-0.0773576537022436,0.3778580064965883,47,0.4042553191489361,0.5957446808510638,,,,,,
Indonesia,2023-07-26,-0.1223027168367366,0.4462610282097369,40,0.45,0.525,,,,,,
Indonesia,2023-07-27,-0.0712910459010791,0.4071175704855009,38,0.5526315789473685,0.4473684210526316,,,,,,
Indonesia,2023-07-28,-0.0076444059438921,0.3676741030970745,33,0.5151515151515151,0.4545454545454545,,,,,,
Indonesia,2023-07-29,0.0524415114309825,0.4125343337431482,26,0.5769230769230769,0.3846153846153846,,,,,,
Indonesia,2023-07-30,-0.0527718075849778,0.47641343548746,21,0.4761904761904761,0.5238095238095238,,,,,,
Indonesia,2023-07-31,-0.2177455460764295,0.4204374185269687,39,0.358974358974359,0.6410256410256411,,,,,,
Indonesia,2023-08-01,-0.2059386441554816,0.4757272543004043,39,0.282051282051282,0.6923076923076923,,,,,,
Indonesia,2023-08-02,-0.212631632861038,0.4208658662552523,42,0.3571428571428571,0.5952380952380952,,,,,,
Indonesia,2023-08-03,0.0327723805985532,0.3325783421014549,42,0.5238095238095238,0.4285714285714285,,,,,,
Indonesia,2023-08-04,-0.1451338652864865,0.4478146158827839,34,0.4411764705882353,0.5294117647058824,,,,,,
Indonesia,2023-08-05,0.0554937959141797,0.3677174992868634,20,0.6,0.4,,,,,,
Indonesia,2023-08-06,0.0006377809431954,0.3174138481578317,25,0.56,0.44,,,,,,
Indonesia,2023-08-07,-0.1185740808023735,0.4601966972581732,53,0.4716981132075472,0.490566037735849,,,,,,
Indonesia,2023-08-08,-0.0925766632601922,0.4370518890317213,36,0.3888888888888889,0.6111111111111112,,,,,,
Indonesia,2023-08-09,-0.0027396660738323,0.3934421586140634,50,0.54,0.46,,,,,,
Indonesia,2023-08-10,-0.0213196598294813,0.4278601307277305,42,0.4761904761904761,0.4523809523809524,,,,,,
Indonesia,2023-08-11,-0.1363671430031712,0.4569622689806255,43,0.5348837209302325,0.4418604651162791,,,,,,
Indonesia,2023-08-12,-0.1731341134156245,0.4636599863605378,22,0.4090909090909091,0.5909090909090909,,,,,,
Indonesia,2023-08-13,-0.1935866143032193,0.4681151747246893,37,0.2702702702702703,0.7027027027027027,,,,,,
Indonesia,2023-08-14,-0.0923647131117096,0.4337062488006977,37,0.4594594594594595,0.4864864864864865,,,,,,
Indonesia,2023-08-15,-0.0282846514742843,0.3871652379432734,31,0.3870967741935484,0.6129032258064516,,,,,,
Indonesia,2023-08-16,0.0011010220275124,0.347712762165313,35,0.6,0.4,,,,,,
Indonesia,2023-08-17,0.1742138361038401,0.4080700676557465,16,0.625,0.375,,,,,,
Indonesia,2023-08-18,-0.0367521210438338,0.4227661188454377,16,0.5,0.5,,,,,,
Indonesia,2023-08-19,-0.075103712722945,0.5398671698421379,19,0.4210526315789473,0.5789473684210527,,,,,,
Indonesia,2023-08-20,0.1612506892298472,0.3363001075830389,14,0.5714285714285714,0.4285714285714285,,,,,,
Indonesia,2023-08-21,0.0154696553553692,0.3563386006805469,29,0.4827586206896552,0.4482758620689655,,,,,,
Indonesia,2023-08-22,-0.0271370047092674,0.3693417792614221,26,0.3846153846153846,0.5769230769230769,,,,,,
Indonesia,2023-08-23,-0.0624270526961172,0.3589669272312929,34,0.5,0.4705882352941176,,,,,,
Indonesia,2023-08-24,-0.0248383252955496,0.3749258361803572,38,0.4473684210526316,0.4736842105263157,,,,,,
Indonesia,2023-08-25,-0.0338207441247042,0.3581391695405782,46,0.5217391304347826,0.4782608695652174,,,,,,
Indonesia,2023-08-26,-6.412692283152069e-05,0.5127740108459198,16,0.4375,0.5625,,,,,,
Indonesia,2023-08-27,-0.1427838589877622,0.4660829645952474,18,0.3888888888888889,0.6111111111111112,,,,,,
Indonesia,2023-08-28,-0.1974641765023969,0.4739238571285141,40,0.3,0.65,,,,,,
Indonesia,2023-08-29,-0.0460346359689087,0.405967649136615,37,0.4594594594594595,0.5135135135135135,,,,,,
Indonesia,2023-08-30,-0.2634704975770394,0.4462082272711306,35,0.2857142857142857,0.7142857142857143,,,,,,
Indonesia,2023-08-31,-0.0891132064967327,0.3918985696849911,28,0.5,0.5,,,,,,
Indonesia,2023-09-01,0.0079763064696591,0.3516727494489449,41,0.5365853658536586,0.3902439024390244,,,,,,
Indonesia,2023-09-02,0.0096427529602916,0.3487518261698931,20,0.45,0.5,,,,,,
Indonesia,2023-09-03,0.0511455114637324,0.326571341979906,24,0.625,0.375,,,,,,
Indonesia,2023-09-04,0.0734780541206294,0.4196294421408316,32,0.59375,0.40625,,,,,,
Indonesia,2023-09-05,0.0217322651383142,0.3485574577314748,41,0.4878048780487805,0.4878048780487805,,,,,,
Indonesia,2023-09-06,0.0801837899614262,0.4221780191713368,50,0.68,0.3,,,,,,
Indonesia,2023-09-07,0.1517538284756196,0.4192244717421888,58,0.6551724137931034,0.3103448275862069,,,,,,
Indonesia,2023-09-08,-0.0328999302979344,0.432536154034598,40,0.5,0.45,,,,,,
Indonesia,2023-09-09,-0.0833890871587183,0.4675555896517834,18,0.3888888888888889,0.6111111111111112,,,,,,
Indonesia,2023-09-10,0.1417256310864149,0.5354873501497653,19,0.631578947368421,0.3684210526315789,,,,,,
Indonesia,2023-09-11,-0.1107205161633157,0.4256713529481352,40,0.425,0.5,,,,,,
Indonesia,2023-09-12,0.0688575802608774,0.4025389265886794,36,0.5555555555555556,0.4166666666666667,,,,,,
Indonesia,2023-09-13,-0.035841823482953,0.4288695874077241,41,0.4146341463414634,0.5121951219512195,,,,,,
Indonesia,2023-09-14,-0.0739387682504834,0.3790786937884151,32,0.4375,0.53125,,,,,,
Indonesia,2023-09-15,-0.0410439062884626,0.3044256648935904,41,0.4390243902439024,0.5121951219512195,,,,,,
Indonesia,2023-09-16,-0.0980276329524401,0.3181793850116197,19,0.4210526315789473,0.4736842105263157,,,,,,
Indonesia,2023-09-17,0.0745678594591866,0.3027468458123091,24,0.7083333333333334,0.25,,,,,,
Indonesia,2023-09-18,0.0033664440991007,0.5076929162767729,33,0.5454545454545454,0.3939393939393939,,,,,,
Indonesia,2023-09-19,-0.1110860883499039,0.3571439808966871,30,0.2666666666666666,0.6666666666666666,,,,,,
Indonesia,2023-09-20,-0.1126935094733931,0.5243965609437579,38,0.4473684210526316,0.5263157894736842,,,,,,
Indonesia,2023-09-21,0.0305362878134715,0.4313143977396471,48,0.5416666666666666,0.4375,,,,,,
Indonesia,2023-09-22,-0.0309416726518017,0.4043823680351973,28,0.4285714285714285,0.5714285714285714,,,,,,
Indonesia,2023-09-23,0.2268121678713685,0.4818654345268885,18,0.7222222222222222,0.2777777777777778,,,,,,
Indonesia,2023-09-24,-0.0111332079037292,0.5532194569167295,20,0.55,0.45,,,,,,
Indonesia,2023-09-25,0.0724472690138432,0.3708418435380445,40,0.475,0.525,,,,,,
Indonesia,2023-09-26,0.1010323895771623,0.3909269415618936,44,0.6818181818181818,0.2727272727272727,,,,,,
Indonesia,2023-09-27,-0.0993553659131579,0.3825288922604196,42,0.3809523809523809,0.5714285714285714,,,,,,
Indonesia,2023-09-28,-0.0313621622629599,0.289962283485363,32,0.46875,0.5,,,,,,
Indonesia,2023-09-29,0.0749640281196783,0.3786272292006153,31,0.6129032258064516,0.3548387096774194,,,,,,
Indonesia,2023-09-30,0.0824791087607016,0.4563210352788941,20,0.6,0.35,,,,,,
Indonesia,2023-10-01,0.1080924687757299,0.3256870514456463,19,0.6842105263157895,0.3157894736842105,,,,,,
Indonesia,2023-10-02,0.0743794787873569,0.3481714149753436,25,0.6,0.24,,,,,,
Indonesia,2023-10-03,-0.0062443144033214,0.3145316424163802,29,0.4827586206896552,0.4137931034482758,,,,,,
Indonesia,2023-10-04,-0.0089408465630407,0.3986545058561606,45,0.4222222222222222,0.5555555555555556,,,,,,
Indonesia,2023-10-05,0.0050019296778162,0.4482925113370234,42,0.5238095238095238,0.4761904761904761,,,,,,
Indonesia,2023-10-06,-0.0206422601210072,0.3552545664106287,43,0.5116279069767442,0.4883720930232558,,,,,,
Indonesia,2023-10-07,0.0450234119001598,0.4177869645003431,27,0.6296296296296297,0.3333333333333333,,,,,,
Indonesia,2023-10-08,0.026042478173091,0.4322958472030241,21,0.5714285714285714,0.3809523809523809,,,,,,
Indonesia,2023-10-09,-0.087097816019596,0.3857615725699083,28,0.4642857142857143,0.5357142857142857,,,,,,
Indonesia,2023-10-10,-0.0201123491769904,0.423315725847026,43,0.4883720930232558,0.4651162790697674,,,,,,
Indonesia,2023-10-11,0.0868675988362296,0.3910434788352374,41,0.5853658536585366,0.3658536585365853,,,,,,
Indonesia,2023-10-12,-0.0350217615470813,0.4150312911979848,38,0.4473684210526316,0.5526315789473685,,,,,,
Indonesia,2023-10-13,-0.0599787356712936,0.3665843227294617,40,0.5,0.5,,,,,,
Indonesia,2023-10-14,0.1433583751678785,0.3780020606979198,26,0.7307692307692307,0.2692307692307692,,,,,,
Indonesia,2023-10-15,0.0300203112203595,0.3962830925341149,26,0.5769230769230769,0.3461538461538461,,,,,,
Indonesia,2023-10-16,-0.0683932823094304,0.3540555505856517,39,0.4102564102564102,0.5641025641025641,,,,,,
Indonesia,2023-10-17,0.0526928108651441,0.3739600855616329,39,0.6666666666666666,0.3333333333333333,,,,,,
Indonesia,2023-10-18,0.0639017391218171,0.3091156905304543,36,0.6388888888888888,0.3611111111111111,,,,,,
Indonesia,2023-10-19,-0.0506765444811325,0.4136418767140478,37,0.4594594594594595,0.5135135135135135,,,,,,
Indonesia,2023-10-20,0.0447755836906351,0.3602376031381147,40,0.525,0.425,,,,,,
Indonesia,2023-10-21,0.3577018714103159,0.2952096189212042,29,0.8620689655172413,0.0689655172413793,,,,,,
Indonesia,2023-10-22,0.2020003112400143,0.3686602016930526,23,0.6956521739130435,0.3043478260869565,,,,,,
Indonesia,2023-10-23,-0.2032961153209906,0.3548329831786465,28,0.25,0.7142857142857143,,,,,,
Indonesia,2023-10-24,-0.1053755297850365,0.354722995154378,40,0.425,0.575,,,,,,
Indonesia,2023-10-25,0.1151316981419335,0.5101122730493948,29,0.6896551724137931,0.3103448275862069,,,,,,
Indonesia,2023-10-26,-0.0648045711715202,0.4603830824876176,38,0.3947368421052631,0.5526315789473685,,,,,,
Indonesia,2023-10-27,0.0258454769612187,0.4723096769630667,25,0.6,0.32,,,,,,
Indonesia,2023-10-28,0.2400880943178148,0.3696926521073932,17,0.7058823529411765,0.2941176470588235,,,,,,
Indonesia,2023-10-29,-0.0187780023516811,0.4305149292960294,25,0.52,0.48,,,,,,
Indonesia,2023-10-30,0.0514509227431781,0.3563007694407352,26,0.6153846153846154,0.3846153846153846,,,,,,
Indonesia,2023-10-31,-0.1338906746749505,0.4277031567421275,36,0.25,0.7222222222222222,,,,,,
Indonesia,2023-11-01,-0.0915243284691478,0.4294407014616549,50,0.4,0.58,,,,,,
Indonesia,2023-11-02,-0.2314792707736781,0.370286764859938,43,0.2558139534883721,0.7441860465116279,,,,,,
Indonesia,2023-11-03,-0.1103253378124951,0.4261261529616899,30,0.5,0.5,,,,,,
Indonesia,2023-11-04,-0.026063361693196,0.3432061648483492,27,0.5185185185185185,0.4444444444444444,,,,,,
Indonesia,2023-11-05,0.0024122059402682,0.455696101614136,22,0.5,0.4545454545454545,,,,,,
Indonesia,2023-11-06,0.020522641140495,0.3967961907251633,42,0.4761904761904761,0.4761904761904761,,,,,,
Indonesia,2023-11-07,-0.0498250258186782,0.4475502998033078,39,0.4358974358974359,0.5128205128205128,,,,,,
Indonesia,2023-11-08,-0.1201453842786979,0.3708703776862385,36,0.3611111111111111,0.6388888888888888,,,,,,
Indonesia,2023-11-09,0.009192254791888,0.3488841748647044,40,0.525,0.475,,,,,,
Indonesia,2023-11-10,-0.1422505261653403,0.3031886221121894,41,0.3170731707317073,0.6341463414634146,,,,,,
Indonesia,2023-11-11,-0.1661962905970444,0.4689476401401937,17,0.4117647058823529,0.5882352941176471,,,,,,
Indonesia,2023-11-12,0.0656217611429473,0.4137678894339674,19,0.5263157894736842,0.4210526315789473,,,,,,
Indonesia,2023-11-13,-0.0892742275658587,0.4109701803082721,34,0.3823529411764705,0.5882352941176471,,,,,,
Indonesia,2023-11-14,-0.0287792844324638,0.2964388406908558,55,0.4727272727272727,0.4909090909090909,,,,,,
Indonesia,2023-11-15,0.0426907762548087,0.4486416212496311,45,0.5555555555555556,0.4222222222222222,,,,,,
Indonesia,2023-11-16,-0.0990710164499901,0.4483040423128294,40,0.35,0.625,,,,,,
Indonesia,2023-11-17,-0.0634023322770991,0.3507395155820913,33,0.4242424242424242,0.5454545454545454,,,,,,
Indonesia,2023-11-18,-0.0571447025163903,0.3913280336839753,22,0.3181818181818182,0.6818181818181818,,,,,,
Indonesia,2023-11-19,-0.2120507713175244,0.4413183280515881,18,0.3888888888888889,0.6111111111111112,,,,,,
Indonesia,2023-11-20,-0.0387357260776133,0.4343364747740912,29,0.4482758620689655,0.5172413793103449,,,,,,
Indonesia,2023-11-21,-0.2349082869797526,0.3822072108351628,25,0.28,0.72,,,,,,
Indonesia,2023-11-22,-0.0081859186033377,0.3201845030928049,36,0.3888888888888889,0.5277777777777778,,,,,,
Indonesia,2023-11-23,-0.0713763951554627,0.406193822210168,44,0.5,0.4545454545454545,,,,,,
Indonesia,2023-11-24,0.0792119227984619,0.4704899480508058,31,0.5483870967741935,0.4516129032258064,,,,,,
Indonesia,2023-11-25,0.1429889130948293,0.4703047522732595,11,0.7272727272727273,0.2727272727272727,,,,,,
Indonesia,2023-11-26,0.0490560279317184,0.4979901139812496,15,0.6,0.4,,,,,,
Indonesia,2023-11-27,0.0538084517706962,0.3572920535963584,39,0.5384615384615384,0.4358974358974359,,,,,,
Indonesia,2023-11-28,-0.0052528381291404,0.397310702720821,40,0.425,0.475,,,,,,
Indonesia,2023-11-29,-0.0231626724913897,0.3067707719841015,39,0.4358974358974359,0.5128205128205128,,,,,,
Indonesia,2023-11-30,-0.1019201591611937,0.3652774156625636,38,0.3421052631578947,0.6052631578947368,,,,,,
Indonesia,2023-12-01,-0.0451975218083028,0.4389906203471482,38,0.5526315789473685,0.4210526315789473,,,,,,
Indonesia,2023-12-02,-0.0923333652235739,0.4479962408941327,30,0.3333333333333333,0.6333333333333333,,,,,,
Indonesia,2023-12-03,0.1069439095245022,0.5182646783884917,23,0.6956521739130435,0.3043478260869565,,,,,,
Indonesia,2023-12-04,0.0172831649797753,0.4828806273330328,27,0.5185185185185185,0.4814814814814814,,,,,,
Indonesia,2023-12-05,-0.0997091986369791,0.4387083290433115,46,0.4565217391304347,0.5,,,,,,
Indonesia,2023-12-06,0.0858106138692034,0.4192028482222289,42,0.5952380952380952,0.3809523809523809,,,,,,
Indonesia,2023-12-07,-0.0426973465043005,0.4438525715811446,45,0.5333333333333333,0.4666666666666667,,,,,,
Indonesia,2023-12-08,-0.0959100686177091,0.4094562964864203,31,0.3548387096774194,0.6129032258064516,,,,,,
Indonesia,2023-12-09,-0.0510611073239637,0.3929917777384119,24,0.5,0.5,,,,,,
Indonesia,2023-12-10,-0.0907955974925591,0.4417203159580355,24,0.4583333333333333,0.5,,,,,,
Indonesia,2023-12-11,0.0596466065941998,0.4258647825028594,43,0.6046511627906976,0.3720930232558139,,,,,,
Indonesia,2023-12-12,-0.0174133055671928,0.366398376284947,44,0.5227272727272727,0.4772727272727273,,,,,,
Indonesia,2023-12-13,0.0965816904730554,0.350141577264699,48,0.5833333333333334,0.4166666666666667,,,,,,
Indonesia,2023-12-14,0.0129340896095971,0.38836351976644,37,0.5135135135135135,0.4594594594594595,,,,,,
Indonesia,2023-12-15,0.0013081910872547,0.4405007168888499,39,0.5128205128205128,0.4615384615384615,,,,,,
Indonesia,2023-12-16,0.0465283292422026,0.2917889754104188,20,0.65,0.25,,,,,,
Indonesia,2023-12-17,0.1256813072388851,0.2891850862814002,22,0.6818181818181818,0.1818181818181818,,,,,,
Indonesia,2023-12-18,0.0239375864250035,0.3870838272958124,41,0.4878048780487805,0.4878048780487805,,,,,,
Indonesia,2023-12-19,0.0612383875067282,0.4026163738953067,28,0.5357142857142857,0.2857142857142857,,,,,,
Indonesia,2023-12-20,0.0496751897348883,0.4829534433557623,34,0.5588235294117647,0.4117647058823529,,,,,,
Indonesia,2023-12-21,-0.099146307749963,0.4950840301535149,33,0.4848484848484848,0.5151515151515151,,,,,,
Indonesia,2023-12-22,-0.0305679824212929,0.4133265268781208,35,0.4571428571428571,0.5428571428571428,,,,,,
Indonesia,2023-12-23,-0.0603117408925493,0.4405206709659709,26,0.4230769230769231,0.5769230769230769,,,,,,
Indonesia,2023-12-24,-0.0259425745813306,0.5107670807365557,33,0.5151515151515151,0.4545454545454545,,,,,,
Indonesia,2023-12-25,-0.2235879800572721,0.4830227873549962,19,0.4210526315789473,0.5789473684210527,,,,,,
Indonesia,2023-12-26,-0.2667239485907604,0.4242753658595027,24,0.3333333333333333,0.625,,,,,,
Indonesia,2023-12-27,-0.112067488845223,0.3882735237022952,30,0.4,0.5666666666666667,1.0,1.0,0.0,0.8641,7.0,opportunity
Indonesia,2023-12-28,-0.1025393103166647,0.5058972564453219,29,0.3793103448275862,0.6206896551724138,1.0,1.0,0.0,0.8286,12.0,opportunity
Indonesia,2023-12-29,0.0147275913314113,0.4492081175808957,35,0.5428571428571428,0.4285714285714285,-1.0,0.0,1.0,0.6673,19.0,risk
Indonesia,2023-12-30,-0.0048939552761015,0.5857339051403981,32,0.4375,0.53125,,,,,,
Indonesia,2023-12-31,-0.0652199763272885,0.4297479099696396,18,0.5,0.4444444444444444,,,,,,
Indonesia,2024-01-01,-0.2412157208127993,0.3919016413438407,21,0.2857142857142857,0.7142857142857143,,,,,,
Indonesia,2024-01-02,-0.0852873273097792,0.4527328367241373,23,0.4782608695652174,0.4782608695652174,,,,,,
Indonesia,2024-01-03,-0.1283630878081011,0.3787134089379571,27,0.2962962962962963,0.5925925925925926,,,,,,
Indonesia,2024-01-04,-0.1566114177788669,0.4090231481928483,33,0.2727272727272727,0.6666666666666666,,,,,,
Indonesia,2024-01-05,-0.0872116351457483,0.4943927185751509,23,0.4347826086956521,0.4782608695652174,,,,,,
Indonesia,2024-01-06,-0.1121064970954089,0.4627676204730965,23,0.3478260869565217,0.6086956521739131,,,,,,
Indonesia,2024-01-07,0.123491053369238,0.4946773387988261,17,0.6470588235294118,0.3529411764705882,,,,,,
Indonesia,2024-01-08,-0.0400799135388045,0.3553848868167652,43,0.4883720930232558,0.4883720930232558,,,,,,
Indonesia,2024-01-09,-0.1721821817763582,0.364301501480792,41,0.3414634146341463,0.6341463414634146,,,,,,
Indonesia,2024-01-10,-0.0649465109078527,0.394051864213072,42,0.4761904761904761,0.4761904761904761,,,,,,
Indonesia,2024-01-11,-0.1267690189259059,0.4365421849208586,36,0.3888888888888889,0.5277777777777778,,,,,,
Indonesia,2024-01-12,0.0068193139878921,0.4133650699400458,37,0.4594594594594595,0.4864864864864865,,,,,,
Indonesia,2024-01-13,-0.1182853328750972,0.4709515685565189,21,0.3809523809523809,0.5238095238095238,,,,,,
Indonesia,2024-01-14,0.0486319457540807,0.3746325303940696,30,0.5,0.5,,,,,,
Indonesia,2024-01-15,-0.0906077637951718,0.3962715634709607,38,0.3684210526315789,0.5789473684210527,,,,,,
Indonesia,2024-01-16,-0.1130815551895557,0.4221858206842271,43,0.4418604651162791,0.5581395348837209,,,,,,
Indonesia,2024-01-17,-0.0973779949238595,0.4691397751689667,41,0.4878048780487805,0.5121951219512195,,,,,,
Indonesia,2024-01-18,-0.1449532097625031,0.4310689391754225,34,0.4117647058823529,0.5588235294117647,,,,,,
Indonesia,2024-01-19,0.0191729028297175,0.3216872395135919,30,0.5333333333333333,0.4666666666666667,,,,,,
Indonesia,2024-01-20,-0.2190941073076896,0.4086546684131487,22,0.3636363636363636,0.5909090909090909,,,,,,
Indonesia,2024-01-21,-0.2405848534312881,0.3133640486362647,30,0.2333333333333333,0.7333333333333333,,,,,,
Indonesia,2024-01-22,0.0721181912324742,0.4302565936390741,39,0.5897435897435898,0.3846153846153846,,,,,,
Indonesia,2024-01-23,-0.0154291613798153,0.4044929201814691,49,0.4897959183673469,0.4285714285714285,,,,,,
Indonesia,2024-01-24,-0.0135454853660967,0.3713175034636966,32,0.59375,0.40625,,,,,,
Indonesia,2024-01-25,0.0674196733440278,0.385370213006488,32,0.5625,0.4375,,,,,,
Indonesia,2024-01-26,0.0242922709052618,0.4865196288860334,36,0.5277777777777778,0.4444444444444444,,,,,,
Indonesia,2024-01-27,-0.0339985271715007,0.3486998993170033,17,0.4705882352941176,0.4705882352941176,,,,,,
Indonesia,2024-01-28,0.0118616532325258,0.2363784400243926,25,0.52,0.44,,,,,,
Indonesia,2024-01-29,0.088243186792128,0.3527025639639363,34,0.5294117647058824,0.4117647058823529,,,,,,
Indonesia,2024-01-30,-0.1052306232255643,0.4202091852957132,45,0.4444444444444444,0.5333333333333333,,,,,,
Indonesia,2024-01-31,-0.0078320589448654,0.3789335559150161,36,0.4166666666666667,0.5833333333333334,,,,,,
Indonesia,2024-02-01,0.0420844553072259,0.4289554070737134,37,0.4864864864864865,0.4594594594594595,,,,,,
Indonesia,2024-02-02,-0.0375916879319915,0.4109597838286671,37,0.5405405405405406,0.4054054054054054,,,,,,
Indonesia,2024-02-03,-0.0857317452349044,0.3795120250549896,16,0.5,0.5,,,,,,
Indonesia,2024-02-04,-0.0561413024111944,0.4583115449024074,29,0.4482758620689655,0.5517241379310345,,,,,,
Indonesia,2024-02-05,0.1344882343275997,0.3995359485635475,48,0.6458333333333334,0.3333333333333333,,,,,,
Indonesia,2024-02-06,-0.1060074938880145,0.4189794107544407,50,0.46,0.54,,,,,,
Indonesia,2024-02-07,0.0695881421586942,0.3861613446101927,42,0.5952380952380952,0.3809523809523809,,,,,,
Indonesia,2024-02-08,-0.0140934310014817,0.4287039592493302,38,0.5789473684210527,0.4210526315789473,,,,,,
Indonesia,2024-02-09,0.076459041987009,0.4005321836080249,33,0.5151515151515151,0.4848484848484848,,,,,,
Indonesia,2024-02-10,0.1035762253183918,0.3600436573260789,17,0.5294117647058824,0.4705882352941176,,,,,,
Indonesia,2024-02-11,-0.0194252482849107,0.3827550714071759,18,0.5555555555555556,0.4444444444444444,,,,,,
Indonesia,2024-02-12,0.0266704263321321,0.4230661138525838,33,0.5757575757575758,0.3939393939393939,,,,,,
Indonesia,2024-02-13,-0.0004497681423061,0.32244324407271,35,0.4285714285714285,0.5714285714285714,,,,,,
Indonesia,2024-02-14,0.0087235617560009,0.2880498397516891,31,0.4838709677419355,0.4516129032258064,,,,,,
Indonesia,2024-02-15,0.1169424312647505,0.3122767089182881,34,0.5882352941176471,0.4117647058823529,,,,,,
Indonesia,2024-02-16,-0.1166041164183472,0.4357677043387853,46,0.4347826086956521,0.4565217391304347,,,,,,
Indonesia,2024-02-17,-0.1099064310774326,0.3809677610337873,19,0.3684210526315789,0.4736842105263157,,,,,,
Indonesia,2024-02-18,0.0713383969956663,0.392960935567907,24,0.5,0.5,,,,,,
Indonesia,2024-02-19,0.1096446133833795,0.3936549875858529,46,0.5652173913043478,0.391304347826087,,,,,,
Indonesia,2024-02-20,-0.0528076111060067,0.4155802184075277,41,0.5121951219512195,0.4146341463414634,,,,,,
Indonesia,2024-02-21,-0.0569667321622326,0.4228253064791303,48,0.4583333333333333,0.4583333333333333,,,,,,
Indonesia,2024-02-22,-0.0543388942192068,0.4017315207392283,51,0.4509803921568627,0.5098039215686274,,,,,,
Indonesia,2024-02-23,-0.0248558095310272,0.3569418536553234,32,0.5625,0.4375,,,,,,
Indonesia,2024-02-24,0.0942102861843156,0.4217063014269397,18,0.5,0.4444444444444444,,,,,,
Indonesia,2024-02-25,-0.0791470234092987,0.3962286766267452,27,0.3703703703703703,0.5555555555555556,,,,,,
Indonesia,2024-02-26,-0.0601876256772223,0.4399878845604913,40,0.425,0.525,,,,,,
Indonesia,2024-02-27,-0.0383156156382264,0.5181935034486516,42,0.5476190476190477,0.4523809523809524,,,,,,
Indonesia,2024-02-28,-0.1320637411558494,0.3196583080905241,29,0.3103448275862069,0.5517241379310345,,,,,,
Indonesia,2024-02-29,-0.1158630580758171,0.4649342615424834,39,0.4358974358974359,0.5384615384615384,,,,,,
Indonesia,2024-03-01,-0.0246970981937263,0.366238282056233,42,0.5,0.4523809523809524,,,,,,
Indonesia,2024-03-02,0.0587831519528687,0.3765025930227814,21,0.5238095238095238,0.4761904761904761,,,,,,
Indonesia,2024-03-03,0.0798096642067503,0.3672799174299485,24,0.5416666666666666,0.4583333333333333,,,,,,
Indonesia,2024-03-04,-0.0564784372867328,0.3202210896931444,26,0.4615384615384615,0.5,,,,,,
Indonesia,2024-03-05,0.0348107839919763,0.3760023582736527,36,0.5277777777777778,0.4444444444444444,,,,,,
Indonesia,2024-03-06,-0.0227469981078212,0.3364443656774695,33,0.4545454545454545,0.4848484848484848,,,,,,
Indonesia,2024-03-07,-0.1193781531864898,0.4483423556919499,32,0.4375,0.5,,,,,,
Indonesia,2024-03-08,0.0098640301091229,0.4678437501702354,42,0.5,0.4523809523809524,,,,,,
Indonesia,2024-03-09,-0.0277810441229649,0.481673733901259,22,0.5,0.4090909090909091,,,,,,
Indonesia,2024-03-10,0.0654020647737456,0.4680565652172174,20,0.4,0.55,,,,,,
Indonesia,2024-03-11,0.0098761720053375,0.5982202749082102,30,0.5,0.4666666666666667,,,,,,
Indonesia,2024-03-12,-0.0148052808151499,0.4445607332509299,32,0.5625,0.4375,,,,,,
Indonesia,2024-03-13,-0.0920875465626918,0.4188398158945238,36,0.4166666666666667,0.5,,,,,,
Indonesia,2024-03-14,-0.1363896748936225,0.3884967612389363,49,0.3469387755102041,0.6530612244897959,,,,,,
Indonesia,2024-03-15,-0.1443805839166347,0.3235749588629745,37,0.2972972972972973,0.6756756756756757,,,,,,
Indonesia,2024-03-16,-0.0868627705689282,0.425832790636468,19,0.5263157894736842,0.4736842105263157,,,,,,
Indonesia,2024-03-17,-0.0618552216542603,0.4091629817886774,24,0.375,0.5416666666666666,,,,,,
Indonesia,2024-03-18,-0.1354479803653253,0.3452779090854803,35,0.3428571428571428,0.5714285714285714,,,,,,
Indonesia,2024-03-19,-0.0680830293103983,0.5267523406336299,48,0.4166666666666667,0.5208333333333334,,,,,,
Indonesia,2024-03-20,-0.0445343549734553,0.4353401143801965,45,0.4222222222222222,0.5555555555555556,,,,,,
Indonesia,2024-03-21,-0.1261920347736329,0.4522735521879589,35,0.3714285714285714,0.5428571428571428,,,,,,
Indonesia,2024-03-22,-0.0188554414840387,0.3692918085668272,47,0.4468085106382978,0.5106382978723404,,,,,,
Indonesia,2024-03-23,0.0037897111228724,0.4040596079446342,20,0.55,0.45,,,,,,
Indonesia,2024-03-24,-0.0930022450194326,0.4180327447556032,19,0.5263157894736842,0.4210526315789473,,,,,,
Indonesia,2024-03-25,-0.0596529996742169,0.3793629068016834,38,0.4736842105263157,0.4210526315789473,,,,,,
Indonesia,2024-03-26,-0.0915691251617772,0.4724837497139478,42,0.3333333333333333,0.6428571428571429,,,,,,
Indonesia,2024-03-27,-0.0198364890975867,0.4309462749691877,45,0.4444444444444444,0.5333333333333333,,,,,,
Indonesia,2024-03-28,-0.0945326375204697,0.4028397409420805,34,0.4411764705882353,0.5294117647058824,,,,,,
Indonesia,2024-03-29,-0.2907301494110899,0.529803995216013,25,0.28,0.68,,,,,,
Indonesia,2024-03-30,-0.0318935086904224,0.4239946451958414,24,0.4583333333333333,0.5,,,,,,
Indonesia,2024-03-31,-0.0230613422030055,0.4504418620760799,18,0.4444444444444444,0.5,,,,,,
Indonesia,2024-04-01,-0.0386221983705285,0.4849820899645413,55,0.3818181818181818,0.6181818181818182,,,,,,
Indonesia,2024-04-02,0.0515914157909668,0.4536721479743425,52,0.5576923076923077,0.3653846153846153,,,,,,
Indonesia,2024-04-03,-0.059299795531572,0.3827476368210544,53,0.5094339622641509,0.4716981132075472,,,,,,
Indonesia,2024-04-04,-0.061421484941105,0.3279098616027998,52,0.4230769230769231,0.5384615384615384,,,,,,
Indonesia,2024-04-05,0.038634763228398,0.3677924333744977,44,0.5681818181818182,0.4090909090909091,,,,,,
Indonesia,2024-04-06,-0.1357390974973391,0.298036086729293,21,0.3809523809523809,0.6190476190476191,,,,,,
Indonesia,2024-04-07,-0.1522837620038996,0.4780548986893591,18,0.2777777777777778,0.7222222222222222,,,,,,
Indonesia,2024-04-08,-0.0890271139756517,0.3708577873508534,33,0.3939393939393939,0.6060606060606061,,,,,,
Indonesia,2024-04-09,-0.1597897027253605,0.4239310910606934,24,0.375,0.5,,,,,,
Indonesia,2024-04-10,0.1232882986125401,0.4707933789796805,24,0.7083333333333334,0.25,,,,,,
Indonesia,2024-04-11,0.0365262532394777,0.2849446266614092,16,0.625,0.3125,,,,,,
Indonesia,2024-04-12,-0.0535911623682828,0.5134207144803248,18,0.5555555555555556,0.3888888888888889,,,,,,
Indonesia,2024-04-13,-0.1283689254015666,0.5478321707610327,10,0.4,0.5,,,,,,
Indonesia,2024-04-14,-0.3420473279862174,0.3412677908277791,7,0.1428571428571428,0.8571428571428571,,,,,,
Indonesia,2024-04-15,-0.0666443776044334,0.5354041379295265,23,0.4347826086956521,0.4782608695652174,,,,,,
Indonesia,2024-04-16,-0.1617290449129674,0.3801559411712362,29,0.2758620689655172,0.6896551724137931,,,,,,
Indonesia,2024-04-17,-0.1963431189631064,0.3766382943793567,41,0.2439024390243902,0.7073170731707317,,,,,,
Indonesia,2024-04-18,-0.16910246695706,0.4013622871647813,55,0.2909090909090909,0.6727272727272727,,,,,,
Indonesia,2024-04-19,-0.1156395170333971,0.4074472094673259,30,0.3666666666666666,0.5666666666666667,,,,,,
Indonesia,2024-04-20,-0.0430733586635267,0.4354171740615715,27,0.4444444444444444,0.5555555555555556,,,,,,
Indonesia,2024-04-21,0.1369275386415325,0.3697017593787617,25,0.68,0.32,,,,,,
Indonesia,2024-04-22,-0.0162261972171729,0.411128188443143,39,0.5128205128205128,0.4358974358974359,,,,,,
Indonesia,2024-04-23,-0.0590753770299373,0.411831270696894,50,0.44,0.52,,,,,,
Indonesia,2024-04-24,-0.0693131516752036,0.4617615584220038,45,0.5111111111111111,0.4888888888888889,,,,,,
Indonesia,2024-04-25,0.0005394472727916,0.3481135333488074,37,0.4864864864864865,0.5135135135135135,,,,,,
Indonesia,2024-04-26,0.0195051404346675,0.4585071346333131,38,0.4473684210526316,0.5263157894736842,,,,,,
Indonesia,2024-04-27,-0.0331638587895,0.3436951458984973,29,0.3793103448275862,0.5862068965517241,,,,,,
Indonesia,2024-04-28,-0.0153460914782137,0.3024188649588848,23,0.5217391304347826,0.4782608695652174,,,,,,
Indonesia,2024-04-29,-0.0746226095443237,0.3869241107879941,45,0.4,0.6,,,,,,
Indonesia,2024-04-30,0.0408695196917676,0.3635258845799567,37,0.4594594594594595,0.4864864864864865,,,,,,
Indonesia,2024-05-01,-0.0072390793734572,0.3922331311372007,32,0.5,0.5,,,,,,
Indonesia,2024-05-02,-0.0905156129409358,0.3725397153744456,35,0.3714285714285714,0.4857142857142857,,,,,,
Indonesia,2024-05-03,0.0089590565599857,0.400734302644059,39,0.4615384615384615,0.4871794871794871,,,,,,
Indonesia,2024-05-04,-0.1725323238139721,0.3645531746144637,20,0.4,0.6,,,,,,
Indonesia,2024-05-05,-0.0501103176623243,0.4771941671377877,22,0.4545454545454545,0.5,,,,,,
Indonesia,2024-05-06,0.0057744077808061,0.4859931787967781,42,0.5476190476190477,0.4285714285714285,,,,,,
Indonesia,2024-05-07,-0.1112534320175713,0.3423039515942711,30,0.4333333333333333,0.5666666666666667,,,,,,
Indonesia,2024-05-08,0.0010957764496079,0.4065806163728514,32,0.40625,0.5625,,,,,,
Indonesia,2024-05-09,0.0809096099437418,0.3826822145249398,35,0.6571428571428571,0.3428571428571428,,,,,,
Indonesia,2024-05-10,0.0850982001041179,0.4815363198978035,28,0.5357142857142857,0.4642857142857143,,,,,,
Indonesia,2024-05-11,-0.1068696300359465,0.5102798461822403,23,0.391304347826087,0.5652173913043478,,,,,,
Indonesia,2024-05-12,-0.3622758927602999,0.4298475612671561,26,0.1923076923076923,0.7692307692307693,,,,,,
Indonesia,2024-05-13,-0.1135050119869295,0.5393192685030492,47,0.425531914893617,0.425531914893617,,,,,,
Indonesia,2024-05-14,-0.1566400232842603,0.4092268510316505,57,0.4035087719298245,0.5087719298245614,,,,,,
Indonesia,2024-05-15,-0.2071130056625859,0.425042193185992,46,0.3260869565217391,0.5869565217391305,,,,,,
Indonesia,2024-05-16,0.0513576772189319,0.4709519911656826,48,0.5208333333333334,0.3541666666666667,,,,,,
Indonesia,2024-05-17,-0.0099568607433352,0.4062996051225047,29,0.5862068965517241,0.4137931034482758,,,,,,
Indonesia,2024-05-18,-0.0873384025565981,0.383816214404784,20,0.45,0.45,,,,,,
Indonesia,2024-05-19,-0.0158205994047674,0.3926176986185506,33,0.5151515151515151,0.4242424242424242,,,,,,
Indonesia,2024-05-20,0.0331732143678554,0.4161593546844936,39,0.5641025641025641,0.4102564102564102,,,,,,
Indonesia,2024-05-21,0.0588823374445744,0.4033881989159741,39,0.4615384615384615,0.4871794871794871,,,,,,
Indonesia,2024-05-22,0.0111048908567059,0.4843014566734047,25,0.44,0.56,,,,,,
Indonesia,2024-05-23,-0.0574936412118189,0.4673394523722771,25,0.48,0.52,,,,,,
Indonesia,2024-05-24,-0.1857874139082836,0.4223341110055657,18,0.3888888888888889,0.6111111111111112,,,,,,
Indonesia,2024-05-25,-0.0519602674327307,0.5067420660167007,19,0.5789473684210527,0.3684210526315789,,,,,,
Indonesia,2024-05-26,-0.0667525106007191,0.3736080633780109,15,0.4,0.6,,,,,,
Indonesia,2024-05-27,0.0146775970325819,0.4077204822160033,37,0.5405405405405406,0.3783783783783784,,,,,,
Indonesia,2024-05-28,0.0153674566022824,0.3658293578121128,31,0.5161290322580645,0.3870967741935484,,,,,,
Indonesia,2024-05-29,-0.2266717614619053,0.4564671953226842,40,0.35,0.65,,,,,,
Indonesia,2024-05-30,0.0003419546575657,0.481912972729944,36,0.5,0.5,,,,,,
Indonesia,2024-05-31,0.0217431956929221,0.418185657376421,32,0.4375,0.46875,,,,,,
Indonesia,2024-06-01,0.0335715413748786,0.4493418697990118,23,0.4782608695652174,0.4782608695652174,,,,,,
Indonesia,2024-06-02,-0.0900048201649294,0.3843264422888939,13,0.5384615384615384,0.4615384615384615,,,,,,
Indonesia,2024-06-03,-0.0326929142343338,0.4090493577825061,44,0.5454545454545454,0.4545454545454545,,,,,,
Indonesia,2024-06-04,-0.0706685186751235,0.4480150329499253,43,0.3953488372093023,0.5813953488372093,,,,,,
Indonesia,2024-06-05,-0.0439722846041968,0.4260295317638677,39,0.4358974358974359,0.5384615384615384,,,,,,
Indonesia,2024-06-06,-0.076040948325669,0.4468486675149189,30,0.4666666666666667,0.5333333333333333,,,,,,
Indonesia,2024-06-07,0.0267773586460378,0.4279418273902549,39,0.5128205128205128,0.4358974358974359,,,,,,
Indonesia,2024-06-08,-0.098592406099602,0.3554183083188449,30,0.3666666666666666,0.6,,,,,,
Indonesia,2024-06-09,-0.0814120040619248,0.3599484774746074,23,0.391304347826087,0.5652173913043478,,,,,,
Indonesia,2024-06-10,0.0266997944800441,0.4104880954595376,43,0.5581395348837209,0.4418604651162791,,,,,,
Indonesia,2024-06-11,-0.0243412749502313,0.5433371033304649,34,0.5,0.4705882352941176,,,,,,
Indonesia,2024-06-12,-0.0833486691106085,0.4025126995375712,44,0.4318181818181818,0.5681818181818182,,,,,,
Indonesia,2024-06-13,-0.0434586863215437,0.4551587688628354,26,0.4615384615384615,0.5,,,,,,
Indonesia,2024-06-14,-0.0466972613130991,0.4036917003121613,39,0.3846153846153846,0.5897435897435898,,,,,,
Indonesia,2024-06-15,0.0202435848777415,0.4179429398512191,18,0.4444444444444444,0.4444444444444444,,,,,,
Indonesia,2024-06-16,-0.19524657493422,0.3954446667343747,29,0.3103448275862069,0.6896551724137931,,,,,,
Indonesia,2024-06-17,-0.0316690570240325,0.3684671873872937,20,0.4,0.6,,,,,,
Indonesia,2024-06-18,-0.1340445773637112,0.3741431759229741,26,0.2692307692307692,0.7307692307692307,,,,,,
Indonesia,2024-06-19,-0.1404350134497092,0.4818215694421216,52,0.3269230769230769,0.6730769230769231,,,,,,
Indonesia,2024-06-20,-0.1181437502749958,0.5129972434710298,35,0.4,0.5428571428571428,,,,,,
Indonesia,2024-06-21,-0.0272060749762917,0.4087988790103459,41,0.4634146341463415,0.5121951219512195,,,,,,
Indonesia,2024-06-22,-0.1345856881369286,0.4357676278273241,22,0.4090909090909091,0.5909090909090909,,,,,,
Indonesia,2024-06-23,-0.0275034562392498,0.5496846984955668,34,0.4117647058823529,0.5,,,,,,
Indonesia,2024-06-24,-0.1331584587226001,0.4532431615801642,38,0.3421052631578947,0.6052631578947368,,,,,,
Indonesia,2024-06-25,-0.1528958376245751,0.4239708337397339,55,0.3454545454545454,0.6363636363636364,,,,,,
Indonesia,2024-06-26,-0.0310136019424357,0.4392684334015937,39,0.4871794871794871,0.4871794871794871,,,,,,
Indonesia,2024-06-27,-0.0363686622676468,0.460192572280312,40,0.425,0.55,0.0,0.0,0.0,0.4562,15.0,neutral
Indonesia,2024-06-28,-0.0346202700556161,0.4677464126310779,32,0.5,0.4375,-1.0,0.0,1.0,0.6114,12.0,risk
Indonesia,2024-06-29,0.0461771433376389,0.4469833191864941,21,0.4285714285714285,0.3809523809523809,1.0,1.0,0.0,0.5706,10.0,opportunity
Indonesia,2024-06-30,0.1411481893151211,0.4446797170820181,28,0.6071428571428571,0.2857142857142857,,,,,,
Indonesia,2024-07-01,0.1638572900268146,0.4254222299205622,23,0.6956521739130435,0.3043478260869565,0.0,0.0,0.0,0.7457,4.0,neutral
Indonesia,2024-07-02,0.0805385767162352,0.3909116524260184,33,0.5757575757575758,0.4242424242424242,,,,,,
Indonesia,2024-07-03,-0.1074366679665198,0.42428101534582,40,0.425,0.525,,,,,,
Indonesia,2024-07-04,0.0630888820285434,0.4059737746552066,43,0.6046511627906976,0.3720930232558139,,,,,,
Indonesia,2024-07-05,-0.1086479569261892,0.4154359904846481,31,0.4516129032258064,0.5483870967741935,,,,,,
Indonesia,2024-07-06,0.1453248909472922,0.4583960376641445,17,0.7647058823529411,0.2352941176470588,,,,,,
Indonesia,2024-07-07,0.0239034650660423,0.5031467370829552,19,0.5263157894736842,0.4736842105263157,,,,,,
Indonesia,2024-07-08,-0.2119346797830403,0.413581300102877,58,0.3275862068965517,0.6551724137931034,,,,,,
Indonesia,2024-07-09,-0.1530629246198022,0.3752273781513328,34,0.2941176470588235,0.6470588235294118,,,,,,
Indonesia,2024-07-10,-0.0570875372853504,0.4537785994560482,45,0.4,0.6,,,,,,
Indonesia,2024-07-11,-0.0685176245226998,0.4738817961706635,49,0.4285714285714285,0.5102040816326531,,,,,,
Indonesia,2024-07-12,0.0566326519910395,0.4595741300250931,39,0.5897435897435898,0.358974358974359,,,,,,
Indonesia,2024-07-13,-0.0232604964456589,0.5136491598157324,22,0.4090909090909091,0.5909090909090909,,,,,,
Indonesia,2024-07-14,0.0151920322635989,0.4154826323201089,24,0.5,0.4583333333333333,,,,,,
Indonesia,2024-07-15,-0.1788283390270835,0.4913656048601219,21,0.3809523809523809,0.6190476190476191,,,,,,
Indonesia,2024-07-16,-0.1159639097865829,0.434687973581593,33,0.3636363636363636,0.6060606060606061,,,,,,
Indonesia,2024-07-17,0.0050490041939549,0.4026473365715353,33,0.5151515151515151,0.4848484848484848,,,,,,
Indonesia,2024-07-18,-0.0069488603031576,0.4882417934403734,34,0.4705882352941176,0.5,,,,,,
Indonesia,2024-07-19,0.1075996622245345,0.3808619533207111,28,0.5714285714285714,0.3928571428571428,,,,,,
Indonesia,2024-07-20,0.2247161988870575,0.3808642858895849,25,0.8,0.2,,,,,,
Indonesia,2024-07-21,-0.0693819099051095,0.5315101989407736,19,0.3684210526315789,0.631578947368421,,,,,,
Indonesia,2024-07-22,0.0084676653439879,0.4236009916561529,35,0.5142857142857142,0.4571428571428571,,,,,,
Indonesia,2024-07-23,0.1630542314086006,0.3737925333240075,22,0.6818181818181818,0.2727272727272727,,,,,,
Indonesia,2024-07-24,-0.0666257837233285,0.3619241486945456,42,0.3333333333333333,0.6190476190476191,,,,,,
Indonesia,2024-07-25,-0.1578862256766423,0.4499381818207698,35,0.3714285714285714,0.5714285714285714,,,,,,
Indonesia,2024-07-26,-0.0688480202055305,0.3988234409598835,44,0.4772727272727273,0.4772727272727273,,,,,,
Indonesia,2024-07-27,0.1737416771642464,0.3367906160109291,23,0.6521739130434783,0.3478260869565217,,,,,,
Indonesia,2024-07-28,0.0363083789665034,0.3696230218778834,23,0.6086956521739131,0.391304347826087,,,,,,
Indonesia,2024-07-29,0.1176281030725244,0.4776028259743701,37,0.6486486486486487,0.3243243243243243,,,,,,
Indonesia,2024-07-30,-0.1563699754182597,0.4932301071446863,35,0.4,0.5714285714285714,,,,,,
Indonesia,2024-07-31,-0.0438007761534325,0.3900762343676726,34,0.3823529411764705,0.4705882352941176,,,,,,
Indonesia,2024-08-01,-0.059674587888271,0.371177647635188,48,0.5,0.5,,,,,,
Indonesia,2024-08-02,0.0361002134767969,0.5487499848057046,44,0.4772727272727273,0.4772727272727273,,,,,,
Indonesia,2024-08-03,0.1142972743579603,0.3749724565098095,20,0.55,0.35,,,,,,
Indonesia,2024-08-04,0.0809213078174065,0.4243955290460717,21,0.6190476190476191,0.3333333333333333,,,,,,
Indonesia,2024-08-05,-0.0568655675255359,0.4632050350575715,24,0.4166666666666667,0.5833333333333334,,,,,,
Indonesia,2024-08-06,-0.1676294133553423,0.4897737887658668,35,0.3142857142857143,0.6857142857142857,,,,,,
Indonesia,2024-08-07,-0.071603535389214,0.4352988909950116,34,0.4411764705882353,0.5294117647058824,,,,,,
Indonesia,2024-08-08,0.0533165494536314,0.4126267923846208,39,0.6410256410256411,0.358974358974359,,,,,,
Indonesia,2024-08-09,0.1470567379456275,0.4428702123557232,27,0.6666666666666666,0.2962962962962963,,,,,,
Indonesia,2024-08-10,0.0909117750161852,0.3789339261580265,20,0.7,0.3,,,,,,
Indonesia,2024-08-11,0.1165184391678204,0.4731712306177846,19,0.5789473684210527,0.3157894736842105,,,,,,
Indonesia,2024-08-12,0.0250693364177007,0.4530223408439578,40,0.45,0.5,,,,,,
Indonesia,2024-08-13,-0.0793584995293385,0.5165737514590972,43,0.3953488372093023,0.5581395348837209,,,,,,
Indonesia,2024-08-14,0.0031176095794494,0.4588015226354945,37,0.4864864864864865,0.4864864864864865,,,,,,
Indonesia,2024-08-15,-0.0819200469872407,0.5094738219811102,46,0.4130434782608695,0.5869565217391305,,,,,,
Indonesia,2024-08-16,-0.0261716978294675,0.4554681228359302,33,0.5454545454545454,0.3939393939393939,,,,,,
Indonesia,2024-08-17,0.2589297515142932,0.3893102825269532,28,0.8571428571428571,0.1428571428571428,,,,,,
Indonesia,2024-08-18,0.0260702765304982,0.352752350301222,22,0.5454545454545454,0.4090909090909091,,,,,,
Indonesia,2024-08-19,0.1203135370325872,0.4947554211616772,31,0.5806451612903226,0.4193548387096774,,,,,,
Indonesia,2024-08-20,0.0439030129817445,0.5156804164009587,44,0.5227272727272727,0.4545454545454545,,,,,,
Indonesia,2024-08-21,-0.0720950575733595,0.4255093490365586,32,0.4375,0.5625,,,,,,
Indonesia,2024-08-22,-0.0687459109032806,0.4312954727529533,30,0.3666666666666666,0.6333333333333333,,,,,,
Indonesia,2024-08-23,0.0035671986929401,0.492632573909588,30,0.5,0.5,,,,,,
Indonesia,2024-08-24,-0.1041831037008987,0.4825607719801728,18,0.4444444444444444,0.5555555555555556,,,,,,
Indonesia,2024-08-25,0.2629568482878177,0.5294144843891972,20,0.7,0.3,,,,,,
Indonesia,2024-08-26,-0.0304683059599919,0.3055826198577815,26,0.6153846153846154,0.3846153846153846,,,,,,
Indonesia,2024-08-27,0.0464676817040713,0.5065310007481868,34,0.5588235294117647,0.4117647058823529,,,,,,
Indonesia,2024-08-28,0.1018983281924441,0.3817227412085914,43,0.627906976744186,0.3023255813953488,,,,,,
Indonesia,2024-08-29,0.0157555219474264,0.369408171634875,30,0.5666666666666667,0.4333333333333333,,,,,,
Indonesia,2024-08-30,0.1820409455617609,0.4197690611896766,46,0.6304347826086957,0.3260869565217391,,,,,,
Indonesia,2024-08-31,0.0708605519913661,0.3986957662514362,36,0.5833333333333334,0.3333333333333333,,,,,,
Indonesia,2024-09-01,0.1009626649741996,0.4263542482107884,36,0.6111111111111112,0.3333333333333333,,,,,,
Indonesia,2024-09-02,0.0911647860681775,0.3823148938373788,37,0.5945945945945946,0.3783783783783784,,,,,,
Indonesia,2024-09-03,-0.0113513425575848,0.4481661263933129,45,0.4666666666666667,0.4666666666666667,,,,,,
Indonesia,2024-09-04,0.1703030017711361,0.3932480706996301,44,0.7045454545454546,0.25,,,,,,
Indonesia,2024-09-05,0.0054203325717878,0.3118804383570241,45,0.5333333333333333,0.4222222222222222,,,,,,
Indonesia,2024-09-06,0.0200951558468134,0.4232232180201717,42,0.5238095238095238,0.3571428571428571,,,,,,
Indonesia,2024-09-07,-0.0107970560614286,0.4317943953986641,28,0.5357142857142857,0.4285714285714285,,,,,,
Indonesia,2024-09-08,-0.1363360767445564,0.2996490387553192,20,0.25,0.65,,,,,,
Indonesia,2024-09-09,-0.0350200170091507,0.347413782728104,39,0.4102564102564102,0.5897435897435898,,,,,,
Indonesia,2024-09-10,0.1219994764687153,0.3837395006044977,33,0.6363636363636364,0.3636363636363636,,,,,,
Indonesia,2024-09-11,-0.034975672343735,0.4172980721924976,36,0.5833333333333334,0.3888888888888889,,,,,,
Indonesia,2024-09-12,-0.01553044554955,0.4413674893841309,40,0.575,0.375,,,,,,
Indonesia,2024-09-13,0.0314595292332136,0.4140601957557272,34,0.5,0.4705882352941176,,,,,,
Indonesia,2024-09-14,-0.0016533683990192,0.2591146287360669,20,0.35,0.65,,,,,,
Indonesia,2024-09-15,0.1478744380943183,0.3745771934366474,17,0.7058823529411765,0.2352941176470588,,,,,,
Indonesia,2024-09-16,-0.008454359497293,0.362580077365399,26,0.5,0.4230769230769231,,,,,,
Indonesia,2024-09-17,-0.0339336356825632,0.3973817598795619,29,0.4482758620689655,0.5172413793103449,,,,,,
Indonesia,2024-09-18,0.0554421472869255,0.4828934472556597,53,0.5283018867924528,0.4528301886792453,,,,,,
Indonesia,2024-09-19,0.1589595420347621,0.4480181523095812,34,0.5882352941176471,0.3823529411764705,,,,,,
Indonesia,2024-09-20,0.0680275866175918,0.4340947664609851,43,0.5813953488372093,0.3488372093023256,,,,,,
Indonesia,2024-09-21,0.0696176406098864,0.3588165076958614,28,0.4642857142857143,0.3214285714285714,,,,,,
Indonesia,2024-09-22,0.1848198376097287,0.342089835864392,28,0.8214285714285714,0.1428571428571428,,,,,,
Indonesia,2024-09-23,0.0175231232766374,0.4599269931934166,41,0.6097560975609756,0.3658536585365853,,,,,,
Indonesia,2024-09-24,0.1160770378103007,0.4354273154171357,40,0.65,0.35,,,,,,
Indonesia,2024-09-25,0.1206480385318037,0.4059199280067749,31,0.6774193548387096,0.3225806451612903,,,,,,
Indonesia,2024-09-26,0.1328568866705504,0.3882674717370573,37,0.6756756756756757,0.2702702702702703,,,,,,
Indonesia,2024-09-27,-0.1891312536201364,0.4824460362529264,28,0.2857142857142857,0.7142857142857143,,,,,,
Indonesia,2024-09-28,0.133211965895305,0.3451764018572399,17,0.7647058823529411,0.2352941176470588,,,,,,
Indonesia,2024-09-29,0.0899543640022588,0.4118056758849385,16,0.5625,0.4375,,,,,,
Indonesia,2024-09-30,-0.0371418379353638,0.4476523491009582,33,0.4848484848484848,0.5151515151515151,,,,,,
Indonesia,2024-10-01,0.009599661197004,0.4363542403054714,36,0.4722222222222222,0.4722222222222222,,,,,,
Indonesia,2024-10-02,-0.0050202223743101,0.5110619659687984,33,0.6363636363636364,0.3636363636363636,,,,,,
Indonesia,2024-10-03,0.0554801718400403,0.3473028177704076,33,0.5757575757575758,0.303030303030303,,,,,,
Indonesia,2024-10-04,0.0021570629302259,0.4842805461996946,34,0.4411764705882353,0.5,,,,,,
Indonesia,2024-10-05,0.0932244828355327,0.3833354866110356,14,0.5,0.4285714285714285,,,,,,
Indonesia,2024-10-06,0.0504295797511478,0.4905194440345953,19,0.631578947368421,0.3684210526315789,,,,,,
Indonesia,2024-10-07,0.0726132467618635,0.342741168509012,21,0.5238095238095238,0.4761904761904761,,,,,,
Indonesia,2024-10-08,0.0038521954648529,0.4579873251018697,35,0.5142857142857142,0.4571428571428571,,,,,,
Indonesia,2024-10-09,0.0395003973237419,0.4387338011467341,45,0.5777777777777777,0.3777777777777777,,,,,,
Indonesia,2024-10-10,-0.0805788768637459,0.5074202985051962,46,0.5,0.4782608695652174,,,,,,
Indonesia,2024-10-11,0.0878444126785315,0.3961310348881984,28,0.6428571428571429,0.3214285714285714,,,,,,
Indonesia,2024-10-12,0.0584377200943526,0.3522027731006298,29,0.4827586206896552,0.4827586206896552,,,,,,
Indonesia,2024-10-13,0.0379955459578928,0.4149639803891592,16,0.5,0.5,,,,,,
Indonesia,2024-10-14,0.0689519788497987,0.3830411830373122,44,0.6818181818181818,0.2954545454545454,,,,,,
Indonesia,2024-10-15,0.0127712671427639,0.3532001556400801,31,0.5161290322580645,0.4516129032258064,,,,,,
Indonesia,2024-10-16,0.0734619210162386,0.3911315071724093,27,0.6296296296296297,0.3703703703703703,,,,,,
Indonesia,2024-10-17,0.195579483012628,0.3802940049753958,23,0.7391304347826086,0.2608695652173913,,,,,,
Indonesia,2024-10-18,-0.1044670315476612,0.3927918877873808,25,0.36,0.6,,,,,,
Indonesia,2024-10-19,0.1754105330942185,0.3613842983892033,22,0.5909090909090909,0.3636363636363636,,,,,,
Indonesia,2024-10-20,0.0786088821942409,0.3930267915934999,32,0.46875,0.5,,,,,,
Indonesia,2024-10-21,0.0636298660592056,0.2964100406541568,42,0.5952380952380952,0.3809523809523809,,,,,,
Indonesia,2024-10-22,0.1858715665943647,0.449899059470738,42,0.7619047619047619,0.238095238095238,,,,,,
Indonesia,2024-10-23,-0.0008036583061682,0.4436822681767527,39,0.5641025641025641,0.4102564102564102,,,,,,
Indonesia,2024-10-24,-0.0855835468701174,0.3648101882475539,38,0.3684210526315789,0.6052631578947368,,,,,,
Indonesia,2024-10-25,-0.0054744838806968,0.469005688408083,35,0.5428571428571428,0.3714285714285714,,,,,,
Indonesia,2024-10-26,-0.0186281153075644,0.4722821412754279,18,0.4444444444444444,0.5,,,,,,
Indonesia,2024-10-27,-0.0314666105129631,0.4429117314721285,20,0.4,0.6,,,,,,
Indonesia,2024-10-28,0.1110775004245258,0.3204195519001566,36,0.6388888888888888,0.3333333333333333,,,,,,
Indonesia,2024-10-29,-0.0625910672031641,0.4382471047311828,36,0.4722222222222222,0.5277777777777778,,,,,,
Indonesia,2024-10-30,-0.0956164622790626,0.451883093215407,49,0.4693877551020408,0.5102040816326531,,,,,,
Indonesia,2024-10-31,-0.0788854864967448,0.408204313383526,52,0.4807692307692308,0.4615384615384615,,,,,,
Indonesia,2024-11-01,-0.1092398295251353,0.4101007745222397,48,0.4375,0.5208333333333334,,,,,,
Indonesia,2024-11-02,-0.0333332208146347,0.5089414941904051,20,0.45,0.55,,,,,,
Indonesia,2024-11-03,0.2490744816053343,0.428798049204765,14,0.7142857142857143,0.2857142857142857,,,,,,
Indonesia,2024-11-04,-0.1766509830530989,0.419491081585265,38,0.3421052631578947,0.631578947368421,,,,,,
Indonesia,2024-11-05,-0.0706204946358177,0.44945264370001,36,0.5,0.5,,,,,,
Indonesia,2024-11-06,0.0935361856276745,0.4595770771141135,38,0.6842105263157895,0.2894736842105263,,,,,,
Indonesia,2024-11-07,0.0059542179667777,0.2989035704037651,37,0.5675675675675675,0.4054054054054054,,,,,,
Indonesia,2024-11-08,-0.0096915729889723,0.4072327887322333,42,0.5,0.4285714285714285,,,,,,
Indonesia,2024-11-09,0.2300198567067606,0.4092743536145631,28,0.6785714285714286,0.3214285714285714,,,,,,
Indonesia,2024-11-10,0.1246735615786396,0.3136851523085959,25,0.76,0.2,,,,,,
Indonesia,2024-11-11,0.0122880986682584,0.3854714126893965,32,0.5,0.5,,,,,,
Indonesia,2024-11-12,0.0875739332226447,0.4699259988433775,38,0.631578947368421,0.3421052631578947,,,,,,
Indonesia,2024-11-13,0.00157188439174,0.4163754357834042,48,0.5,0.4791666666666667,,,,,,
Indonesia,2024-11-14,0.1536386929947568,0.3808508344130715,41,0.6829268292682927,0.3170731707317073,,,,,,
Indonesia,2024-11-15,0.0827895806976633,0.3799489563643357,41,0.7317073170731707,0.2682926829268293,,,,,,
Indonesia,2024-11-16,0.0851258143455483,0.4603214276947099,29,0.6206896551724138,0.3793103448275862,,,,,,
Indonesia,2024-11-17,-0.0989334311611616,0.3697107070730354,33,0.4242424242424242,0.5454545454545454,,,,,,
Indonesia,2024-11-18,-0.0925572638853971,0.4874993587971005,45,0.4,0.5777777777777777,,,,,,
Indonesia,2024-11-19,0.0023800355472751,0.5000937992892766,24,0.4583333333333333,0.5,,,,,,
Indonesia,2024-11-20,0.1139768524594739,0.4356579373119541,32,0.625,0.34375,,,,,,
Indonesia,2024-11-21,0.0242929402840792,0.4631693262143412,35,0.5142857142857142,0.4857142857142857,,,,,,
Indonesia,2024-11-22,0.0885546860353205,0.441791075639083,39,0.6410256410256411,0.3333333333333333,,,,,,
Indonesia,2024-11-23,0.1507339845141592,0.49530950288603,23,0.5652173913043478,0.391304347826087,,,,,,
Indonesia,2024-11-24,-0.0105053818790254,0.4908584581422295,31,0.5161290322580645,0.4838709677419355,,,,,,
Indonesia,2024-11-25,0.0725459781207795,0.4140999711993346,29,0.5517241379310345,0.4482758620689655,,,,,,
Indonesia,2024-11-26,-0.1801132054356616,0.5597375130489599,31,0.4516129032258064,0.5161290322580645,,,,,,
Indonesia,2024-11-27,0.0198690911221482,0.5309431671986983,27,0.7037037037037037,0.2592592592592592,,,,,,
Indonesia,2024-11-28,0.0474791808460876,0.4075172707573787,36,0.5,0.4444444444444444,,,,,,
Indonesia,2024-11-29,0.0819997668733511,0.4728590564406705,38,0.6052631578947368,0.3421052631578947,,,,,,
Indonesia,2024-11-30,-0.0173366214960656,0.4194474729087802,22,0.4545454545454545,0.5,,,,,,
Indonesia,2024-12-01,0.0589567509918879,0.3684113281797911,27,0.6296296296296297,0.3333333333333333,,,,,,
Indonesia,2024-12-02,0.0685167042207747,0.4356248916470467,44,0.5909090909090909,0.4090909090909091,,,,,,
Indonesia,2024-12-03,-0.0381899183912,0.5020003379938023,45,0.5333333333333333,0.4222222222222222,,,,,,
Indonesia,2024-12-04,0.140344127121112,0.4740813715664542,43,0.6511627906976745,0.3255813953488372,,,,,,
Indonesia,2024-12-05,-0.0388952312179347,0.4713475480202538,48,0.4583333333333333,0.5,,,,,,
Indonesia,2024-12-06,-0.0406496671261504,0.5700651522754652,41,0.4878048780487805,0.5121951219512195,,,,,,
Indonesia,2024-12-07,0.0668569863206958,0.4830148073836483,28,0.5714285714285714,0.3928571428571428,,,,,,
Indonesia,2024-12-08,0.1216957261941101,0.3623942168382891,19,0.5789473684210527,0.3684210526315789,,,,,,
Indonesia,2024-12-09,-0.09391027990959,0.5599308157310052,24,0.4583333333333333,0.5416666666666666,,,,,,
Indonesia,2024-12-10,0.0660267737023435,0.4645935264637553,43,0.6046511627906976,0.3953488372093023,,,,,,
Indonesia,2024-12-11,0.0183265126466111,0.430649397735132,43,0.627906976744186,0.3488372093023256,,,,,,
Indonesia,2024-12-12,-0.0161186641496714,0.5101690943346143,39,0.5384615384615384,0.4358974358974359,,,,,,
Indonesia,2024-12-13,0.03649724676916,0.4961073314415638,28,0.5714285714285714,0.4285714285714285,,,,,,
Indonesia,2024-12-14,0.0315635356631082,0.4996227373829644,14,0.5,0.5,,,,,,
Indonesia,2024-12-15,0.1074227930533132,0.3888083486461049,27,0.6296296296296297,0.3333333333333333,,,,,,
Indonesia,2024-12-16,0.008071023218376,0.4935295819786853,40,0.525,0.425,,,,,,
Indonesia,2024-12-17,-0.1439295786997635,0.4374740183625,41,0.4634146341463415,0.5121951219512195,,,,,,
Indonesia,2024-12-18,-0.0369656930100733,0.3638509130228201,42,0.4761904761904761,0.4761904761904761,,,,,,
Indonesia,2024-12-19,-0.0160485545233168,0.4480588508036862,47,0.425531914893617,0.5531914893617021,,,,,,
Indonesia,2024-12-20,-0.0323276921355464,0.425237905935618,29,0.5172413793103449,0.4827586206896552,,,,,,
Indonesia,2024-12-21,0.0085933077305087,0.4773884868209734,25,0.48,0.52,,,,,,
Indonesia,2024-12-22,0.0766659295731251,0.4290749200320153,23,0.6521739130434783,0.3478260869565217,,,,,,
Indonesia,2024-12-23,-0.0602605831151314,0.5163889257172515,34,0.4117647058823529,0.5882352941176471,,,,,,
Indonesia,2024-12-24,-0.0441432425788846,0.4760158684270126,33,0.3939393939393939,0.5151515151515151,,,,,,
Indonesia,2024-12-25,-0.0832922440215637,0.5109191463236052,21,0.3809523809523809,0.6190476190476191,,,,,,
Indonesia,2024-12-26,-0.0450980119473913,0.3448204587737883,27,0.4444444444444444,0.5185185185185185,,,,,,
Indonesia,2024-12-27,-0.0347361827033279,0.4784755643668386,41,0.5365853658536586,0.4390243902439024,,,,,,
Indonesia,2024-12-28,-0.0509948619274194,0.4223717360100292,22,0.4545454545454545,0.5,,,,,,
Indonesia,2024-12-29,-0.0266625822646472,0.4502536626185253,16,0.5,0.5,,,,,,
Indonesia,2024-12-30,-0.035055623046113,0.5869078628883723,21,0.5714285714285714,0.4285714285714285,,,,,,
Indonesia,2024-12-31,0.0832802433425419,0.4646327183903553,25,0.6,0.4,,,,,,
