country,date,sentiment_gdelt,sentiment_climatebert,sentiment_std,article_count,pct_positive,pct_negative
Denmark,2019-01-01,-0.004943995405898473,0.0,0.29597762150862983,13,0.46153846153846156,0.5384615384615384
Denmark,2019-01-02,-0.11312103003517855,0.0,0.4059712085438347,24,0.5,0.4583333333333333
Denmark,2019-01-03,-0.05637357613598476,0.0,0.33587529318296827,27,0.48148148148148145,0.48148148148148145
Denmark,2019-01-04,-0.03344270605832202,0.0,0.3327190629801793,25,0.44,0.48
Denmark,2019-01-05,0.11557974465183918,0.0,0.3062638049273652,14,0.6428571428571429,0.2857142857142857
Denmark,2019-01-06,0.09260571751210585,0.0,0.2703332416580735,18,0.4444444444444444,0.2222222222222222
Denmark,2019-01-07,0.012505800721578638,0.0,0.36089667280366033,33,0.42424242424242425,0.5454545454545454
Denmark,2019-01-08,0.05874805686428821,0.0,0.44786801726221415,35,0.5142857142857142,0.4857142857142857
Denmark,2019-01-09,-0.15145682044513656,0.0,0.3271191325947749,37,0.24324324324324326,0.6216216216216216
Denmark,2019-01-10,0.0675104791132312,0.0,0.24206686161255747,26,0.5769230769230769,0.38461538461538464
Denmark,2019-01-11,0.014608908111172237,0.0,0.35905350046205076,29,0.5862068965517241,0.3793103448275862
Denmark,2019-01-12,-0.05722921944859022,0.0,0.3298726752490874,19,0.47368421052631576,0.42105263157894735
Denmark,2019-01-13,-0.06258317158796842,0.0,0.21357132961398007,12,0.5,0.5
Denmark,2019-01-14,-0.1050284878771964,0.0,0.3201335039045863,30,0.36666666666666664,0.6
Denmark,2019-01-15,-0.07017532253929473,0.0,0.3912539790785105,35,0.42857142857142855,0.5714285714285714
Denmark,2019-01-16,-0.0419963815352518,0.0,0.32409541846597784,40,0.4,0.55
Denmark,2019-01-17,-0.02359414260353946,0.0,0.3166443214893996,29,0.3793103448275862,0.5172413793103449
Denmark,2019-01-18,-0.010811812992755847,0.0,0.19698253022505446,38,0.47368421052631576,0.5263157894736842
Denmark,2019-01-19,-0.03022168546078376,0.0,0.433809828087675,21,0.42857142857142855,0.38095238095238093
Denmark,2019-01-20,0.1226380652593555,0.0,0.3459489285489656,18,0.5555555555555556,0.4444444444444444
Denmark,2019-01-21,0.0761353757221836,0.0,0.23511280441591448,41,0.6829268292682927,0.2926829268292683
Denmark,2019-01-22,0.024518038562199515,0.0,0.24508284813450043,57,0.38596491228070173,0.3684210526315789
Denmark,2019-01-23,-0.048996192522473496,0.0,0.3084801946257051,50,0.36,0.6
Denmark,2019-01-24,-0.039483720994394594,0.0,0.2544859229953267,60,0.43333333333333335,0.5666666666666667
Denmark,2019-01-25,-0.08976022335471054,0.0,0.2234401727261338,41,0.3902439024390244,0.5609756097560976
Denmark,2019-01-26,-0.08876814971809428,0.0,0.28010858980671643,30,0.4,0.5333333333333333
Denmark,2019-01-27,0.0445213328698382,0.0,0.2392258462938662,13,0.5384615384615384,0.3076923076923077
Denmark,2019-01-28,-0.09164734093006666,0.0,0.2639768399458789,48,0.4375,0.5625
Denmark,2019-01-29,-0.1465892954909974,0.0,0.27677060672478415,44,0.3181818181818182,0.6818181818181818
Denmark,2019-01-30,-0.044047977839873347,0.0,0.3112737784249488,52,0.40384615384615385,0.5192307692307693
Denmark,2019-01-31,-0.04450627466227033,0.0,0.2551436779812379,41,0.43902439024390244,0.5365853658536586
Denmark,2019-02-01,-0.04211334855578358,0.0,0.24722672551681252,51,0.39215686274509803,0.47058823529411764
Denmark,2019-02-02,0.01856607233551796,0.0,0.2845150889825941,26,0.5,0.46153846153846156
Denmark,2019-02-03,-0.11859413208655412,0.0,0.3193554881320911,28,0.2857142857142857,0.6785714285714286
Denmark,2019-02-04,-0.17201233099249555,0.0,0.32132350894718825,52,0.3076923076923077,0.6730769230769231
Denmark,2019-02-05,0.07179183011771977,0.0,0.3642108282713546,39,0.5128205128205128,0.46153846153846156
Denmark,2019-02-06,-0.06373984165948378,0.0,0.26856495619726406,44,0.36363636363636365,0.5227272727272727
Denmark,2019-02-07,-0.10475176795502146,0.0,0.2242640435083146,42,0.30952380952380953,0.6190476190476191
Denmark,2019-02-08,-0.07323596075256099,0.0,0.31764711180248945,43,0.37209302325581395,0.627906976744186
Denmark,2019-02-09,-0.1067461331909006,0.0,0.25294470681169046,26,0.4230769230769231,0.5769230769230769
Denmark,2019-02-10,-0.016528647611377203,0.0,0.27854236789449616,16,0.5,0.4375
Denmark,2019-02-11,-0.007077690431266379,0.0,0.3474304451536185,45,0.4222222222222222,0.5777777777777777
Denmark,2019-02-12,-0.07173166354388891,0.0,0.2627384724800661,31,0.45161290322580644,0.5483870967741935
Denmark,2019-02-13,-0.11377485277390671,0.0,0.2885941519760081,47,0.2978723404255319,0.6382978723404256
Denmark,2019-02-14,0.051176356295700776,0.0,0.30303775263026667,38,0.5526315789473685,0.4473684210526316
Denmark,2019-02-15,0.1131342632703433,0.0,0.32351753049693244,35,0.6857142857142857,0.3142857142857143
Denmark,2019-02-16,-0.19712998825064923,0.0,0.2935618357409201,24,0.20833333333333334,0.6666666666666666
Denmark,2019-02-17,0.020935950514263925,0.0,0.22484428228234316,20,0.5,0.5
Denmark,2019-02-18,0.029242382665289567,0.0,0.32035666812201274,35,0.5428571428571428,0.34285714285714286
Denmark,2019-02-19,-0.11173998285258561,0.0,0.2758564790043855,47,0.3191489361702128,0.6595744680851063
Denmark,2019-02-20,-0.1519122273383175,0.0,0.41334788846115245,60,0.43333333333333335,0.48333333333333334
Denmark,2019-02-21,0.003405136940582118,0.0,0.3617580983079991,44,0.5454545454545454,0.38636363636363635
Denmark,2019-02-22,-0.007158413953736713,0.0,0.28032142760301637,31,0.5161290322580645,0.45161290322580644
Denmark,2019-02-23,0.029561761618754834,0.0,0.29900153606540686,17,0.5294117647058824,0.47058823529411764
Denmark,2019-02-24,0.24462864879470303,0.0,0.2756029692938727,9,0.6666666666666666,0.2222222222222222
Denmark,2019-02-25,0.04183837192376788,0.0,0.22128154985410944,32,0.53125,0.46875
Denmark,2019-02-26,-0.043621202579373415,0.0,0.3142351741113808,39,0.41025641025641024,0.5897435897435898
Denmark,2019-02-27,-0.15563711260599533,0.0,0.3178124967771753,38,0.2631578947368421,0.7105263157894737
Denmark,2019-02-28,-0.0975987174855657,0.0,0.26047960882960547,41,0.3902439024390244,0.6097560975609756
Denmark,2019-03-01,-0.03502549361946941,0.0,0.29307805347718446,30,0.3,0.6666666666666666
Denmark,2019-03-02,-0.10702255667324488,0.0,0.2871518997262964,17,0.29411764705882354,0.7058823529411765
Denmark,2019-03-03,-0.08790466819269524,0.0,0.16848592873534857,10,0.3,0.7
Denmark,2019-03-04,-0.0326256318772392,0.0,0.209927898989634,32,0.4375,0.4375
Denmark,2019-03-05,-0.0572924385982689,0.0,0.2745873942691312,43,0.5116279069767442,0.4883720930232558
Denmark,2019-03-06,-0.13262703739030077,0.0,0.29617582151653715,37,0.24324324324324326,0.7297297297297297
Denmark,2019-03-07,0.015018149235314958,0.0,0.2740108799905308,58,0.4827586206896552,0.5172413793103449
Denmark,2019-03-08,0.04326040142498723,0.0,0.25948749606956406,34,0.6470588235294118,0.3235294117647059
Denmark,2019-03-09,-0.09814483143656857,0.0,0.31902412533758856,15,0.4,0.5333333333333333
Denmark,2019-03-10,-0.049550116263548466,0.0,0.2444340165452087,17,0.29411764705882354,0.7058823529411765
Denmark,2019-03-11,-0.04861453659041703,0.0,0.27088982699129616,44,0.5681818181818182,0.38636363636363635
Denmark,2019-03-12,-0.12127182935119,0.0,0.3152005923197963,31,0.2903225806451613,0.5483870967741935
Denmark,2019-03-13,0.09452017301002522,0.0,0.23642866973822757,42,0.6666666666666666,0.2619047619047619
Denmark,2019-03-14,0.047520047729936926,0.0,0.3600895031847458,36,0.5277777777777778,0.4722222222222222
Denmark,2019-03-15,-0.13973190393938648,0.0,0.3599179436268936,37,0.40540540540540543,0.5675675675675675
Denmark,2019-03-16,0.04649299069760342,0.0,0.32729025044703436,19,0.5263157894736842,0.42105263157894735
Denmark,2019-03-17,-0.19627657113373942,0.0,0.30933225547145704,10,0.2,0.8
Denmark,2019-03-18,-0.01975090953973637,0.0,0.2935734173136367,23,0.5652173913043478,0.43478260869565216
Denmark,2019-03-19,-0.008408382560485613,0.0,0.3085568201355604,33,0.48484848484848486,0.48484848484848486
Denmark,2019-03-20,0.12069737708690738,0.0,0.29033627165973963,73,0.684931506849315,0.3013698630136986
Denmark,2019-03-21,-0.020016711422734815,0.0,0.3548211255288568,52,0.5192307692307693,0.46153846153846156
Denmark,2019-03-22,-0.11417847753320216,0.0,0.26746108732323864,28,0.32142857142857145,0.6428571428571429
Denmark,2019-03-23,-0.17190298284285496,0.0,0.3893397248162975,19,0.21052631578947367,0.7894736842105263
Denmark,2019-03-24,-0.12867309701872495,0.0,0.3052320888741523,27,0.4074074074074074,0.5925925925925926
Denmark,2019-03-25,-0.1410189555585421,0.0,0.26071631528737543,31,0.3225806451612903,0.6451612903225806
Denmark,2019-03-26,-0.06913056054573191,0.0,0.27751197878287864,32,0.59375,0.3125
Denmark,2019-03-27,-0.0725236735543234,0.0,0.2834927990510581,46,0.34782608695652173,0.6086956521739131
Denmark,2019-03-28,0.04587032620146578,0.0,0.3245409439152601,32,0.5625,0.40625
Denmark,2019-03-29,0.03185631148079147,0.0,0.3313932946511549,46,0.5217391304347826,0.45652173913043476
Denmark,2019-03-30,-0.10911883859984996,0.0,0.4138917216509996,28,0.4642857142857143,0.5357142857142857
Denmark,2019-03-31,-0.0595757984268588,0.0,0.2922148840878582,18,0.4444444444444444,0.5555555555555556
Denmark,2019-04-01,0.006966054409468601,0.0,0.3766182352607995,31,0.5483870967741935,0.41935483870967744
Denmark,2019-04-02,0.0032050162053053944,0.0,0.3116549978773525,35,0.5714285714285714,0.42857142857142855
Denmark,2019-04-03,-0.04121700691236228,0.0,0.26794856832002095,33,0.5454545454545454,0.45454545454545453
Denmark,2019-04-04,-0.018330552892066098,0.0,0.20588887586106025,49,0.42857142857142855,0.5306122448979592
Denmark,2019-04-05,-0.057382693422643787,0.0,0.2754882171510307,34,0.35294117647058826,0.6470588235294118
Denmark,2019-04-06,-0.024960055054119957,0.0,0.3143771978313919,25,0.36,0.56
Denmark,2019-04-07,0.25079973503887293,0.0,0.361354385957198,19,0.7368421052631579,0.2631578947368421
Denmark,2019-04-08,-0.17304354308850053,0.0,0.25413314462404074,40,0.175,0.775
Denmark,2019-04-09,-0.052720922267705375,0.0,0.3204327815768811,57,0.45614035087719296,0.5263157894736842
Denmark,2019-04-10,-0.0395450581390514,0.0,0.35431575983736385,42,0.38095238095238093,0.5952380952380952
Denmark,2019-04-11,0.019041962241588228,0.0,0.2598035672474848,40,0.6,0.4
Denmark,2019-04-12,-0.006794938808541238,0.0,0.25004904245065224,35,0.42857142857142855,0.5428571428571428
Denmark,2019-04-13,-0.11408948998505213,0.0,0.23003626963907467,26,0.34615384615384615,0.6153846153846154
Denmark,2019-04-14,-0.11491829274095045,0.0,0.2868309507301435,24,0.3333333333333333,0.625
Denmark,2019-04-15,-0.03222704384409347,0.0,0.27901285716920343,35,0.4,0.6
Denmark,2019-04-16,-0.08921850922734567,0.0,0.24002600274873592,40,0.35,0.625
Denmark,2019-04-17,0.0180403596139488,0.0,0.3590505841047966,26,0.5,0.5
Denmark,2019-04-18,0.01551533669911091,0.0,0.2729330422902512,31,0.5483870967741935,0.41935483870967744
Denmark,2019-04-19,0.02918427254891843,0.0,0.20311847629160162,16,0.5625,0.4375
Denmark,2019-04-20,0.03623092028640169,0.0,0.238680786761931,9,0.5555555555555556,0.4444444444444444
Denmark,2019-04-21,0.13912055086815375,0.0,0.2526820849930732,14,0.7142857142857143,0.21428571428571427
Denmark,2019-04-22,-0.1761807852847374,0.0,0.2647462120637013,53,0.24528301886792453,0.7547169811320755
Denmark,2019-04-23,-0.17501425360805334,0.0,0.3423703124146664,71,0.22535211267605634,0.7183098591549296
Denmark,2019-04-24,-0.158118077138053,0.0,0.33448761547869676,26,0.34615384615384615,0.6538461538461539
Denmark,2019-04-25,-0.09643890079576849,0.0,0.3135230366587628,28,0.39285714285714285,0.6071428571428571
Denmark,2019-04-26,-0.16592073083375322,0.0,0.28960098414557806,48,0.20833333333333334,0.7291666666666666
Denmark,2019-04-27,-0.12214424042076878,0.0,0.24343081136828948,13,0.38461538461538464,0.6153846153846154
Denmark,2019-04-28,-0.024465042065370764,0.0,0.2696528889323046,16,0.5,0.4375
Denmark,2019-04-29,-0.12245766096772473,0.0,0.20041333507901327,52,0.19230769230769232,0.7115384615384616
Denmark,2019-04-30,0.03058243366556781,0.0,0.254932153055323,32,0.4375,0.53125
Denmark,2019-05-01,-0.02859652365726784,0.0,0.16983980798570808,29,0.3103448275862069,0.6206896551724138
Denmark,2019-05-02,-0.1630594861010165,0.0,0.32748975870489183,43,0.2558139534883721,0.6976744186046512
Denmark,2019-05-03,0.026815673934603518,0.0,0.21411618263728752,49,0.5306122448979592,0.46938775510204084
Denmark,2019-05-04,0.019224501021682532,0.0,0.36056800592641897,15,0.6,0.3333333333333333
Denmark,2019-05-05,-0.07254196818503117,0.0,0.316566148221692,13,0.46153846153846156,0.5384615384615384
Denmark,2019-05-06,-0.04869653428459756,0.0,0.24027092514510354,33,0.36363636363636365,0.6060606060606061
Denmark,2019-05-07,-0.08877779567274954,0.0,0.24377063603597846,63,0.31746031746031744,0.6190476190476191
Denmark,2019-05-08,-0.08432034642731454,0.0,0.3009334550668576,38,0.2894736842105263,0.5789473684210527
Denmark,2019-05-09,-0.044162994095654794,0.0,0.2523769176262082,34,0.4117647058823529,0.5882352941176471
Denmark,2019-05-10,0.0010413636612511276,0.0,0.31677242060597716,33,0.45454545454545453,0.5454545454545454
Denmark,2019-05-11,-0.21532971615446603,0.0,0.2404936489855397,26,0.23076923076923078,0.7692307692307693
Denmark,2019-05-12,0.12424086187532767,0.0,0.3333988115350662,7,0.7142857142857143,0.2857142857142857
Denmark,2019-05-13,-0.06307064880866704,0.0,0.2732216693735345,26,0.5384615384615384,0.46153846153846156
Denmark,2019-05-14,0.02965598398888196,0.0,0.3262197304121498,36,0.5277777777777778,0.4166666666666667
Denmark,2019-05-15,-0.011251796480138847,0.0,0.2534481776717727,54,0.46296296296296297,0.48148148148148145
Denmark,2019-05-16,-0.05294391803703738,0.0,0.2795228598669774,32,0.375,0.59375
Denmark,2019-05-17,-0.007380242662402426,0.0,0.28067437379112636,26,0.46153846153846156,0.5384615384615384
Denmark,2019-05-18,0.07038037186535966,0.0,0.22755751512354072,23,0.5652173913043478,0.34782608695652173
Denmark,2019-05-19,-0.02620453810680053,0.0,0.3337260633386571,24,0.4583333333333333,0.5
Denmark,2019-05-20,0.06696863999753797,0.0,0.24032998932743135,28,0.5714285714285714,0.35714285714285715
Denmark,2019-05-21,0.061093874928006005,0.0,0.3987176516677543,38,0.5263157894736842,0.4473684210526316
Denmark,2019-05-22,0.098060296728239,0.0,0.21105447063565547,26,0.6923076923076923,0.3076923076923077
Denmark,2019-05-23,0.06336009490261933,0.0,0.33980267297204236,35,0.4857142857142857,0.45714285714285713
Denmark,2019-05-24,-0.08842637424344085,0.0,0.19987129617773886,33,0.3333333333333333,0.6363636363636364
Denmark,2019-05-25,0.007722677384577088,0.0,0.17857235573870736,32,0.5,0.40625
Denmark,2019-05-26,-0.05644906260986982,0.0,0.22458135684566097,15,0.4,0.6
Denmark,2019-05-27,0.0014851683008020285,0.0,0.21124793422163124,33,0.48484848484848486,0.45454545454545453
Denmark,2019-05-28,-0.04315229856283615,0.0,0.29825149808761187,37,0.40540540540540543,0.5405405405405406
Denmark,2019-05-29,0.006145349870599041,0.0,0.2746244758925472,31,0.41935483870967744,0.5161290322580645
Denmark,2019-05-30,-0.01080176776963316,0.0,0.22803708059878933,36,0.3333333333333333,0.6666666666666666
Denmark,2019-05-31,-0.14451687902386398,0.0,0.2725457118616153,52,0.21153846153846154,0.75
Denmark,2019-06-01,-0.14708123534535908,0.0,0.2547054320547919,9,0.3333333333333333,0.6666666666666666
Denmark,2019-06-02,0.07673739288074058,0.0,0.13190188629126795,14,0.7142857142857143,0.21428571428571427
Denmark,2019-06-03,-0.0631384157162791,0.0,0.2657053483019249,43,0.3953488372093023,0.4883720930232558
Denmark,2019-06-04,-0.02501047046477498,0.0,0.16078547888878705,31,0.2903225806451613,0.6451612903225806
Denmark,2019-06-05,0.07926259658114196,0.0,0.20709284105239312,56,0.6071428571428571,0.3392857142857143
Denmark,2019-06-06,0.01322404763431627,0.0,0.2832465895393504,39,0.5384615384615384,0.46153846153846156
Denmark,2019-06-07,-0.021711744434468373,0.0,0.2431222321217309,27,0.4074074074074074,0.5555555555555556
Denmark,2019-06-08,0.0043882303615625055,0.0,0.18798809579215642,16,0.5625,0.375
Denmark,2019-06-09,0.11647972656297428,0.0,0.3568953784314451,9,0.5555555555555556,0.3333333333333333
Denmark,2019-06-10,-0.06951342578095122,0.0,0.21226794230507168,21,0.47619047619047616,0.47619047619047616
Denmark,2019-06-11,-0.038287264305918854,0.0,0.3284392053794982,30,0.43333333333333335,0.5333333333333333
Denmark,2019-06-12,0.013163575605447592,0.0,0.26908534029037423,34,0.4411764705882353,0.5
Denmark,2019-06-13,0.01752225607621948,0.0,0.34582937859948715,29,0.5517241379310345,0.4482758620689655
Denmark,2019-06-14,-0.05164709304918881,0.0,0.2888206117412475,53,0.4528301886792453,0.5283018867924528
Denmark,2019-06-15,-0.06957499113515699,0.0,0.2559166249009948,22,0.36363636363636365,0.6363636363636364
Denmark,2019-06-16,-0.044390780435393795,0.0,0.18971040518612808,24,0.375,0.625
Denmark,2019-06-17,-0.009794148578740136,0.0,0.2599703096919436,37,0.43243243243243246,0.5135135135135135
Denmark,2019-06-18,-0.09583692205030582,0.0,0.2342228021902,50,0.26,0.68
Denmark,2019-06-19,-0.08939083059541843,0.0,0.29812228252346945,62,0.3225806451612903,0.6451612903225806
Denmark,2019-06-20,-0.008643965068083863,0.0,0.24432329258678948,44,0.5227272727272727,0.45454545454545453
Denmark,2019-06-21,-0.003732195160739056,0.0,0.3435868810165142,42,0.5476190476190477,0.42857142857142855
Denmark,2019-06-22,-0.02641925473165186,0.0,0.27987147480523367,28,0.5357142857142857,0.4642857142857143
Denmark,2019-06-23,-0.0582604265940478,0.0,0.21220740601696544,23,0.391304347826087,0.6086956521739131
Denmark,2019-06-24,0.08641087313569171,0.0,0.249636408457398,31,0.6774193548387096,0.3225806451612903
Denmark,2019-06-25,-0.022841413874293816,0.0,0.2603370496949403,31,0.45161290322580644,0.5161290322580645
Denmark,2019-06-26,-0.06288272849566265,0.0,0.21363181481662344,57,0.38596491228070173,0.5964912280701754
Denmark,2019-06-27,-0.018256722126657705,0.0,0.30383049848440563,38,0.5526315789473685,0.42105263157894735
Denmark,2019-06-28,-0.0250443946415119,0.0,0.24521064236424572,54,0.5,0.48148148148148145
Denmark,2019-06-29,-0.15799716949601325,0.0,0.3013733769940502,19,0.3157894736842105,0.6842105263157895
Denmark,2019-06-30,-0.08042373802843104,0.0,0.25229497460219263,27,0.25925925925925924,0.7407407407407407
Denmark,2019-07-01,-0.11398838836638167,0.0,0.29757630164826093,29,0.3448275862068966,0.6206896551724138
Denmark,2019-07-02,-0.03213443757275192,0.0,0.29176796319625103,34,0.5294117647058824,0.4411764705882353
Denmark,2019-07-03,0.009345653364030438,0.0,0.234375885346945,36,0.5833333333333334,0.3611111111111111
Denmark,2019-07-04,0.08108063062856728,0.0,0.16534591665206233,39,0.7435897435897436,0.2564102564102564
Denmark,2019-07-05,-0.09885538156832202,0.0,0.24605892130957693,29,0.2413793103448276,0.7241379310344828
Denmark,2019-07-06,-0.046850228448333316,0.0,0.33092912410270864,17,0.5882352941176471,0.4117647058823529
Denmark,2019-07-07,0.02001937008813196,0.0,0.3238276652744602,16,0.5625,0.4375
Denmark,2019-07-08,-0.13818853100166928,0.0,0.24237846773833133,38,0.23684210526315788,0.7368421052631579
Denmark,2019-07-09,-0.10797205677531113,0.0,0.31729646064394074,45,0.4,0.5555555555555556
Denmark,2019-07-10,-0.08316872985664635,0.0,0.24239655889972633,39,0.28205128205128205,0.6666666666666666
Denmark,2019-07-11,-0.19644340881708997,0.0,0.2642212298408625,21,0.09523809523809523,0.8571428571428571
Denmark,2019-07-12,-0.04439419339343649,0.0,0.2883045667385588,44,0.38636363636363635,0.5454545454545454
Denmark,2019-07-13,-0.2853164180964864,0.0,0.2153378955138766,23,0.13043478260869565,0.8260869565217391
Denmark,2019-07-14,-0.012879781169359988,0.0,0.2190190400092657,17,0.5294117647058824,0.47058823529411764
Denmark,2019-07-15,-0.033222142776112906,0.0,0.3279735984329374,33,0.45454545454545453,0.5151515151515151
Denmark,2019-07-16,-0.03489330062900128,0.0,0.27662578411225625,40,0.475,0.525
Denmark,2019-07-17,-0.06006400734280001,0.0,0.2157018847447966,18,0.4444444444444444,0.5555555555555556
Denmark,2019-07-18,-0.1426549986741802,0.0,0.2965132475955358,61,0.18032786885245902,0.7868852459016393
Denmark,2019-07-19,-0.05562611408132636,0.0,0.2378363478328649,35,0.3142857142857143,0.6285714285714286
Denmark,2019-07-20,-0.11964414674456648,0.0,0.20724883588230028,27,0.18518518518518517,0.8148148148148148
Denmark,2019-07-21,-0.021499400027816046,0.0,0.2600015173514534,14,0.5,0.42857142857142855
Denmark,2019-07-22,-0.033297719636923295,0.0,0.23098374750600228,27,0.37037037037037035,0.6296296296296297
Denmark,2019-07-23,-0.037244682138845464,0.0,0.31569907206311515,38,0.5,0.4473684210526316
Denmark,2019-07-24,-0.03733474954657667,0.0,0.23159686867321272,37,0.35135135135135137,0.6216216216216216
Denmark,2019-07-25,-0.05233969947259725,0.0,0.27276393850789193,53,0.49056603773584906,0.4339622641509434
Denmark,2019-07-26,-0.07356923874250051,0.0,0.19673035371357417,47,0.3191489361702128,0.6170212765957447
Denmark,2019-07-27,-0.062675655819914,0.0,0.2729614177903453,16,0.4375,0.5625
Denmark,2019-07-28,0.001225721009959109,0.0,0.2912879811646327,16,0.4375,0.5
Denmark,2019-07-29,-0.07589345088550586,0.0,0.22798732090040788,45,0.28888888888888886,0.6666666666666666
Denmark,2019-07-30,-0.03455584754261096,0.0,0.24755536579518858,32,0.4375,0.5625
Denmark,2019-07-31,-0.09632404741411348,0.0,0.35136797553419785,34,0.4117647058823529,0.5588235294117647
Denmark,2019-08-01,-0.07283791119916805,0.0,0.40097774632504884,21,0.47619047619047616,0.5238095238095238
Denmark,2019-08-02,-0.005825790387132649,0.0,0.24876908456616192,15,0.4,0.5333333333333333
Denmark,2019-08-03,-0.18412903105048783,0.0,0.20013436700643478,18,0.1111111111111111,0.8333333333333334
Denmark,2019-08-04,0.05008475706150133,0.0,0.22673476871365147,3,0.3333333333333333,0.3333333333333333
Denmark,2019-08-05,0.10480515865854112,0.0,0.18935811909395403,14,0.6428571428571429,0.35714285714285715
Denmark,2019-08-06,0.07650159873599773,0.0,0.13505615153415967,8,0.75,0.25
Denmark,2019-08-07,-0.04252657550748692,0.0,0.3921022757439626,35,0.2857142857142857,0.6857142857142857
Denmark,2019-08-08,-0.035914511609997625,0.0,0.34417701311289595,23,0.5652173913043478,0.43478260869565216
Denmark,2019-08-09,-0.09201652316086466,0.0,0.24817164963157293,34,0.29411764705882354,0.6764705882352942
Denmark,2019-08-10,-0.2655496847448198,0.0,0.3167517322370853,12,0.25,0.75
Denmark,2019-08-11,-0.123612073078191,0.0,0.24801478442289696,16,0.25,0.75
Denmark,2019-08-12,-0.21379420559341736,0.0,0.2526882315799088,23,0.21739130434782608,0.7391304347826086
Denmark,2019-08-13,-0.09296491996671095,0.0,0.2455280467670753,24,0.25,0.7083333333333334
Denmark,2019-08-14,-0.2716274716792503,0.0,0.29659343931376675,28,0.14285714285714285,0.8571428571428571
Denmark,2019-08-15,-0.10563814748195294,0.0,0.22219594303881207,25,0.36,0.6
Denmark,2019-08-16,-0.0024168971408221364,0.0,0.19443609241531107,106,0.5283018867924528,0.3867924528301887
Denmark,2019-08-17,-0.009013031334555277,0.0,0.18296468862464924,30,0.4666666666666667,0.5333333333333333
Denmark,2019-08-18,-0.04831180441345805,0.0,0.13465362585726018,20,0.35,0.65
Denmark,2019-08-19,0.016421933656918533,0.0,0.2783532652425746,57,0.5964912280701754,0.38596491228070173
Denmark,2019-08-20,-0.0048766664031074,0.0,0.24505016922191306,35,0.5142857142857142,0.45714285714285713
Denmark,2019-08-21,-0.07150555848190858,0.0,0.22380031165452913,95,0.25263157894736843,0.7157894736842105
Denmark,2019-08-22,-0.09725199425650564,0.0,0.23581059438287477,77,0.35064935064935066,0.5714285714285714
Denmark,2019-08-23,-0.06557246440515742,0.0,0.2268798998136754,51,0.43137254901960786,0.5490196078431373
Denmark,2019-08-24,-0.147104332263005,0.0,0.3010468028593505,24,0.4166666666666667,0.5833333333333334
Denmark,2019-08-25,-0.031495591195516544,0.0,0.3096869181910219,22,0.45454545454545453,0.5454545454545454
Denmark,2019-08-26,-0.10053155130142036,0.0,0.2600136897259269,28,0.42857142857142855,0.5714285714285714
Denmark,2019-08-27,-0.11366059761547685,0.0,0.34584907027722755,47,0.3617021276595745,0.6382978723404256
Denmark,2019-08-28,-0.03944045510067168,0.0,0.3203990154632661,38,0.42105263157894735,0.5526315789473685
Denmark,2019-08-29,-0.02671709536345111,0.0,0.2898764240925925,34,0.5588235294117647,0.38235294117647056
Denmark,2019-08-30,-0.022564290639351354,0.0,0.40087928689986535,19,0.5263157894736842,0.47368421052631576
Denmark,2019-08-31,-0.10077871626191241,0.0,0.3394309717636836,18,0.2777777777777778,0.6666666666666666
Denmark,2019-09-01,-0.04040993767124155,0.0,0.24344446531907946,16,0.3125,0.6875
Denmark,2019-09-02,-0.03372304338997953,0.0,0.33427742334021143,24,0.5,0.4583333333333333
Denmark,2019-09-03,0.04952980861704834,0.0,0.25988604120505826,25,0.72,0.28
Denmark,2019-09-04,-0.018349059104190008,0.0,0.22941788229152524,52,0.3076923076923077,0.5769230769230769
Denmark,2019-09-05,-0.11847942403767951,0.0,0.3475231061543392,38,0.4473684210526316,0.5526315789473685
Denmark,2019-09-06,0.005890182897991773,0.0,0.2393166696773446,42,0.5952380952380952,0.40476190476190477
Denmark,2019-09-07,0.12335952588645,0.0,0.20996988044073137,18,0.7222222222222222,0.2222222222222222
Denmark,2019-09-08,0.04267725321585479,0.0,0.30168757947456815,11,0.45454545454545453,0.5454545454545454
Denmark,2019-09-09,-0.04854043717042415,0.0,0.24562759405852808,51,0.43137254901960786,0.5294117647058824
Denmark,2019-09-10,-0.011249243049435,0.0,0.2591133610828864,29,0.5517241379310345,0.4482758620689655
Denmark,2019-09-11,0.001384439303444952,0.0,0.27371672942792585,47,0.574468085106383,0.40425531914893614
Denmark,2019-09-12,-0.008010114667574035,0.0,0.2424187347986192,36,0.4166666666666667,0.5555555555555556
Denmark,2019-09-13,0.02063008053602151,0.0,0.19535309619393987,47,0.5319148936170213,0.3829787234042553
Denmark,2019-09-14,-0.2387993754095203,0.0,0.22662735019518399,10,0.3,0.7
Denmark,2019-09-15,-0.0467496326488863,0.0,0.2750928629524016,28,0.39285714285714285,0.5357142857142857
Denmark,2019-09-16,-0.13235412095612584,0.0,0.3441263405731494,36,0.2777777777777778,0.6666666666666666
Denmark,2019-09-17,-0.14274982314531043,0.0,0.2825032992604317,49,0.30612244897959184,0.5714285714285714
Denmark,2019-09-18,0.0008990391804383521,0.0,0.28422746559893014,37,0.4864864864864865,0.5135135135135135
Denmark,2019-09-19,-0.029013189940039014,0.0,0.2425471109221361,51,0.43137254901960786,0.5686274509803921
Denmark,2019-09-20,0.07650175217006977,0.0,0.21140789114545672,45,0.7111111111111111,0.24444444444444444
Denmark,2019-09-21,0.001391603915300103,0.0,0.24796508494595185,16,0.4375,0.5625
Denmark,2019-09-22,-0.016804721544789642,0.0,0.16747213602682195,32,0.46875,0.4375
Denmark,2019-09-23,0.048203549505104644,0.0,0.2560105109003002,40,0.525,0.45
Denmark,2019-09-24,0.021367506254942454,0.0,0.3056218227243916,36,0.5555555555555556,0.3333333333333333
Denmark,2019-09-25,-0.0778832452978995,0.0,0.3192131149957508,37,0.4594594594594595,0.5405405405405406
Denmark,2019-09-26,0.002052943281813277,0.0,0.25575256652121436,37,0.5945945945945946,0.40540540540540543
Denmark,2019-09-27,-0.11005834100208703,0.0,0.28030787315602124,38,0.3157894736842105,0.631578947368421
Denmark,2019-09-28,-0.026123583983355573,0.0,0.2183017278190306,22,0.4090909090909091,0.5909090909090909
Denmark,2019-09-29,-0.06426385323926717,0.0,0.21315915261753787,25,0.24,0.72
Denmark,2019-09-30,-0.058994699951429766,0.0,0.28878410159611967,25,0.4,0.56
Denmark,2019-10-01,0.04198525886676306,0.0,0.2355170626384776,39,0.5897435897435898,0.41025641025641024
Denmark,2019-10-02,0.050684943864161246,0.0,0.2540199195864214,38,0.5789473684210527,0.39473684210526316
Denmark,2019-10-03,0.028126888752903558,0.0,0.26433515308984923,34,0.5882352941176471,0.38235294117647056
Denmark,2019-10-04,0.0014919461497229364,0.0,0.2768188701071519,44,0.4772727272727273,0.5
Denmark,2019-10-05,-0.05069139513371542,0.0,0.2680393751403473,10,0.5,0.5
Denmark,2019-10-06,-0.15776025237273092,0.0,0.34303661843748035,24,0.25,0.7083333333333334
Denmark,2019-10-07,0.2779663588923432,0.0,0.46263713104092175,36,0.6388888888888888,0.3333333333333333
Denmark,2019-10-08,0.2482856415682139,0.0,0.43941239280196637,47,0.6382978723404256,0.3191489361702128
Denmark,2019-10-09,0.28675916201948315,0.0,0.3651983529692317,36,0.6944444444444444,0.19444444444444445
Denmark,2019-10-10,0.0008775513850106459,0.0,0.23332724954801634,42,0.47619047619047616,0.42857142857142855
Denmark,2019-10-11,0.04000538882415684,0.0,0.26334336290286087,51,0.49019607843137253,0.47058823529411764
Denmark,2019-10-12,0.023248243936167045,0.0,0.332908516632592,23,0.4782608695652174,0.5217391304347826
Denmark,2019-10-13,-0.09884810458321379,0.0,0.16343753184009097,10,0.4,0.6
Denmark,2019-10-14,0.11339979428086197,0.0,0.307571145113245,41,0.5853658536585366,0.4146341463414634
Denmark,2019-10-15,0.0089108280981992,0.0,0.2961047084694405,30,0.5333333333333333,0.43333333333333335
Denmark,2019-10-16,-0.1081222657474569,0.0,0.24901477735359542,30,0.36666666666666664,0.6333333333333333
Denmark,2019-10-17,-0.042098543496458966,0.0,0.22809511603319874,33,0.48484848484848486,0.42424242424242425
Denmark,2019-10-18,0.070845143170457,0.0,0.21459971481638374,19,0.47368421052631576,0.47368421052631576
Denmark,2019-10-19,-0.05729088051800129,0.0,0.22106124194087523,12,0.4166666666666667,0.5833333333333334
Denmark,2019-10-20,-0.05403979179473447,0.0,0.12771475395786,7,0.42857142857142855,0.5714285714285714
Denmark,2019-10-21,0.008400059976999155,0.0,0.2580569700423236,19,0.5789473684210527,0.42105263157894735
Denmark,2019-10-22,0.05278117546797703,0.0,0.2927415396647401,27,0.6666666666666666,0.3333333333333333
Denmark,2019-10-23,0.04557162150938917,0.0,0.2881612737820532,39,0.6153846153846154,0.3333333333333333
Denmark,2019-10-24,-0.007204880505793072,0.0,0.21652725844874776,44,0.4318181818181818,0.5227272727272727
Denmark,2019-10-25,0.04580253743882101,0.0,0.29925630357727134,44,0.6363636363636364,0.29545454545454547
Denmark,2019-10-26,-0.049332304755787336,0.0,0.3660127133213576,17,0.4117647058823529,0.5882352941176471
Denmark,2019-10-27,0.12273460917628572,0.0,0.2897944002836686,14,0.6428571428571429,0.35714285714285715
Denmark,2019-10-28,0.05729551812901636,0.0,0.22006188594529658,31,0.6129032258064516,0.3548387096774194
Denmark,2019-10-29,-0.0202596998443522,0.0,0.26870844534398336,29,0.5172413793103449,0.4827586206896552
Denmark,2019-10-30,0.16078697892495214,0.0,0.2494599927638916,80,0.6875,0.2625
Denmark,2019-10-31,-0.0889063082903347,0.0,0.2658956335147157,50,0.32,0.6
Denmark,2019-11-01,-0.10465690974827611,0.0,0.2308317151796004,51,0.27450980392156865,0.6666666666666666
Denmark,2019-11-02,-0.051201357592730576,0.0,0.2637553161676365,17,0.4117647058823529,0.5882352941176471
Denmark,2019-11-03,-0.08976028481222571,0.0,0.18544442960114746,12,0.16666666666666666,0.8333333333333334
Denmark,2019-11-04,0.002791336042016544,0.0,0.2593205474394558,33,0.6060606060606061,0.3939393939393939
Denmark,2019-11-05,-0.10261719626570877,0.0,0.319421293242877,28,0.42857142857142855,0.5357142857142857
Denmark,2019-11-06,0.14383992817685365,0.0,0.2396312323188837,38,0.7894736842105263,0.18421052631578946
Denmark,2019-11-07,0.0008198047177825152,0.0,0.25716132751308,75,0.3466666666666667,0.6266666666666667
Denmark,2019-11-08,0.014833135358372293,0.0,0.28861196366413716,36,0.5555555555555556,0.4166666666666667
Denmark,2019-11-09,-0.04061689508803554,0.0,0.34032552319534326,18,0.6666666666666666,0.3333333333333333
Denmark,2019-11-10,-0.04477770859242961,0.0,0.22305431779474524,23,0.391304347826087,0.5652173913043478
Denmark,2019-11-11,-0.03178990009576288,0.0,0.2775473608506134,41,0.4878048780487805,0.4634146341463415
Denmark,2019-11-12,-0.12964353596565112,0.0,0.3060772421665453,42,0.3333333333333333,0.6428571428571429
Denmark,2019-11-13,-0.011772955327976467,0.0,0.280952214125613,51,0.49019607843137253,0.5098039215686274
Denmark,2019-11-14,-0.06096263216412781,0.0,0.3391635771682488,48,0.4791666666666667,0.5208333333333334
Denmark,2019-11-15,0.05359335160007748,0.0,0.2817173770228767,40,0.6,0.375
Denmark,2019-11-16,-0.10318093898798414,0.0,0.26031787346802177,22,0.36363636363636365,0.5909090909090909
Denmark,2019-11-17,0.007080112307035719,0.0,0.3435468689917101,13,0.46153846153846156,0.5384615384615384
Denmark,2019-11-18,-0.21806782854610712,0.0,0.3343165976565446,38,0.3684210526315789,0.5526315789473685
Denmark,2019-11-19,0.06745231513532102,0.0,0.33382232188287114,36,0.6388888888888888,0.3333333333333333
Denmark,2019-11-20,0.11652115909392903,0.0,0.27017408204075644,29,0.6206896551724138,0.27586206896551724
Denmark,2019-11-21,0.014247661239065155,0.0,0.3066588969164106,28,0.6785714285714286,0.2857142857142857
Denmark,2019-11-22,0.016701498533475953,0.0,0.24308167685950702,22,0.4090909090909091,0.5454545454545454
Denmark,2019-11-23,-0.06603469555999682,0.0,0.24180935625710662,16,0.3125,0.6875
Denmark,2019-11-24,0.08395962023972513,0.0,0.23821678192861998,23,0.782608695652174,0.08695652173913043
Denmark,2019-11-25,0.073927416070082,0.0,0.24460020688354217,41,0.6097560975609756,0.36585365853658536
Denmark,2019-11-26,-0.03401681624928508,0.0,0.39294956938518144,36,0.5,0.5
Denmark,2019-11-27,0.02898531131013084,0.0,0.23646145801104737,55,0.5454545454545454,0.43636363636363634
Denmark,2019-11-28,0.04960567692495569,0.0,0.2720049147386433,32,0.40625,0.5
Denmark,2019-11-29,-0.06473198651111593,0.0,0.27566321186017834,39,0.3333333333333333,0.5897435897435898
Denmark,2019-11-30,0.03391100687885769,0.0,0.3069462290178535,17,0.5294117647058824,0.47058823529411764
Denmark,2019-12-01,0.13950907215531788,0.0,0.3107586763436541,21,0.6190476190476191,0.23809523809523808
Denmark,2019-12-02,-0.19604160992964992,0.0,0.35851382111973723,26,0.3076923076923077,0.6538461538461539
Denmark,2019-12-03,-0.07287093082806287,0.0,0.2428030309645746,66,0.3333333333333333,0.6515151515151515
Denmark,2019-12-04,0.08029438507606572,0.0,0.3613596478688615,48,0.6041666666666666,0.3541666666666667
Denmark,2019-12-05,0.06456699200324467,0.0,0.27267009827840694,41,0.6097560975609756,0.36585365853658536
Denmark,2019-12-06,0.06918345689992449,0.0,0.2990301348778889,48,0.6458333333333334,0.3333333333333333
Denmark,2019-12-07,0.050336110965910584,0.0,0.21490669483254912,20,0.65,0.3
Denmark,2019-12-08,0.08157803590894958,0.0,0.2666159625820426,26,0.7307692307692307,0.19230769230769232
Denmark,2019-12-09,0.07640654059838524,0.0,0.2777169439159389,43,0.6046511627906976,0.3488372093023256
Denmark,2019-12-10,0.06840597448116262,0.0,0.21837840707852973,48,0.5416666666666666,0.3958333333333333
Denmark,2019-12-11,-0.08941090728582075,0.0,0.3320670787857249,42,0.35714285714285715,0.5952380952380952
Denmark,2019-12-12,-0.0012515578748791827,0.0,0.24877965233579813,50,0.48,0.5
Denmark,2019-12-13,-0.0032597414289895375,0.0,0.26517291286271955,23,0.6086956521739131,0.34782608695652173
Denmark,2019-12-14,0.05199255329193997,0.0,0.23346042708675835,20,0.65,0.35
Denmark,2019-12-15,-0.16878367376272707,0.0,0.29569707928915195,32,0.3125,0.6875
Denmark,2019-12-16,-0.0364369923364038,0.0,0.24139690411971096,45,0.5111111111111111,0.4666666666666667
Denmark,2019-12-17,0.04439102410712127,0.0,0.32095999377852363,43,0.6046511627906976,0.3953488372093023
Denmark,2019-12-18,0.024078161929864894,0.0,0.3042538980224952,53,0.5094339622641509,0.41509433962264153
Denmark,2019-12-19,0.05702499088662348,0.0,0.24452112214188648,49,0.6122448979591837,0.32653061224489793
Denmark,2019-12-20,-0.06376862467641634,0.0,0.16922734260398878,31,0.2903225806451613,0.6774193548387096
Denmark,2019-12-21,0.08597925964262972,0.0,0.2624597018968398,38,0.6842105263157895,0.3157894736842105
Denmark,2019-12-22,-0.03294180342269647,0.0,0.23390671797468227,15,0.5333333333333333,0.4
Denmark,2019-12-23,0.021613267439161143,0.0,0.2960155463933588,26,0.46153846153846156,0.5384615384615384
Denmark,2019-12-24,-0.043594525012730236,0.0,0.2638175554098998,19,0.42105263157894735,0.47368421052631576
Denmark,2019-12-25,0.2326701824514176,0.0,0.29485975377498613,10,0.8,0.2
Denmark,2019-12-26,-0.003939579026000157,0.0,0.24549592608190754,16,0.5625,0.4375
Denmark,2019-12-27,-0.14555171072698653,0.0,0.36066943160320053,23,0.30434782608695654,0.6956521739130435
Denmark,2019-12-28,0.028199611061456496,0.0,0.27972776709907465,14,0.42857142857142855,0.5
Denmark,2019-12-29,-0.09399157287549778,0.0,0.318557378102354,14,0.5,0.42857142857142855
Denmark,2019-12-30,-0.10985834080906484,0.0,0.36264157245403555,29,0.3793103448275862,0.6206896551724138
Denmark,2019-12-31,-0.11869332993825032,0.0,0.2769028239845248,21,0.2857142857142857,0.7142857142857143
Denmark,2020-01-01,-0.26699726632338644,0.0,0.3930743757362935,26,0.19230769230769232,0.8076923076923077
Denmark,2020-01-02,-0.22379506642038854,0.0,0.34112041120211084,47,0.23404255319148937,0.6808510638297872
Denmark,2020-01-03,-0.11380207106962253,0.0,0.37371274782881386,42,0.38095238095238093,0.5952380952380952
Denmark,2020-01-04,-0.15951893507518958,0.0,0.2762069043054152,22,0.36363636363636365,0.5909090909090909
Denmark,2020-01-05,-0.11699388745360498,0.0,0.3241550481851216,17,0.4117647058823529,0.5294117647058824
Denmark,2020-01-06,-0.01309198145192291,0.0,0.39838553801602267,39,0.48717948717948717,0.48717948717948717
Denmark,2020-01-07,0.04500186782498071,0.0,0.2922265483167416,57,0.7017543859649122,0.2631578947368421
Denmark,2020-01-08,0.03146443360502687,0.0,0.350199285813451,41,0.5121951219512195,0.4878048780487805
Denmark,2020-01-09,-0.08719406452814873,0.0,0.29511110743073854,45,0.4222222222222222,0.5333333333333333
Denmark,2020-01-10,-0.005446632784391142,0.0,0.24543531109958253,42,0.5238095238095238,0.40476190476190477
Denmark,2020-01-11,0.043242854162863116,0.0,0.23800237630478838,12,0.5833333333333334,0.3333333333333333
Denmark,2020-01-12,-0.05188125272394002,0.0,0.2679983495567691,10,0.5,0.5
Denmark,2020-01-13,0.018427426246122158,0.0,0.25418559807252766,23,0.5217391304347826,0.43478260869565216
Denmark,2020-01-14,-0.039349324258818826,0.0,0.2214349879421304,38,0.4473684210526316,0.5
Denmark,2020-01-15,0.04612043072009259,0.0,0.3049983293639934,47,0.574468085106383,0.3829787234042553
Denmark,2020-01-16,-0.03330485157629758,0.0,0.23907613810006015,34,0.4411764705882353,0.5294117647058824
Denmark,2020-01-17,0.03862850397541715,0.0,0.21641181544790014,29,0.5172413793103449,0.41379310344827586
Denmark,2020-01-18,-0.0342967707491499,0.0,0.19449655605744492,16,0.375,0.625
Denmark,2020-01-19,0.005134284998387393,0.0,0.2891667035839364,18,0.5,0.3888888888888889
Denmark,2020-01-20,0.04502703775699961,0.0,0.2408310904363914,40,0.55,0.4
Denmark,2020-01-21,0.04579116926332525,0.0,0.23200652886631115,37,0.6216216216216216,0.35135135135135137
Denmark,2020-01-22,-0.07626400475739056,0.0,0.2871324657579195,28,0.35714285714285715,0.5714285714285714
Denmark,2020-01-23,-0.08637392430303599,0.0,0.22614928316465147,48,0.3333333333333333,0.625
Denmark,2020-01-24,0.08575719764710252,0.0,0.27750854168749606,42,0.7142857142857143,0.2857142857142857
Denmark,2020-01-25,0.10971832276519863,0.0,0.3476994601260418,13,0.5384615384615384,0.46153846153846156
Denmark,2020-01-26,-0.04016700865067435,0.0,0.23871131164264342,14,0.5,0.5
Denmark,2020-01-27,0.12029868716618225,0.0,0.28806441980302255,31,0.6774193548387096,0.25806451612903225
Denmark,2020-01-28,-0.027247674706402512,0.0,0.31321092847295473,28,0.5714285714285714,0.42857142857142855
Denmark,2020-01-29,-0.05729758933259543,0.0,0.21823689566893414,40,0.35,0.625
Denmark,2020-01-30,-0.07089914888826458,0.0,0.26459543606245095,46,0.41304347826086957,0.5652173913043478
Denmark,2020-01-31,-0.03318205666342625,0.0,0.3978346552073798,28,0.5357142857142857,0.42857142857142855
Denmark,2020-02-01,0.0004617979147788472,0.0,0.290117376083276,16,0.4375,0.5625
Denmark,2020-02-02,-0.05120254919623244,0.0,0.22021765031090024,31,0.4838709677419355,0.4838709677419355
Denmark,2020-02-03,0.004402444150978252,0.0,0.3628315474770953,41,0.5121951219512195,0.4878048780487805
Denmark,2020-02-04,-0.19378637651258862,0.0,0.3326543804791887,62,0.2903225806451613,0.6612903225806451
Denmark,2020-02-05,0.008236935200791025,0.0,0.2745222348821989,39,0.5384615384615384,0.4358974358974359
Denmark,2020-02-06,-0.07104573817636972,0.0,0.2711884536654499,51,0.43137254901960786,0.5490196078431373
Denmark,2020-02-07,0.01266138798006517,0.0,0.3415094108911561,37,0.5945945945945946,0.35135135135135137
Denmark,2020-02-08,-0.05948416014459258,0.0,0.2789913170753613,20,0.35,0.65
Denmark,2020-02-09,-0.07013217054057602,0.0,0.3593384221811966,13,0.46153846153846156,0.5384615384615384
Denmark,2020-02-10,-0.04899492472387356,0.0,0.2963583948678722,30,0.36666666666666664,0.5666666666666667
Denmark,2020-02-11,0.02974343352384031,0.0,0.347772207018027,40,0.4,0.525
Denmark,2020-02-12,0.027045228680658274,0.0,0.37762439714999213,31,0.4838709677419355,0.4838709677419355
Denmark,2020-02-13,-0.051699251636599025,0.0,0.3008316771725039,24,0.375,0.625
Denmark,2020-02-14,-0.08570994356063234,0.0,0.473147185201125,31,0.41935483870967744,0.5161290322580645
Denmark,2020-02-15,0.14534796318302393,0.0,0.2762021695703932,12,0.75,0.25
Denmark,2020-02-16,0.0062274171650740645,0.0,0.2560541970519695,12,0.4166666666666667,0.5833333333333334
Denmark,2020-02-17,-0.16842000415058003,0.0,0.3419103617329892,46,0.3695652173913043,0.6304347826086957
Denmark,2020-02-18,-0.0703959413258198,0.0,0.22413765825581822,31,0.2903225806451613,0.7096774193548387
Denmark,2020-02-19,-0.03690823676315892,0.0,0.2420858135701077,52,0.38461538461538464,0.5769230769230769
Denmark,2020-02-20,0.05541815296207352,0.0,0.24957779652887227,34,0.5882352941176471,0.4117647058823529
Denmark,2020-02-21,-0.03248001676473046,0.0,0.26022088417390543,61,0.4262295081967213,0.5573770491803278
Denmark,2020-02-22,-0.05103819981279362,0.0,0.24986973307835145,29,0.4482758620689655,0.5172413793103449
Denmark,2020-02-23,-0.08549602888076611,0.0,0.25321385338689,28,0.32142857142857145,0.6785714285714286
Denmark,2020-02-24,-0.0009801522685391807,0.0,0.28381770582310567,35,0.6,0.4
Denmark,2020-02-25,-0.008907708719907429,0.0,0.23070142422099715,30,0.5,0.43333333333333335
Denmark,2020-02-26,0.031138831221033964,0.0,0.39980739816117505,31,0.5806451612903226,0.3870967741935484
Denmark,2020-02-27,-0.04981420095302091,0.0,0.26780876552097416,54,0.48148148148148145,0.5185185185185185
Denmark,2020-02-28,0.016883666200411374,0.0,0.31693790350469947,66,0.6363636363636364,0.36363636363636365
Denmark,2020-02-29,-0.03868764934194107,0.0,0.1878469730101459,13,0.38461538461538464,0.6153846153846154
Denmark,2020-03-01,-0.022502679881998045,0.0,0.2315249158085502,23,0.43478260869565216,0.4782608695652174
Denmark,2020-03-02,-0.008099770752759826,0.0,0.3316099233422996,40,0.6,0.375
Denmark,2020-03-03,0.013901936061069774,0.0,0.2909538107163698,52,0.5192307692307693,0.4423076923076923
Denmark,2020-03-04,-0.013963378239374366,0.0,0.2932118871137403,32,0.625,0.375
Denmark,2020-03-05,0.0028674565999427487,0.0,0.4484658525473761,30,0.6666666666666666,0.3333333333333333
Denmark,2020-03-06,0.004129948427017405,0.0,0.3127905631406023,41,0.5609756097560976,0.43902439024390244
Denmark,2020-03-07,0.025629915834334185,0.0,0.2309441610639702,19,0.5263157894736842,0.47368421052631576
Denmark,2020-03-08,-0.05870957594426028,0.0,0.30475929904781,18,0.2777777777777778,0.7222222222222222
Denmark,2020-03-09,0.000169923016451902,0.0,0.38919620363928464,46,0.5869565217391305,0.41304347826086957
Denmark,2020-03-10,-0.06938067756656083,0.0,0.32368635552313857,30,0.36666666666666664,0.6333333333333333
Denmark,2020-03-11,-0.02060618089869599,0.0,0.28084464883546856,30,0.4,0.43333333333333335
Denmark,2020-03-12,-0.2097320010869566,0.0,0.19377907357298785,38,0.13157894736842105,0.8157894736842105
Denmark,2020-03-13,-0.028134636190069374,0.0,0.248744672620216,29,0.5172413793103449,0.41379310344827586
Denmark,2020-03-14,-0.16667135660148996,0.0,0.22999909936830568,34,0.23529411764705882,0.7647058823529411
Denmark,2020-03-15,0.01580538828157334,0.0,0.3877119578613477,26,0.4230769230769231,0.5384615384615384
Denmark,2020-03-16,-0.047448327168641044,0.0,0.2528799908435192,56,0.4642857142857143,0.5
Denmark,2020-03-17,-0.03821942180196376,0.0,0.20239365234682197,23,0.34782608695652173,0.5652173913043478
Denmark,2020-03-18,-0.08780036357196458,0.0,0.2595052306812371,36,0.3611111111111111,0.5833333333333334
Denmark,2020-03-19,-0.07342779218747017,0.0,0.3024042185192355,54,0.4074074074074074,0.5370370370370371
Denmark,2020-03-20,-0.035786311327461504,0.0,0.3646803632850458,53,0.39622641509433965,0.6037735849056604
Denmark,2020-03-21,0.0317132208700979,0.0,0.36494994754380056,18,0.6111111111111112,0.3888888888888889
Denmark,2020-03-22,-0.10134242616976157,0.0,0.3315246269533063,15,0.3333333333333333,0.6666666666666666
Denmark,2020-03-23,-0.004579285103488811,0.0,0.1793191103769987,22,0.4090909090909091,0.5454545454545454
Denmark,2020-03-24,0.049931982091968,0.0,0.19818891450904444,36,0.5833333333333334,0.3611111111111111
Denmark,2020-03-25,-0.1154933158733306,0.0,0.31728135275436126,43,0.32558139534883723,0.6046511627906976
Denmark,2020-03-26,-0.11361307949030795,0.0,0.2591481216846075,30,0.36666666666666664,0.6
Denmark,2020-03-27,0.006709061937859106,0.0,0.3557446799300462,26,0.38461538461538464,0.6153846153846154
Denmark,2020-03-28,-0.05797721123969317,0.0,0.26899864510092114,17,0.5294117647058824,0.47058823529411764
Denmark,2020-03-29,0.011001652114023814,0.0,0.2716671438140171,19,0.5789473684210527,0.42105263157894735
Denmark,2020-03-30,-0.07042024525792165,0.0,0.306266422277399,18,0.3333333333333333,0.6666666666666666
Denmark,2020-03-31,-0.05176793035143921,0.0,0.2617061100444671,46,0.41304347826086957,0.5434782608695652
Denmark,2020-04-01,-0.02585441678576919,0.0,0.42177966428489194,27,0.4444444444444444,0.5555555555555556
Denmark,2020-04-02,-0.06689175803632788,0.0,0.2564476338871256,42,0.38095238095238093,0.5952380952380952
Denmark,2020-04-03,-0.11994951055043804,0.0,0.24770045459843393,32,0.21875,0.6875
Denmark,2020-04-04,-0.20011709598815522,0.0,0.3044314019600985,22,0.18181818181818182,0.8181818181818182
Denmark,2020-04-05,-0.1840265120380426,0.0,0.298811866825895,11,0.2727272727272727,0.7272727272727273
Denmark,2020-04-06,0.017488402837152438,0.0,0.35919071310715955,27,0.4444444444444444,0.5185185185185185
Denmark,2020-04-07,-0.05520942788715164,0.0,0.18910795251847104,34,0.29411764705882354,0.6470588235294118
Denmark,2020-04-08,-0.09998885243591125,0.0,0.3305223873770717,32,0.28125,0.65625
Denmark,2020-04-09,-0.067972898733938,0.0,0.2377325349947408,32,0.40625,0.5625
Denmark,2020-04-10,0.04353722191554723,0.0,0.30298639851169656,19,0.42105263157894735,0.5789473684210527
Denmark,2020-04-11,-0.19444839988519813,0.0,0.23379767582537153,17,0.29411764705882354,0.7058823529411765
Denmark,2020-04-12,-0.16206268471244378,0.0,0.2875070815723965,15,0.2,0.7333333333333333
Denmark,2020-04-13,-0.10475818488232758,0.0,0.30629257078257205,26,0.3076923076923077,0.6923076923076923
Denmark,2020-04-14,-0.09996264886878956,0.0,0.31440404333165967,30,0.26666666666666666,0.7333333333333333
Denmark,2020-04-15,-0.07211330196880338,0.0,0.34582565815285676,71,0.4788732394366197,0.5211267605633803
Denmark,2020-04-16,-0.10589734828162288,0.0,0.33309451840772397,45,0.4666666666666667,0.5333333333333333
Denmark,2020-04-17,-0.09372310746181597,0.0,0.25460573706490847,38,0.2894736842105263,0.6578947368421053
Denmark,2020-04-18,-0.13697397059823221,0.0,0.1952801019144793,15,0.26666666666666666,0.7333333333333333
Denmark,2020-04-19,-0.0673464347854777,0.0,0.26892586543799346,17,0.35294117647058826,0.6470588235294118
Denmark,2020-04-20,-0.08985080157989297,0.0,0.2794930314868808,54,0.3333333333333333,0.6296296296296297
Denmark,2020-04-21,-0.14039414598626135,0.0,0.22059031725494335,50,0.28,0.72
Denmark,2020-04-22,-0.0794201061649846,0.0,0.2468208396444647,42,0.3333333333333333,0.6428571428571429
Denmark,2020-04-23,-0.053777942477144985,0.0,0.2268618599669649,61,0.4918032786885246,0.5081967213114754
Denmark,2020-04-24,-0.043510823095866416,0.0,0.28066862684970273,35,0.42857142857142855,0.5428571428571428
Denmark,2020-04-25,-0.02765403982300572,0.0,0.30102241899290216,18,0.2777777777777778,0.6666666666666666
Denmark,2020-04-26,-0.07420661594999249,0.0,0.3020178529195306,13,0.38461538461538464,0.6153846153846154
Denmark,2020-04-27,-0.09422300135952444,0.0,0.2767681924415767,31,0.3870967741935484,0.6129032258064516
Denmark,2020-04-28,0.04009182067443779,0.0,0.29495672696024694,42,0.5714285714285714,0.35714285714285715
Denmark,2020-04-29,-0.09221695713341777,0.0,0.24601987109360882,44,0.3181818181818182,0.6363636363636364
Denmark,2020-04-30,-0.13641310332014112,0.0,0.26133039037879185,58,0.2413793103448276,0.6724137931034483
Denmark,2020-05-01,-0.15159021633594275,0.0,0.31779400276194963,34,0.38235294117647056,0.6176470588235294
Denmark,2020-05-02,-0.09796683404073105,0.0,0.25711490826033173,19,0.21052631578947367,0.7894736842105263
Denmark,2020-05-03,-0.16829151302236092,0.0,0.20123980033013616,35,0.14285714285714285,0.8571428571428571
Denmark,2020-05-04,-0.08283533212649516,0.0,0.25653655942212683,48,0.3958333333333333,0.5833333333333334
Denmark,2020-05-05,-0.1359998190493507,0.0,0.2604363516914828,29,0.27586206896551724,0.7241379310344828
Denmark,2020-05-06,-0.0743355767480768,0.0,0.26286080554071434,29,0.3793103448275862,0.5517241379310345
Denmark,2020-05-07,-0.07708639191606953,0.0,0.24744153066793897,36,0.3888888888888889,0.5555555555555556
Denmark,2020-05-08,-0.08301800391530474,0.0,0.296010855893698,36,0.3055555555555556,0.6666666666666666
Denmark,2020-05-09,0.010362873639405598,0.0,0.22264124663927384,23,0.43478260869565216,0.5217391304347826
Denmark,2020-05-10,0.0539025099775403,0.0,0.25799125383222543,14,0.7142857142857143,0.2857142857142857
Denmark,2020-05-11,-0.025612718220270832,0.0,0.35151648858010276,46,0.5652173913043478,0.391304347826087
Denmark,2020-05-12,-0.12034147894499973,0.0,0.3102388207685961,39,0.3076923076923077,0.6410256410256411
Denmark,2020-05-13,-0.23642564869419536,0.0,0.382305151691433,43,0.2558139534883721,0.7209302325581395
Denmark,2020-05-14,0.017595217569962702,0.0,0.23000339653322777,57,0.5614035087719298,0.42105263157894735
Denmark,2020-05-15,-0.018895243035491917,0.0,0.35686943513345637,44,0.4318181818181818,0.5681818181818182
Denmark,2020-05-16,-0.06337942474322002,0.0,0.23163192813754663,25,0.4,0.56
Denmark,2020-05-17,-0.20301333891839754,0.0,0.23163886379961499,13,0.15384615384615385,0.6923076923076923
Denmark,2020-05-18,-0.11107287288611963,0.0,0.29471094766175626,35,0.34285714285714286,0.6285714285714286
Denmark,2020-05-19,0.04468046935347071,0.0,0.21317844776477052,31,0.5806451612903226,0.3548387096774194
Denmark,2020-05-20,0.032626352527632796,0.0,0.2185157535573371,40,0.575,0.375
Denmark,2020-05-21,-0.10075068505518632,0.0,0.2532102683858124,29,0.3448275862068966,0.6551724137931034
Denmark,2020-05-22,-0.020988472940146975,0.0,0.22257802230390944,29,0.5172413793103449,0.4827586206896552
Denmark,2020-05-23,-0.11495717938174635,0.0,0.2631223733547076,26,0.5,0.5
Denmark,2020-05-24,-0.17683680046744882,0.0,0.17461945239291593,20,0.2,0.75
Denmark,2020-05-25,-0.1347324708668859,0.0,0.2889491701548747,37,0.2972972972972973,0.6756756756756757
Denmark,2020-05-26,-0.042155620604785726,0.0,0.20963410817769057,41,0.4878048780487805,0.5121951219512195
Denmark,2020-05-27,-0.0483662261519134,0.0,0.2535270885170245,31,0.4838709677419355,0.4838709677419355
Denmark,2020-05-28,0.0004833568963869877,0.0,0.2380701721545217,45,0.4444444444444444,0.4666666666666667
Denmark,2020-05-29,-0.050469822171990725,0.0,0.2950430647177757,26,0.5,0.5
Denmark,2020-05-30,-0.11464535799667044,0.0,0.3862610184484632,10,0.5,0.5
Denmark,2020-05-31,0.0023551971993678476,0.0,0.29460009104684665,30,0.36666666666666664,0.6333333333333333
Denmark,2020-06-01,-0.07932149919350998,0.0,0.24053602100441385,32,0.375,0.5625
Denmark,2020-06-02,-0.01045842434795325,0.0,0.19464865697941142,24,0.4166666666666667,0.5
Denmark,2020-06-03,0.009571786256382726,0.0,0.23287977279745975,43,0.5581395348837209,0.37209302325581395
Denmark,2020-06-04,-0.0020819449478238976,0.0,0.30233824814549276,49,0.4897959183673469,0.4897959183673469
Denmark,2020-06-05,0.035724588772128196,0.0,0.20525994828117863,33,0.5151515151515151,0.36363636363636365
Denmark,2020-06-06,0.10516963675436253,0.0,0.23218153038991624,19,0.5789473684210527,0.3157894736842105
Denmark,2020-06-07,-0.11256027828688654,0.0,0.34690675043661073,9,0.4444444444444444,0.5555555555555556
Denmark,2020-06-08,0.038180538291210896,0.0,0.366952056131129,28,0.5357142857142857,0.39285714285714285
Denmark,2020-06-09,0.012146848406145574,0.0,0.2548284279627094,36,0.5277777777777778,0.4444444444444444
Denmark,2020-06-10,-0.05207656414522711,0.0,0.3284135223627189,37,0.4864864864864865,0.4864864864864865
Denmark,2020-06-11,-0.04268237337929512,0.0,0.31753952610858627,40,0.55,0.425
Denmark,2020-06-12,-0.18725495603446454,0.0,0.3252162021193528,56,0.35714285714285715,0.625
Denmark,2020-06-13,-0.14138586968434363,0.0,0.3249792787171552,13,0.38461538461538464,0.5384615384615384
Denmark,2020-06-14,-0.1529339639340519,0.0,0.2819586656400777,17,0.23529411764705882,0.7058823529411765
Denmark,2020-06-15,-0.084011513991171,0.0,0.3257564926865339,46,0.391304347826087,0.5652173913043478
Denmark,2020-06-16,-0.022746068731289083,0.0,0.2820629866273546,45,0.4444444444444444,0.5333333333333333
Denmark,2020-06-17,-0.3622008344495673,0.0,0.3559637384276921,76,0.18421052631578946,0.8157894736842105
Denmark,2020-06-18,-0.19412335311385887,0.0,0.3083630187948702,45,0.28888888888888886,0.7111111111111111
Denmark,2020-06-19,-0.08126175140426303,0.0,0.26731213764673517,39,0.3076923076923077,0.6153846153846154
Denmark,2020-06-20,-0.006942871387238287,0.0,0.45249033334017935,22,0.5454545454545454,0.45454545454545453
Denmark,2020-06-21,-0.020485422615230713,0.0,0.28124727654021725,24,0.5,0.4583333333333333
Denmark,2020-06-22,0.016254625132375976,0.0,0.28245762103704825,48,0.5625,0.4375
Denmark,2020-06-23,-0.11354970163415265,0.0,0.3608001499762149,37,0.2972972972972973,0.6216216216216216
Denmark,2020-06-24,0.04215969098947357,0.0,0.3671280210852041,23,0.6086956521739131,0.391304347826087
Denmark,2020-06-25,-0.030224614876668845,0.0,0.26197974634085786,43,0.4883720930232558,0.5116279069767442
Denmark,2020-06-26,-0.02822935163235757,0.0,0.2533340607131889,28,0.4642857142857143,0.5357142857142857
Denmark,2020-06-27,-0.1573816500465583,0.0,0.24973801588663394,9,0.3333333333333333,0.6666666666666666
Denmark,2020-06-28,0.023717738083944232,0.0,0.2990260348555665,13,0.6153846153846154,0.38461538461538464
Denmark,2020-06-29,-0.08588674527090923,0.0,0.34018838279539393,33,0.5151515151515151,0.45454545454545453
Denmark,2020-06-30,-0.10111050629744164,0.0,0.27268580005181486,33,0.45454545454545453,0.5151515151515151
Denmark,2020-07-01,-0.014416632397224297,0.0,0.3281790955038493,47,0.46808510638297873,0.5106382978723404
Denmark,2020-07-02,-0.09320121456765575,0.0,0.2882815061010943,36,0.3888888888888889,0.6111111111111112
Denmark,2020-07-03,-0.18614726593410488,0.0,0.32529002477485913,30,0.26666666666666666,0.6666666666666666
Denmark,2020-07-04,-0.13620813590269634,0.0,0.2610923785824959,11,0.36363636363636365,0.6363636363636364
Denmark,2020-07-05,0.02326609824942715,0.0,0.3651403504887862,20,0.5,0.5
Denmark,2020-07-06,0.012317292404660445,0.0,0.33340245518805983,34,0.47058823529411764,0.5
Denmark,2020-07-07,-0.06934534636001496,0.0,0.33062062280941273,36,0.4166666666666667,0.5833333333333334
Denmark,2020-07-08,-0.10135636387962521,0.0,0.2686223312675376,38,0.2631578947368421,0.631578947368421
Denmark,2020-07-09,-0.09220240004323561,0.0,0.3064832340483673,58,0.3448275862068966,0.6551724137931034
Denmark,2020-07-10,-0.09455135147390825,0.0,0.24121067803850943,33,0.3939393939393939,0.6060606060606061
Denmark,2020-07-11,-0.05432663530381489,0.0,0.3033580302828987,10,0.4,0.6
Denmark,2020-07-12,-0.04034908667197202,0.0,0.27348828828802874,16,0.3125,0.625
Denmark,2020-07-13,-0.05280009488842113,0.0,0.25829907247312317,38,0.4473684210526316,0.5263157894736842
Denmark,2020-07-14,0.012211969392771315,0.0,0.2927512615443858,32,0.59375,0.40625
Denmark,2020-07-15,-0.030404325832508617,0.0,0.2613215462333421,37,0.4864864864864865,0.40540540540540543
Denmark,2020-07-16,-0.04222399093011616,0.0,0.3544328495696721,33,0.3333333333333333,0.5757575757575758
Denmark,2020-07-17,-0.12807899621793642,0.0,0.26525207969732034,58,0.27586206896551724,0.6724137931034483
Denmark,2020-07-18,-0.0807355044517697,0.0,0.2860413296929413,15,0.4666666666666667,0.4666666666666667
Denmark,2020-07-19,-0.009003480400570465,0.0,0.28452911803301534,16,0.375,0.625
Denmark,2020-07-20,-0.002764052686557967,0.0,0.2815522911300343,28,0.4642857142857143,0.39285714285714285
Denmark,2020-07-21,-0.03730069065927971,0.0,0.27449174398637366,49,0.46938775510204084,0.5102040816326531
Denmark,2020-07-22,-0.05101393913676337,0.0,0.26467005605975424,38,0.34210526315789475,0.5789473684210527
Denmark,2020-07-23,-0.0795997154788669,0.0,0.26393269526175983,34,0.38235294117647056,0.6176470588235294
Denmark,2020-07-24,-0.007510451918797821,0.0,0.33990102610302897,28,0.4642857142857143,0.5357142857142857
Denmark,2020-07-25,-0.11528859160330955,0.0,0.3056652375221553,12,0.4166666666666667,0.5
Denmark,2020-07-26,-0.07253162362371991,0.0,0.25473181041746984,15,0.5333333333333333,0.4
Denmark,2020-07-27,0.033880683550121915,0.0,0.30020425343123724,29,0.4827586206896552,0.4482758620689655
Denmark,2020-07-28,-0.23034875442416855,0.0,0.3817888671184523,33,0.2727272727272727,0.696969696969697
Denmark,2020-07-29,-0.15470889512175864,0.0,0.3798735429408177,51,0.4117647058823529,0.5490196078431373
Denmark,2020-07-30,-0.25074912137919575,0.0,0.4587582439269987,53,0.39622641509433965,0.5849056603773585
Denmark,2020-07-31,-0.0445534177610936,0.0,0.1991288209420779,32,0.34375,0.5625
Denmark,2020-08-01,-0.011159033242795895,0.0,0.30222205565381366,22,0.3181818181818182,0.6363636363636364
Denmark,2020-08-02,-0.3138234976779779,0.0,0.24991526311055684,35,0.14285714285714285,0.8571428571428571
Denmark,2020-08-03,-0.11050695150380688,0.0,0.22595607028642178,33,0.3333333333333333,0.6666666666666666
Denmark,2020-08-04,-0.01271817062608329,0.0,0.2019982386771271,41,0.5365853658536586,0.4146341463414634
Denmark,2020-08-05,-0.12382533264303719,0.0,0.3170340701384382,44,0.3409090909090909,0.6590909090909091
Denmark,2020-08-06,-0.08154757356914884,0.0,0.24750060794364898,57,0.3157894736842105,0.6666666666666666
Denmark,2020-08-07,-0.19583741194440635,0.0,0.28974415353721716,37,0.2702702702702703,0.7297297297297297
Denmark,2020-08-08,-0.15765101628085432,0.0,0.303251534506296,9,0.2222222222222222,0.6666666666666666
Denmark,2020-08-09,-0.2075911489871243,0.0,0.2724395465487282,11,0.2727272727272727,0.7272727272727273
Denmark,2020-08-10,0.096414290915717,0.0,0.2580263885920775,27,0.5925925925925926,0.4074074074074074
Denmark,2020-08-11,-0.006557427554533909,0.0,0.20670772383196392,28,0.5714285714285714,0.42857142857142855
Denmark,2020-08-12,-0.14282339565499097,0.0,0.3500251151298831,30,0.36666666666666664,0.6
Denmark,2020-08-13,-0.17651433883316123,0.0,0.23641167358379298,22,0.22727272727272727,0.7272727272727273
Denmark,2020-08-14,-0.047622783627332736,0.0,0.24533115160257996,29,0.5172413793103449,0.4482758620689655
Denmark,2020-08-15,0.007028624760966176,0.0,0.2565702845161397,18,0.5,0.5
Denmark,2020-08-16,-0.02746066871927336,0.0,0.21232969022820672,11,0.36363636363636365,0.5454545454545454
Denmark,2020-08-17,-0.03888159690671137,0.0,0.3222485944867549,36,0.4722222222222222,0.5277777777777778
Denmark,2020-08-18,-0.11404359380858564,0.0,0.24694531045368623,58,0.3103448275862069,0.6724137931034483
Denmark,2020-08-19,-0.09075324100458541,0.0,0.2858203240649276,43,0.32558139534883723,0.6744186046511628
Denmark,2020-08-20,-0.13024578555475538,0.0,0.2699524466198481,44,0.25,0.7045454545454546
Denmark,2020-08-21,-0.14056182345214913,0.0,0.43537110940710766,40,0.425,0.525
Denmark,2020-08-22,-0.08197391529456001,0.0,0.30663256123034605,24,0.25,0.6666666666666666
Denmark,2020-08-23,-0.22490674299463462,0.0,0.4212280930961377,20,0.15,0.85
Denmark,2020-08-24,0.05308295915018356,0.0,0.3072456543490592,36,0.5,0.4444444444444444
Denmark,2020-08-25,-0.11242527465157945,0.0,0.28008881198896823,36,0.3888888888888889,0.5555555555555556
Denmark,2020-08-26,-0.039174078433403085,0.0,0.3163641131807577,40,0.4,0.575
Denmark,2020-08-27,0.01823347476916549,0.0,0.253173303992903,48,0.5416666666666666,0.4583333333333333
Denmark,2020-08-28,-0.025544650341395213,0.0,0.2479334832648999,43,0.4186046511627907,0.5581395348837209
Denmark,2020-08-29,-0.20258777593865435,0.0,0.39741935471991185,25,0.36,0.64
Denmark,2020-08-30,0.037789484558199506,0.0,0.316998384844984,15,0.6,0.4
Denmark,2020-08-31,-0.032037391834509356,0.0,0.24132076014464285,38,0.42105263157894735,0.5789473684210527
Denmark,2020-09-01,-0.12100866138969663,0.0,0.3776844693171539,49,0.42857142857142855,0.5714285714285714
Denmark,2020-09-02,0.039906930802441835,0.0,0.417365666165281,65,0.5230769230769231,0.4307692307692308
Denmark,2020-09-03,-0.0679088748137529,0.0,0.3266433209796546,32,0.40625,0.5625
Denmark,2020-09-04,-0.03649992064953837,0.0,0.2837074091530789,43,0.5116279069767442,0.4186046511627907
Denmark,2020-09-05,-0.1313958370271588,0.0,0.3515830017171932,15,0.3333333333333333,0.6666666666666666
Denmark,2020-09-06,-0.07274393931006776,0.0,0.3524144097045408,13,0.5384615384615384,0.46153846153846156
Denmark,2020-09-07,-0.028211325383619527,0.0,0.301807118782006,33,0.48484848484848486,0.48484848484848486
Denmark,2020-09-08,-0.2467595683137169,0.0,0.39176440494440307,45,0.37777777777777777,0.6
Denmark,2020-09-09,-0.12475521312337101,0.0,0.3205095530344901,31,0.3225806451612903,0.5806451612903226
Denmark,2020-09-10,-0.06282598590847557,0.0,0.31906686925458777,36,0.4722222222222222,0.5277777777777778
Denmark,2020-09-11,-0.06561373782608962,0.0,0.2594253515241227,25,0.36,0.52
Denmark,2020-09-12,-0.03508425630423726,0.0,0.37222979892992714,14,0.6428571428571429,0.35714285714285715
Denmark,2020-09-13,0.053341709570631037,0.0,0.30066904457838295,16,0.5,0.5
Denmark,2020-09-14,-0.2031994336483811,0.0,0.24142642135247017,63,0.20634920634920634,0.7936507936507936
Denmark,2020-09-15,-0.08813141761702559,0.0,0.20513486048911317,48,0.2708333333333333,0.6458333333333334
Denmark,2020-09-16,-0.07958234470493476,0.0,0.24707490778429153,48,0.4166666666666667,0.5625
Denmark,2020-09-17,-0.073911903362423,0.0,0.3085837801489206,41,0.34146341463414637,0.5853658536585366
Denmark,2020-09-18,-0.1582301012389976,0.0,0.34280518277072664,46,0.3695652173913043,0.6086956521739131
Denmark,2020-09-19,0.061902022888742934,0.0,0.31185788478131315,23,0.4782608695652174,0.43478260869565216
Denmark,2020-09-20,-0.07733034283151653,0.0,0.2585907348692734,16,0.375,0.5625
Denmark,2020-09-21,-0.17506583118577845,0.0,0.20830540534101638,37,0.1891891891891892,0.8108108108108109
Denmark,2020-09-22,0.13800211806401436,0.0,0.3714730834247261,21,0.6190476190476191,0.38095238095238093
Denmark,2020-09-23,0.03727397321926438,0.0,0.3163749323615883,25,0.48,0.44
Denmark,2020-09-24,-0.059902577465051336,0.0,0.26526801160327945,56,0.4642857142857143,0.5357142857142857
Denmark,2020-09-25,0.008845848904036491,0.0,0.2897700341193357,30,0.5333333333333333,0.4666666666666667
Denmark,2020-09-26,0.005758927804267361,0.0,0.23073042278572836,15,0.4666666666666667,0.4
Denmark,2020-09-27,0.14820084108642376,0.0,0.23474309469334895,23,0.7391304347826086,0.21739130434782608
Denmark,2020-09-28,0.10202225443924517,0.0,0.14873325967693707,23,0.6956521739130435,0.17391304347826086
Denmark,2020-09-29,0.059508071753906426,0.0,0.26152302825314494,31,0.5483870967741935,0.3870967741935484
Denmark,2020-09-30,0.00021676723894077166,0.0,0.354755874756513,37,0.4864864864864865,0.4594594594594595
Denmark,2020-10-01,-0.06295194802898108,0.0,0.2856257520925041,78,0.358974358974359,0.5769230769230769
Denmark,2020-10-02,0.004728662811655506,0.0,0.33704261549761916,33,0.5757575757575758,0.42424242424242425
Denmark,2020-10-03,-0.04312128868275272,0.0,0.37736220211476385,21,0.42857142857142855,0.5714285714285714
Denmark,2020-10-04,0.05572497941138457,0.0,0.33019547794949344,15,0.5333333333333333,0.4
Denmark,2020-10-05,-0.035179839612282895,0.0,0.2703447472817116,35,0.45714285714285713,0.5142857142857142
Denmark,2020-10-06,0.012670507966195142,0.0,0.35505307015101967,31,0.5483870967741935,0.41935483870967744
Denmark,2020-10-07,-0.022716170440313925,0.0,0.22256187421206716,49,0.4489795918367347,0.5510204081632653
Denmark,2020-10-08,-0.07448600767889021,0.0,0.2896787163433303,48,0.3541666666666667,0.6041666666666666
Denmark,2020-10-09,-0.03806348031910127,0.0,0.26370697175913826,19,0.47368421052631576,0.5263157894736842
Denmark,2020-10-10,0.011702358341015691,0.0,0.24488054421627795,39,0.5641025641025641,0.358974358974359
Denmark,2020-10-11,0.02120236182924472,0.0,0.30957662141940395,39,0.5128205128205128,0.41025641025641024
Denmark,2020-10-12,-0.12477227818808778,0.0,0.41137353723148684,26,0.38461538461538464,0.5769230769230769
Denmark,2020-10-13,-0.03280343542714038,0.0,0.2887145209078505,42,0.42857142857142855,0.5714285714285714
Denmark,2020-10-14,-0.21987477778692538,0.0,0.3703714610364825,35,0.2571428571428571,0.6857142857142857
Denmark,2020-10-15,-0.02882513665660757,0.0,0.2756644400792442,48,0.5208333333333334,0.4791666666666667
Denmark,2020-10-16,-0.14101551009022734,0.0,0.4318019624016408,13,0.46153846153846156,0.5384615384615384
Denmark,2020-10-17,-0.14391051408581831,0.0,0.34045745333156635,33,0.30303030303030304,0.6363636363636364
Denmark,2020-10-18,-0.22132292246324753,0.0,0.31791892505482394,37,0.2972972972972973,0.7027027027027027
Denmark,2020-10-19,0.1487165603978841,0.0,0.2621791408561278,36,0.6944444444444444,0.3055555555555556
Denmark,2020-10-20,-0.114298634940351,0.0,0.3510749122134901,40,0.4,0.6
Denmark,2020-10-21,-0.08311446261791804,0.0,0.33918658285819464,52,0.36538461538461536,0.6153846153846154
Denmark,2020-10-22,-0.0006740980364940585,0.0,0.2903177770193999,27,0.4444444444444444,0.48148148148148145
Denmark,2020-10-23,-0.029087796842455497,0.0,0.30563693328067165,23,0.4782608695652174,0.5217391304347826
Denmark,2020-10-24,-0.13798639721597453,0.0,0.3321193319793743,9,0.2222222222222222,0.6666666666666666
Denmark,2020-10-25,-0.2707088841487371,0.0,0.3375011447142357,25,0.16,0.76
Denmark,2020-10-26,-0.1986673082510469,0.0,0.334356677499011,33,0.42424242424242425,0.5757575757575758
Denmark,2020-10-27,-0.08507349704072725,0.0,0.3393365695367281,26,0.46153846153846156,0.5
Denmark,2020-10-28,-0.0897540099137124,0.0,0.2398303317381809,44,0.25,0.7045454545454546
Denmark,2020-10-29,-0.012921487110100013,0.0,0.34995695896793433,28,0.5,0.39285714285714285
Denmark,2020-10-30,0.023609632859861226,0.0,0.249670277051187,13,0.6153846153846154,0.23076923076923078
Denmark,2020-10-31,-0.158330672103156,0.0,0.24892221974121878,3,0.3333333333333333,0.6666666666666666
Denmark,2020-11-01,-0.158589013816023,0.0,0.27547746596945927,3,0.3333333333333333,0.6666666666666666
Denmark,2020-11-02,-0.10849357320911296,0.0,0.2852914289543362,24,0.3333333333333333,0.6666666666666666
Denmark,2020-11-03,-0.030083979606479117,0.0,0.26879737788219743,21,0.3333333333333333,0.5714285714285714
Denmark,2020-11-04,0.08131658360166609,0.0,0.303732910499123,31,0.6129032258064516,0.3870967741935484
Denmark,2020-11-05,-0.1721093755047665,0.0,0.3013374650430516,24,0.25,0.75
Denmark,2020-11-06,0.05995482597138504,0.0,0.24045166093598788,14,0.7857142857142857,0.21428571428571427
Denmark,2020-11-07,0.022856073567151497,0.0,0.22172697132480176,2,0.5,0.5
Denmark,2020-11-08,0.03886859529426274,0.0,0.14436015625108262,26,0.8461538461538461,0.15384615384615385
Denmark,2020-11-09,-0.23746876821430402,0.0,0.36718107455428145,56,0.25,0.75
Denmark,2020-11-10,-0.06346899724521973,0.0,0.2719575685287393,24,0.5,0.5
Denmark,2020-11-11,0.01671250158238197,0.0,0.39674870392627976,26,0.46153846153846156,0.5
Denmark,2020-11-12,0.014012122920545635,0.0,0.31603200126325015,12,0.3333333333333333,0.5833333333333334
Denmark,2020-11-13,-0.13235557308936224,0.0,0.21240668667606447,4,0.25,0.75
Denmark,2020-11-14,0.0462962962962963,0.0,,1,1.0,0.0
Denmark,2020-11-15,-0.05798330660127792,0.0,0.23167554074007943,7,0.14285714285714285,0.8571428571428571
Denmark,2020-11-16,-0.06585866488401061,0.0,0.3218844896720045,22,0.45454545454545453,0.5454545454545454
Denmark,2020-11-17,-0.04336081866383327,0.0,0.1689272832086144,19,0.3684210526315789,0.631578947368421
Denmark,2020-11-18,0.074696425012735,0.0,0.37456010640414233,91,0.4835164835164835,0.4835164835164835
Denmark,2020-11-19,-0.09371130741940163,0.0,0.3085182194731266,87,0.3448275862068966,0.632183908045977
Denmark,2020-11-20,-0.030602323217047308,0.0,0.3083828991787002,48,0.3541666666666667,0.625
Denmark,2020-11-21,-0.1775080810602025,0.0,0.31399979751033896,38,0.2631578947368421,0.7105263157894737
Denmark,2020-11-22,-0.17200573152414067,0.0,0.31646854795776513,32,0.34375,0.65625
Denmark,2020-11-23,-0.17684794701790094,0.0,0.2796686771005993,53,0.2641509433962264,0.7358490566037735
Denmark,2020-11-24,-0.08394636812100277,0.0,0.3144724033871424,73,0.410958904109589,0.547945205479452
Denmark,2020-11-25,0.0074372480896831095,0.0,0.3002506974201854,55,0.6545454545454545,0.34545454545454546
Denmark,2020-11-26,-0.0934879752861345,0.0,0.27729179647925056,57,0.40350877192982454,0.5614035087719298
Denmark,2020-11-27,-0.060829070319409914,0.0,0.2764537790943879,51,0.45098039215686275,0.5294117647058824
Denmark,2020-11-28,-0.026258318003571927,0.0,0.24939807973361874,22,0.5909090909090909,0.4090909090909091
Denmark,2020-11-29,-0.09821812956733766,0.0,0.365230838936194,24,0.4166666666666667,0.5833333333333334
Denmark,2020-11-30,-0.09756624765866742,0.0,0.3326356271658354,53,0.39622641509433965,0.5471698113207547
Denmark,2020-12-01,-0.17210206859210217,0.0,0.48931888694337794,33,0.42424242424242425,0.5757575757575758
Denmark,2020-12-02,0.025215182383551804,0.0,0.2446289899328501,35,0.5428571428571428,0.42857142857142855
Denmark,2020-12-03,-0.03901259019170262,0.0,0.3657451587159058,36,0.3611111111111111,0.6388888888888888
Denmark,2020-12-04,-0.03071967113723643,0.0,0.23742619961557213,78,0.3717948717948718,0.5641025641025641
Denmark,2020-12-05,-0.10608998222172022,0.0,0.2081214570878848,27,0.3333333333333333,0.6296296296296297
Denmark,2020-12-06,-0.09659897676136825,0.0,0.2697344361528688,25,0.36,0.6
Denmark,2020-12-07,-0.0898326020582541,0.0,0.256613451808132,49,0.3673469387755102,0.6122448979591837
Denmark,2020-12-08,0.07010723617554378,0.0,0.27410370049604016,33,0.48484848484848486,0.45454545454545453
Denmark,2020-12-09,-0.04057598536204676,0.0,0.31392622972974055,43,0.46511627906976744,0.5116279069767442
Denmark,2020-12-10,0.06337673221012068,0.0,0.36396747198864976,43,0.5116279069767442,0.4186046511627907
Denmark,2020-12-11,0.005689080586855762,0.0,0.3112725467677293,29,0.4482758620689655,0.4827586206896552
Denmark,2020-12-12,-0.01001254264739848,0.0,0.23842837450026963,14,0.5714285714285714,0.42857142857142855
Denmark,2020-12-13,0.17799555160868388,0.0,0.3408283924876819,10,0.8,0.2
Denmark,2020-12-14,-0.009734228165413498,0.0,0.2233158503949346,43,0.4418604651162791,0.4418604651162791
Denmark,2020-12-15,-0.1801243261459525,0.0,0.3535051984724659,39,0.28205128205128205,0.717948717948718
Denmark,2020-12-16,-0.11832468770024995,0.0,0.3497482686158385,27,0.4074074074074074,0.5925925925925926
Denmark,2020-12-17,-0.0542556546418164,0.0,0.3111470829115125,26,0.38461538461538464,0.6153846153846154
Denmark,2020-12-18,-0.13446492568905546,0.0,0.25286208521831766,30,0.26666666666666666,0.7
Denmark,2020-12-19,0.04155240728137009,0.0,0.2992642031233174,14,0.5,0.5
Denmark,2020-12-20,-0.20365296284180284,0.0,0.35040486523256786,25,0.2,0.72
Denmark,2020-12-21,-0.1586652190796205,0.0,0.288291531155507,50,0.24,0.7
Denmark,2020-12-22,-0.200551961343884,0.0,0.3103403660858159,49,0.22448979591836735,0.7551020408163265
Denmark,2020-12-23,-0.03202749898855542,0.0,0.23267721849129422,36,0.3611111111111111,0.5833333333333334
Denmark,2020-12-24,-0.02987760380778465,0.0,0.22871507296648871,28,0.5,0.5
Denmark,2020-12-25,0.0038197455713296605,0.0,0.2563524939901125,14,0.5714285714285714,0.42857142857142855
Denmark,2020-12-26,-0.029672423780074942,0.0,0.15366173669897268,12,0.3333333333333333,0.4166666666666667
Denmark,2020-12-27,-0.24026352088659558,0.0,0.1356829408219113,71,0.04225352112676056,0.9577464788732394
Denmark,2020-12-28,-0.11888740142239174,0.0,0.3091691789717584,20,0.2,0.65
Denmark,2020-12-29,-0.05553083899579117,0.0,0.26825114714375947,18,0.5,0.4444444444444444
Denmark,2020-12-30,-0.04236741258409055,0.0,0.26496004570314285,21,0.47619047619047616,0.5238095238095238
Denmark,2020-12-31,-0.05536497113526761,0.0,0.350558065039046,22,0.5,0.5
Denmark,2021-01-01,-0.08295201552771839,0.0,0.307900299734288,21,0.38095238095238093,0.6190476190476191
Denmark,2021-01-02,0.04074432129681781,0.0,0.2647805454431369,20,0.5,0.45
Denmark,2021-01-03,-0.005991848181378238,0.0,0.2592330745275084,16,0.5625,0.4375
Denmark,2021-01-04,0.022827557465276614,0.0,0.2453508114517999,30,0.5666666666666667,0.4
Denmark,2021-01-05,0.023684780795345764,0.0,0.24470253703523565,20,0.55,0.45
Denmark,2021-01-06,-0.020284237780909556,0.0,0.31170345041812975,24,0.5,0.4166666666666667
Denmark,2021-01-07,-0.056936895727713925,0.0,0.2216381736656371,36,0.2777777777777778,0.6388888888888888
Denmark,2021-01-08,0.015818620345324625,0.0,0.2895178507820688,23,0.4782608695652174,0.43478260869565216
Denmark,2021-01-09,-0.06270336613925466,0.0,0.16972171947855985,6,0.5,0.5
Denmark,2021-01-10,-0.06424015182165373,0.0,0.3318172722582527,25,0.32,0.68
Denmark,2021-01-11,-0.06980818281580194,0.0,0.21572342984784168,27,0.48148148148148145,0.5185185185185185
Denmark,2021-01-12,-0.23775152831814345,0.0,0.29141342315358143,65,0.2,0.7538461538461538
Denmark,2021-01-13,-0.140384153143656,0.0,0.34950865411799725,39,0.358974358974359,0.5897435897435898
Denmark,2021-01-14,-0.15397009327273958,0.0,0.2583196005150943,53,0.20754716981132076,0.7735849056603774
Denmark,2021-01-15,-0.11289867514439361,0.0,0.2953681568157582,32,0.28125,0.625
Denmark,2021-01-16,-0.2640359511288279,0.0,0.2837721509840466,13,0.15384615384615385,0.8461538461538461
Denmark,2021-01-17,-0.043083916783635795,0.0,0.3799035308355799,13,0.5384615384615384,0.46153846153846156
Denmark,2021-01-18,-0.09588286247506181,0.0,0.2637959953155789,33,0.30303030303030304,0.6363636363636364
Denmark,2021-01-19,-0.19533511948339222,0.0,0.33961661714006897,36,0.2222222222222222,0.7222222222222222
Denmark,2021-01-20,-0.12146133239546325,0.0,0.3200242339562331,31,0.45161290322580644,0.5161290322580645
Denmark,2021-01-21,-0.1153126406214231,0.0,0.3700915732825487,47,0.3829787234042553,0.6170212765957447
Denmark,2021-01-22,-0.09354670187988177,0.0,0.3874866393156062,37,0.43243243243243246,0.5675675675675675
Denmark,2021-01-23,-0.03810261619880903,0.0,0.32423662387989344,13,0.5384615384615384,0.46153846153846156
Denmark,2021-01-24,-0.11004212271302778,0.0,0.4017469657913827,27,0.4074074074074074,0.5925925925925926
Denmark,2021-01-25,-0.16325733257472047,0.0,0.3343600868151609,54,0.2962962962962963,0.6666666666666666
Denmark,2021-01-26,-0.048728904859209894,0.0,0.23891524242906753,52,0.38461538461538464,0.5961538461538461
Denmark,2021-01-27,-0.07293780479658489,0.0,0.3478308409654078,59,0.576271186440678,0.4067796610169492
Denmark,2021-01-28,-0.09078827598697724,0.0,0.31816076407071386,58,0.3620689655172414,0.603448275862069
Denmark,2021-01-29,-0.10033837547640115,0.0,0.3484681886002026,50,0.3,0.68
Denmark,2021-01-30,-0.17200901886103565,0.0,0.3748608251676392,22,0.3181818181818182,0.6363636363636364
Denmark,2021-01-31,-0.11823869499099396,0.0,0.40542033320363075,18,0.3333333333333333,0.6666666666666666
Denmark,2021-02-01,-0.024260426629165374,0.0,0.3063907041319424,36,0.3611111111111111,0.5833333333333334
Denmark,2021-02-02,-0.06172603891067906,0.0,0.33366779226398247,40,0.375,0.575
Denmark,2021-02-03,0.03739931017520526,0.0,0.270131122505567,38,0.6578947368421053,0.3157894736842105
Denmark,2021-02-04,0.046397101829399594,0.0,0.24026586971427044,45,0.6,0.37777777777777777
Denmark,2021-02-05,0.022879113405835615,0.0,0.30114276080504687,56,0.625,0.3392857142857143
Denmark,2021-02-06,0.012664794721854352,0.0,0.24576546049945366,47,0.5957446808510638,0.3829787234042553
Denmark,2021-02-07,-0.046519030927995454,0.0,0.24590893186340493,23,0.391304347826087,0.6086956521739131
Denmark,2021-02-08,-0.03186643537892765,0.0,0.23648832381348842,42,0.42857142857142855,0.5238095238095238
Denmark,2021-02-09,-0.13333690811633778,0.0,0.260421391245773,48,0.25,0.6666666666666666
Denmark,2021-02-10,-0.05099035998570067,0.0,0.2677799232524658,39,0.3333333333333333,0.5384615384615384
Denmark,2021-02-11,-0.005368587475846949,0.0,0.37297127281132275,39,0.41025641025641024,0.5384615384615384
Denmark,2021-02-12,-0.03380175164311565,0.0,0.32226802122538073,32,0.40625,0.5625
Denmark,2021-02-13,-0.12105006972274995,0.0,0.2955413284796079,22,0.2727272727272727,0.6818181818181818
Denmark,2021-02-14,-0.033102755916613213,0.0,0.221408756622845,22,0.5,0.45454545454545453
Denmark,2021-02-15,-0.062325971581980846,0.0,0.3333196899986893,27,0.4444444444444444,0.5185185185185185
Denmark,2021-02-16,-0.033771052584486004,0.0,0.29272338917628116,47,0.44680851063829785,0.5106382978723404
Denmark,2021-02-17,0.01285457108268418,0.0,0.21007031871969345,50,0.52,0.42
Denmark,2021-02-18,0.022631294750520115,0.0,0.297868569785439,37,0.5675675675675675,0.40540540540540543
Denmark,2021-02-19,0.11765042869229689,0.0,0.3374960393174261,26,0.7307692307692307,0.23076923076923078
Denmark,2021-02-20,-0.13417116076100308,0.0,0.31977467662378284,12,0.3333333333333333,0.6666666666666666
Denmark,2021-02-21,-0.07019629244875915,0.0,0.24481010730758712,20,0.45,0.5
Denmark,2021-02-22,-0.1126174672759066,0.0,0.27218787708212355,38,0.2894736842105263,0.6578947368421053
Denmark,2021-02-23,-0.07727086643702222,0.0,0.2997349920184967,46,0.41304347826086957,0.5434782608695652
Denmark,2021-02-24,-0.10462014061567723,0.0,0.2772461122246677,42,0.38095238095238093,0.5476190476190477
Denmark,2021-02-25,-0.03962627478014781,0.0,0.23612868486879737,41,0.3170731707317073,0.6585365853658537
Denmark,2021-02-26,0.020269891347753602,0.0,0.23909212373717284,50,0.52,0.44
Denmark,2021-02-27,-0.1228058542115977,0.0,0.30051268660172586,13,0.38461538461538464,0.5384615384615384
Denmark,2021-02-28,-0.1877067288202003,0.0,0.34114786348762915,22,0.22727272727272727,0.5909090909090909
Denmark,2021-03-01,0.04929976577405965,0.0,0.34058272768363695,26,0.5769230769230769,0.3076923076923077
Denmark,2021-03-02,0.09051181499446125,0.0,0.23431619978196327,31,0.7096774193548387,0.2903225806451613
Denmark,2021-03-03,-0.022559932192785383,0.0,0.2535667478792359,41,0.6341463414634146,0.34146341463414637
Denmark,2021-03-04,-0.09692891479073391,0.0,0.26631897913634733,37,0.40540540540540543,0.5405405405405406
Denmark,2021-03-05,-0.1536011558530448,0.0,0.29866711573739474,40,0.35,0.6
Denmark,2021-03-06,-0.2723265545022533,0.0,0.28465311451789194,8,0.25,0.625
Denmark,2021-03-07,-0.15167345274163874,0.0,0.3578598578916367,17,0.29411764705882354,0.7058823529411765
Denmark,2021-03-08,-0.04904639302151796,0.0,0.2636398857392618,27,0.48148148148148145,0.48148148148148145
Denmark,2021-03-09,0.02241749263354072,0.0,0.29224947339980706,28,0.5,0.5
Denmark,2021-03-10,-0.05031018276811731,0.0,0.25780534453900605,36,0.4166666666666667,0.5277777777777778
Denmark,2021-03-11,-0.11686889887601909,0.0,0.24839033221791793,33,0.24242424242424243,0.7575757575757576
Denmark,2021-03-12,-0.11419281254214525,0.0,0.2276110664950396,39,0.3333333333333333,0.6666666666666666
Denmark,2021-03-13,-0.08013029320808412,0.0,0.31851666822575525,11,0.45454545454545453,0.5454545454545454
Denmark,2021-03-14,-0.007193802419460914,0.0,0.25269940120163126,10,0.3,0.5
Denmark,2021-03-15,-0.06645850623932574,0.0,0.25656343909196067,27,0.4444444444444444,0.5185185185185185
Denmark,2021-03-16,-0.0031460782407850213,0.0,0.29627308911885686,29,0.3793103448275862,0.5862068965517241
Denmark,2021-03-17,0.07012041684930062,0.0,0.22546270937695662,28,0.6071428571428571,0.39285714285714285
Denmark,2021-03-18,-0.23093075351759496,0.0,0.44517246991084136,36,0.3055555555555556,0.6944444444444444
Denmark,2021-03-19,-0.05993121260884052,0.0,0.2301912659521415,63,0.3968253968253968,0.5396825396825397
Denmark,2021-03-20,0.02815015908374802,0.0,0.28261692576468495,11,0.6363636363636364,0.36363636363636365
Denmark,2021-03-21,-0.0057755987821527886,0.0,0.22970739512448204,28,0.5714285714285714,0.39285714285714285
Denmark,2021-03-22,-0.2158162130608314,0.0,0.41159665565619896,30,0.4,0.6
Denmark,2021-03-23,-0.06510343207308825,0.0,0.36303849753608924,29,0.4827586206896552,0.4482758620689655
Denmark,2021-03-24,-0.10847125826776735,0.0,0.2975485163463919,30,0.36666666666666664,0.6
Denmark,2021-03-25,-0.10702739595981137,0.0,0.2639193521797135,32,0.34375,0.5625
Denmark,2021-03-26,-0.0044048513461253875,0.0,0.3966563611271031,36,0.3888888888888889,0.5277777777777778
Denmark,2021-03-27,-0.2329538156893087,0.0,0.27276977354529913,25,0.28,0.68
Denmark,2021-03-28,-0.19591200484408944,0.0,0.17811556463834957,54,0.12962962962962962,0.8518518518518519
Denmark,2021-03-29,-0.14945956243646513,0.0,0.27079970692258476,94,0.2553191489361702,0.7340425531914894
Denmark,2021-03-30,-0.07845929225466544,0.0,0.28048674794379974,41,0.5365853658536586,0.4634146341463415
Denmark,2021-03-31,-0.12121046800694671,0.0,0.2252438469011783,23,0.34782608695652173,0.6521739130434783
Denmark,2021-04-01,-0.06814899751473533,0.0,0.3150323779015103,25,0.48,0.52
Denmark,2021-04-02,0.09149426215955168,0.0,0.32085495190709573,16,0.625,0.375
Denmark,2021-04-03,-0.17721405428081582,0.0,0.31236858692525477,8,0.375,0.625
Denmark,2021-04-04,-0.026570065560916973,0.0,0.22680812657734073,13,0.5384615384615384,0.46153846153846156
Denmark,2021-04-05,-0.018055617812697558,0.0,0.25489081970125743,22,0.4090909090909091,0.5909090909090909
Denmark,2021-04-06,-0.04944853175017462,0.0,0.2916515843788743,45,0.4222222222222222,0.5111111111111111
Denmark,2021-04-07,0.04727014350441702,0.0,0.20404517309764586,66,0.6212121212121212,0.3484848484848485
Denmark,2021-04-08,0.013482189251002107,0.0,0.2610078386206605,31,0.41935483870967744,0.5483870967741935
Denmark,2021-04-09,0.16732013054687597,0.0,0.23926735203204577,67,0.7611940298507462,0.208955223880597
Denmark,2021-04-10,-0.12034872068110913,0.0,0.407661820318067,28,0.5,0.5
Denmark,2021-04-11,0.020889128055261743,0.0,0.37763219974836787,9,0.5555555555555556,0.3333333333333333
Denmark,2021-04-12,0.10057843828200133,0.0,0.33835401315776575,20,0.5,0.5
Denmark,2021-04-13,0.005319939838315645,0.0,0.35236010587467254,29,0.4482758620689655,0.5172413793103449
Denmark,2021-04-14,-0.04383214478962421,0.0,0.24619034091557274,39,0.41025641025641024,0.5384615384615384
Denmark,2021-04-15,0.07186216484962002,0.0,0.33752734193483164,55,0.6181818181818182,0.38181818181818183
Denmark,2021-04-16,0.029054591295567662,0.0,0.36149790698562073,35,0.42857142857142855,0.5142857142857142
Denmark,2021-04-17,0.08803743960159005,0.0,0.19182263846919217,20,0.7,0.3
Denmark,2021-04-18,-0.1294340004287281,0.0,0.20313702004500786,8,0.125,0.875
Denmark,2021-04-19,0.0020507315512750435,0.0,0.36845386249423856,30,0.5666666666666667,0.43333333333333335
Denmark,2021-04-20,-0.07562091053386456,0.0,0.2611873371566853,27,0.37037037037037035,0.5925925925925926
Denmark,2021-04-21,-0.05884065141587615,0.0,0.3014621607248594,41,0.36585365853658536,0.6341463414634146
Denmark,2021-04-22,0.0578304315848714,0.0,0.22535039498546086,42,0.6904761904761905,0.2857142857142857
Denmark,2021-04-23,-0.06334415770877053,0.0,0.25579190913334193,83,0.3373493975903614,0.6144578313253012
Denmark,2021-04-24,-0.0133784422929469,0.0,0.2783247306404165,22,0.36363636363636365,0.6363636363636364
Denmark,2021-04-25,0.07593584823612862,0.0,0.24690589716601014,10,0.7,0.3
Denmark,2021-04-26,0.21933520299298112,0.0,0.37843815751878707,77,0.7792207792207793,0.22077922077922077
Denmark,2021-04-27,-0.013231037854625503,0.0,0.33772163675401956,48,0.4583333333333333,0.5416666666666666
Denmark,2021-04-28,-0.03393069536690059,0.0,0.3129778892810228,38,0.39473684210526316,0.5789473684210527
Denmark,2021-04-29,-0.032075892937460646,0.0,0.298950565959902,19,0.42105263157894735,0.5789473684210527
Denmark,2021-04-30,-0.05950864278823348,0.0,0.28318440144368073,27,0.4444444444444444,0.5555555555555556
Denmark,2021-05-01,0.060035823045846384,0.0,0.24681689752517927,16,0.5625,0.4375
Denmark,2021-05-02,0.06721215528791356,0.0,0.22416511559627617,11,0.6363636363636364,0.36363636363636365
Denmark,2021-05-03,0.08723098859874327,0.0,0.29574147772295156,21,0.5714285714285714,0.3333333333333333
Denmark,2021-05-04,-0.010317581519135678,0.0,0.2697758594806108,44,0.38636363636363635,0.5681818181818182
Denmark,2021-05-05,-0.10144161605148665,0.0,0.4137894147927076,22,0.3181818181818182,0.5909090909090909
Denmark,2021-05-06,-0.0675329152937499,0.0,0.3303743127631085,39,0.38461538461538464,0.5897435897435898
Denmark,2021-05-07,-0.07873193892222383,0.0,0.22971735563045065,41,0.21951219512195122,0.7073170731707317
Denmark,2021-05-08,-0.15458186618343311,0.0,0.3632734085767573,8,0.125,0.75
Denmark,2021-05-09,-0.09275272527399464,0.0,0.4065132154880739,15,0.4666666666666667,0.5333333333333333
Denmark,2021-05-10,-0.05264422399946067,0.0,0.23190087496941242,16,0.3125,0.625
Denmark,2021-05-11,0.06853091922435006,0.0,0.2462644793650468,46,0.5869565217391305,0.391304347826087
Denmark,2021-05-12,-0.05921142648247298,0.0,0.3290707114164724,36,0.5555555555555556,0.3611111111111111
Denmark,2021-05-13,-0.2503227128131091,0.0,0.33441682456144356,27,0.2962962962962963,0.7037037037037037
Denmark,2021-05-14,0.047057489816305684,0.0,0.21209646852719227,23,0.5652173913043478,0.34782608695652173
Denmark,2021-05-15,0.01920157033956506,0.0,0.33087626311042895,16,0.625,0.375
Denmark,2021-05-16,-0.14517953227645108,0.0,0.3243442817723375,19,0.2631578947368421,0.7368421052631579
Denmark,2021-05-17,-0.22425052902278042,0.0,0.29537800859591506,98,0.2755102040816326,0.7142857142857143
Denmark,2021-05-18,-0.1565395618560164,0.0,0.26989436500726344,89,0.30337078651685395,0.6966292134831461
Denmark,2021-05-19,0.014051841540803548,0.0,0.2225003507854875,54,0.5,0.46296296296296297
Denmark,2021-05-20,-0.04206181482664496,0.0,0.28911617588198274,54,0.2777777777777778,0.7037037037037037
Denmark,2021-05-21,-0.0610918467723675,0.0,0.302464467266227,36,0.3888888888888889,0.5833333333333334
Denmark,2021-05-22,0.06931344328938523,0.0,0.28216736572771767,20,0.5,0.5
Denmark,2021-05-23,0.02318406227973651,0.0,0.29904946078800476,15,0.5333333333333333,0.4666666666666667
Denmark,2021-05-24,-0.047811916008625305,0.0,0.22910559177528186,30,0.4666666666666667,0.5
Denmark,2021-05-25,-0.04093137520077365,0.0,0.2909603420397387,36,0.4166666666666667,0.5555555555555556
Denmark,2021-05-26,-0.0306394606298769,0.0,0.28526994132639966,31,0.5161290322580645,0.45161290322580644
Denmark,2021-05-27,-0.0160871741464883,0.0,0.33179779582846713,32,0.53125,0.46875
Denmark,2021-05-28,-0.07790594791729363,0.0,0.3162356282785751,40,0.4,0.575
Denmark,2021-05-29,0.13817008315124638,0.0,0.34441709308604945,11,0.7272727272727273,0.18181818181818182
Denmark,2021-05-30,0.054881667434094596,0.0,0.3654287013074673,16,0.6875,0.3125
Denmark,2021-05-31,0.024006956683749837,0.0,0.2824279754782661,38,0.5,0.5
Denmark,2021-06-01,0.013593744224623333,0.0,0.3598764019282217,29,0.5517241379310345,0.4482758620689655
Denmark,2021-06-02,-0.011035752343586142,0.0,0.34041547063707683,37,0.43243243243243246,0.5675675675675675
Denmark,2021-06-03,-0.08816999995336788,0.0,0.28152162618631493,48,0.3958333333333333,0.5833333333333334
Denmark,2021-06-04,-0.03975156282795088,0.0,0.21943409997720276,67,0.40298507462686567,0.5522388059701493
Denmark,2021-06-05,0.042178416223619286,0.0,0.36444850425629666,20,0.4,0.5
Denmark,2021-06-06,-0.052728962857703184,0.0,0.3149429158079944,16,0.3125,0.6875
Denmark,2021-06-07,-0.01121319328858197,0.0,0.20376009269229786,33,0.48484848484848486,0.5151515151515151
Denmark,2021-06-08,-0.07533307028959411,0.0,0.32572658398300214,45,0.4666666666666667,0.5333333333333333
Denmark,2021-06-09,0.053471471728606376,0.0,0.2678578783039283,38,0.6052631578947368,0.34210526315789475
Denmark,2021-06-10,-0.023917934812728567,0.0,0.28725981738333517,41,0.36585365853658536,0.6097560975609756
Denmark,2021-06-11,-0.020180644960277286,0.0,0.31706146969999754,37,0.40540540540540543,0.5135135135135135
Denmark,2021-06-12,-0.013492327695043892,0.0,0.3652917393340425,17,0.5882352941176471,0.4117647058823529
Denmark,2021-06-13,0.02230764793152844,0.0,0.2269502234145255,12,0.6666666666666666,0.25
Denmark,2021-06-14,0.044972225098418674,0.0,0.27316295790818873,38,0.5526315789473685,0.42105263157894735
Denmark,2021-06-15,0.05576187506375434,0.0,0.26442364120729256,32,0.625,0.34375
Denmark,2021-06-16,0.01172269921990793,0.0,0.25700311292154876,43,0.5581395348837209,0.3488372093023256
Denmark,2021-06-17,0.01727123407827028,0.0,0.28148063151707364,48,0.5,0.4583333333333333
Denmark,2021-06-18,0.0891208495140887,0.0,0.38200932813582406,35,0.6,0.37142857142857144
Denmark,2021-06-19,-0.1281800717056465,0.0,0.24940856390433055,21,0.3333333333333333,0.6190476190476191
Denmark,2021-06-20,-0.11407609841337175,0.0,0.20192576385820915,13,0.3076923076923077,0.6923076923076923
Denmark,2021-06-21,0.17667906383315887,0.0,0.29699716181191776,28,0.75,0.21428571428571427
Denmark,2021-06-22,0.1017614367403115,0.0,0.3579159248129004,38,0.5789473684210527,0.39473684210526316
Denmark,2021-06-23,0.1474120939051235,0.0,0.24597414302701462,31,0.7741935483870968,0.16129032258064516
Denmark,2021-06-24,0.0042741275146583445,0.0,0.29833712076232666,42,0.5,0.47619047619047616
Denmark,2021-06-25,0.05092220699117148,0.0,0.2538566775871031,27,0.48148148148148145,0.5185185185185185
Denmark,2021-06-26,-0.0024183185821362242,0.0,0.2558587251936499,13,0.46153846153846156,0.5384615384615384
Denmark,2021-06-27,0.012012545843364484,0.0,0.25236754899696046,13,0.46153846153846156,0.46153846153846156
Denmark,2021-06-28,0.03960420421210352,0.0,0.24306793712647345,29,0.41379310344827586,0.5172413793103449
Denmark,2021-06-29,0.023652734536778727,0.0,0.31122736414064206,47,0.6170212765957447,0.3829787234042553
Denmark,2021-06-30,-0.02131016151100408,0.0,0.3087705189990462,62,0.4032258064516129,0.5806451612903226
Denmark,2021-07-01,-0.032306259986837435,0.0,0.2509295977160025,31,0.3548387096774194,0.6129032258064516
Denmark,2021-07-02,0.053317081434942994,0.0,0.2833642272381226,30,0.6333333333333333,0.3333333333333333
Denmark,2021-07-03,-0.08059892870637153,0.0,0.26453886650349934,22,0.3181818181818182,0.6363636363636364
Denmark,2021-07-04,-0.18761038379562386,0.0,0.3403194072927358,26,0.2692307692307692,0.7307692307692307
Denmark,2021-07-05,-0.09413721737318476,0.0,0.2884761588810313,30,0.36666666666666664,0.5666666666666667
Denmark,2021-07-06,-0.01108356765529933,0.0,0.2985726831637748,36,0.5,0.4722222222222222
Denmark,2021-07-07,0.1462512202656174,0.0,0.36502786615640814,37,0.6486486486486487,0.2972972972972973
Denmark,2021-07-08,-0.02195216050029043,0.0,0.3168547007483682,42,0.5952380952380952,0.38095238095238093
Denmark,2021-07-09,0.11658260193077395,0.0,0.3023561587319149,48,0.8125,0.16666666666666666
Denmark,2021-07-10,-0.1229818071632712,0.0,0.40181281023043336,13,0.3076923076923077,0.6923076923076923
Denmark,2021-07-11,0.22438307928012363,0.0,0.3540325549914283,26,0.7307692307692307,0.23076923076923078
Denmark,2021-07-12,-0.02367292237066657,0.0,0.29859337645183437,42,0.42857142857142855,0.5476190476190477
Denmark,2021-07-13,0.03160758062177502,0.0,0.3229023870840555,22,0.6363636363636364,0.36363636363636365
Denmark,2021-07-14,0.028582485361597035,0.0,0.28138287275290624,33,0.6060606060606061,0.36363636363636365
Denmark,2021-07-15,-0.019347524932225166,0.0,0.2825292904026259,35,0.5142857142857142,0.37142857142857144
Denmark,2021-07-16,0.03362034156324234,0.0,0.1860913611899693,60,0.6333333333333333,0.35
Denmark,2021-07-17,0.019169096984204353,0.0,0.29889796228599896,36,0.2777777777777778,0.6666666666666666
Denmark,2021-07-18,0.09035892617967826,0.0,0.2537442769416562,19,0.631578947368421,0.3157894736842105
Denmark,2021-07-19,0.03595326445911548,0.0,0.3238623679000556,34,0.5294117647058824,0.4117647058823529
Denmark,2021-07-20,-0.023283663151713777,0.0,0.2682471021475177,33,0.5151515151515151,0.42424242424242425
Denmark,2021-07-21,-0.014409315349117003,0.0,0.2702700941109714,39,0.5128205128205128,0.41025641025641024
Denmark,2021-07-22,-0.01822650036599754,0.0,0.2630525153291566,48,0.4791666666666667,0.4583333333333333
Denmark,2021-07-23,-0.09677098284747311,0.0,0.3212211383327817,22,0.4090909090909091,0.5
Denmark,2021-07-24,-0.10274970904023271,0.0,0.20204968544395766,22,0.2727272727272727,0.7272727272727273
Denmark,2021-07-25,0.05085156946718366,0.0,0.3032858129181125,19,0.5789473684210527,0.3157894736842105
Denmark,2021-07-26,0.028590559587413453,0.0,0.3277018329197704,34,0.5588235294117647,0.38235294117647056
Denmark,2021-07-27,0.05572942450890599,0.0,0.2615504347559643,26,0.5769230769230769,0.4230769230769231
Denmark,2021-07-28,0.042266955961612694,0.0,0.22826295248864129,40,0.6,0.375
Denmark,2021-07-29,-0.02394569320574898,0.0,0.19977616441496374,39,0.46153846153846156,0.46153846153846156
Denmark,2021-07-30,0.04221310728901861,0.0,0.3383335240244973,31,0.5806451612903226,0.41935483870967744
Denmark,2021-07-31,-0.0030591029092985234,0.0,0.19940632362301658,25,0.32,0.36
Denmark,2021-08-01,-0.0075231837771551425,0.0,0.22564726132559404,36,0.4166666666666667,0.5
Denmark,2021-08-02,-0.0011101148306259792,0.0,0.2855927446246572,33,0.42424242424242425,0.48484848484848486
Denmark,2021-08-03,-0.13022323775375155,0.0,0.389601199282812,17,0.29411764705882354,0.6470588235294118
Denmark,2021-08-04,0.06420157696456956,0.0,0.3252069275629122,53,0.6037735849056604,0.37735849056603776
Denmark,2021-08-05,-0.08755034192345153,0.0,0.41027034782450666,47,0.425531914893617,0.5531914893617021
Denmark,2021-08-06,-0.13322137394634376,0.0,0.3367500811997439,50,0.3,0.64
Denmark,2021-08-07,-0.06311223014621105,0.0,0.46091330199679026,16,0.5625,0.4375
Denmark,2021-08-08,-0.07001506260249339,0.0,0.36664038256833786,29,0.4482758620689655,0.5517241379310345
Denmark,2021-08-09,0.03144635365281246,0.0,0.26578234113967064,23,0.4782608695652174,0.43478260869565216
Denmark,2021-08-10,0.08365823867746879,0.0,0.2500127288591718,22,0.6363636363636364,0.36363636363636365
Denmark,2021-08-11,-0.07895886591070542,0.0,0.37109615265949847,21,0.42857142857142855,0.5238095238095238
Denmark,2021-08-12,-0.11750846896981228,0.0,0.2907413713968753,27,0.2962962962962963,0.6296296296296297
Denmark,2021-08-13,-0.009776218538603517,0.0,0.2554836119034274,31,0.45161290322580644,0.5483870967741935
Denmark,2021-08-14,-0.1773170779714498,0.0,0.3520075281342922,11,0.2727272727272727,0.7272727272727273
Denmark,2021-08-15,0.012266309194954554,0.0,0.29835295304494197,11,0.5454545454545454,0.36363636363636365
Denmark,2021-08-16,-0.20929755801176622,0.0,0.32645099826286084,24,0.2916666666666667,0.7083333333333334
Denmark,2021-08-17,-0.12376278722988601,0.0,0.32940498986352873,25,0.28,0.68
Denmark,2021-08-18,0.0538047846717479,0.0,0.2515191438901359,21,0.5238095238095238,0.47619047619047616
Denmark,2021-08-19,-0.08876646311256646,0.0,0.2461509808850209,48,0.375,0.5625
Denmark,2021-08-20,-0.09897265456327416,0.0,0.23625902551711817,55,0.2727272727272727,0.6727272727272727
Denmark,2021-08-21,0.06375913313489125,0.0,0.25085858100648395,14,0.5714285714285714,0.42857142857142855
Denmark,2021-08-22,-0.05226991705774738,0.0,0.24294330228606534,18,0.16666666666666666,0.8333333333333334
Denmark,2021-08-23,-0.1651059084653873,0.0,0.39806786556417795,50,0.32,0.64
Denmark,2021-08-24,-0.005317034262161617,0.0,0.32164361039159095,62,0.532258064516129,0.43548387096774194
Denmark,2021-08-25,-0.02925769328522995,0.0,0.2884178873934781,42,0.35714285714285715,0.5714285714285714
Denmark,2021-08-26,-0.07264099513817562,0.0,0.277077096533925,38,0.34210526315789475,0.631578947368421
Denmark,2021-08-27,-0.029719520704792796,0.0,0.34362807771712894,45,0.37777777777777777,0.5777777777777777
Denmark,2021-08-28,-0.02283383709428918,0.0,0.19848574966993499,41,0.3902439024390244,0.5609756097560976
Denmark,2021-08-29,-0.005463334110695202,0.0,0.2313954946706601,28,0.4642857142857143,0.5
Denmark,2021-08-30,-0.022975503198875265,0.0,0.2067471962767733,29,0.4482758620689655,0.5517241379310345
Denmark,2021-08-31,0.0946141070146371,0.0,0.2908497261359368,33,0.5757575757575758,0.3333333333333333
Denmark,2021-09-01,0.05433075389696809,0.0,0.28292652101037513,22,0.5909090909090909,0.4090909090909091
Denmark,2021-09-02,-0.05798311052845342,0.0,0.2857673260694579,37,0.32432432432432434,0.6756756756756757
Denmark,2021-09-03,-0.12619288173160273,0.0,0.3629547524651479,22,0.4090909090909091,0.5454545454545454
Denmark,2021-09-04,0.04073315973457916,0.0,0.22767966095780803,11,0.5454545454545454,0.45454545454545453
Denmark,2021-09-05,-0.08601243236916788,0.0,0.39857331806004226,30,0.4666666666666667,0.5333333333333333
Denmark,2021-09-06,0.14538353584225913,0.0,0.27647291913274064,22,0.6818181818181818,0.22727272727272727
Denmark,2021-09-07,-0.0938366832779015,0.0,0.2818780664040026,33,0.3939393939393939,0.6060606060606061
Denmark,2021-09-08,0.039057965957140915,0.0,0.24266162194746066,32,0.375,0.59375
Denmark,2021-09-09,-0.10836457098539236,0.0,0.3316963546805362,26,0.3076923076923077,0.6923076923076923
Denmark,2021-09-10,0.009154022558547577,0.0,0.2892370300952094,31,0.5483870967741935,0.41935483870967744
Denmark,2021-09-11,0.19141347060049285,0.0,0.3803432512774312,12,0.5833333333333334,0.4166666666666667
Denmark,2021-09-12,-0.1402889706658762,0.0,0.33553553876218944,17,0.4117647058823529,0.5882352941176471
Denmark,2021-09-13,0.053747829785618276,0.0,0.2240670891861205,33,0.6060606060606061,0.36363636363636365
Denmark,2021-09-14,-0.1202736038399687,0.0,0.2853750380574401,70,0.38571428571428573,0.5857142857142857
Denmark,2021-09-15,-0.19579016018526263,0.0,0.35286630327481694,50,0.26,0.72
Denmark,2021-09-16,-0.0598849091767323,0.0,0.2523777687749471,39,0.38461538461538464,0.5641025641025641
Denmark,2021-09-17,-0.045395076933425545,0.0,0.29042905496255567,34,0.3235294117647059,0.6176470588235294
Denmark,2021-09-18,-0.09944632339325217,0.0,0.40773146032636626,14,0.42857142857142855,0.5
Denmark,2021-09-19,0.2417659975515938,0.0,0.31419363953396373,16,0.625,0.1875
Denmark,2021-09-20,-0.06833261543741118,0.0,0.2669930214292451,52,0.36538461538461536,0.5576923076923077
Denmark,2021-09-21,0.12867728023796351,0.0,0.25416534113980893,42,0.8571428571428571,0.09523809523809523
Denmark,2021-09-22,-0.0823856346968923,0.0,0.28028482295940504,43,0.3953488372093023,0.5813953488372093
Denmark,2021-09-23,0.13843913680098968,0.0,0.3862860161484634,38,0.631578947368421,0.34210526315789475
Denmark,2021-09-24,0.005240858233061937,0.0,0.2967200717439277,47,0.48936170212765956,0.5106382978723404
Denmark,2021-09-25,-0.12210812242952962,0.0,0.24717742806041554,25,0.28,0.68
Denmark,2021-09-26,0.011543120622366116,0.0,0.2831925520426933,22,0.5909090909090909,0.4090909090909091
Denmark,2021-09-27,0.1737790868135635,0.0,0.3026436266485426,34,0.7058823529411765,0.29411764705882354
Denmark,2021-09-28,-0.026167524469641636,0.0,0.24571819491591645,40,0.525,0.475
Denmark,2021-09-29,0.060246906576312646,0.0,0.28192476838505715,60,0.6166666666666667,0.36666666666666664
Denmark,2021-09-30,0.002590178098940782,0.0,0.27203825396135056,46,0.4782608695652174,0.45652173913043476
Denmark,2021-10-01,-0.014102816014008436,0.0,0.29075652216044867,45,0.4888888888888889,0.5111111111111111
Denmark,2021-10-02,0.02602774654729126,0.0,0.22253399650452096,14,0.5714285714285714,0.42857142857142855
Denmark,2021-10-03,-0.022672572913639905,0.0,0.1465689344713937,21,0.23809523809523808,0.7142857142857143
Denmark,2021-10-04,0.05208851363999058,0.0,0.31342793716084966,49,0.6530612244897959,0.30612244897959184
Denmark,2021-10-05,-0.017592564595452255,0.0,0.2865737374127412,41,0.4878048780487805,0.4634146341463415
Denmark,2021-10-06,0.06781961420262958,0.0,0.36219864220903786,31,0.6129032258064516,0.3870967741935484
Denmark,2021-10-07,-0.12077588812277841,0.0,0.2924086045594036,44,0.3409090909090909,0.6590909090909091
Denmark,2021-10-08,-0.07688106787019812,0.0,0.31744015922453583,33,0.36363636363636365,0.6363636363636364
Denmark,2021-10-09,0.34729406775321014,0.0,0.38298886165764817,40,0.8,0.2
Denmark,2021-10-10,0.06496812946707343,0.0,0.29981871327673715,13,0.5384615384615384,0.23076923076923078
Denmark,2021-10-11,0.0310026165703555,0.0,0.3157591760251688,26,0.6153846153846154,0.38461538461538464
Denmark,2021-10-12,0.075388533441046,0.0,0.23665143177179374,31,0.5806451612903226,0.3225806451612903
Denmark,2021-10-13,0.010252862463070335,0.0,0.23084893504659768,50,0.4,0.46
Denmark,2021-10-14,-0.2632677526939419,0.0,0.40962663161695567,49,0.2653061224489796,0.6938775510204082
Denmark,2021-10-15,-0.03532513576894113,0.0,0.3683021304010646,33,0.5454545454545454,0.45454545454545453
Denmark,2021-10-16,-0.19018434910205986,0.0,0.34173723016052887,18,0.3333333333333333,0.6111111111111112
Denmark,2021-10-17,-0.04741950446156073,0.0,0.21301069111105553,17,0.4117647058823529,0.5882352941176471
Denmark,2021-10-18,0.05587128008848296,0.0,0.3226645911078845,29,0.6551724137931034,0.3448275862068966
Denmark,2021-10-19,0.00316095611426623,0.0,0.3514064709359742,25,0.52,0.48
Denmark,2021-10-20,-0.038898844040035734,0.0,0.2904681837936332,43,0.3023255813953488,0.6511627906976745
Denmark,2021-10-21,0.007122455612121336,0.0,0.18940259000798793,52,0.2692307692307692,0.6730769230769231
Denmark,2021-10-22,0.06599066700203222,0.0,0.23344490567370077,19,0.47368421052631576,0.42105263157894735
Denmark,2021-10-23,-0.1318327712727181,0.0,0.20322273138856964,22,0.2727272727272727,0.6818181818181818
Denmark,2021-10-24,0.05362847825094157,0.0,0.2923128541564517,24,0.5,0.5
Denmark,2021-10-25,-0.04535469196481101,0.0,0.24063030361610468,36,0.3888888888888889,0.5833333333333334
Denmark,2021-10-26,0.034418196729991093,0.0,0.19566525633192736,33,0.5757575757575758,0.3939393939393939
Denmark,2021-10-27,0.034513307741791927,0.0,0.23650208284950516,44,0.5454545454545454,0.4090909090909091
Denmark,2021-10-28,-0.0383707257191172,0.0,0.3705247999394614,39,0.5384615384615384,0.4358974358974359
Denmark,2021-10-29,0.016023600233716493,0.0,0.14808451530280345,39,0.38461538461538464,0.6153846153846154
Denmark,2021-10-30,-0.167537611839851,0.0,0.4086417794811823,17,0.4117647058823529,0.5882352941176471
Denmark,2021-10-31,0.03555264357312691,0.0,0.17944319329650177,23,0.5652173913043478,0.2608695652173913
Denmark,2021-11-01,-0.04945458481642699,0.0,0.20191257440459845,58,0.3448275862068966,0.6551724137931034
Denmark,2021-11-02,-0.09153362131649011,0.0,0.2851248469758044,44,0.36363636363636365,0.6136363636363636
Denmark,2021-11-03,0.006046088028541428,0.0,0.25160054359858264,40,0.575,0.425
Denmark,2021-11-04,-0.0972637383781668,0.0,0.21570990746292307,64,0.234375,0.65625
Denmark,2021-11-05,-0.06457527752277074,0.0,0.27198916059625877,42,0.2857142857142857,0.6666666666666666
Denmark,2021-11-06,-0.1809061382135394,0.0,0.3016541891877767,26,0.3076923076923077,0.6923076923076923
Denmark,2021-11-07,-0.20657586755974525,0.0,0.34965096692966924,19,0.10526315789473684,0.8421052631578947
Denmark,2021-11-08,-0.12347858225659183,0.0,0.27201137673303993,55,0.32727272727272727,0.6363636363636364
Denmark,2021-11-09,0.017761847009350205,0.0,0.23491554083874888,45,0.5333333333333333,0.4222222222222222
Denmark,2021-11-10,-0.03466035254345849,0.0,0.22706865418607894,52,0.4230769230769231,0.5769230769230769
Denmark,2021-11-11,0.009756486167617016,0.0,0.2542781117582038,71,0.4507042253521127,0.5492957746478874
Denmark,2021-11-12,-0.06950998447561375,0.0,0.35474042415665147,54,0.4074074074074074,0.5740740740740741
Denmark,2021-11-13,-0.26117702662404835,0.0,0.2385658781184635,24,0.125,0.8333333333333334
Denmark,2021-11-14,-0.036279725263239894,0.0,0.2553657577257907,21,0.42857142857142855,0.5714285714285714
Denmark,2021-11-15,0.05171953346905349,0.0,0.2316170270583121,28,0.5714285714285714,0.42857142857142855
Denmark,2021-11-16,-0.03550069659215821,0.0,0.2594009320388936,27,0.3333333333333333,0.5925925925925926
Denmark,2021-11-17,-0.011912464295272073,0.0,0.3792357467778834,20,0.5,0.5
Denmark,2021-11-18,0.013892987389101061,0.0,0.33730690929521845,27,0.48148148148148145,0.48148148148148145
Denmark,2021-11-19,0.1037300266527246,0.0,0.23786887657342057,28,0.6428571428571429,0.35714285714285715
Denmark,2021-11-20,0.11274337774219274,0.0,0.3622517824382026,18,0.6111111111111112,0.3888888888888889
Denmark,2021-11-21,0.036913408465857195,0.0,0.24866423443914773,8,0.75,0.25
Denmark,2021-11-22,0.06027359452256954,0.0,0.2706396830134329,36,0.5277777777777778,0.4166666666666667
Denmark,2021-11-23,0.016563241813903805,0.0,0.231980651524902,17,0.6470588235294118,0.29411764705882354
Denmark,2021-11-24,0.08786896456962573,0.0,0.19493221807537414,48,0.5208333333333334,0.4375
Denmark,2021-11-25,-0.0403513722776634,0.0,0.2544467904144767,39,0.5128205128205128,0.48717948717948717
Denmark,2021-11-26,-0.028662791624045676,0.0,0.3121826209224765,18,0.6111111111111112,0.2777777777777778
Denmark,2021-11-27,0.11261698480897248,0.0,0.19127207588805406,11,0.7272727272727273,0.2727272727272727
Denmark,2021-11-28,-0.11777530079877685,0.0,0.2400024824601092,6,0.5,0.5
Denmark,2021-11-29,-0.15296127632443574,0.0,0.34731406015892663,31,0.3870967741935484,0.6129032258064516
Denmark,2021-11-30,-0.04043622228116483,0.0,0.3001251586662517,23,0.43478260869565216,0.5652173913043478
Denmark,2021-12-01,0.06297016247025579,0.0,0.3131043847537712,31,0.5483870967741935,0.45161290322580644
Denmark,2021-12-02,0.05158567817121893,0.0,0.2650132600782916,36,0.5555555555555556,0.4166666666666667
Denmark,2021-12-03,-0.0839844798013726,0.0,0.25650321910889146,22,0.36363636363636365,0.5909090909090909
Denmark,2021-12-04,0.04029344269821631,0.0,0.18984508366303873,23,0.6086956521739131,0.34782608695652173
Denmark,2021-12-05,0.0005347784037132675,0.0,0.34565728001311086,26,0.6153846153846154,0.34615384615384615
Denmark,2021-12-06,0.080521090615038,0.0,0.2155525845746259,42,0.6190476190476191,0.35714285714285715
Denmark,2021-12-07,-0.016450444272561808,0.0,0.33524065761193766,53,0.5283018867924528,0.4716981132075472
Denmark,2021-12-08,-0.005609576242698568,0.0,0.2406197800634435,32,0.4375,0.46875
Denmark,2021-12-09,-0.08231212767474128,0.0,0.3118326739660506,47,0.40425531914893614,0.5531914893617021
Denmark,2021-12-10,-0.201149604066626,0.0,0.263973568303635,48,0.1875,0.8125
Denmark,2021-12-11,-0.08193591096498076,0.0,0.266694615517271,21,0.23809523809523808,0.7142857142857143
Denmark,2021-12-12,0.07824409840702934,0.0,0.3338930802908686,21,0.6190476190476191,0.38095238095238093
Denmark,2021-12-13,-0.2057452386714372,0.0,0.34068873444259373,66,0.25757575757575757,0.7424242424242424
Denmark,2021-12-14,-0.1068146927094824,0.0,0.34247527387246585,47,0.3829787234042553,0.5957446808510638
Denmark,2021-12-15,-0.037478585653002036,0.0,0.2471441065836636,31,0.5161290322580645,0.4838709677419355
Denmark,2021-12-16,-0.03933333282751324,0.0,0.28532143720113234,50,0.54,0.46
Denmark,2021-12-17,-0.056544713976708794,0.0,0.27547948054018084,48,0.4375,0.5208333333333334
Denmark,2021-12-18,-0.04140386794821755,0.0,0.2958849757032815,27,0.4444444444444444,0.5555555555555556
Denmark,2021-12-19,-0.12503849899285907,0.0,0.2964801804569284,31,0.2903225806451613,0.7096774193548387
Denmark,2021-12-20,-0.07258320379304256,0.0,0.3942925747388975,29,0.4482758620689655,0.5517241379310345
Denmark,2021-12-21,-0.0846820798625491,0.0,0.26702028522113375,45,0.3111111111111111,0.6888888888888889
Denmark,2021-12-22,0.002238464039407984,0.0,0.233713052488689,60,0.43333333333333335,0.5166666666666667
Denmark,2021-12-23,-0.15763727239916583,0.0,0.29990259290995636,27,0.18518518518518517,0.7407407407407407
Denmark,2021-12-24,-0.1490104852463863,0.0,0.28716282933191506,28,0.39285714285714285,0.5714285714285714
Denmark,2021-12-25,0.12456021796456285,0.0,0.3574109035154512,9,0.4444444444444444,0.5555555555555556
Denmark,2021-12-26,-0.12674373024735788,0.0,0.2437107383459133,8,0.125,0.75
Denmark,2021-12-27,-0.051891899077871916,0.0,0.31315341395940405,20,0.4,0.55
Denmark,2021-12-28,-0.01961826512215501,0.0,0.20330375851824425,20,0.35,0.65
Denmark,2021-12-29,-0.1053715063132203,0.0,0.28267421484190247,24,0.2916666666666667,0.7083333333333334
Denmark,2021-12-30,-0.1655004379100425,0.0,0.20162691882166997,15,0.13333333333333333,0.8666666666666667
Denmark,2021-12-31,-0.06284453557616186,0.0,0.32706325952757365,13,0.38461538461538464,0.5384615384615384
Denmark,2022-01-01,0.03984187425269878,0.0,0.2194154325458291,18,0.5,0.3888888888888889
Denmark,2022-01-02,-0.01438993892838783,0.0,0.26848818952601755,13,0.46153846153846156,0.46153846153846156
Denmark,2022-01-03,-0.055147057849712855,0.0,0.29505134841542396,28,0.42857142857142855,0.5357142857142857
Denmark,2022-01-04,0.007593295874292123,0.0,0.1943044558896392,35,0.5142857142857142,0.4
Denmark,2022-01-05,-0.10227613740553507,0.0,0.22999532348946103,40,0.225,0.775
Denmark,2022-01-06,0.0245799581135857,0.0,0.2948949816556933,50,0.5,0.46
Denmark,2022-01-07,-0.08748107465370124,0.0,0.35004908362621184,29,0.4482758620689655,0.5172413793103449
Denmark,2022-01-08,-0.019409784065365688,0.0,0.24712237450397603,15,0.6,0.4
Denmark,2022-01-09,-0.1038868509002362,0.0,0.260130162981205,20,0.3,0.7
Denmark,2022-01-10,-0.11036227207894776,0.0,0.27337977162533494,38,0.2894736842105263,0.7105263157894737
Denmark,2022-01-11,0.0008405634326323955,0.0,0.3124650168034342,35,0.45714285714285713,0.45714285714285713
Denmark,2022-01-12,-0.011122951452542409,0.0,0.2799005064507128,33,0.36363636363636365,0.5757575757575758
Denmark,2022-01-13,-0.04050251944251493,0.0,0.3300391548084077,37,0.40540540540540543,0.5135135135135135
Denmark,2022-01-14,0.092676622571135,0.0,0.362156699846498,37,0.4864864864864865,0.43243243243243246
Denmark,2022-01-15,0.008702183489832392,0.0,0.29662391752432443,19,0.5789473684210527,0.42105263157894735
Denmark,2022-01-16,-0.037397482617125964,0.0,0.2916437281951128,25,0.52,0.48
Denmark,2022-01-17,-0.05189554999356442,0.0,0.2848210400421025,32,0.46875,0.53125
Denmark,2022-01-18,-0.07396008474423861,0.0,0.27038256589520165,34,0.38235294117647056,0.5588235294117647
Denmark,2022-01-19,-0.006694114014713931,0.0,0.24933725395525042,42,0.5476190476190477,0.42857142857142855
Denmark,2022-01-20,-0.07310610181180394,0.0,0.30207783699820406,39,0.3333333333333333,0.6666666666666666
Denmark,2022-01-21,-0.022900237214015448,0.0,0.31716711697507566,29,0.4827586206896552,0.5172413793103449
Denmark,2022-01-22,-0.07922297330784447,0.0,0.17570054308434582,18,0.4444444444444444,0.5555555555555556
Denmark,2022-01-23,-0.1145718698045771,0.0,0.19159873227926413,13,0.38461538461538464,0.6153846153846154
Denmark,2022-01-24,-0.019318994835543595,0.0,0.34407530207157083,34,0.7058823529411765,0.29411764705882354
Denmark,2022-01-25,-0.12218338798641253,0.0,0.24789414159384246,64,0.375,0.59375
Denmark,2022-01-26,-0.11192352377674421,0.0,0.25619341288977043,43,0.3488372093023256,0.627906976744186
Denmark,2022-01-27,-0.17907984522172019,0.0,0.28947467718426423,55,0.21818181818181817,0.7636363636363637
Denmark,2022-01-28,-0.047558893731039234,0.0,0.31674422545610903,40,0.45,0.525
Denmark,2022-01-29,-0.06611858034013585,0.0,0.3317281748002368,25,0.44,0.56
Denmark,2022-01-30,-0.08247441529744184,0.0,0.3415396956947989,19,0.3157894736842105,0.6842105263157895
Denmark,2022-01-31,-0.12232057368693394,0.0,0.34023684728889314,41,0.2926829268292683,0.7073170731707317
Denmark,2022-02-01,-0.04358502656215324,0.0,0.32333701909149365,44,0.36363636363636365,0.5909090909090909
Denmark,2022-02-02,-0.10649589106921882,0.0,0.2592331258366213,40,0.275,0.725
Denmark,2022-02-03,-0.016050125625858058,0.0,0.2843439496325548,27,0.37037037037037035,0.6296296296296297
Denmark,2022-02-04,-0.19356839517509838,0.0,0.3223346835677387,45,0.2,0.7111111111111111
Denmark,2022-02-05,-0.048437316230244304,0.0,0.28366066098307097,22,0.45454545454545453,0.5
Denmark,2022-02-06,-0.14107779190071368,0.0,0.29970969902246264,17,0.35294117647058826,0.6470588235294118
Denmark,2022-02-07,0.013421062038771992,0.0,0.3490458312901791,34,0.5294117647058824,0.4411764705882353
Denmark,2022-02-08,0.012977405807004344,0.0,0.2857239056984486,57,0.5789473684210527,0.3333333333333333
Denmark,2022-02-09,0.031152463206770696,0.0,0.26588803897569163,50,0.56,0.4
Denmark,2022-02-10,0.027664148323400136,0.0,0.2611802672363201,56,0.48214285714285715,0.4642857142857143
Denmark,2022-02-11,-0.07760976118111808,0.0,0.28895544113106075,56,0.4107142857142857,0.5892857142857143
Denmark,2022-02-12,-0.1991075841570839,0.0,0.3617640326636214,26,0.3076923076923077,0.6538461538461539
Denmark,2022-02-13,0.03223503451484007,0.0,0.223135390440473,22,0.5909090909090909,0.4090909090909091
Denmark,2022-02-14,0.0415174195177592,0.0,0.30979520932144533,31,0.5161290322580645,0.41935483870967744
Denmark,2022-02-15,0.02010201147844116,0.0,0.2856084343627372,24,0.3333333333333333,0.625
Denmark,2022-02-16,-0.05024399626479579,0.0,0.29354654812933695,30,0.4,0.6
Denmark,2022-02-17,-0.01883334949030483,0.0,0.22050180771385866,29,0.41379310344827586,0.4827586206896552
Denmark,2022-02-18,-0.23163294713026128,0.0,0.37351226452795316,38,0.18421052631578946,0.7368421052631579
Denmark,2022-02-19,-0.12511082448245123,0.0,0.25950038264378467,12,0.3333333333333333,0.5833333333333334
Denmark,2022-02-20,-0.0335412883153042,0.0,0.1258573994178018,35,0.08571428571428572,0.22857142857142856
Denmark,2022-02-21,-0.3356607749312149,0.0,0.3491817629260261,38,0.21052631578947367,0.7894736842105263
Denmark,2022-02-22,-0.0835088816996053,0.0,0.33600169553841475,49,0.40816326530612246,0.5714285714285714
Denmark,2022-02-23,0.05497653030068377,0.0,0.3276379007292483,54,0.5185185185185185,0.4444444444444444
Denmark,2022-02-24,-0.018549115406123366,0.0,0.38126030115337367,49,0.4897959183673469,0.4897959183673469
Denmark,2022-02-25,0.015539816108012564,0.0,0.2619667323423224,36,0.5277777777777778,0.4444444444444444
Denmark,2022-02-26,0.08656754010582686,0.0,0.2648231354697853,18,0.6666666666666666,0.3333333333333333
Denmark,2022-02-27,-0.29831518652082145,0.0,0.22347669529027236,30,0.06666666666666667,0.9333333333333333
Denmark,2022-02-28,-0.09129358024648032,0.0,0.23634995273172849,31,0.3225806451612903,0.6774193548387096
Denmark,2022-03-01,-0.06832834016284242,0.0,0.2519284732331338,29,0.41379310344827586,0.5862068965517241
Denmark,2022-03-02,-0.1596514640049718,0.0,0.24960904960486918,45,0.17777777777777778,0.8
Denmark,2022-03-03,-0.10068847973506437,0.0,0.2967085991104991,31,0.3548387096774194,0.6451612903225806
Denmark,2022-03-04,-0.20249252850433544,0.0,0.289381818642853,42,0.21428571428571427,0.7857142857142857
Denmark,2022-03-05,-0.15463002744576276,0.0,0.27689031329755576,9,0.2222222222222222,0.7777777777777778
Denmark,2022-03-06,0.02031895800904815,0.0,0.3390397062026812,11,0.45454545454545453,0.5454545454545454
Denmark,2022-03-07,-0.0595876242277008,0.0,0.1990352019508209,33,0.42424242424242425,0.5757575757575758
Denmark,2022-03-08,-0.11615075412455823,0.0,0.2788367516155445,32,0.3125,0.65625
Denmark,2022-03-09,-0.1453840032727598,0.0,0.2283359269956481,28,0.25,0.75
Denmark,2022-03-10,-0.09912768865182396,0.0,0.3662198587696995,42,0.40476190476190477,0.5714285714285714
Denmark,2022-03-11,-0.07283530562285415,0.0,0.23569645311422996,18,0.3888888888888889,0.5
Denmark,2022-03-12,-0.0007273245850314608,0.0,0.25044947539360696,20,0.35,0.6
Denmark,2022-03-13,-0.11082240540393479,0.0,0.28597759525228367,13,0.3076923076923077,0.6923076923076923
Denmark,2022-03-14,-0.08632988208229421,0.0,0.2802921925462991,21,0.3333333333333333,0.47619047619047616
Denmark,2022-03-15,-0.19999921213154795,0.0,0.25759724224834074,57,0.22807017543859648,0.7719298245614035
Denmark,2022-03-16,-0.07594163259253904,0.0,0.29798445038622173,25,0.36,0.56
Denmark,2022-03-17,-0.002890761125514389,0.0,0.38538946381445394,28,0.5357142857142857,0.42857142857142855
Denmark,2022-03-18,-0.03982326986324265,0.0,0.3215050986839787,43,0.5116279069767442,0.4883720930232558
Denmark,2022-03-19,0.0034701061484657607,0.0,0.2769113288416769,23,0.5652173913043478,0.43478260869565216
Denmark,2022-03-20,0.0800478747380226,0.0,0.20058493253152287,16,0.75,0.25
Denmark,2022-03-21,-0.0462476076610633,0.0,0.2756350794595188,32,0.46875,0.53125
Denmark,2022-03-22,-0.05143606444354134,0.0,0.27990201834360084,38,0.3157894736842105,0.6052631578947368
Denmark,2022-03-23,-0.04559886157604104,0.0,0.28359549015338087,34,0.3235294117647059,0.6470588235294118
Denmark,2022-03-24,0.08979655770203031,0.0,0.2974018528966802,30,0.5333333333333333,0.43333333333333335
Denmark,2022-03-25,0.045176702039757904,0.0,0.3096365874967772,39,0.5384615384615384,0.4358974358974359
Denmark,2022-03-26,0.08579424807069985,0.0,0.2477015925841164,12,0.5833333333333334,0.4166666666666667
Denmark,2022-03-27,0.06974279215859014,0.0,0.3779646390573985,17,0.5294117647058824,0.4117647058823529
Denmark,2022-03-28,0.07843330557283704,0.0,0.3027004946206454,42,0.6904761904761905,0.30952380952380953
Denmark,2022-03-29,-0.04272012565189064,0.0,0.3701669429573215,85,0.5294117647058824,0.4588235294117647
Denmark,2022-03-30,0.005955623396268095,0.0,0.26760392475934613,64,0.53125,0.46875
Denmark,2022-03-31,-0.1260651444844522,0.0,0.2940229577363656,41,0.34146341463414637,0.6341463414634146
Denmark,2022-04-01,-0.12255661118991847,0.0,0.2660225135962303,26,0.34615384615384615,0.6538461538461539
Denmark,2022-04-02,-0.020340158226543722,0.0,0.35068130217131005,25,0.52,0.48
Denmark,2022-04-03,0.1273463772440732,0.0,0.3872955359960175,6,0.6666666666666666,0.3333333333333333
Denmark,2022-04-04,-0.073889816167626,0.0,0.3130907380998161,38,0.4473684210526316,0.5263157894736842
Denmark,2022-04-05,-0.09883498972616667,0.0,0.2756898361951661,26,0.2692307692307692,0.5769230769230769
Denmark,2022-04-06,-0.12476914469606082,0.0,0.32193695345056245,51,0.3333333333333333,0.6666666666666666
Denmark,2022-04-07,-0.08213378222407013,0.0,0.24799630570368916,21,0.38095238095238093,0.6190476190476191
Denmark,2022-04-08,-0.1104544224699104,0.0,0.266712456024144,55,0.2545454545454545,0.6909090909090909
Denmark,2022-04-09,-0.2485334852268187,0.0,0.37613185720673564,16,0.25,0.75
Denmark,2022-04-10,-0.05940596460611033,0.0,0.32658891633277515,17,0.47058823529411764,0.5294117647058824
Denmark,2022-04-11,-0.15595727221755012,0.0,0.17773827692957642,41,0.17073170731707318,0.8292682926829268
Denmark,2022-04-12,-0.11183938135021998,0.0,0.2987453039418367,27,0.37037037037037035,0.5925925925925926
Denmark,2022-04-13,0.01684699047962241,0.0,0.4021887057933967,29,0.4482758620689655,0.4482758620689655
Denmark,2022-04-14,-0.12780195906020209,0.0,0.23288544294829794,19,0.3684210526315789,0.631578947368421
Denmark,2022-04-15,-0.21569456453075805,0.0,0.31206426457498043,35,0.2857142857142857,0.6857142857142857
Denmark,2022-04-16,-0.16423771536791398,0.0,0.436478425766607,16,0.375,0.625
Denmark,2022-04-17,-0.2618957187338205,0.0,0.22554409339392342,43,0.09302325581395349,0.9069767441860465
Denmark,2022-04-18,-0.07328775300950464,0.0,0.4775626929359497,23,0.43478260869565216,0.5652173913043478
Denmark,2022-04-19,-0.17497389049427622,0.0,0.32714927126367455,57,0.3157894736842105,0.6140350877192983
Denmark,2022-04-20,-0.10509830126365007,0.0,0.2807316509904003,37,0.24324324324324326,0.7567567567567568
Denmark,2022-04-21,-0.1949785422794778,0.0,0.32025473524177905,76,0.19736842105263158,0.7894736842105263
Denmark,2022-04-22,0.07421775174605581,0.0,0.3839775799141776,43,0.627906976744186,0.37209302325581395
Denmark,2022-04-23,-0.057332571391625474,0.0,0.22358673585761774,33,0.3939393939393939,0.6060606060606061
Denmark,2022-04-24,-0.04605070305132587,0.0,0.23791143504729212,17,0.35294117647058826,0.6470588235294118
Denmark,2022-04-25,0.015486015953285555,0.0,0.35846177611591606,51,0.5294117647058824,0.43137254901960786
Denmark,2022-04-26,-0.04846814821977165,0.0,0.32014601450072616,46,0.391304347826087,0.5
Denmark,2022-04-27,-0.024774603266136095,0.0,0.318333555521134,24,0.375,0.5
Denmark,2022-04-28,0.05576613890144355,0.0,0.30118806798665754,26,0.46153846153846156,0.5
Denmark,2022-04-29,-0.21099786633860063,0.0,0.21079908733125485,53,0.16981132075471697,0.8301886792452831
Denmark,2022-04-30,-0.05610906012774206,0.0,0.32692295127409327,23,0.391304347826087,0.6086956521739131
Denmark,2022-05-01,0.07607321005685345,0.0,0.2578013257712287,9,0.5555555555555556,0.4444444444444444
Denmark,2022-05-02,-0.1491785907953168,0.0,0.2703166051731813,37,0.2702702702702703,0.7297297297297297
Denmark,2022-05-03,-0.05343690549199752,0.0,0.2960274435421092,52,0.38461538461538464,0.5576923076923077
Denmark,2022-05-04,0.03155814774828983,0.0,0.2726664173490143,60,0.6166666666666667,0.36666666666666664
Denmark,2022-05-05,-0.08393932318967182,0.0,0.20932479851255315,37,0.3783783783783784,0.6216216216216216
Denmark,2022-05-06,-0.06838058722525864,0.0,0.33121024820860634,31,0.41935483870967744,0.5806451612903226
Denmark,2022-05-07,-0.018182793028942962,0.0,0.3095978781277332,16,0.4375,0.5625
Denmark,2022-05-08,-0.10751116050257992,0.0,0.24539275746866365,24,0.3333333333333333,0.6666666666666666
Denmark,2022-05-09,-0.03127219067363803,0.0,0.28593452320057583,30,0.3,0.6666666666666666
Denmark,2022-05-10,0.03330182864292945,0.0,0.23673199519415333,26,0.5384615384615384,0.46153846153846156
Denmark,2022-05-11,0.029767499221501986,0.0,0.19805099618718208,33,0.5757575757575758,0.42424242424242425
Denmark,2022-05-12,-0.027796436835962238,0.0,0.24864445246120964,31,0.5806451612903226,0.3870967741935484
Denmark,2022-05-13,0.05753821307421445,0.0,0.26639632439485433,27,0.6296296296296297,0.3333333333333333
Denmark,2022-05-14,-0.04167757481884514,0.0,0.15494660740667993,10,0.4,0.6
Denmark,2022-05-15,-0.08659142462205979,0.0,0.3911656648629083,17,0.47058823529411764,0.5294117647058824
Denmark,2022-05-16,0.09616967787998028,0.0,0.39023228268172977,23,0.5652173913043478,0.391304347826087
Denmark,2022-05-17,0.06136885936317397,0.0,0.3200915453264343,36,0.4722222222222222,0.4722222222222222
Denmark,2022-05-18,-0.017623575657587997,0.0,0.38568710297067355,33,0.5757575757575758,0.3939393939393939
Denmark,2022-05-19,0.014161515605241443,0.0,0.2841202138211571,23,0.6086956521739131,0.391304347826087
Denmark,2022-05-20,-0.0693890717627008,0.0,0.44300190446279425,28,0.25,0.75
Denmark,2022-05-21,-0.19819009358688555,0.0,0.3638112826076961,22,0.36363636363636365,0.5909090909090909
Denmark,2022-05-22,-0.0456896097020944,0.0,0.3267180249810559,19,0.5789473684210527,0.42105263157894735
Denmark,2022-05-23,-0.020169701167239762,0.0,0.23082819247836456,52,0.36538461538461536,0.6346153846153846
Denmark,2022-05-24,-0.1557818588826586,0.0,0.31241907584375905,62,0.24193548387096775,0.7580645161290323
Denmark,2022-05-25,-0.09926767442743259,0.0,0.24053490404277725,42,0.3333333333333333,0.6428571428571429
Denmark,2022-05-26,-0.12427521892027663,0.0,0.29074824196182625,45,0.35555555555555557,0.6444444444444445
Denmark,2022-05-27,-0.026081485383238137,0.0,0.25691644501684935,22,0.4090909090909091,0.5909090909090909
Denmark,2022-05-28,-0.06971762372716656,0.0,0.2765636675818818,20,0.5,0.5
Denmark,2022-05-29,0.0048850818698001975,0.0,0.36293332482026236,28,0.39285714285714285,0.6071428571428571
Denmark,2022-05-30,-0.08869360092241807,0.0,0.39269887685856164,55,0.36363636363636365,0.6181818181818182
Denmark,2022-05-31,-0.14006643088301582,0.0,0.2336998406730464,50,0.26,0.72
Denmark,2022-06-01,-0.16668416462746102,0.0,0.22581231187405912,59,0.23728813559322035,0.7627118644067796
Denmark,2022-06-02,-0.017911277973775196,0.0,0.3205022035524043,40,0.55,0.425
Denmark,2022-06-03,-0.0803167036110413,0.0,0.26568391182725337,30,0.36666666666666664,0.5333333333333333
Denmark,2022-06-04,0.05323403506687425,0.0,0.27162931032935184,19,0.631578947368421,0.3684210526315789
Denmark,2022-06-05,-0.10848730957318023,0.0,0.3154047354474374,20,0.35,0.6
Denmark,2022-06-06,0.0728607409772645,0.0,0.3311825039723878,43,0.5116279069767442,0.46511627906976744
Denmark,2022-06-07,-0.06266038338167952,0.0,0.31669231814934334,28,0.5,0.5
Denmark,2022-06-08,-0.044644868838725156,0.0,0.24562508178890632,36,0.4166666666666667,0.5833333333333334
Denmark,2022-06-09,-0.10047536263417826,0.0,0.27840954920677746,39,0.38461538461538464,0.6153846153846154
Denmark,2022-06-10,0.0330820142096022,0.0,0.300615803982886,30,0.4666666666666667,0.4666666666666667
Denmark,2022-06-11,0.0040713131046047814,0.0,0.2624870910842397,10,0.5,0.5
Denmark,2022-06-12,-0.13394816308817584,0.0,0.17957244552565313,14,0.14285714285714285,0.7857142857142857
Denmark,2022-06-13,-0.0024973924124050153,0.0,0.2636920688726242,38,0.5263157894736842,0.4473684210526316
Denmark,2022-06-14,-0.05234625619941064,0.0,0.224290420960629,55,0.2727272727272727,0.6909090909090909
Denmark,2022-06-15,-0.05488688734941315,0.0,0.25496073730633273,68,0.38235294117647056,0.5441176470588235
Denmark,2022-06-16,0.07030328201203247,0.0,0.29760809888922574,48,0.625,0.3541666666666667
Denmark,2022-06-17,-0.15414179519621896,0.0,0.2585333931927024,31,0.16129032258064516,0.8064516129032258
Denmark,2022-06-18,-0.0982279365583067,0.0,0.2678689053285908,18,0.16666666666666666,0.7777777777777778
Denmark,2022-06-19,-0.1377086828154816,0.0,0.4521911289488338,10,0.4,0.6
Denmark,2022-06-20,-0.02888592833254238,0.0,0.2599302874426844,28,0.5,0.39285714285714285
Denmark,2022-06-21,0.005903003944677238,0.0,0.3083237836380717,45,0.5111111111111111,0.4
Denmark,2022-06-22,-0.016533356299923436,0.0,0.2662304494545798,42,0.47619047619047616,0.47619047619047616
Denmark,2022-06-23,-0.04819759000097066,0.0,0.36874949934089596,46,0.41304347826086957,0.5869565217391305
Denmark,2022-06-24,-0.06603065536746439,0.0,0.41601493372454285,32,0.46875,0.4375
Denmark,2022-06-25,-0.024525165301714634,0.0,0.3959114670261725,15,0.5333333333333333,0.4666666666666667
Denmark,2022-06-26,0.04473889665614305,0.0,0.3008478965788855,30,0.6,0.36666666666666664
Denmark,2022-06-27,0.10754186215089208,0.0,0.3144920249649494,29,0.6551724137931034,0.3448275862068966
Denmark,2022-06-28,-0.14478092047067403,0.0,0.27172905189749696,49,0.24489795918367346,0.7346938775510204
Denmark,2022-06-29,0.02680724758310006,0.0,0.24974986737609897,18,0.5,0.5
Denmark,2022-06-30,-0.042517385760499016,0.0,0.2604833990953971,30,0.4666666666666667,0.5
Denmark,2022-07-01,0.025414346858274487,0.0,0.2574366065815313,46,0.41304347826086957,0.5434782608695652
Denmark,2022-07-02,-0.1604877421949145,0.0,0.2455993546005821,17,0.17647058823529413,0.7647058823529411
Denmark,2022-07-03,-0.17923569076878576,0.0,0.29415377582642105,21,0.2857142857142857,0.7142857142857143
Denmark,2022-07-04,-0.30786622359595006,0.0,0.35683444214082216,65,0.23076923076923078,0.7384615384615385
Denmark,2022-07-05,-0.21033552611101575,0.0,0.3307855879413743,67,0.22388059701492538,0.7761194029850746
Denmark,2022-07-06,0.005237007209562544,0.0,0.28825492665615826,36,0.4722222222222222,0.4722222222222222
Denmark,2022-07-07,-0.03952784779347192,0.0,0.2767965195351723,44,0.4318181818181818,0.5681818181818182
Denmark,2022-07-08,-0.016910588803428377,0.0,0.2960839862898989,32,0.40625,0.59375
Denmark,2022-07-09,-0.06180235868619698,0.0,0.2548530596495159,11,0.36363636363636365,0.5454545454545454
Denmark,2022-07-10,-0.021715133644687957,0.0,0.2178512416843195,23,0.43478260869565216,0.5652173913043478
Denmark,2022-07-11,-0.05098771974942872,0.0,0.3167981570053467,28,0.42857142857142855,0.5714285714285714
Denmark,2022-07-12,-0.11182919512211545,0.0,0.34221224848054643,34,0.29411764705882354,0.7058823529411765
Denmark,2022-07-13,-0.09824678894011277,0.0,0.3165639352875191,35,0.2857142857142857,0.7142857142857143
Denmark,2022-07-14,-0.0617418741016021,0.0,0.23706601080976988,50,0.36,0.62
Denmark,2022-07-15,0.04353336400630389,0.0,0.33171792330580085,29,0.5172413793103449,0.4482758620689655
Denmark,2022-07-16,-0.08660127983833989,0.0,0.22502744239876715,11,0.2727272727272727,0.5454545454545454
Denmark,2022-07-17,-0.05236682497302694,0.0,0.260119623941159,13,0.46153846153846156,0.5384615384615384
Denmark,2022-07-18,-0.0424361821929092,0.0,0.2658128080337902,24,0.4583333333333333,0.5416666666666666
Denmark,2022-07-19,0.08742877466091331,0.0,0.2513707995381872,39,0.6153846153846154,0.358974358974359
Denmark,2022-07-20,-0.09700516104580638,0.0,0.28751535577511655,27,0.2962962962962963,0.6666666666666666
Denmark,2022-07-21,-0.054557873977641815,0.0,0.29536003197817445,40,0.375,0.6
Denmark,2022-07-22,-0.1557833418660719,0.0,0.41765881182837306,37,0.35135135135135137,0.6216216216216216
Denmark,2022-07-23,-0.20269654708600415,0.0,0.30544781429508816,9,0.3333333333333333,0.6666666666666666
Denmark,2022-07-24,-0.1634333045853746,0.0,0.28833673627103845,26,0.19230769230769232,0.8076923076923077
Denmark,2022-07-25,-0.13113672579989724,0.0,0.2627180090272819,45,0.24444444444444444,0.7333333333333333
Denmark,2022-07-26,-0.059587417432387324,0.0,0.3155760930791412,54,0.37037037037037035,0.6111111111111112
Denmark,2022-07-27,-0.07740931956055899,0.0,0.23613261094493168,53,0.2830188679245283,0.6981132075471698
Denmark,2022-07-28,-0.14482084079681343,0.0,0.26706682853025593,35,0.34285714285714286,0.6285714285714286
Denmark,2022-07-29,-0.018725530629774848,0.0,0.29531308288701935,27,0.4444444444444444,0.48148148148148145
Denmark,2022-07-30,0.005779768302271444,0.0,0.28570450574463635,14,0.35714285714285715,0.5
Denmark,2022-07-31,-0.029067474951483575,0.0,0.2625457107149541,8,0.25,0.75
Denmark,2022-08-01,-0.00459482911772687,0.0,0.30949771932496783,24,0.5,0.4583333333333333
Denmark,2022-08-02,-0.08660800923753637,0.0,0.27809928361993097,22,0.45454545454545453,0.5
Denmark,2022-08-03,0.052578403544840946,0.0,0.30892497483953,28,0.5,0.4642857142857143
Denmark,2022-08-04,-0.009279426539173954,0.0,0.29404275171950767,31,0.5483870967741935,0.45161290322580644
Denmark,2022-08-05,-0.12063113722192455,0.0,0.3290441327039255,34,0.3235294117647059,0.6764705882352942
Denmark,2022-08-06,0.008534230603889942,0.0,0.35222644477609083,15,0.6,0.4
Denmark,2022-08-07,-0.27079336294925976,0.0,0.3160156352507367,9,0.1111111111111111,0.8888888888888888
Denmark,2022-08-08,-0.06648724699841406,0.0,0.2695390471646004,48,0.2708333333333333,0.6666666666666666
Denmark,2022-08-09,-0.11384076190407658,0.0,0.29193192635525506,38,0.2894736842105263,0.6578947368421053
Denmark,2022-08-10,-0.03356910618376958,0.0,0.30312987972149824,32,0.46875,0.5
Denmark,2022-08-11,-0.12817956010205256,0.0,0.31135377840811923,56,0.26785714285714285,0.6964285714285714
Denmark,2022-08-12,-0.13492533240403878,0.0,0.2630394224969205,54,0.4074074074074074,0.5925925925925926
Denmark,2022-08-13,-0.2519468997337786,0.0,0.31598817531040835,13,0.23076923076923078,0.7692307692307693
Denmark,2022-08-14,-0.04662219222352907,0.0,0.31593477923185187,17,0.47058823529411764,0.47058823529411764
Denmark,2022-08-15,-0.05008400097688664,0.0,0.32256991851667133,31,0.2903225806451613,0.6774193548387096
Denmark,2022-08-16,-0.0356739586565989,0.0,0.30956727781338794,38,0.3684210526315789,0.5789473684210527
Denmark,2022-08-17,-0.04954925699121435,0.0,0.2882396284566888,32,0.4375,0.53125
Denmark,2022-08-18,-0.1872381769232334,0.0,0.37415859724369627,38,0.3157894736842105,0.6842105263157895
Denmark,2022-08-19,-0.06498426096779725,0.0,0.2703095344106937,30,0.4,0.5333333333333333
Denmark,2022-08-20,-0.07128560924078536,0.0,0.2669053219109446,18,0.3333333333333333,0.6666666666666666
Denmark,2022-08-21,-0.06516375320421527,0.0,0.4045870701515406,20,0.3,0.65
Denmark,2022-08-22,-0.039640968113154235,0.0,0.293539115821066,36,0.3611111111111111,0.6111111111111112
Denmark,2022-08-23,-0.06050774244984158,0.0,0.36449877638120676,29,0.41379310344827586,0.5862068965517241
Denmark,2022-08-24,-0.17508607316080255,0.0,0.32971859163068445,22,0.4090909090909091,0.5
Denmark,2022-08-25,0.01251184676953821,0.0,0.28589000364152956,42,0.5476190476190477,0.40476190476190477
Denmark,2022-08-26,-0.019410771985573567,0.0,0.24765065109305137,30,0.4666666666666667,0.5
Denmark,2022-08-27,-0.2755428086427544,0.0,0.30681157850266066,21,0.23809523809523808,0.7619047619047619
Denmark,2022-08-28,0.19000408384819711,0.0,0.3347560701290384,19,0.631578947368421,0.3684210526315789
Denmark,2022-08-29,-0.08339287081250038,0.0,0.2760918260339241,59,0.2711864406779661,0.7288135593220338
Denmark,2022-08-30,0.009158512399746467,0.0,0.3765823187310482,74,0.4189189189189189,0.5675675675675675
Denmark,2022-08-31,-0.030663362678668094,0.0,0.2850186313664751,40,0.475,0.525
Denmark,2022-09-01,-0.0738399683975475,0.0,0.28249539565709675,23,0.34782608695652173,0.6521739130434783
Denmark,2022-09-02,-0.04172096054526781,0.0,0.40533044844398414,33,0.42424242424242425,0.5757575757575758
Denmark,2022-09-03,0.033924298888065633,0.0,0.2913884744228392,7,0.5714285714285714,0.42857142857142855
Denmark,2022-09-04,-0.049143416151046004,0.0,0.2738607711720222,17,0.5294117647058824,0.47058823529411764
Denmark,2022-09-05,-0.032961510583999765,0.0,0.2558277687461224,21,0.3333333333333333,0.6666666666666666
Denmark,2022-09-06,0.13044590565170378,0.0,0.3652112866363442,36,0.6666666666666666,0.3333333333333333
Denmark,2022-09-07,-0.06873293745073944,0.0,0.29104876192701606,33,0.36363636363636365,0.6060606060606061
Denmark,2022-09-08,-0.044268555591609866,0.0,0.259148963515543,34,0.47058823529411764,0.5
Denmark,2022-09-09,0.08694577283993861,0.0,0.24925635165419538,33,0.6363636363636364,0.36363636363636365
Denmark,2022-09-10,0.05950839606688838,0.0,0.2354111248179276,10,0.5,0.5
Denmark,2022-09-11,0.0483404697824516,0.0,0.34939580054793484,17,0.4117647058823529,0.4117647058823529
Denmark,2022-09-12,0.06934192348927645,0.0,0.37622899345633226,25,0.6,0.4
Denmark,2022-09-13,0.06447536445940613,0.0,0.34338176919153807,20,0.5,0.45
Denmark,2022-09-14,0.008347006454021049,0.0,0.29325368271955676,22,0.4090909090909091,0.5909090909090909
Denmark,2022-09-15,-0.040661376782246884,0.0,0.26254545564257425,40,0.35,0.6
Denmark,2022-09-16,0.03931496324100389,0.0,0.31995770559813863,24,0.5416666666666666,0.375
Denmark,2022-09-17,-0.05662167757268599,0.0,0.28104291146284616,8,0.375,0.625
Denmark,2022-09-18,-0.06615936468511455,0.0,0.32573548639035677,18,0.3333333333333333,0.6111111111111112
Denmark,2022-09-19,-0.057689627469423736,0.0,0.13737743487359183,30,0.2,0.7666666666666667
Denmark,2022-09-20,-0.06724723832940123,0.0,0.3286071833119873,18,0.4444444444444444,0.5555555555555556
Denmark,2022-09-21,-0.10755311499894828,0.0,0.338129609668235,27,0.37037037037037035,0.6296296296296297
Denmark,2022-09-22,-0.01866472002545844,0.0,0.3471314550035234,30,0.43333333333333335,0.4666666666666667
Denmark,2022-09-23,-0.027699731594057826,0.0,0.2867861892032133,27,0.5185185185185185,0.48148148148148145
Denmark,2022-09-24,-0.13807956640008598,0.0,0.29738549251996155,9,0.4444444444444444,0.5555555555555556
Denmark,2022-09-25,0.07146674037638158,0.0,0.346878335232664,12,0.5,0.5
Denmark,2022-09-26,-0.052321222497899694,0.0,0.406762630781077,26,0.4230769230769231,0.5769230769230769
Denmark,2022-09-27,-0.27072668063217287,0.0,0.3857026149310353,98,0.23469387755102042,0.7551020408163265
Denmark,2022-09-28,-0.3312662491126375,0.0,0.31932247875212355,76,0.11842105263157894,0.8552631578947368
Denmark,2022-09-29,-0.36767799508323945,0.0,0.3118374208857071,132,0.12121212121212122,0.8712121212121212
Denmark,2022-09-30,-0.2503053062821461,0.0,0.3458524019691603,94,0.2978723404255319,0.6914893617021277
Denmark,2022-10-01,-0.3223434290115882,0.0,0.27221040524799456,70,0.1,0.8428571428571429
Denmark,2022-10-02,-0.17155955983584745,0.0,0.45155352874554644,48,0.20833333333333334,0.75
Denmark,2022-10-03,-0.18746805174795253,0.0,0.3881641095844742,69,0.2608695652173913,0.7391304347826086
Denmark,2022-10-04,-0.11532031657890487,0.0,0.38831532275495945,58,0.39655172413793105,0.603448275862069
Denmark,2022-10-05,0.03538048136830197,0.0,0.3580351169978991,64,0.5625,0.421875
Denmark,2022-10-06,-0.014076123333082249,0.0,0.3164200629294975,45,0.35555555555555557,0.5777777777777777
Denmark,2022-10-07,-0.02871474606426493,0.0,0.4365073106147228,38,0.39473684210526316,0.5789473684210527
Denmark,2022-10-08,-0.20764056997214184,0.0,0.28502578747143,20,0.2,0.8
Denmark,2022-10-09,-0.00033595959698689323,0.0,0.327170235817473,7,0.42857142857142855,0.5714285714285714
Denmark,2022-10-10,-0.08998916312619908,0.0,0.42158435239358577,29,0.5172413793103449,0.4827586206896552
Denmark,2022-10-11,-0.09227258102279047,0.0,0.3176876037346757,41,0.3902439024390244,0.5365853658536586
Denmark,2022-10-12,-0.24807247051814427,0.0,0.3012352812449343,29,0.20689655172413793,0.7586206896551724
Denmark,2022-10-13,-0.030154137209110785,0.0,0.2970346573233374,33,0.45454545454545453,0.45454545454545453
Denmark,2022-10-14,-0.08675183893374443,0.0,0.3046042762222626,33,0.36363636363636365,0.6363636363636364
Denmark,2022-10-15,0.029263007000879936,0.0,0.2978851386996911,16,0.625,0.375
Denmark,2022-10-16,0.0381885354352466,0.0,0.17943917750945879,10,0.6,0.4
Denmark,2022-10-17,-0.1372639320395977,0.0,0.3614970312372421,32,0.34375,0.625
Denmark,2022-10-18,-0.16836763087952122,0.0,0.3036239204229683,39,0.28205128205128205,0.6923076923076923
Denmark,2022-10-19,0.01819777351184039,0.0,0.2831621755024322,32,0.5,0.4375
Denmark,2022-10-20,-0.019770521690664438,0.0,0.30960467892957966,28,0.4642857142857143,0.5357142857142857
Denmark,2022-10-21,-0.014048943478217573,0.0,0.24207433270073012,39,0.358974358974359,0.5641025641025641
Denmark,2022-10-22,0.06111002928061105,0.0,0.3958086221866753,6,0.6666666666666666,0.3333333333333333
Denmark,2022-10-23,0.20285239530844965,0.0,0.42617141408111986,16,0.6875,0.25
Denmark,2022-10-24,0.010523446897077847,0.0,0.2672880942650492,23,0.4782608695652174,0.5217391304347826
Denmark,2022-10-25,-0.03557987462872502,0.0,0.30013758868113466,37,0.5405405405405406,0.4594594594594595
Denmark,2022-10-26,-0.07771677231312976,0.0,0.31571012197879644,29,0.27586206896551724,0.6206896551724138
Denmark,2022-10-27,0.02892951015318308,0.0,0.2454165126227296,27,0.5555555555555556,0.4444444444444444
Denmark,2022-10-28,0.06167709349109674,0.0,0.43036297340779167,21,0.6190476190476191,0.38095238095238093
Denmark,2022-10-29,-0.028519196977727923,0.0,0.3705502676471128,18,0.6666666666666666,0.3333333333333333
Denmark,2022-10-30,-0.319911756232507,0.0,0.34247264106113906,11,0.18181818181818182,0.8181818181818182
Denmark,2022-10-31,-0.041004622769626374,0.0,0.2679526802231008,32,0.5625,0.4375
Denmark,2022-11-01,-0.05520490261458803,0.0,0.24639483885875874,56,0.3392857142857143,0.5535714285714286
Denmark,2022-11-02,-0.11463338463636175,0.0,0.26896633907017015,54,0.2962962962962963,0.7037037037037037
Denmark,2022-11-03,-0.05276485588234336,0.0,0.2680778212438212,38,0.42105263157894735,0.5
Denmark,2022-11-04,0.005318516606622666,0.0,0.26892553234979466,34,0.5882352941176471,0.38235294117647056
Denmark,2022-11-05,-0.008316234600938943,0.0,0.26395000391950646,18,0.4444444444444444,0.5555555555555556
Denmark,2022-11-06,-0.18844072986453628,0.0,0.2945670053104094,31,0.1935483870967742,0.7419354838709677
Denmark,2022-11-07,-0.02266277153822536,0.0,0.315500794801133,35,0.45714285714285713,0.5428571428571428
Denmark,2022-11-08,-0.08991228260145484,0.0,0.23736563499160912,60,0.38333333333333336,0.6166666666666667
Denmark,2022-11-09,-0.039686952201722255,0.0,0.2534626370591669,50,0.42,0.58
Denmark,2022-11-10,-0.05179560415100497,0.0,0.26610892920898643,35,0.4857142857142857,0.5142857142857142
Denmark,2022-11-11,0.06804775330332101,0.0,0.34354951851382615,10,0.6,0.4
Denmark,2022-11-12,-0.015231623190001606,0.0,0.2816853736655805,19,0.47368421052631576,0.5263157894736842
Denmark,2022-11-13,0.12611375460893298,0.0,0.28399752501370257,19,0.6842105263157895,0.3157894736842105
Denmark,2022-11-14,-0.04212390813157498,0.0,0.29289013240521844,44,0.4318181818181818,0.5454545454545454
Denmark,2022-11-15,0.06521694014173203,0.0,0.3053759379286464,35,0.6,0.34285714285714286
Denmark,2022-11-16,-0.03374625929632246,0.0,0.28382318325552214,59,0.4406779661016949,0.5254237288135594
Denmark,2022-11-17,0.026509381238194702,0.0,0.2873620632547139,51,0.49019607843137253,0.47058823529411764
Denmark,2022-11-18,-0.2866402862951011,0.0,0.375789546033904,45,0.24444444444444444,0.7333333333333333
Denmark,2022-11-19,-0.15745246289961307,0.0,0.38403944778598764,18,0.2777777777777778,0.6666666666666666
Denmark,2022-11-20,-0.17616779580784261,0.0,0.3484517930688887,12,0.4166666666666667,0.5833333333333334
Denmark,2022-11-21,-0.012557168153151886,0.0,0.3201094867264226,29,0.41379310344827586,0.5172413793103449
Denmark,2022-11-22,-0.01480709891901896,0.0,0.28545679391523454,36,0.3888888888888889,0.5833333333333334
Denmark,2022-11-23,-0.03791034373358868,0.0,0.3101975735735396,27,0.4444444444444444,0.4444444444444444
Denmark,2022-11-24,-0.17507262032882787,0.0,0.4571599142341749,27,0.4074074074074074,0.5925925925925926
Denmark,2022-11-25,-0.09563742003955578,0.0,0.392296363225219,36,0.3055555555555556,0.5555555555555556
Denmark,2022-11-26,-0.09580507146142662,0.0,0.30169841794620433,9,0.3333333333333333,0.6666666666666666
Denmark,2022-11-27,0.11604960088360816,0.0,0.20690641716584593,16,0.75,0.1875
Denmark,2022-11-28,0.0006155387650562495,0.0,0.29003325343617137,32,0.5,0.5
Denmark,2022-11-29,0.06292188620664226,0.0,0.2558261353728695,38,0.631578947368421,0.3157894736842105
Denmark,2022-11-30,-0.0027370952086856245,0.0,0.31935215099804015,27,0.5185185185185185,0.4444444444444444
Denmark,2022-12-01,0.06520541120191296,0.0,0.2307780379301991,31,0.6129032258064516,0.3548387096774194
Denmark,2022-12-02,-0.0097451621987894,0.0,0.26355279136453685,33,0.5151515151515151,0.45454545454545453
Denmark,2022-12-03,-0.13053912213977195,0.0,0.24724021482516942,30,0.3333333333333333,0.6333333333333333
Denmark,2022-12-04,-0.017575709813798704,0.0,0.28785879921955726,17,0.47058823529411764,0.4117647058823529
Denmark,2022-12-05,0.016727457252561487,0.0,0.34083977063902116,23,0.4782608695652174,0.4782608695652174
Denmark,2022-12-06,-0.10983665288297309,0.0,0.33619965761603954,41,0.34146341463414637,0.6341463414634146
Denmark,2022-12-07,-0.03322276592637206,0.0,0.33855744605098675,77,0.38961038961038963,0.5974025974025974
Denmark,2022-12-08,-0.05738590081974693,0.0,0.22523814265105482,60,0.36666666666666664,0.5833333333333334
Denmark,2022-12-09,0.04139510770936369,0.0,0.21625659670129505,46,0.5434782608695652,0.391304347826087
Denmark,2022-12-10,-0.07216168178626993,0.0,0.22976574055961024,21,0.38095238095238093,0.5714285714285714
Denmark,2022-12-11,-0.09002514937053688,0.0,0.23711485519258482,35,0.37142857142857144,0.6
Denmark,2022-12-12,-0.046928793990104085,0.0,0.30884163410644555,41,0.5365853658536586,0.4634146341463415
Denmark,2022-12-13,0.032082020579001676,0.0,0.2319359655995114,40,0.5,0.45
Denmark,2022-12-14,0.012950919789455052,0.0,0.326215002785342,45,0.5555555555555556,0.4222222222222222
Denmark,2022-12-15,0.022111952993684673,0.0,0.35551051182366294,40,0.65,0.35
Denmark,2022-12-16,0.04473500650643565,0.0,0.3417153361926253,22,0.5454545454545454,0.45454545454545453
Denmark,2022-12-17,-0.017645514260205376,0.0,0.2988418170951781,22,0.5,0.5
Denmark,2022-12-18,-0.012533719090198014,0.0,0.21126689879698224,20,0.55,0.45
Denmark,2022-12-19,-0.009617566089459986,0.0,0.33313722584354866,34,0.47058823529411764,0.5
Denmark,2022-12-20,-0.007110964588641485,0.0,0.28947292382104683,43,0.4418604651162791,0.5116279069767442
Denmark,2022-12-21,0.011288900910100421,0.0,0.2699658843315686,27,0.5555555555555556,0.4074074074074074
Denmark,2022-12-22,-0.14338469359112954,0.0,0.2601155303870665,39,0.15384615384615385,0.7948717948717948
Denmark,2022-12-23,0.09344864964383638,0.0,0.3084795863688323,23,0.6521739130434783,0.2608695652173913
Denmark,2022-12-24,0.21269750211254743,0.0,0.23223018322122932,25,0.84,0.16
Denmark,2022-12-25,-0.025061144230922195,0.0,0.21871570197488724,19,0.631578947368421,0.3684210526315789
Denmark,2022-12-26,-0.06345876756605918,0.0,0.2701777694502448,20,0.35,0.65
Denmark,2022-12-27,-0.05057824669393119,0.0,0.24902018294847256,22,0.45454545454545453,0.5454545454545454
Denmark,2022-12-28,-0.14821203790082177,0.0,0.25288305239798636,38,0.13157894736842105,0.8421052631578947
Denmark,2022-12-29,-0.10467947359603634,0.0,0.3124115371488134,22,0.36363636363636365,0.6363636363636364
Denmark,2022-12-30,-0.018924761458419717,0.0,0.29547612664956685,23,0.5217391304347826,0.43478260869565216
Denmark,2022-12-31,0.031578503564372716,0.0,0.3122656934236307,21,0.7142857142857143,0.2857142857142857
Denmark,2023-01-01,-0.07166745050992161,0.0,0.25181224644547484,19,0.3157894736842105,0.631578947368421
Denmark,2023-01-02,-0.17162456372470442,0.0,0.37159983779589784,21,0.3333333333333333,0.5714285714285714
Denmark,2023-01-03,-0.06950157810328393,0.0,0.3415921443324152,29,0.41379310344827586,0.5862068965517241
Denmark,2023-01-04,-0.016029303564969708,0.0,0.2979970842737382,19,0.47368421052631576,0.5263157894736842
Denmark,2023-01-05,-0.07886034017730886,0.0,0.28784135527388166,26,0.2692307692307692,0.6923076923076923
Denmark,2023-01-06,0.004012650529579791,0.0,0.2583663987247648,20,0.6,0.4
Denmark,2023-01-07,-0.15956854472750928,0.0,0.35845181307459645,18,0.2222222222222222,0.7222222222222222
Denmark,2023-01-08,0.04447846169585466,0.0,0.2720788384611568,10,0.4,0.6
Denmark,2023-01-09,-0.10942868769794288,0.0,0.4074238674231907,27,0.3333333333333333,0.6296296296296297
Denmark,2023-01-10,-0.08580269666871933,0.0,0.287603022858894,35,0.4,0.5714285714285714
Denmark,2023-01-11,0.020241748480470605,0.0,0.23926929941804315,40,0.4,0.55
Denmark,2023-01-12,-0.12422043675289741,0.0,0.29938026756781727,41,0.34146341463414637,0.6341463414634146
Denmark,2023-01-13,-0.12754055919771595,0.0,0.3713033928238963,39,0.41025641025641024,0.5897435897435898
Denmark,2023-01-14,-0.08016849699922692,0.0,0.29083457109222866,21,0.42857142857142855,0.5238095238095238
Denmark,2023-01-15,-0.061892062958363525,0.0,0.2619754710221419,23,0.30434782608695654,0.6956521739130435
Denmark,2023-01-16,-0.02983780774592772,0.0,0.18521411737029742,40,0.375,0.6
Denmark,2023-01-17,-0.04673067333382704,0.0,0.26067573949108225,35,0.34285714285714286,0.6
Denmark,2023-01-18,-0.03402567538762227,0.0,0.25694241753786023,37,0.40540540540540543,0.5135135135135135
Denmark,2023-01-19,-0.03443318387234475,0.0,0.30790474183440647,39,0.38461538461538464,0.5384615384615384
Denmark,2023-01-20,-0.013192382052679408,0.0,0.21933193757515718,29,0.4827586206896552,0.5172413793103449
Denmark,2023-01-21,-0.21895928974075848,0.0,0.2943970759222701,33,0.21212121212121213,0.7575757575757576
Denmark,2023-01-22,-0.2746720216202166,0.0,0.28928231520700154,38,0.13157894736842105,0.8157894736842105
Denmark,2023-01-23,-0.13669578785840863,0.0,0.36912618002727837,45,0.3333333333333333,0.6666666666666666
Denmark,2023-01-24,-0.08463231561965187,0.0,0.27876785729477793,34,0.4411764705882353,0.5588235294117647
Denmark,2023-01-25,0.07564551969577706,0.0,0.41860620280291233,41,0.5121951219512195,0.4634146341463415
Denmark,2023-01-26,0.1986313287069319,0.0,0.463629404071796,28,0.6785714285714286,0.32142857142857145
Denmark,2023-01-27,-0.1521425710553998,0.0,0.3120216463746295,59,0.2711864406779661,0.711864406779661
Denmark,2023-01-28,-0.09237949134421385,0.0,0.4005180613828411,30,0.3,0.6333333333333333
Denmark,2023-01-29,-0.16917867433399275,0.0,0.3065836551372383,31,0.25806451612903225,0.7419354838709677
Denmark,2023-01-30,-0.18153552361214234,0.0,0.27599546908005507,33,0.21212121212121213,0.7575757575757576
Denmark,2023-01-31,-0.03870179968220325,0.0,0.36250784019935867,60,0.4666666666666667,0.5166666666666667
Denmark,2023-02-01,-0.035346128578588196,0.0,0.31675688604649405,56,0.4642857142857143,0.5178571428571429
Denmark,2023-02-02,-0.11142497066964678,0.0,0.2919822251632295,47,0.425531914893617,0.5106382978723404
Denmark,2023-02-03,-0.02859158689558342,0.0,0.34156262790699315,39,0.5128205128205128,0.48717948717948717
Denmark,2023-02-04,-0.15392707498558478,0.0,0.23038799646120814,23,0.17391304347826086,0.782608695652174
Denmark,2023-02-05,-0.1420433890494274,0.0,0.24853003815734068,21,0.2857142857142857,0.7142857142857143
Denmark,2023-02-06,-0.10001326131808796,0.0,0.2734599693050637,51,0.45098039215686275,0.5490196078431373
Denmark,2023-02-07,0.0013466164454931976,0.0,0.35982056378629,46,0.45652173913043476,0.5217391304347826
Denmark,2023-02-08,-0.030612047621833286,0.0,0.32403512948244995,34,0.5,0.4411764705882353
Denmark,2023-02-09,-0.0741348513132392,0.0,0.3157599324679805,46,0.32608695652173914,0.6739130434782609
Denmark,2023-02-10,-0.14985272404796152,0.0,0.2919362082875594,43,0.3023255813953488,0.6511627906976745
Denmark,2023-02-11,-8.006224641777199e-07,0.0,0.3251824348756375,22,0.45454545454545453,0.5
Denmark,2023-02-12,-0.21793708837474737,0.0,0.3130436019160244,14,0.35714285714285715,0.6428571428571429
Denmark,2023-02-13,-0.030120849117086852,0.0,0.32054015977426303,39,0.38461538461538464,0.5384615384615384
Denmark,2023-02-14,-0.08927440832214434,0.0,0.27820677136898353,44,0.45454545454545453,0.5227272727272727
Denmark,2023-02-15,-0.206768195790488,0.0,0.17369594089627166,32,0.09375,0.90625
Denmark,2023-02-16,-0.024219174273369868,0.0,0.38246733661252924,52,0.34615384615384615,0.6153846153846154
Denmark,2023-02-17,-0.1160434060548754,0.0,0.30614996409345624,43,0.3953488372093023,0.6046511627906976
Denmark,2023-02-18,-0.1031967276748284,0.0,0.21052195590370978,15,0.3333333333333333,0.6666666666666666
Denmark,2023-02-19,-2.8132331062796163e-05,0.0,0.3452137626672527,18,0.3333333333333333,0.6111111111111112
Denmark,2023-02-20,0.02442278520043498,0.0,0.3817507528304294,28,0.6071428571428571,0.39285714285714285
Denmark,2023-02-21,-0.06839395687971385,0.0,0.3912282852403746,42,0.4523809523809524,0.5476190476190477
Denmark,2023-02-22,0.012782647991385803,0.0,0.27548236984861685,56,0.5535714285714286,0.42857142857142855
Denmark,2023-02-23,0.046535844962960364,0.0,0.21910897133806137,45,0.6666666666666666,0.28888888888888886
Denmark,2023-02-24,0.018729953255658367,0.0,0.2744162217171941,26,0.5,0.5
Denmark,2023-02-25,0.005405336220851585,0.0,0.32397506841924245,17,0.47058823529411764,0.5294117647058824
Denmark,2023-02-26,-0.15735684640147246,0.0,0.2785037830091535,21,0.23809523809523808,0.7142857142857143
Denmark,2023-02-27,0.14667740015633102,0.0,0.3102899508181334,26,0.5769230769230769,0.34615384615384615
Denmark,2023-02-28,0.019436158302094084,0.0,0.3385996004535856,54,0.5185185185185185,0.42592592592592593
Denmark,2023-03-01,-0.1464053499175585,0.0,0.333895930116813,29,0.3448275862068966,0.6551724137931034
Denmark,2023-03-02,-0.11262503875125696,0.0,0.31865005521461615,25,0.4,0.6
Denmark,2023-03-03,0.08683541833467169,0.0,0.18541029632445793,20,0.6,0.35
Denmark,2023-03-04,-0.0817465907399313,0.0,0.4428241047930348,13,0.46153846153846156,0.5384615384615384
Denmark,2023-03-05,0.0011653512022520832,0.0,0.2356556098072135,14,0.5714285714285714,0.2857142857142857
Denmark,2023-03-06,0.012195735149333487,0.0,0.3454819141362025,19,0.3684210526315789,0.5789473684210527
Denmark,2023-03-07,-0.06643544137691541,0.0,0.2796980393284873,27,0.4444444444444444,0.5185185185185185
Denmark,2023-03-08,-0.005805689939288466,0.0,0.3058111677834227,31,0.5483870967741935,0.41935483870967744
Denmark,2023-03-09,-0.1632400325982769,0.0,0.5160875878028165,26,0.38461538461538464,0.6153846153846154
Denmark,2023-03-10,-0.0007039166921429232,0.0,0.320427129184353,28,0.42857142857142855,0.5357142857142857
Denmark,2023-03-11,0.046125592968914345,0.0,0.3641829036858982,11,0.6363636363636364,0.36363636363636365
Denmark,2023-03-12,0.03347249311454767,0.0,0.3388128283310743,8,0.375,0.5
Denmark,2023-03-13,-0.00943802523545196,0.0,0.244204623149821,21,0.38095238095238093,0.5238095238095238
Denmark,2023-03-14,-0.008533688397828238,0.0,0.3932603174076495,49,0.42857142857142855,0.5306122448979592
Denmark,2023-03-15,-0.001093098248588244,0.0,0.3097913602147311,21,0.47619047619047616,0.47619047619047616
Denmark,2023-03-16,-0.048025638406916246,0.0,0.32610587125224827,32,0.4375,0.53125
Denmark,2023-03-17,-0.05540137162107891,0.0,0.333105165935198,36,0.4444444444444444,0.5
Denmark,2023-03-18,-0.07978043913955954,0.0,0.350726254954751,20,0.55,0.45
Denmark,2023-03-19,0.0034020016105760246,0.0,0.293466930288008,11,0.36363636363636365,0.5454545454545454
Denmark,2023-03-20,0.03480677930617648,0.0,0.31342464142659293,49,0.5510204081632653,0.42857142857142855
Denmark,2023-03-21,0.06448960785679671,0.0,0.3147096270072883,36,0.5555555555555556,0.4444444444444444
Denmark,2023-03-22,-0.01849463542465073,0.0,0.27338044459115335,16,0.4375,0.5625
Denmark,2023-03-23,0.07764346727208354,0.0,0.3117302017449937,25,0.6,0.4
Denmark,2023-03-24,-0.015203389825918652,0.0,0.2432638549014314,76,0.42105263157894735,0.47368421052631576
Denmark,2023-03-25,-0.08268857336757562,0.0,0.3142532061397033,32,0.375,0.59375
Denmark,2023-03-26,-0.08661309653461087,0.0,0.22261378238371918,27,0.25925925925925924,0.7407407407407407
Denmark,2023-03-27,0.025065694747085396,0.0,0.3262806317301148,54,0.5740740740740741,0.4074074074074074
Denmark,2023-03-28,-0.09603782062173954,0.0,0.3209140212391252,76,0.3684210526315789,0.5657894736842105
Denmark,2023-03-29,-0.04791214975880983,0.0,0.2915053636308035,61,0.47540983606557374,0.47540983606557374
Denmark,2023-03-30,0.052598647938388525,0.0,0.30427774999979107,44,0.5454545454545454,0.4090909090909091
Denmark,2023-03-31,-0.04960965110059811,0.0,0.30997741550438773,63,0.5238095238095238,0.47619047619047616
Denmark,2023-04-01,-0.06203832426469636,0.0,0.34472059429649027,17,0.4117647058823529,0.5882352941176471
Denmark,2023-04-02,-0.14159158552295642,0.0,0.2241074294796396,19,0.21052631578947367,0.7368421052631579
Denmark,2023-04-03,-0.05881731552079239,0.0,0.35612755706119653,36,0.3888888888888889,0.6111111111111112
Denmark,2023-04-04,-0.11729018354329351,0.0,0.2211239890665204,43,0.32558139534883723,0.6511627906976745
Denmark,2023-04-05,-0.024423397332303913,0.0,0.2796176496353815,41,0.4634146341463415,0.5365853658536586
Denmark,2023-04-06,-0.04521814698186654,0.0,0.3194432992264918,22,0.4090909090909091,0.5909090909090909
Denmark,2023-04-07,0.055476720783473925,0.0,0.24620442900933934,23,0.5217391304347826,0.391304347826087
Denmark,2023-04-08,-0.04659280756227701,0.0,0.30828136302434705,11,0.36363636363636365,0.5454545454545454
Denmark,2023-04-09,0.05686879499691919,0.0,0.22477362410623053,11,0.5454545454545454,0.45454545454545453
Denmark,2023-04-10,0.15520786128442216,0.0,0.3022862974120519,14,0.6428571428571429,0.35714285714285715
Denmark,2023-04-11,-0.1946876269540482,0.0,0.2928016807828788,25,0.24,0.72
Denmark,2023-04-12,0.08011644051552166,0.0,0.342431117385078,55,0.6545454545454545,0.32727272727272727
Denmark,2023-04-13,-0.03681958120528206,0.0,0.3618883331074015,32,0.53125,0.46875
Denmark,2023-04-14,-0.2670189650048568,0.0,0.44009813916432716,55,0.34545454545454546,0.6181818181818182
Denmark,2023-04-15,-0.10337689092168707,0.0,0.36923676313673265,24,0.5,0.5
Denmark,2023-04-16,-0.04167908643194392,0.0,0.28133607444799275,22,0.4090909090909091,0.5
Denmark,2023-04-17,-0.003062699726441055,0.0,0.3298245949505497,37,0.6486486486486487,0.35135135135135137
Denmark,2023-04-18,0.03999477823830113,0.0,0.2686784346079251,31,0.6129032258064516,0.3548387096774194
Denmark,2023-04-19,-0.12488163864413873,0.0,0.30322799602608547,73,0.3287671232876712,0.6575342465753424
Denmark,2023-04-20,-0.025296560449660496,0.0,0.3689382752958089,48,0.4166666666666667,0.5833333333333334
Denmark,2023-04-21,-0.0024423294065384683,0.0,0.28656430762811497,43,0.4883720930232558,0.4418604651162791
Denmark,2023-04-22,-0.027845930718995528,0.0,0.21591357585700344,16,0.375,0.5625
Denmark,2023-04-23,0.10000686532992598,0.0,0.23486397446610888,17,0.5882352941176471,0.4117647058823529
Denmark,2023-04-24,-0.09217697511677378,0.0,0.3556972087741485,28,0.39285714285714285,0.5
Denmark,2023-04-25,-0.06382249307088411,0.0,0.3090389837258332,46,0.45652173913043476,0.5217391304347826
Denmark,2023-04-26,0.05878246179516361,0.0,0.29570089421940476,42,0.6190476190476191,0.35714285714285715
Denmark,2023-04-27,-0.06481450358930727,0.0,0.3532200292628321,48,0.4375,0.5416666666666666
Denmark,2023-04-28,0.02004513641202565,0.0,0.3014731844246388,80,0.6,0.4
Denmark,2023-04-29,-0.18027068362224458,0.0,0.34985216176902334,20,0.3,0.7
Denmark,2023-04-30,-0.052722488171043115,0.0,0.4634939931296659,21,0.3333333333333333,0.6666666666666666
Denmark,2023-05-01,-0.09714161757514887,0.0,0.27397712165698684,24,0.4166666666666667,0.5833333333333334
Denmark,2023-05-02,-0.013619468796409705,0.0,0.3463427153158692,39,0.5384615384615384,0.46153846153846156
Denmark,2023-05-03,-0.16163348997095553,0.0,0.25488416459975183,50,0.3,0.7
Denmark,2023-05-04,-0.12325326312606837,0.0,0.4359057949699702,48,0.3125,0.6666666666666666
Denmark,2023-05-05,0.008357394174445804,0.0,0.33752106386525427,25,0.52,0.48
Denmark,2023-05-06,0.14783395482465947,0.0,0.38396416837406966,26,0.7692307692307693,0.19230769230769232
Denmark,2023-05-07,0.16109162022748288,0.0,0.2644603161908349,18,0.7222222222222222,0.2777777777777778
Denmark,2023-05-08,-0.06402526476107195,0.0,0.2622611191061963,26,0.46153846153846156,0.5
Denmark,2023-05-09,-0.0026865723254940487,0.0,0.3641871517982021,37,0.43243243243243246,0.5405405405405406
Denmark,2023-05-10,0.043616342028425695,0.0,0.27061916039848705,37,0.4864864864864865,0.4864864864864865
Denmark,2023-05-11,-0.10322516410272886,0.0,0.35648834065451745,30,0.36666666666666664,0.6
Denmark,2023-05-12,-0.16482061817702137,0.0,0.33632479231137324,43,0.37209302325581395,0.627906976744186
Denmark,2023-05-13,0.0024178246894493707,0.0,0.27870165046569323,14,0.5,0.5
Denmark,2023-05-14,-0.09996157829401905,0.0,0.3344129196778828,20,0.45,0.4
Denmark,2023-05-15,-0.09005897989727912,0.0,0.3143359344507527,47,0.40425531914893614,0.5531914893617021
Denmark,2023-05-16,-0.07715076550488328,0.0,0.26628330983876075,46,0.3695652173913043,0.6086956521739131
Denmark,2023-05-17,-0.03454054221060479,0.0,0.31618014172837244,39,0.358974358974359,0.6153846153846154
Denmark,2023-05-18,-0.014506294188283487,0.0,0.2108287254824989,23,0.5217391304347826,0.4782608695652174
Denmark,2023-05-19,0.07006767820020167,0.0,0.2589556086153047,23,0.6086956521739131,0.391304347826087
Denmark,2023-05-20,0.0005450506487079043,0.0,0.15548984490095052,57,0.631578947368421,0.3684210526315789
Denmark,2023-05-21,-0.07880052114840301,0.0,0.24507811649752215,22,0.5,0.5
Denmark,2023-05-22,-0.15170532271222537,0.0,0.326905523284166,19,0.2631578947368421,0.7368421052631579
Denmark,2023-05-23,0.043740446448247094,0.0,0.2661348120464392,34,0.6470588235294118,0.3235294117647059
Denmark,2023-05-24,-0.004595492687855877,0.0,0.25368454100344545,32,0.5,0.46875
Denmark,2023-05-25,0.005209698352302831,0.0,0.26611531707246905,28,0.5,0.4642857142857143
Denmark,2023-05-26,-0.05520602652094789,0.0,0.28490848022446713,47,0.44680851063829785,0.5106382978723404
Denmark,2023-05-27,-0.0027306969082893993,0.0,0.18690250972123496,21,0.47619047619047616,0.5238095238095238
Denmark,2023-05-28,-0.008174820123823364,0.0,0.2912670078105634,17,0.47058823529411764,0.47058823529411764
Denmark,2023-05-29,-0.008593180407942958,0.0,0.3405264423915521,31,0.41935483870967744,0.5483870967741935
Denmark,2023-05-30,-0.05872428384415094,0.0,0.32771389853528987,38,0.42105263157894735,0.5789473684210527
Denmark,2023-05-31,-0.039187714294470016,0.0,0.25826834440048285,39,0.41025641025641024,0.5384615384615384
Denmark,2023-06-01,-0.01340871951655269,0.0,0.27710765486273264,39,0.38461538461538464,0.5384615384615384
Denmark,2023-06-02,-0.02615929026666819,0.0,0.22265497653058133,38,0.4473684210526316,0.39473684210526316
Denmark,2023-06-03,-0.04892358412522542,0.0,0.21932159297373668,10,0.3,0.7
Denmark,2023-06-04,0.03158687418667437,0.0,0.5036519231299531,18,0.5555555555555556,0.4444444444444444
Denmark,2023-06-05,0.025491134325494182,0.0,0.34280745279097496,27,0.5555555555555556,0.37037037037037035
Denmark,2023-06-06,-0.10929394878852595,0.0,0.2958089668082977,31,0.4838709677419355,0.4838709677419355
Denmark,2023-06-07,-0.13936535971431235,0.0,0.33324807363124764,55,0.32727272727272727,0.6363636363636364
Denmark,2023-06-08,0.042766915041731,0.0,0.3395082434720828,36,0.6111111111111112,0.3888888888888889
Denmark,2023-06-09,0.03963786523118572,0.0,0.3761788568282882,34,0.5294117647058824,0.4117647058823529
Denmark,2023-06-10,0.09255965399866375,0.0,0.3023021457239552,17,0.5882352941176471,0.29411764705882354
Denmark,2023-06-11,-0.04419758168255048,0.0,0.2636693851890349,11,0.36363636363636365,0.5454545454545454
Denmark,2023-06-12,-0.06686640496886109,0.0,0.27735831167318414,27,0.4444444444444444,0.5555555555555556
Denmark,2023-06-13,-0.004302968782905894,0.0,0.27922309516156735,36,0.5833333333333334,0.3888888888888889
Denmark,2023-06-14,-0.05662685461689398,0.0,0.1867929129171921,49,0.5102040816326531,0.4897959183673469
Denmark,2023-06-15,-0.0012336442579420944,0.0,0.29928013312950497,41,0.4878048780487805,0.5121951219512195
Denmark,2023-06-16,-0.02577797913488507,0.0,0.27073746153780087,45,0.37777777777777777,0.5777777777777777
Denmark,2023-06-17,-0.15154212148308235,0.0,0.3678172656035302,25,0.36,0.64
Denmark,2023-06-18,-0.06807612551537631,0.0,0.4132858148687336,23,0.5217391304347826,0.4782608695652174
Denmark,2023-06-19,-0.09388678917349928,0.0,0.3136843140216095,27,0.3333333333333333,0.6296296296296297
Denmark,2023-06-20,0.0077703657128469356,0.0,0.275931731806859,41,0.5853658536585366,0.4146341463414634
Denmark,2023-06-21,0.00532033601535804,0.0,0.3685638692593023,42,0.7380952380952381,0.2619047619047619
Denmark,2023-06-22,0.0032673971256481963,0.0,0.3090745844343899,41,0.4146341463414634,0.5121951219512195
Denmark,2023-06-23,-0.1487920335119903,0.0,0.29795670298349963,40,0.3,0.65
Denmark,2023-06-24,-0.15571438901292506,0.0,0.3306193676136789,17,0.23529411764705882,0.7647058823529411
Denmark,2023-06-25,0.07716219387961279,0.0,0.2269499044547136,13,0.6153846153846154,0.38461538461538464
Denmark,2023-06-26,0.051895510345664204,0.0,0.2965108111610735,53,0.5660377358490566,0.4339622641509434
Denmark,2023-06-27,-0.02630125227582799,0.0,0.34061644445609823,37,0.5135135135135135,0.4594594594594595
Denmark,2023-06-28,-0.2375252570660494,0.0,0.3274080251983857,39,0.2564102564102564,0.717948717948718
Denmark,2023-06-29,-0.19311458877442675,0.0,0.3799540484290406,52,0.3269230769230769,0.5961538461538461
Denmark,2023-06-30,-0.03280998917879115,0.0,0.34538412072211716,36,0.4444444444444444,0.5277777777777778
Denmark,2023-07-01,-0.10073475683133065,0.0,0.23863871860232932,17,0.23529411764705882,0.7647058823529411
Denmark,2023-07-02,-0.06277021252089775,0.0,0.32439934183879643,35,0.2857142857142857,0.6857142857142857
Denmark,2023-07-03,-0.025571894335842782,0.0,0.2558055829350168,38,0.47368421052631576,0.47368421052631576
Denmark,2023-07-04,0.001978347809548451,0.0,0.3369726685683713,47,0.44680851063829785,0.5106382978723404
Denmark,2023-07-05,-0.015115210944292,0.0,0.3339920387960278,26,0.4230769230769231,0.5384615384615384
Denmark,2023-07-06,0.1387985932102739,0.0,0.2783550082950497,29,0.6896551724137931,0.3103448275862069
Denmark,2023-07-07,0.010877447807893958,0.0,0.2885584498608214,34,0.6470588235294118,0.3235294117647059
Denmark,2023-07-08,0.11765031799409488,0.0,0.32109532052882106,27,0.6666666666666666,0.2962962962962963
Denmark,2023-07-09,-0.41058832486893965,0.0,0.2997255702471995,5,0.0,1.0
Denmark,2023-07-10,-0.04874747048125505,0.0,0.2596173230742733,39,0.4358974358974359,0.5384615384615384
Denmark,2023-07-11,0.004978626963417491,0.0,0.2718705973458197,21,0.42857142857142855,0.5238095238095238
Denmark,2023-07-12,-0.021029049766178892,0.0,0.3329980254055232,24,0.4166666666666667,0.5416666666666666
Denmark,2023-07-13,-0.025686839409886107,0.0,0.21821937985963027,57,0.5087719298245614,0.49122807017543857
Denmark,2023-07-14,0.01759602224466801,0.0,0.2899409854438225,34,0.38235294117647056,0.5882352941176471
Denmark,2023-07-15,-0.16280085163463195,0.0,0.32788746281645137,20,0.4,0.6
Denmark,2023-07-16,-0.07697342575038799,0.0,0.31131961312775824,15,0.4,0.6
Denmark,2023-07-17,-0.070547480831116,0.0,0.3357679841353497,31,0.3870967741935484,0.6129032258064516
Denmark,2023-07-18,-0.01168891792381205,0.0,0.23411747057621607,38,0.5263157894736842,0.4473684210526316
Denmark,2023-07-19,-0.008371483113985077,0.0,0.21386969293507968,35,0.4857142857142857,0.5142857142857142
Denmark,2023-07-20,0.002263783363695236,0.0,0.3981515505684131,42,0.47619047619047616,0.5
Denmark,2023-07-21,-0.10628538860629935,0.0,0.40220195738551223,43,0.4418604651162791,0.5581395348837209
Denmark,2023-07-22,-0.20651949582663628,0.0,0.36822984568438677,37,0.24324324324324326,0.7027027027027027
Denmark,2023-07-23,-0.3146907996016663,0.0,0.2997524359730886,31,0.12903225806451613,0.8709677419354839
Denmark,2023-07-24,-0.1949328387910621,0.0,0.3280646044340834,32,0.125,0.78125
Denmark,2023-07-25,-0.17350843856001072,0.0,0.2578944012262298,43,0.18604651162790697,0.813953488372093
Denmark,2023-07-26,-0.12652518414907016,0.0,0.276146348060912,42,0.21428571428571427,0.7619047619047619
Denmark,2023-07-27,-0.14346269176306725,0.0,0.2597859821076161,37,0.2702702702702703,0.7297297297297297
Denmark,2023-07-28,-0.09494363844237859,0.0,0.3159695618930238,32,0.375,0.625
Denmark,2023-07-29,-0.16546289637192127,0.0,0.29515159417410614,18,0.2777777777777778,0.7222222222222222
Denmark,2023-07-30,-0.035139940512793184,0.0,0.2746061545185792,24,0.5,0.5
Denmark,2023-07-31,-0.1435891279700002,0.0,0.3115588656627447,47,0.23404255319148937,0.7021276595744681
Denmark,2023-08-01,-0.15314858092193506,0.0,0.42471689917309036,35,0.3142857142857143,0.6571428571428571
Denmark,2023-08-02,-0.04142311804218556,0.0,0.3664067486263799,29,0.4827586206896552,0.4827586206896552
Denmark,2023-08-03,-0.04267872435391507,0.0,0.37158855419653325,30,0.43333333333333335,0.5333333333333333
Denmark,2023-08-04,-0.1495104620742295,0.0,0.35615727410281967,33,0.30303030303030304,0.696969696969697
Denmark,2023-08-05,-0.006099196119291345,0.0,0.26131735907739867,38,0.5,0.3684210526315789
Denmark,2023-08-06,-0.12434857921225806,0.0,0.2700455503749801,23,0.34782608695652173,0.6521739130434783
Denmark,2023-08-07,-0.08666834212612712,0.0,0.3768716708955787,31,0.3870967741935484,0.6129032258064516
Denmark,2023-08-08,-0.25124435099289066,0.0,0.3783601904446112,33,0.24242424242424243,0.7575757575757576
Denmark,2023-08-09,-0.2466514587156369,0.0,0.32052425434999077,59,0.1864406779661017,0.8135593220338984
Denmark,2023-08-10,-0.06213273597832726,0.0,0.4032333373298963,33,0.5454545454545454,0.45454545454545453
Denmark,2023-08-11,-0.16218674285242066,0.0,0.3682394820010314,24,0.375,0.625
Denmark,2023-08-12,-0.17245840612309218,0.0,0.26154592674276,16,0.25,0.75
Denmark,2023-08-13,-0.10450177291771186,0.0,0.3033748241508562,20,0.3,0.7
Denmark,2023-08-14,-0.16121242945870887,0.0,0.38556630097653394,24,0.4166666666666667,0.5833333333333334
Denmark,2023-08-15,-0.02905442477134971,0.0,0.30181317051385514,32,0.5,0.5
Denmark,2023-08-16,-0.14925723436905236,0.0,0.39328562588160065,33,0.42424242424242425,0.5757575757575758
Denmark,2023-08-17,-0.12049391804305178,0.0,0.2511958872659931,33,0.3333333333333333,0.6060606060606061
Denmark,2023-08-18,-0.12619931422528013,0.0,0.2702725971342865,40,0.275,0.65
Denmark,2023-08-19,-0.14311285966194437,0.0,0.3256825677577559,31,0.25806451612903225,0.7096774193548387
Denmark,2023-08-20,-0.07849108140135323,0.0,0.27411685129278407,33,0.42424242424242425,0.5454545454545454
Denmark,2023-08-21,-0.1193944391264903,0.0,0.3444277934447246,35,0.34285714285714286,0.5714285714285714
Denmark,2023-08-22,-0.026005663501961103,0.0,0.26554783664589826,42,0.5,0.47619047619047616
Denmark,2023-08-23,-0.06295118225220342,0.0,0.3174051610717339,33,0.30303030303030304,0.6060606060606061
Denmark,2023-08-24,0.0009426812025689624,0.0,0.28596865943144406,42,0.5238095238095238,0.47619047619047616
Denmark,2023-08-25,-0.1790451788204837,0.0,0.2543428027636812,26,0.3076923076923077,0.6923076923076923
Denmark,2023-08-26,-0.16687534002737714,0.0,0.2989299467609288,26,0.2692307692307692,0.6923076923076923
Denmark,2023-08-27,-0.026131058444775125,0.0,0.4009506071242915,23,0.43478260869565216,0.5217391304347826
Denmark,2023-08-28,-0.08532969711627068,0.0,0.33778173021323915,39,0.358974358974359,0.5641025641025641
Denmark,2023-08-29,-0.0819013692194255,0.0,0.3087259038253301,46,0.391304347826087,0.5652173913043478
Denmark,2023-08-30,-0.05632285164087804,0.0,0.32505220477801244,36,0.3888888888888889,0.5833333333333334
Denmark,2023-08-31,-0.03842934473312489,0.0,0.3090073684072288,22,0.5,0.5
Denmark,2023-09-01,-0.021547599361452976,0.0,0.2991849491842488,35,0.45714285714285713,0.5142857142857142
Denmark,2023-09-02,0.021579248704070148,0.0,0.3241183738646969,17,0.5882352941176471,0.4117647058823529
Denmark,2023-09-03,-0.01362653972652327,0.0,0.43633876000719396,21,0.5714285714285714,0.42857142857142855
Denmark,2023-09-04,-0.18569317949742892,0.0,0.37951972897047614,43,0.2558139534883721,0.7209302325581395
Denmark,2023-09-05,-0.19592062092484883,0.0,0.35197502730130187,26,0.34615384615384615,0.5769230769230769
Denmark,2023-09-06,-0.10613695929171825,0.0,0.3795631706488368,45,0.35555555555555557,0.5777777777777777
Denmark,2023-09-07,-0.03894462501349391,0.0,0.19572278109466532,55,0.36363636363636365,0.5636363636363636
Denmark,2023-09-08,-0.017557934161434023,0.0,0.3011657089050207,37,0.4594594594594595,0.5135135135135135
Denmark,2023-09-09,-0.033625461356347634,0.0,0.3960728200567967,26,0.46153846153846156,0.5384615384615384
Denmark,2023-09-10,0.255486483099471,0.0,0.28757387040521876,22,0.8636363636363636,0.09090909090909091
Denmark,2023-09-11,-0.15463702966006446,0.0,0.3412716246151942,30,0.4,0.5666666666666667
Denmark,2023-09-12,0.027177989981857425,0.0,0.2821850971904728,36,0.5277777777777778,0.4166666666666667
Denmark,2023-09-13,-0.038343718468598596,0.0,0.20569030449695747,70,0.4142857142857143,0.5714285714285714
Denmark,2023-09-14,-0.015087650470075662,0.0,0.2700139556838536,77,0.4025974025974026,0.5454545454545454
Denmark,2023-09-15,-0.051042745840683613,0.0,0.28332338717365985,42,0.40476190476190477,0.5476190476190477
Denmark,2023-09-16,0.13949816806056423,0.0,0.2769141566768363,26,0.6923076923076923,0.3076923076923077
Denmark,2023-09-17,0.1400638400983773,0.0,0.2979746663371915,18,0.6666666666666666,0.3333333333333333
Denmark,2023-09-18,-0.0007106706571047855,0.0,0.26694675319984934,35,0.4857142857142857,0.42857142857142855
Denmark,2023-09-19,0.028008091428354063,0.0,0.29623029128074047,55,0.5272727272727272,0.4727272727272727
Denmark,2023-09-20,-0.01809049946215937,0.0,0.3514023269114016,42,0.47619047619047616,0.4523809523809524
Denmark,2023-09-21,-0.023242380918345375,0.0,0.21788086926940306,28,0.5,0.5
Denmark,2023-09-22,-0.06219671576393991,0.0,0.30816261446548676,28,0.42857142857142855,0.5714285714285714
Denmark,2023-09-23,0.035082270227136704,0.0,0.18716834174213348,13,0.7692307692307693,0.23076923076923078
Denmark,2023-09-24,-0.01530281822345328,0.0,0.3109618693579338,20,0.55,0.45
Denmark,2023-09-25,-0.05098797056736622,0.0,0.23452534795296526,30,0.3333333333333333,0.6333333333333333
Denmark,2023-09-26,-0.1119783213301149,0.0,0.2974975456626511,31,0.25806451612903225,0.6774193548387096
Denmark,2023-09-27,0.04338384112100213,0.0,0.3149120902566654,27,0.4444444444444444,0.48148148148148145
Denmark,2023-09-28,0.034886461233549104,0.0,0.34517660778754466,42,0.5952380952380952,0.38095238095238093
Denmark,2023-09-29,0.08560848808080351,0.0,0.29076349332657986,15,0.4666666666666667,0.5333333333333333
Denmark,2023-09-30,0.05197727253102321,0.0,0.20621978116097914,8,0.75,0.25
Denmark,2023-10-01,-0.05211140235573968,0.0,0.30299857850780776,13,0.5384615384615384,0.38461538461538464
Denmark,2023-10-02,0.037466206437123076,0.0,0.31773131091890133,26,0.5384615384615384,0.46153846153846156
Denmark,2023-10-03,-0.15226805013111333,0.0,0.31505357114071864,49,0.2857142857142857,0.7142857142857143
Denmark,2023-10-04,0.07430394431218834,0.0,0.3575875818797597,67,0.5223880597014925,0.47761194029850745
Denmark,2023-10-05,0.10416397638109172,0.0,0.31550679906494694,36,0.7222222222222222,0.2777777777777778
Denmark,2023-10-06,-0.0006817493289966097,0.0,0.424659802400584,23,0.5217391304347826,0.4782608695652174
Denmark,2023-10-07,-0.07410407626925183,0.0,0.3326262118953124,13,0.38461538461538464,0.5384615384615384
Denmark,2023-10-08,-0.1928018404112272,0.0,0.49795803772168556,15,0.3333333333333333,0.6666666666666666
Denmark,2023-10-09,-0.13103775117703065,0.0,0.35788618189817417,45,0.4,0.6
Denmark,2023-10-10,-0.13152994307849064,0.0,0.3099615311383219,38,0.3157894736842105,0.6842105263157895
Denmark,2023-10-11,-0.09827237263518732,0.0,0.3210754964542639,35,0.2571428571428571,0.6571428571428571
Denmark,2023-10-12,-0.058428182164181795,0.0,0.4319277072533109,46,0.45652173913043476,0.5
Denmark,2023-10-13,0.0440110929004061,0.0,0.25314382743381053,33,0.42424242424242425,0.5151515151515151
Denmark,2023-10-14,0.20100627533972182,0.0,0.2198183636841211,16,0.875,0.125
Denmark,2023-10-15,-0.22123108673635294,0.0,0.2861483202990426,10,0.1,0.8
Denmark,2023-10-16,0.043228208019219665,0.0,0.2297645108635116,39,0.5384615384615384,0.4358974358974359
Denmark,2023-10-17,0.22882053455637688,0.0,0.3100336662053157,39,0.7692307692307693,0.23076923076923078
Denmark,2023-10-18,0.01917916112732483,0.0,0.337927198865344,36,0.5277777777777778,0.4444444444444444
Denmark,2023-10-19,-0.034907794493465504,0.0,0.30004946169977365,37,0.43243243243243246,0.5675675675675675
Denmark,2023-10-20,-0.009486611848183136,0.0,0.23250005248408434,38,0.39473684210526316,0.5789473684210527
Denmark,2023-10-21,0.05268872640254727,0.0,0.3200769366583523,12,0.5833333333333334,0.4166666666666667
Denmark,2023-10-22,-0.14167087310560203,0.0,0.36128312845593374,17,0.4117647058823529,0.5882352941176471
Denmark,2023-10-23,-0.1789791494990583,0.0,0.33457183042101585,40,0.275,0.7
Denmark,2023-10-24,0.0031287218955453966,0.0,0.22496210560183777,28,0.42857142857142855,0.39285714285714285
Denmark,2023-10-25,0.13401173167153876,0.0,0.3313166433789165,35,0.6857142857142857,0.3142857142857143
Denmark,2023-10-26,-0.03298230093104243,0.0,0.3291929913665077,27,0.4074074074074074,0.48148148148148145
Denmark,2023-10-27,-0.06121528750624806,0.0,0.3319367767497435,49,0.3673469387755102,0.5918367346938775
Denmark,2023-10-28,-0.04288195699823621,0.0,0.3365646969128367,26,0.4230769230769231,0.5769230769230769
Denmark,2023-10-29,-0.12965822456479978,0.0,0.24862920911445863,30,0.5,0.5
Denmark,2023-10-30,-0.05217180627845208,0.0,0.27774542151223414,37,0.32432432432432434,0.6486486486486487
Denmark,2023-10-31,-0.17326560113864434,0.0,0.34270911486894623,45,0.24444444444444444,0.7111111111111111
Denmark,2023-11-01,-0.07557823157216732,0.0,0.2556964034092971,55,0.2727272727272727,0.6727272727272727
Denmark,2023-11-02,-0.07436578947804218,0.0,0.30363389923568,31,0.3548387096774194,0.6129032258064516
Denmark,2023-11-03,0.0014247265231444443,0.0,0.32190280775929775,22,0.5,0.5
Denmark,2023-11-04,0.06670423443678378,0.0,0.3101472725751511,23,0.5652173913043478,0.43478260869565216
Denmark,2023-11-05,0.06362601638613,0.0,0.1918051856229583,4,0.5,0.25
Denmark,2023-11-06,0.12827886214037862,0.0,0.32238007429178117,30,0.5666666666666667,0.4
Denmark,2023-11-07,0.13420568542824066,0.0,0.34853280612051385,34,0.6176470588235294,0.38235294117647056
Denmark,2023-11-08,-0.0013833523340834439,0.0,0.3063048272229753,40,0.6,0.4
Denmark,2023-11-09,-0.03385594708028605,0.0,0.3132364039259816,34,0.4117647058823529,0.5
Denmark,2023-11-10,0.012108345506046751,0.0,0.27267442929124713,46,0.45652173913043476,0.5217391304347826
Denmark,2023-11-11,-0.1640226105977743,0.0,0.256763933051016,20,0.2,0.75
Denmark,2023-11-12,0.017072961879419455,0.0,0.24710867815525783,23,0.6086956521739131,0.391304347826087
Denmark,2023-11-13,0.029720259446863004,0.0,0.30867341383146313,48,0.5208333333333334,0.4583333333333333
Denmark,2023-11-14,-0.11121134418792696,0.0,0.3064155663124786,40,0.375,0.6
Denmark,2023-11-15,-0.16930096114558021,0.0,0.3423868773107475,67,0.22388059701492538,0.7313432835820896
Denmark,2023-11-16,-0.19779542048321122,0.0,0.3033555889652916,42,0.23809523809523808,0.6666666666666666
Denmark,2023-11-17,-0.10605340894171071,0.0,0.30147818762616335,38,0.3157894736842105,0.6578947368421053
Denmark,2023-11-18,-0.12297481772476894,0.0,0.35974278065139637,26,0.38461538461538464,0.6153846153846154
Denmark,2023-11-19,0.043388362491968764,0.0,0.4293430399611711,19,0.6842105263157895,0.3157894736842105
Denmark,2023-11-20,0.0908675722305886,0.0,0.19788488727978612,42,0.5,0.40476190476190477
Denmark,2023-11-21,0.02257480502761956,0.0,0.30014273535870745,29,0.4827586206896552,0.4482758620689655
Denmark,2023-11-22,0.0042885841923202455,0.0,0.24012372997696657,32,0.59375,0.40625
Denmark,2023-11-23,0.0025030200910854147,0.0,0.2734692109081939,43,0.46511627906976744,0.5348837209302325
Denmark,2023-11-24,0.035110067055693986,0.0,0.23622804962884994,25,0.56,0.44
Denmark,2023-11-25,-0.08256997406108116,0.0,0.35318629737041823,17,0.4117647058823529,0.5882352941176471
Denmark,2023-11-26,0.1008274199811842,0.0,0.4347728658988888,13,0.38461538461538464,0.6153846153846154
Denmark,2023-11-27,-0.06586951102516324,0.0,0.23618750065783714,37,0.35135135135135137,0.6216216216216216
Denmark,2023-11-28,0.029752766465852763,0.0,0.3681028291835362,27,0.4444444444444444,0.48148148148148145
Denmark,2023-11-29,0.006091690721434838,0.0,0.20509991170899156,43,0.5581395348837209,0.4418604651162791
Denmark,2023-11-30,0.08686657326624933,0.0,0.31614892462518385,50,0.54,0.38
Denmark,2023-12-01,0.005667553943784427,0.0,0.3301982822696352,38,0.4473684210526316,0.47368421052631576
Denmark,2023-12-02,0.014494103682981999,0.0,0.3658361109371076,17,0.5294117647058824,0.47058823529411764
Denmark,2023-12-03,-0.027014243092647224,0.0,0.34770205738115956,19,0.3684210526315789,0.631578947368421
Denmark,2023-12-04,0.041710123727990794,0.0,0.3507062575542094,38,0.5789473684210527,0.42105263157894735
Denmark,2023-12-05,0.04931507628958425,0.0,0.32545946906148415,46,0.45652173913043476,0.5434782608695652
Denmark,2023-12-06,-0.015710210510426762,0.0,0.23361873979647932,44,0.4318181818181818,0.5681818181818182
Denmark,2023-12-07,0.048629673938273055,0.0,0.2464529933127736,33,0.42424242424242425,0.5151515151515151
Denmark,2023-12-08,0.026935329628141765,0.0,0.28018365942008877,48,0.5416666666666666,0.4583333333333333
Denmark,2023-12-09,-0.06562171120342529,0.0,0.30546862315183987,27,0.4074074074074074,0.48148148148148145
Denmark,2023-12-10,-0.11459031281665931,0.0,0.3788207533247261,11,0.36363636363636365,0.6363636363636364
Denmark,2023-12-11,-0.08717292453320834,0.0,0.2177703127082828,26,0.3076923076923077,0.6923076923076923
Denmark,2023-12-12,-0.10212015845348565,0.0,0.24525517209194703,40,0.25,0.65
Denmark,2023-12-13,-0.06650276888667737,0.0,0.25913540296871346,62,0.3548387096774194,0.6451612903225806
Denmark,2023-12-14,-0.06578720144281006,0.0,0.28516583241451066,34,0.38235294117647056,0.5588235294117647
Denmark,2023-12-15,-0.06210438610073735,0.0,0.37850596939102427,34,0.5,0.5
Denmark,2023-12-16,0.10925496492798625,0.0,0.24841744264558313,10,0.6,0.4
Denmark,2023-12-17,-0.19506919639156242,0.0,0.27639574173204745,9,0.2222222222222222,0.7777777777777778
Denmark,2023-12-18,-0.10376298617640425,0.0,0.24835746103253686,56,0.35714285714285715,0.625
Denmark,2023-12-19,-0.08765012006721527,0.0,0.29774272638017824,49,0.42857142857142855,0.5306122448979592
Denmark,2023-12-20,-0.12986618993233204,0.0,0.2312443707168716,41,0.2682926829268293,0.7073170731707317
Denmark,2023-12-21,-0.03971544491285842,0.0,0.3286216253759709,41,0.3902439024390244,0.6097560975609756
Denmark,2023-12-22,0.024224742497744835,0.0,0.3170261866093277,52,0.5769230769230769,0.4230769230769231
Denmark,2023-12-23,-0.2823783918057161,0.0,0.2401650738265437,17,0.17647058823529413,0.8235294117647058
Denmark,2023-12-24,-0.11712577414415351,0.0,0.23130556279709144,19,0.2631578947368421,0.6842105263157895
Denmark,2023-12-25,-0.10475341430834897,0.0,0.405106637887247,21,0.23809523809523808,0.7142857142857143
Denmark,2023-12-26,-0.1064939079543166,0.0,0.23779645534633045,19,0.21052631578947367,0.7894736842105263
Denmark,2023-12-27,-0.05591190984216385,0.0,0.2736608174871938,29,0.4827586206896552,0.5172413793103449
Denmark,2023-12-28,-0.14732446820351625,0.0,0.2799109634014096,27,0.2962962962962963,0.6666666666666666
Denmark,2023-12-29,-0.04110776050982564,0.0,0.24761395933674843,26,0.46153846153846156,0.5
Denmark,2023-12-30,-0.21567568058094172,0.0,0.33265782617092327,11,0.18181818181818182,0.8181818181818182
Denmark,2023-12-31,-0.2388427748565732,0.0,0.36057045966856616,56,0.32142857142857145,0.6607142857142857
Denmark,2024-01-01,-0.1320633439946568,0.0,0.32857591443369116,41,0.4634146341463415,0.5121951219512195
Denmark,2024-01-02,-0.11053679634348305,0.0,0.2488402550504477,28,0.35714285714285715,0.6428571428571429
Denmark,2024-01-03,-0.0484604022107212,0.0,0.24122265726811623,51,0.29411764705882354,0.5490196078431373
Denmark,2024-01-04,-0.048610322257917456,0.0,0.25760150628379735,54,0.42592592592592593,0.5555555555555556
Denmark,2024-01-05,-0.0009814326107541126,0.0,0.3243492093538093,30,0.43333333333333335,0.5333333333333333
Denmark,2024-01-06,-0.046060189216189304,0.0,0.3353194711832277,8,0.5,0.5
Denmark,2024-01-07,-0.1158426382448427,0.0,0.22889949373044136,11,0.2727272727272727,0.7272727272727273
Denmark,2024-01-08,0.04157946980124612,0.0,0.4219498490164303,35,0.5142857142857142,0.45714285714285713
Denmark,2024-01-09,0.09160619274982293,0.0,0.36390535128675905,34,0.6764705882352942,0.3235294117647059
Denmark,2024-01-10,-0.09982859500578742,0.0,0.3870685953439619,43,0.3953488372093023,0.5581395348837209
Denmark,2024-01-11,-0.10119861903504383,0.0,0.3491035259411342,39,0.4358974358974359,0.5641025641025641
Denmark,2024-01-12,-0.004682203549990312,0.0,0.40901043915208163,37,0.5135135135135135,0.4594594594594595
Denmark,2024-01-13,-0.044722394353267934,0.0,0.3506552549268191,20,0.5,0.45
Denmark,2024-01-14,0.12393689808609024,0.0,0.27442085181472425,62,0.8064516129032258,0.1774193548387097
Denmark,2024-01-15,0.09631658703354548,0.0,0.2886459191887693,38,0.631578947368421,0.3157894736842105
Denmark,2024-01-16,-0.06122438076986658,0.0,0.3321390941489533,33,0.3939393939393939,0.5757575757575758
Denmark,2024-01-17,0.04518956519833036,0.0,0.2805764566102908,20,0.5,0.4
Denmark,2024-01-18,0.08231027304981049,0.0,0.22232966764296483,32,0.65625,0.25
Denmark,2024-01-19,-0.05658448561745949,0.0,0.32954611550739304,34,0.38235294117647056,0.5588235294117647
Denmark,2024-01-20,-0.08128562209565875,0.0,0.27675506028600766,18,0.3333333333333333,0.6666666666666666
Denmark,2024-01-21,-0.0795570672816861,0.0,0.33683832538411945,16,0.375,0.625
Denmark,2024-01-22,-0.0888428974592288,0.0,0.2829588400411266,24,0.375,0.625
Denmark,2024-01-23,-0.03598052065840164,0.0,0.3016136980127908,22,0.36363636363636365,0.6363636363636364
Denmark,2024-01-24,-0.08790416913810202,0.0,0.3138954588525519,49,0.4489795918367347,0.5510204081632653
Denmark,2024-01-25,-0.10173685875379729,0.0,0.3437214108748271,54,0.46296296296296297,0.48148148148148145
Denmark,2024-01-26,-0.12650250929132195,0.0,0.3209941781603222,32,0.34375,0.65625
Denmark,2024-01-27,-0.16287459286193592,0.0,0.3222760835615329,10,0.2,0.8
Denmark,2024-01-28,-0.10238048076746271,0.0,0.341624293247771,14,0.5714285714285714,0.42857142857142855
Denmark,2024-01-29,0.025655804104436408,0.0,0.19777937540302928,22,0.5454545454545454,0.45454545454545453
Denmark,2024-01-30,-0.03536643765810662,0.0,0.3923738487678407,41,0.5853658536585366,0.3902439024390244
Denmark,2024-01-31,0.06919495853887876,0.0,0.3077893269200853,48,0.5625,0.4375
Denmark,2024-02-01,-0.037140816337186355,0.0,0.3369625986943199,34,0.47058823529411764,0.5294117647058824
Denmark,2024-02-02,-0.04117539211216311,0.0,0.3349830125536552,36,0.4722222222222222,0.5
Denmark,2024-02-03,-0.33820900355852607,0.0,0.29116996147472185,23,0.17391304347826086,0.782608695652174
Denmark,2024-02-04,-0.3303279292874586,0.0,0.24733604336173912,100,0.08,0.87
Denmark,2024-02-05,-0.19673944188217876,0.0,0.27347717793360615,29,0.20689655172413793,0.6896551724137931
Denmark,2024-02-06,-0.015052101975701832,0.0,0.26468311252229365,45,0.4666666666666667,0.5111111111111111
Denmark,2024-02-07,-0.0104682098616473,0.0,0.2818636644399444,59,0.423728813559322,0.5084745762711864
Denmark,2024-02-08,-0.08727206720259433,0.0,0.35298095592630724,30,0.4666666666666667,0.5
Denmark,2024-02-09,-0.06506859462159979,0.0,0.24735667284324556,29,0.3793103448275862,0.6206896551724138
Denmark,2024-02-10,-0.05603328189308021,0.0,0.290464968225099,11,0.36363636363636365,0.5454545454545454
Denmark,2024-02-11,-0.1663685247932594,0.0,0.34098818285050664,8,0.375,0.625
Denmark,2024-02-12,-0.021842575645597134,0.0,0.4183985523136083,22,0.5454545454545454,0.45454545454545453
Denmark,2024-02-13,-0.12800263137318238,0.0,0.24518224644215936,21,0.19047619047619047,0.8095238095238095
Denmark,2024-02-14,0.05165309567999828,0.0,0.3460971579317619,36,0.4722222222222222,0.5277777777777778
Denmark,2024-02-15,-0.034590818251954994,0.0,0.32910085025620367,26,0.5,0.5
Denmark,2024-02-16,0.21351836219847203,0.0,0.2090146704848927,20,0.8,0.15
Denmark,2024-02-17,-0.010450390005630628,0.0,0.17464537403104724,22,0.45454545454545453,0.5
Denmark,2024-02-18,-0.12335164656402764,0.0,0.33802231806067873,18,0.2222222222222222,0.6666666666666666
Denmark,2024-02-19,0.022195453293505835,0.0,0.31392596057414074,27,0.5555555555555556,0.4444444444444444
Denmark,2024-02-20,0.044112122738669976,0.0,0.25950924848757817,37,0.6486486486486487,0.32432432432432434
Denmark,2024-02-21,-0.0151296855055538,0.0,0.28570981134682294,31,0.41935483870967744,0.5806451612903226
Denmark,2024-02-22,-0.06792076065376448,0.0,0.3288436649226333,50,0.36,0.6
Denmark,2024-02-23,-0.24272767973825754,0.0,0.3987697115895183,37,0.1891891891891892,0.7837837837837838
Denmark,2024-02-24,-0.24812667864490906,0.0,0.2809790561840119,22,0.22727272727272727,0.7727272727272727
Denmark,2024-02-25,-0.3586300696916589,0.0,0.24585153448656094,70,0.05714285714285714,0.9285714285714286
Denmark,2024-02-26,-0.1992257488759659,0.0,0.3677561512040845,50,0.28,0.7
Denmark,2024-02-27,-0.1521792003463328,0.0,0.2760776027410675,33,0.21212121212121213,0.696969696969697
Denmark,2024-02-28,-0.014163052857349482,0.0,0.272409748240684,28,0.5357142857142857,0.42857142857142855
Denmark,2024-02-29,-0.03667414354952683,0.0,0.29227670352901153,46,0.43478260869565216,0.5652173913043478
Denmark,2024-03-01,-0.10622339779777328,0.0,0.20454875614138415,83,0.1927710843373494,0.7710843373493976
Denmark,2024-03-02,-0.015203717606347901,0.0,0.25363476780959465,19,0.47368421052631576,0.47368421052631576
Denmark,2024-03-03,0.03245043693968969,0.0,0.22390570890313255,18,0.5555555555555556,0.3888888888888889
Denmark,2024-03-04,-0.08460530968385305,0.0,0.24324272515618406,32,0.34375,0.65625
Denmark,2024-03-05,0.027971708511884914,0.0,0.2263090456144551,28,0.5,0.42857142857142855
Denmark,2024-03-06,0.018160875938810196,0.0,0.2647253751008257,36,0.5277777777777778,0.4166666666666667
Denmark,2024-03-07,0.07492715613350173,0.0,0.306526015669443,31,0.6129032258064516,0.3548387096774194
Denmark,2024-03-08,-0.07752903828446563,0.0,0.28786762839301666,41,0.36585365853658536,0.5609756097560976
Denmark,2024-03-09,0.030569826845073873,0.0,0.3206334780553409,9,0.6666666666666666,0.3333333333333333
Denmark,2024-03-10,0.017407242692170574,0.0,0.24890283558290402,15,0.6,0.4
Denmark,2024-03-11,-0.054506548083086775,0.0,0.3367905523690111,48,0.375,0.5625
Denmark,2024-03-12,-0.07451784681760691,0.0,0.30623874440105575,30,0.4,0.5666666666666667
Denmark,2024-03-13,-0.016326376390188843,0.0,0.4293938273403709,41,0.5365853658536586,0.4146341463414634
Denmark,2024-03-14,-0.08338941064744308,0.0,0.3320563503680379,34,0.4117647058823529,0.5882352941176471
Denmark,2024-03-15,0.024656116345298344,0.0,0.28419573304780255,32,0.65625,0.3125
Denmark,2024-03-16,0.026464141719800383,0.0,0.36827051964326163,19,0.5263157894736842,0.42105263157894735
Denmark,2024-03-17,-0.1465856878078616,0.0,0.3790429185120008,14,0.35714285714285715,0.6428571428571429
Denmark,2024-03-18,0.11516999914610958,0.0,0.3349885864800346,24,0.625,0.2916666666666667
Denmark,2024-03-19,0.01723325164999583,0.0,0.3147515469656712,43,0.5581395348837209,0.3953488372093023
Denmark,2024-03-20,0.029376437031571948,0.0,0.32277718117928905,66,0.5606060606060606,0.4090909090909091
Denmark,2024-03-21,0.05988722794704096,0.0,0.35217979447720615,47,0.6808510638297872,0.2978723404255319
Denmark,2024-03-22,0.03975576305998537,0.0,0.34625582843042735,24,0.5,0.5
Denmark,2024-03-23,0.05710655858050321,0.0,0.24915669415389838,14,0.6428571428571429,0.35714285714285715
Denmark,2024-03-24,-0.24403918412959139,0.0,0.31128558802357276,14,0.14285714285714285,0.8571428571428571
Denmark,2024-03-25,0.052756713328053435,0.0,0.3370283533297672,24,0.5,0.5
Denmark,2024-03-26,-0.06119490839579909,0.0,0.31622082426733644,58,0.3793103448275862,0.6206896551724138
Denmark,2024-03-27,-0.22353211275669901,0.0,0.2589569416821959,84,0.16666666666666666,0.8095238095238095
Denmark,2024-03-28,-0.15474211782246353,0.0,0.27609180714090165,30,0.2,0.7666666666666667
Denmark,2024-03-29,-0.08553861776478934,0.0,0.30167559189904,18,0.3333333333333333,0.6111111111111112
Denmark,2024-03-30,-0.03185732393550844,0.0,0.23349366651463194,14,0.35714285714285715,0.5714285714285714
Denmark,2024-03-31,-0.15693494449221945,0.0,0.33520971128902083,10,0.2,0.7
Denmark,2024-04-01,-0.023456204876027256,0.0,0.24175511208240336,18,0.3888888888888889,0.5
Denmark,2024-04-02,-0.11922211761280184,0.0,0.3872850381844025,40,0.525,0.475
Denmark,2024-04-03,0.05932985945330708,0.0,0.29546303359104314,30,0.6666666666666666,0.3333333333333333
Denmark,2024-04-04,-0.1988244590699225,0.0,0.33029708760543863,35,0.2571428571428571,0.7428571428571429
Denmark,2024-04-05,-0.057904195113689,0.0,0.35864706109551797,30,0.4,0.6
Denmark,2024-04-06,-0.1084977940181749,0.0,0.268525515478419,20,0.3,0.6
Denmark,2024-04-07,-0.21345555223111892,0.0,0.25513017034460883,9,0.2222222222222222,0.7777777777777778
Denmark,2024-04-08,0.04848602243712485,0.0,0.32136864445093244,37,0.5135135135135135,0.3783783783783784
Denmark,2024-04-09,-0.022727881036034143,0.0,0.25713516803625047,42,0.40476190476190477,0.5952380952380952
Denmark,2024-04-10,0.08614312700334256,0.0,0.2629791788075665,23,0.6956521739130435,0.2608695652173913
Denmark,2024-04-11,0.005624331637471417,0.0,0.3585514557710807,21,0.5714285714285714,0.42857142857142855
Denmark,2024-04-12,-0.03054758291428625,0.0,0.3955846832054382,29,0.5517241379310345,0.4482758620689655
Denmark,2024-04-13,0.11667103095660797,0.0,0.2916677764391012,19,0.7894736842105263,0.15789473684210525
Denmark,2024-04-14,-0.08853813587613281,0.0,0.48298412121592404,12,0.5,0.5
Denmark,2024-04-15,-0.003432457173162785,0.0,0.311327896659123,53,0.5094339622641509,0.4528301886792453
Denmark,2024-04-16,-0.08086314208323463,0.0,0.23958933090224355,119,0.226890756302521,0.7310924369747899
Denmark,2024-04-17,0.004886421286526421,0.0,0.32700489489867685,51,0.37254901960784315,0.5686274509803921
Denmark,2024-04-18,0.011151854915411505,0.0,0.2790721332107495,63,0.6190476190476191,0.3492063492063492
Denmark,2024-04-19,-0.03138310495398398,0.0,0.3506142309983947,34,0.35294117647058826,0.6470588235294118
Denmark,2024-04-20,-0.12321175269408162,0.0,0.3483600490091022,18,0.3333333333333333,0.6666666666666666
Denmark,2024-04-21,-0.04332362245745212,0.0,0.27426972864833765,20,0.45,0.55
Denmark,2024-04-22,-0.10611353060471299,0.0,0.2544271648817088,80,0.3375,0.6
Denmark,2024-04-23,-0.08775343436472584,0.0,0.3034417788707848,27,0.37037037037037035,0.5925925925925926
Denmark,2024-04-24,-0.018480863296944094,0.0,0.29993084983268414,31,0.41935483870967744,0.5806451612903226
Denmark,2024-04-25,0.07185122018656008,0.0,0.29592414342224177,21,0.47619047619047616,0.42857142857142855
Denmark,2024-04-26,-0.0912330255947213,0.0,0.30138135120563453,36,0.3888888888888889,0.5833333333333334
Denmark,2024-04-27,-0.07171531840981166,0.0,0.21420500040547116,8,0.375,0.625
Denmark,2024-04-28,0.17160670505638131,0.0,0.47845511944044716,10,0.6,0.3
Denmark,2024-04-29,-0.039974367724050865,0.0,0.22080554036505873,31,0.3548387096774194,0.5806451612903226
Denmark,2024-04-30,-0.020446362004588305,0.0,0.2777532547852337,33,0.3939393939393939,0.6060606060606061
Denmark,2024-05-01,-0.04090622915381582,0.0,0.21142329193850654,20,0.5,0.5
Denmark,2024-05-02,-0.034774068146040234,0.0,0.2598331854581764,45,0.4666666666666667,0.4888888888888889
Denmark,2024-05-03,-0.11723880124936983,0.0,0.25312419831914307,37,0.24324324324324326,0.7567567567567568
Denmark,2024-05-04,0.008753809940571263,0.0,0.23130532742113136,19,0.42105263157894735,0.5263157894736842
Denmark,2024-05-05,-0.06333050486656167,0.0,0.35002639819249004,13,0.5384615384615384,0.46153846153846156
Denmark,2024-05-06,-0.02156066493888493,0.0,0.28590627313083045,39,0.4358974358974359,0.5384615384615384
Denmark,2024-05-07,-0.07443387653111262,0.0,0.23908669009663427,31,0.41935483870967744,0.5483870967741935
Denmark,2024-05-08,-0.06153133248718818,0.0,0.3250358429275986,28,0.4642857142857143,0.5
Denmark,2024-05-09,-0.05908198392550978,0.0,0.2562308757732646,33,0.42424242424242425,0.5151515151515151
Denmark,2024-05-10,-0.038980800982135175,0.0,0.2981775348210649,38,0.34210526315789475,0.6578947368421053
Denmark,2024-05-11,0.014916622403778057,0.0,0.25408998030907726,14,0.6428571428571429,0.35714285714285715
Denmark,2024-05-12,-0.10602651735085161,0.0,0.30326880673242235,13,0.38461538461538464,0.5384615384615384
Denmark,2024-05-13,0.007089020476532792,0.0,0.31997712014144397,35,0.42857142857142855,0.5428571428571428
Denmark,2024-05-14,-0.0012771510791536546,0.0,0.2936947249710439,31,0.45161290322580644,0.5161290322580645
Denmark,2024-05-15,0.03204030150547475,0.0,0.33622101140693844,38,0.5789473684210527,0.42105263157894735
Denmark,2024-05-16,-0.03542324522214188,0.0,0.29596507420680407,30,0.43333333333333335,0.5333333333333333
Denmark,2024-05-17,-0.014872558775274278,0.0,0.25705991180582094,39,0.38461538461538464,0.5897435897435898
Denmark,2024-05-18,-0.04573457098827374,0.0,0.2290433868558418,19,0.3157894736842105,0.631578947368421
Denmark,2024-05-19,0.02738108191211269,0.0,0.27225392392976266,17,0.4117647058823529,0.5294117647058824
Denmark,2024-05-20,0.06804842915145619,0.0,0.38860540856768466,32,0.53125,0.4375
Denmark,2024-05-21,0.06416332810322756,0.0,0.270813806162948,42,0.5952380952380952,0.35714285714285715
Denmark,2024-05-22,0.02307119187666564,0.0,0.2812642533525629,47,0.5531914893617021,0.425531914893617
Denmark,2024-05-23,-0.03301323331955374,0.0,0.4003260990528229,45,0.5111111111111111,0.4666666666666667
Denmark,2024-05-24,0.0543644295566617,0.0,0.3833001802312732,39,0.5384615384615384,0.41025641025641024
Denmark,2024-05-25,0.015353453923810762,0.0,0.3158160312735192,32,0.59375,0.40625
Denmark,2024-05-26,-0.11715830124672415,0.0,0.2697530869374881,24,0.375,0.625
Denmark,2024-05-27,0.05702082061314475,0.0,0.2562499671465078,25,0.56,0.28
Denmark,2024-05-28,0.01794435590762116,0.0,0.3125149542043126,54,0.5,0.46296296296296297
Denmark,2024-05-29,-0.014797704977487698,0.0,0.28785678172770485,46,0.5,0.45652173913043476
Denmark,2024-05-30,-0.06072328449951477,0.0,0.3127486840647993,42,0.4523809523809524,0.47619047619047616
Denmark,2024-05-31,0.03328620084789477,0.0,0.2845484178742027,33,0.6060606060606061,0.36363636363636365
Denmark,2024-06-01,-0.056855783424490054,0.0,0.2859048414303349,15,0.5333333333333333,0.4666666666666667
Denmark,2024-06-02,0.13995298264066375,0.0,0.2292770775914829,15,0.8666666666666667,0.13333333333333333
Denmark,2024-06-03,-0.06423989341134323,0.0,0.2776714114859797,31,0.2903225806451613,0.6129032258064516
Denmark,2024-06-04,0.007796180332544623,0.0,0.2637523301558758,26,0.46153846153846156,0.5384615384615384
Denmark,2024-06-05,0.059267090364025395,0.0,0.364971157566763,35,0.4857142857142857,0.4857142857142857
Denmark,2024-06-06,-0.019876003642653958,0.0,0.2578655688729779,37,0.4594594594594595,0.5135135135135135
Denmark,2024-06-07,0.0548350416651562,0.0,0.2660893465459607,38,0.5789473684210527,0.42105263157894735
Denmark,2024-06-08,-0.1472773779576418,0.0,0.32029589209036724,22,0.36363636363636365,0.6363636363636364
Denmark,2024-06-09,-0.1483595747950274,0.0,0.20474260694811713,20,0.25,0.7
Denmark,2024-06-10,0.02009804390465403,0.0,0.3073367479115808,35,0.5714285714285714,0.4
Denmark,2024-06-11,0.024761376054752756,0.0,0.27811105962450944,44,0.6136363636363636,0.3409090909090909
Denmark,2024-06-12,0.0038872764933612445,0.0,0.2847255574150209,41,0.4878048780487805,0.5121951219512195
Denmark,2024-06-13,0.00934719250309743,0.0,0.2488476255919232,24,0.5,0.4166666666666667
Denmark,2024-06-14,0.10348113633774704,0.0,0.23906965923762885,30,0.5666666666666667,0.36666666666666664
Denmark,2024-06-15,-0.1420503778620096,0.0,0.1944561624898302,16,0.25,0.625
Denmark,2024-06-16,-0.13092331348104153,0.0,0.2893528914674939,15,0.4,0.5333333333333333
Denmark,2024-06-17,-0.040739537627301384,0.0,0.2708553140488146,52,0.40384615384615385,0.5769230769230769
Denmark,2024-06-18,0.09280330957510076,0.0,0.2493287059985085,42,0.6666666666666666,0.3333333333333333
Denmark,2024-06-19,-0.07746653323844573,0.0,0.3887122825372705,41,0.4146341463414634,0.5609756097560976
Denmark,2024-06-20,-0.08294159536467217,0.0,0.3252788151096965,67,0.40298507462686567,0.5074626865671642
Denmark,2024-06-21,-0.1694029322283709,0.0,0.31295552786132425,44,0.29545454545454547,0.6590909090909091
Denmark,2024-06-22,-0.07081961782954936,0.0,0.16326177183182242,8,0.25,0.75
Denmark,2024-06-23,-0.03191127737492143,0.0,0.2564400396203274,26,0.34615384615384615,0.6153846153846154
Denmark,2024-06-24,0.04572875990761033,0.0,0.2629343655227854,27,0.4444444444444444,0.48148148148148145
Denmark,2024-06-25,0.057664266188905494,0.0,0.2872516285642663,43,0.5581395348837209,0.4186046511627907
Denmark,2024-06-26,-0.021469081874692344,0.0,0.3078043184974546,56,0.375,0.5178571428571429
Denmark,2024-06-27,-0.04831267683359652,0.0,0.2611998748117302,69,0.34782608695652173,0.6086956521739131
Denmark,2024-06-28,0.03464868509128296,0.0,0.3189966830783176,54,0.5,0.4444444444444444
Denmark,2024-06-29,-0.04289895577785389,0.0,0.3030419905130491,12,0.25,0.75
Denmark,2024-06-30,-0.10498151082590183,0.0,0.21901567032716168,15,0.2,0.8
Denmark,2024-07-01,-0.0344142575469163,0.0,0.2636620953622801,49,0.46938775510204084,0.5306122448979592
Denmark,2024-07-02,-0.03255155064876844,0.0,0.32811667658057536,41,0.4634146341463415,0.4634146341463415
Denmark,2024-07-03,-0.0912887063342549,0.0,0.36813272415205384,40,0.375,0.6
Denmark,2024-07-04,-0.06019554106648129,0.0,0.2961205042499036,37,0.40540540540540543,0.5945945945945946
Denmark,2024-07-05,-0.022945780809356508,0.0,0.3951271467309914,33,0.48484848484848486,0.45454545454545453
Denmark,2024-07-06,-0.02253992790376687,0.0,0.22082386201077486,28,0.6428571428571429,0.35714285714285715
Denmark,2024-07-07,-0.053054228718913694,0.0,0.40557314315826837,16,0.375,0.5625
Denmark,2024-07-08,0.008468475117080652,0.0,0.2615145836589154,39,0.5384615384615384,0.46153846153846156
Denmark,2024-07-09,0.0734943338204479,0.0,0.24925369016179288,45,0.5777777777777777,0.4
Denmark,2024-07-10,-0.005900418250777746,0.0,0.3733031501644588,41,0.4634146341463415,0.5365853658536586
Denmark,2024-07-11,0.025165673215906403,0.0,0.33399885569100857,40,0.55,0.45
Denmark,2024-07-12,-0.011042497094407275,0.0,0.2611632398596808,42,0.5238095238095238,0.47619047619047616
Denmark,2024-07-13,-0.19025370131030298,0.0,0.32023212338904283,18,0.2222222222222222,0.7777777777777778
Denmark,2024-07-14,-0.14380924372821619,0.0,0.34828385641361204,16,0.375,0.625
Denmark,2024-07-15,0.04067899425953954,0.0,0.24096746388337045,24,0.5416666666666666,0.4166666666666667
Denmark,2024-07-16,-0.022275185916256043,0.0,0.30764872575219804,41,0.5609756097560976,0.43902439024390244
Denmark,2024-07-17,0.009248230180668338,0.0,0.29156651348703916,44,0.5,0.45454545454545453
Denmark,2024-07-18,-0.05532128427395274,0.0,0.26559523005329383,35,0.4,0.5714285714285714
Denmark,2024-07-19,0.018564121155562895,0.0,0.3088870363198697,36,0.4722222222222222,0.5277777777777778
Denmark,2024-07-20,0.041891379411980116,0.0,0.2742144000292478,13,0.5384615384615384,0.46153846153846156
Denmark,2024-07-21,-0.020956479802447317,0.0,0.23644134393779448,17,0.4117647058823529,0.5882352941176471
Denmark,2024-07-22,-0.09573789205712989,0.0,0.2941487196248504,26,0.4230769230769231,0.5384615384615384
Denmark,2024-07-23,-0.08731795598818064,0.0,0.24763067826755897,40,0.3,0.7
Denmark,2024-07-24,-0.05332938593136437,0.0,0.3325446602932218,32,0.40625,0.53125
Denmark,2024-07-25,0.013919967773720976,0.0,0.43279053735309064,48,0.4791666666666667,0.5
Denmark,2024-07-26,0.014514772815208592,0.0,0.2846371823668744,29,0.5517241379310345,0.41379310344827586
Denmark,2024-07-27,-0.025871326324754328,0.0,0.26314979138769035,22,0.4090909090909091,0.2727272727272727
Denmark,2024-07-28,-0.03930925242813651,0.0,0.374037127663106,9,0.4444444444444444,0.5555555555555556
Denmark,2024-07-29,-0.01873383309539183,0.0,0.3202259335647469,28,0.5357142857142857,0.4642857142857143
Denmark,2024-07-30,-0.023489962207684675,0.0,0.32254703039554544,49,0.40816326530612246,0.5510204081632653
Denmark,2024-07-31,0.018305222855546224,0.0,0.35179771640279695,22,0.5,0.5
Denmark,2024-08-01,-0.09765675240945906,0.0,0.29436573945782646,36,0.2777777777777778,0.7222222222222222
Denmark,2024-08-02,-0.1532093812058422,0.0,0.279394639901307,45,0.15555555555555556,0.8222222222222222
Denmark,2024-08-03,0.07586734015532864,0.0,0.21432012113742474,15,0.6666666666666666,0.26666666666666666
Denmark,2024-08-04,-0.025221912239468278,0.0,0.2794939900616615,15,0.4,0.5333333333333333
Denmark,2024-08-05,-0.03756739860958588,0.0,0.2919314007214404,41,0.36585365853658536,0.5853658536585366
Denmark,2024-08-06,0.011105165559261053,0.0,0.3344332314781858,36,0.4722222222222222,0.5
Denmark,2024-08-07,0.0631821429395025,0.0,0.30700935546591157,32,0.59375,0.34375
Denmark,2024-08-08,0.010994663546182979,0.0,0.35033958190487263,25,0.44,0.56
Denmark,2024-08-09,-0.03379310433226253,0.0,0.3331130402216184,45,0.4,0.5555555555555556
Denmark,2024-08-10,0.09852050085607825,0.0,0.34884342047940875,28,0.42857142857142855,0.5357142857142857
Denmark,2024-08-11,0.043581922852336065,0.0,0.4240799637362605,21,0.47619047619047616,0.5238095238095238
Denmark,2024-08-12,0.034203472895371574,0.0,0.36794426041071887,15,0.4666666666666667,0.5333333333333333
Denmark,2024-08-13,-0.04619920002398241,0.0,0.3363228891507884,22,0.5,0.45454545454545453
Denmark,2024-08-14,0.04131574675312208,0.0,0.2908156388706949,33,0.5454545454545454,0.42424242424242425
Denmark,2024-08-15,-0.05820098632681619,0.0,0.2864232423171922,42,0.4523809523809524,0.47619047619047616
Denmark,2024-08-16,-0.033809217344121935,0.0,0.3435911400656944,53,0.41509433962264153,0.5283018867924528
Denmark,2024-08-17,-0.15013416738375818,0.0,0.3240493133242048,24,0.4166666666666667,0.5
Denmark,2024-08-18,-0.11861903500853006,0.0,0.3433017026001915,19,0.3684210526315789,0.631578947368421
Denmark,2024-08-19,0.1417062168820504,0.0,0.269498792987055,35,0.7142857142857143,0.2857142857142857
Denmark,2024-08-20,0.11254539487083591,0.0,0.305674319465274,50,0.62,0.36
Denmark,2024-08-21,-0.06309347866319465,0.0,0.4151900472310302,33,0.3333333333333333,0.6363636363636364
Denmark,2024-08-22,-0.02405834342955947,0.0,0.4040136966642549,33,0.45454545454545453,0.5151515151515151
Denmark,2024-08-23,-0.05797989368247951,0.0,0.29599643028026107,33,0.3939393939393939,0.5454545454545454
Denmark,2024-08-24,0.05808002396207211,0.0,0.27759877892309415,18,0.5555555555555556,0.4444444444444444
Denmark,2024-08-25,-0.12773082206217715,0.0,0.36224527688262337,27,0.37037037037037035,0.5555555555555556
Denmark,2024-08-26,0.025145326317495,0.0,0.3535830241356536,35,0.5142857142857142,0.45714285714285713
Denmark,2024-08-27,-0.07293234964453683,0.0,0.3598531623009709,41,0.3170731707317073,0.6585365853658537
Denmark,2024-08-28,-0.007697956936812185,0.0,0.3196064787402839,48,0.5208333333333334,0.4375
Denmark,2024-08-29,-0.04305510765432955,0.0,0.296913543913475,39,0.4358974358974359,0.5641025641025641
Denmark,2024-08-30,0.007242872662515594,0.0,0.29400013031073086,36,0.4166666666666667,0.4722222222222222
Denmark,2024-08-31,0.055617538615336956,0.0,0.40145789152332156,25,0.44,0.56
Denmark,2024-09-01,0.027873526408293724,0.0,0.20144829945210135,28,0.6785714285714286,0.2857142857142857
Denmark,2024-09-02,-0.022398897001191565,0.0,0.3738603436892477,30,0.5333333333333333,0.4666666666666667
Denmark,2024-09-03,-0.03974150317187672,0.0,0.356508311990028,32,0.53125,0.4375
Denmark,2024-09-04,-0.24820510936798748,0.0,0.32184496385191563,54,0.2222222222222222,0.7777777777777778
Denmark,2024-09-05,-0.22483050440411842,0.0,0.4296160168358648,46,0.30434782608695654,0.6521739130434783
Denmark,2024-09-06,-0.0770734346808474,0.0,0.35298946907563183,25,0.44,0.56
Denmark,2024-09-07,0.042011351069851204,0.0,0.37469112890841394,13,0.46153846153846156,0.5384615384615384
Denmark,2024-09-08,-0.07237584718864014,0.0,0.33015084390307226,12,0.25,0.6666666666666666
Denmark,2024-09-09,-0.12517678892294895,0.0,0.5325352694783932,33,0.5757575757575758,0.3939393939393939
Denmark,2024-09-10,-0.11295215613595604,0.0,0.4505196832203775,35,0.5428571428571428,0.45714285714285713
Denmark,2024-09-11,0.0019520462185846355,0.0,0.33667367852808633,36,0.5,0.5
Denmark,2024-09-12,-0.04058939545730833,0.0,0.2584550740050123,42,0.40476190476190477,0.5238095238095238
Denmark,2024-09-13,-0.12068346679230303,0.0,0.22931654421999237,47,0.2553191489361702,0.723404255319149
Denmark,2024-09-14,0.11445999817932713,0.0,0.2463857498179791,29,0.6896551724137931,0.27586206896551724
Denmark,2024-09-15,-0.017635516289663342,0.0,0.25949136174254317,21,0.2857142857142857,0.5238095238095238
Denmark,2024-09-16,-0.03212350755062704,0.0,0.33056345417656724,33,0.45454545454545453,0.5151515151515151
Denmark,2024-09-17,0.11136013267295486,0.0,0.25517410224457493,41,0.6829268292682927,0.2926829268292683
Denmark,2024-09-18,0.014081902231980898,0.0,0.33031412023554435,36,0.4722222222222222,0.5
Denmark,2024-09-19,-0.1562817048478309,0.0,0.3266235872039481,51,0.3137254901960784,0.6470588235294118
Denmark,2024-09-20,-0.030953191471931468,0.0,0.285887416938619,31,0.3870967741935484,0.5483870967741935
Denmark,2024-09-21,-0.18341137854474357,0.0,0.36208261013228177,23,0.2608695652173913,0.7391304347826086
Denmark,2024-09-22,-0.0874188577658795,0.0,0.3185553165183095,20,0.35,0.65
Denmark,2024-09-23,-0.05562807467942488,0.0,0.3046097818059039,40,0.4,0.6
Denmark,2024-09-24,-0.14442662043478716,0.0,0.27443836662824533,26,0.23076923076923078,0.7307692307692307
Denmark,2024-09-25,-0.020780979911260853,0.0,0.33891672262096456,35,0.42857142857142855,0.5428571428571428
Denmark,2024-09-26,-0.046315972366722004,0.0,0.293716747288903,47,0.3404255319148936,0.6382978723404256
Denmark,2024-09-27,0.0359521104080082,0.0,0.33312650018760026,43,0.5348837209302325,0.3953488372093023
Denmark,2024-09-28,0.004488069381671203,0.0,0.39506779804546466,23,0.5217391304347826,0.43478260869565216
Denmark,2024-09-29,0.08428965769157162,0.0,0.22999782545371386,25,0.52,0.44
Denmark,2024-09-30,-0.006714882775835003,0.0,0.25452968623083744,43,0.46511627906976744,0.5116279069767442
Denmark,2024-10-01,0.005210643364311667,0.0,0.33742543150658666,37,0.5405405405405406,0.43243243243243246
Denmark,2024-10-02,-0.13279594620556517,0.0,0.34886437504076906,36,0.3611111111111111,0.6111111111111112
Denmark,2024-10-03,0.029279937258495276,0.0,0.2640236283799519,47,0.5957446808510638,0.3617021276595745
Denmark,2024-10-04,-0.050743298572472374,0.0,0.36308691982972235,45,0.4222222222222222,0.5777777777777777
Denmark,2024-10-05,0.017111734068653264,0.0,0.3166296008766304,17,0.5882352941176471,0.29411764705882354
Denmark,2024-10-06,0.07031601871032715,0.0,0.2814584827435144,19,0.631578947368421,0.3684210526315789
Denmark,2024-10-07,-0.05022486453207644,0.0,0.27834188838445695,40,0.525,0.475
Denmark,2024-10-08,0.061218001274064814,0.0,0.29451289929523505,40,0.625,0.375
Denmark,2024-10-09,-0.11344405175588332,0.0,0.36774426727286813,19,0.3684210526315789,0.5263157894736842
Denmark,2024-10-10,0.04126107847262092,0.0,0.3096330145632667,29,0.5172413793103449,0.4482758620689655
Denmark,2024-10-11,-0.04138425472870687,0.0,0.3906935993818217,24,0.5,0.5
Denmark,2024-10-12,0.0637413808858409,0.0,0.4499762623004031,10,0.5,0.5
Denmark,2024-10-13,0.015618737837713616,0.0,0.3502330152448994,24,0.4583333333333333,0.5
Denmark,2024-10-14,-0.1028720337195973,0.0,0.4276642990976173,36,0.3888888888888889,0.5
Denmark,2024-10-15,-0.011902467793550945,0.0,0.27438778777623546,37,0.43243243243243246,0.5405405405405406
Denmark,2024-10-16,-0.17097116750907654,0.0,0.37161871982962236,28,0.35714285714285715,0.6428571428571429
Denmark,2024-10-17,-0.006068724056543172,0.0,0.3919528764149675,35,0.6,0.4
Denmark,2024-10-18,-0.05339945909908537,0.0,0.4408972927349807,32,0.5625,0.4375
Denmark,2024-10-19,0.06892349827725167,0.0,0.3638730772718909,27,0.5555555555555556,0.37037037037037035
Denmark,2024-10-20,-0.03131545583196137,0.0,0.3622451800836638,19,0.47368421052631576,0.5263157894736842
Denmark,2024-10-21,-0.03975163222096959,0.0,0.42897779916921935,29,0.4827586206896552,0.5172413793103449
Denmark,2024-10-22,-0.03529660228491246,0.0,0.3193228690712281,39,0.41025641025641024,0.5641025641025641
Denmark,2024-10-23,-0.1235908742408769,0.0,0.30403244208448305,47,0.3191489361702128,0.6595744680851063
Denmark,2024-10-24,-0.13160362683184973,0.0,0.32134843175959965,60,0.23333333333333334,0.75
Denmark,2024-10-25,0.030381756532929998,0.0,0.3175764522677359,27,0.5185185185185185,0.37037037037037035
Denmark,2024-10-26,-0.13998844898738735,0.0,0.31116744776489885,18,0.3333333333333333,0.6666666666666666
Denmark,2024-10-27,-0.06349901703520935,0.0,0.3823176417334435,15,0.4666666666666667,0.4
Denmark,2024-10-28,0.032717855915057104,0.0,0.3357835928221853,23,0.6086956521739131,0.391304347826087
Denmark,2024-10-29,0.11901413263555809,0.0,0.2786079722623647,63,0.6507936507936508,0.30158730158730157
Denmark,2024-10-30,0.11586467015365799,0.0,0.2498444301606924,43,0.627906976744186,0.3488372093023256
Denmark,2024-10-31,0.012108325287885866,0.0,0.2837859487424142,35,0.42857142857142855,0.5428571428571428
Denmark,2024-11-01,-0.030328488870009142,0.0,0.27415660916612633,30,0.36666666666666664,0.6
Denmark,2024-11-02,0.1931963920809323,0.0,0.476929218369791,12,0.75,0.25
Denmark,2024-11-03,0.15384928684232912,0.0,0.36719242213687736,9,0.3333333333333333,0.4444444444444444
Denmark,2024-11-04,-0.03137820203953095,0.0,0.2927157784174803,23,0.34782608695652173,0.5652173913043478
Denmark,2024-11-05,0.07180564077832592,0.0,0.3838420141530545,40,0.625,0.3
Denmark,2024-11-06,0.12359210986706048,0.0,0.34269266790851105,35,0.6,0.34285714285714286
Denmark,2024-11-07,0.1012267795067419,0.0,0.3012245700120942,37,0.6216216216216216,0.35135135135135137
Denmark,2024-11-08,0.11487789286905112,0.0,0.2791851077960748,23,0.6521739130434783,0.30434782608695654
Denmark,2024-11-09,0.039029125823898454,0.0,0.4038566729253371,13,0.38461538461538464,0.6153846153846154
Denmark,2024-11-10,-0.03792661363080471,0.0,0.10716585906009302,10,0.2,0.8
Denmark,2024-11-11,-0.05384787935165725,0.0,0.30776367157562173,72,0.4305555555555556,0.5555555555555556
Denmark,2024-11-12,0.054694412049711504,0.0,0.29467700747429837,30,0.6333333333333333,0.36666666666666664
Denmark,2024-11-13,-0.08939354495044842,0.0,0.23083335984011638,41,0.24390243902439024,0.6829268292682927
Denmark,2024-11-14,0.07309736889216531,0.0,0.28406335469201927,32,0.625,0.3125
Denmark,2024-11-15,-0.10577232489325124,0.0,0.2774327024178333,54,0.37037037037037035,0.6296296296296297
Denmark,2024-11-16,-0.024648114460888017,0.0,0.3754481595533148,15,0.5333333333333333,0.4666666666666667
Denmark,2024-11-17,0.19974668987204294,0.0,0.3987493513509927,33,0.696969696969697,0.30303030303030304
Denmark,2024-11-18,-0.02518414274122396,0.0,0.33760794318690857,49,0.5306122448979592,0.3877551020408163
Denmark,2024-11-19,0.02793721399357551,0.0,0.35868165382774964,43,0.5116279069767442,0.4883720930232558
Denmark,2024-11-20,-0.07229623253957128,0.0,0.3291659015182471,47,0.3191489361702128,0.5957446808510638
Denmark,2024-11-21,-0.08614036648437086,0.0,0.40798985438315305,44,0.4318181818181818,0.5454545454545454
Denmark,2024-11-22,-0.17012623485312192,0.0,0.3004106817027913,33,0.21212121212121213,0.696969696969697
Denmark,2024-11-23,-0.028307852703775546,0.0,0.26236155334026784,29,0.5172413793103449,0.4827586206896552
Denmark,2024-11-24,-0.12456020711686829,0.0,0.26730629692173596,19,0.3157894736842105,0.631578947368421
Denmark,2024-11-25,0.02260149667692568,0.0,0.2668986551134104,50,0.48,0.5
Denmark,2024-11-26,0.016498889354996545,0.0,0.35470520089179064,33,0.5454545454545454,0.45454545454545453
Denmark,2024-11-27,0.0012373864682876253,0.0,0.3185257806114739,53,0.5849056603773585,0.41509433962264153
Denmark,2024-11-28,0.04069085554376935,0.0,0.29987025085296015,37,0.5945945945945946,0.3783783783783784
Denmark,2024-11-29,-0.08178775038688059,0.0,0.44287959806222577,36,0.3611111111111111,0.5833333333333334
Denmark,2024-11-30,-0.03701055423227944,0.0,0.31822463212407637,18,0.4444444444444444,0.5
Denmark,2024-12-01,-0.20089061028412997,0.0,0.25583875953367774,16,0.25,0.75
Denmark,2024-12-02,-0.10172010170934842,0.0,0.2966398320332448,28,0.35714285714285715,0.5714285714285714
Denmark,2024-12-03,0.030386604990998545,0.0,0.3822861409844702,25,0.56,0.4
Denmark,2024-12-04,0.012027265056552713,0.0,0.3055352586497262,35,0.5142857142857142,0.42857142857142855
Denmark,2024-12-05,-0.01632092318022632,0.0,0.3365735486525635,30,0.43333333333333335,0.5666666666666667
Denmark,2024-12-06,-0.03892036610940436,0.0,0.3259822228552532,34,0.38235294117647056,0.5
Denmark,2024-12-07,0.13358460035521558,0.0,0.3743601688687726,27,0.5925925925925926,0.37037037037037035
Denmark,2024-12-08,-0.06726324267703619,0.0,0.3353949091660706,26,0.46153846153846156,0.5384615384615384
Denmark,2024-12-09,0.08697300956902584,0.0,0.28293033512721716,32,0.65625,0.3125
Denmark,2024-12-10,-0.015095424520524935,0.0,0.22165404632979352,44,0.45454545454545453,0.45454545454545453
Denmark,2024-12-11,0.033145013324257386,0.0,0.27689907641067574,40,0.5,0.45
Denmark,2024-12-12,0.15217316806397665,0.0,0.2876784878297638,31,0.6451612903225806,0.3548387096774194
Denmark,2024-12-13,0.06557401610036813,0.0,0.392371792286281,36,0.5833333333333334,0.4166666666666667
Denmark,2024-12-14,0.021498374943822,0.0,0.2746741001468884,13,0.5384615384615384,0.46153846153846156
Denmark,2024-12-15,-0.06167817811520124,0.0,0.3778230113360087,25,0.48,0.52
Denmark,2024-12-16,-0.0856332406908454,0.0,0.3463072378847927,46,0.43478260869565216,0.5652173913043478
Denmark,2024-12-17,-0.2245608780008009,0.0,0.30710149481821125,61,0.13114754098360656,0.8524590163934426
Denmark,2024-12-18,0.009291151988420454,0.0,0.3373478097410339,35,0.45714285714285713,0.5142857142857142
Denmark,2024-12-19,0.03646285797301837,0.0,0.29888921842889155,39,0.48717948717948717,0.48717948717948717
Denmark,2024-12-20,-0.03780421238265944,0.0,0.26760726666514617,36,0.3611111111111111,0.5555555555555556
Denmark,2024-12-21,0.007974833923603899,0.0,0.29745940878410204,20,0.45,0.55
Denmark,2024-12-22,0.23403207149545585,0.0,0.40603462303623666,28,0.6785714285714286,0.32142857142857145
Denmark,2024-12-23,0.06440976159521802,0.0,0.2610554934759458,87,0.4367816091954023,0.5172413793103449
Denmark,2024-12-24,-0.014061204667835486,0.0,0.25268581226838,47,0.44680851063829785,0.5531914893617021
Denmark,2024-12-25,0.0022954663513878775,0.0,0.265615770963034,29,0.5172413793103449,0.4482758620689655
Denmark,2024-12-26,-0.06862838799536557,0.0,0.24464394460930805,23,0.30434782608695654,0.6521739130434783
Denmark,2024-12-27,-0.012073246266160713,0.0,0.24650178158585348,14,0.6428571428571429,0.35714285714285715
Denmark,2024-12-28,-0.005100743142936354,0.0,0.23644101558030936,28,0.35714285714285715,0.6428571428571429
Denmark,2024-12-29,-0.053555756635362016,0.0,0.25475730828242166,13,0.46153846153846156,0.5384615384615384
Denmark,2024-12-30,-0.14208952888480697,0.0,0.30154872680115974,28,0.39285714285714285,0.5714285714285714
Denmark,2024-12-31,-0.1347421193753042,0.0,0.3192860324621703,24,0.4166666666666667,0.5416666666666666
Denmark,2025-01-01,-0.16346870315780818,0.0,0.17574788703133756,7,0.14285714285714285,0.7142857142857143
Denmark,2025-01-02,-0.028323364094105793,0.0,0.3744761597693309,19,0.47368421052631576,0.5263157894736842
Denmark,2025-01-03,-0.1330651263297196,0.0,0.24878935930689572,22,0.2727272727272727,0.7272727272727273
Denmark,2025-01-04,-0.15291097571105614,0.0,0.2931936044718831,19,0.42105263157894735,0.5789473684210527
Denmark,2025-01-05,0.07413991708143498,0.0,0.48789726602583766,11,0.45454545454545453,0.5454545454545454
Denmark,2025-01-06,-0.12846356213449678,0.0,0.3164502357325741,16,0.1875,0.75
Denmark,2025-01-07,-0.04243599385127845,0.0,0.22608317656918578,75,0.44,0.52
Denmark,2025-01-08,-0.11200185107661649,0.0,0.1969218059545815,99,0.2828282828282828,0.7070707070707071
Denmark,2025-01-09,-0.13434992507492613,0.0,0.2435740600516563,63,0.2222222222222222,0.746031746031746
Denmark,2025-01-10,-0.13629223653573477,0.0,0.2792112813681077,39,0.28205128205128205,0.717948717948718
Denmark,2025-01-11,-0.0744060574608272,0.0,0.21495116204925105,26,0.34615384615384615,0.6153846153846154
Denmark,2025-01-12,-0.1957261958045474,0.0,0.24606998315826922,20,0.25,0.7
Denmark,2025-01-13,-0.05230918234457043,0.0,0.23100616376926206,38,0.39473684210526316,0.5263157894736842
Denmark,2025-01-14,-0.09440279723385582,0.0,0.2373120287555909,41,0.34146341463414637,0.6341463414634146
Denmark,2025-01-15,-0.16272815007777056,0.0,0.21967298149631662,33,0.15151515151515152,0.7878787878787878
Denmark,2025-01-16,-0.07406521502937909,0.0,0.3292006239773642,33,0.3333333333333333,0.6363636363636364
Denmark,2025-01-17,-0.08960477359511551,0.0,0.2570010600730147,27,0.2962962962962963,0.7037037037037037
Denmark,2025-01-18,-0.14524193370991811,0.0,0.46325978834248305,18,0.3888888888888889,0.5555555555555556
Denmark,2025-01-19,-0.07245265851564536,0.0,0.3179647587233993,18,0.3888888888888889,0.6111111111111112
Denmark,2025-01-20,-0.05227515681721982,0.0,0.2087709747256423,35,0.4,0.6
Denmark,2025-01-21,-0.13806524431925218,0.0,0.20820067140097495,46,0.15217391304347827,0.8043478260869565
Denmark,2025-01-22,-0.021942172161970697,0.0,0.26316817889695343,28,0.42857142857142855,0.5714285714285714
Denmark,2025-01-23,-0.005720492909621056,0.0,0.24715587258990357,27,0.5555555555555556,0.4444444444444444
Denmark,2025-01-24,-0.021801412377195323,0.0,0.1525614427266526,32,0.3125,0.625
Denmark,2025-01-25,-0.040752443101949955,0.0,0.2298762672639653,25,0.32,0.64
Denmark,2025-01-26,0.014558217422232473,0.0,0.23365403231580698,16,0.5,0.375
Denmark,2025-01-27,0.04058078600001347,0.0,0.3466339990514312,34,0.5294117647058824,0.47058823529411764
Denmark,2025-01-28,-0.07488976279598791,0.0,0.2798179139964317,41,0.43902439024390244,0.5121951219512195
Denmark,2025-01-29,-0.17403461388410846,0.0,0.2837182146954173,47,0.1276595744680851,0.7659574468085106
Denmark,2025-01-30,0.05115957347890917,0.0,0.3395293370417918,24,0.5,0.4166666666666667
Denmark,2025-01-31,0.01485846378527021,0.0,0.20957515467002602,21,0.5238095238095238,0.47619047619047616
Denmark,2025-02-01,-0.02044381069681981,0.0,0.38601010459631374,26,0.38461538461538464,0.5769230769230769
Denmark,2025-02-02,-0.08287179067446117,0.0,0.32658643883253446,29,0.3793103448275862,0.6206896551724138
Denmark,2025-02-03,0.045595652115223144,0.0,0.3193875724636903,50,0.52,0.48
Denmark,2025-02-04,-0.014321404309893973,0.0,0.29677052677519755,42,0.47619047619047616,0.4523809523809524
Denmark,2025-02-05,0.029648892634678185,0.0,0.40815580508195914,53,0.5094339622641509,0.49056603773584906
Denmark,2025-02-06,-0.0449350690578328,0.0,0.3274548036758525,55,0.45454545454545453,0.5272727272727272
Denmark,2025-02-07,0.09738224804490712,0.0,0.3442794986546425,40,0.5,0.5
Denmark,2025-02-08,0.06509731305689413,0.0,0.3374768662787512,24,0.4583333333333333,0.4583333333333333
Denmark,2025-02-09,-0.07946064555556932,0.0,0.2397415612945872,23,0.2608695652173913,0.6956521739130435
Denmark,2025-02-10,-0.12255436657030025,0.0,0.31820044728514785,31,0.3548387096774194,0.6451612903225806
Denmark,2025-02-11,-0.1648877538988264,0.0,0.27461968685585014,48,0.20833333333333334,0.7916666666666666
Denmark,2025-02-12,-0.013138789603182353,0.0,0.22313643180933465,53,0.5283018867924528,0.41509433962264153
Denmark,2025-02-13,-0.011921109984964557,0.0,0.30258252645987277,43,0.46511627906976744,0.5116279069767442
Denmark,2025-02-14,-0.0347157054538435,0.0,0.25216071292012937,30,0.3333333333333333,0.6
Denmark,2025-02-15,-0.23639907929171342,0.0,0.1904090539943845,24,0.08333333333333333,0.875
Denmark,2025-02-16,-0.16467453881618965,0.0,0.27072106991401695,16,0.25,0.75
Denmark,2025-02-17,0.0016622924027445318,0.0,0.2683057059266536,29,0.6206896551724138,0.3448275862068966
Denmark,2025-02-18,-0.06517873887238484,0.0,0.2603092913720758,39,0.358974358974359,0.6153846153846154
Denmark,2025-02-19,-0.16135965782995004,0.0,0.26674550233355443,26,0.34615384615384615,0.6538461538461539
Denmark,2025-02-20,-0.11613127796493884,0.0,0.2897814002609339,45,0.3333333333333333,0.6666666666666666
Denmark,2025-02-21,-0.0739449951812375,0.0,0.3344820625322612,48,0.4375,0.5416666666666666
Denmark,2025-02-22,-0.09921549027257417,0.0,0.2832655106200326,19,0.3157894736842105,0.6842105263157895
Denmark,2025-02-23,-0.0396910737411513,0.0,0.2763588661586689,17,0.47058823529411764,0.5294117647058824
Denmark,2025-02-24,-0.1962396396029875,0.0,0.22048307241412413,34,0.11764705882352941,0.7941176470588235
Denmark,2025-02-25,0.1863258358676671,0.0,0.3075590916568315,46,0.7391304347826086,0.2391304347826087
Denmark,2025-02-26,-0.05443865838940157,0.0,0.2579587022432615,36,0.4722222222222222,0.5277777777777778
Denmark,2025-02-27,-0.0629199971771996,0.0,0.24662491212556956,30,0.4666666666666667,0.5333333333333333
Denmark,2025-02-28,-0.04486226255609542,0.0,0.32035651704441837,44,0.4318181818181818,0.5681818181818182
Denmark,2025-03-01,0.03670681899941205,0.0,0.3208096937765625,8,0.625,0.375
Denmark,2025-03-02,-0.05540192956494644,0.0,0.2999491753675603,16,0.5,0.5
Denmark,2025-03-03,0.05016191591530958,0.0,0.27447620540976597,18,0.4444444444444444,0.5
Denmark,2025-03-04,-0.0840547359546941,0.0,0.3194051610731459,25,0.4,0.48
Denmark,2025-03-05,0.04853506802172276,0.0,0.21219279336574665,53,0.6792452830188679,0.2641509433962264
Denmark,2025-03-06,-0.04981013834085532,0.0,0.16430177271044347,24,0.375,0.5833333333333334
Denmark,2025-03-07,-0.008465557210050424,0.0,0.31630906071813186,17,0.47058823529411764,0.4117647058823529
Denmark,2025-03-08,0.012136420608035627,0.0,0.39573886346421705,13,0.46153846153846156,0.5384615384615384
Denmark,2025-03-09,-0.026855608225323534,0.0,0.15465662812850742,11,0.36363636363636365,0.45454545454545453
Denmark,2025-03-10,0.057877253108191966,0.0,0.26097365554413976,36,0.5277777777777778,0.4444444444444444
Denmark,2025-03-11,-0.01631398791173715,0.0,0.21748538612358984,53,0.5094339622641509,0.4528301886792453
Denmark,2025-03-12,0.06074193537289994,0.0,0.23248020314043222,84,0.6904761904761905,0.2857142857142857
Denmark,2025-03-13,0.030656842949592235,0.0,0.2273575580232653,35,0.6285714285714286,0.3142857142857143
Denmark,2025-03-14,-0.08319865457896077,0.0,0.32954668614902644,34,0.35294117647058826,0.5882352941176471
Denmark,2025-03-15,-0.06430466014484078,0.0,0.2047847548955459,10,0.5,0.5
Denmark,2025-03-16,-0.06155709589449233,0.0,0.25989028199305425,11,0.45454545454545453,0.45454545454545453
Denmark,2025-03-17,-0.05376469587250179,0.0,0.3087161991712243,17,0.47058823529411764,0.5294117647058824
Denmark,2025-03-18,-0.027363993452048853,0.0,0.30057203759471074,21,0.5238095238095238,0.47619047619047616
Denmark,2025-03-19,-0.10399089995345794,0.0,0.2897272985858057,18,0.5,0.4444444444444444
Denmark,2025-03-20,0.1849551157207159,0.0,0.29025991234704385,54,0.7962962962962963,0.18518518518518517
Denmark,2025-03-21,-0.051462984580963544,0.0,0.35696210268451045,17,0.47058823529411764,0.5294117647058824
Denmark,2025-03-22,-0.1753668404618901,0.0,0.33448510472415305,13,0.3076923076923077,0.6923076923076923
Denmark,2025-03-23,0.0108364626912223,0.0,0.25212555022857286,29,0.5172413793103449,0.41379310344827586
Denmark,2025-03-24,0.010659198908034169,0.0,0.2038800211218911,45,0.6,0.37777777777777777
Denmark,2025-03-25,-0.05276992902698776,0.0,0.24206853410624823,55,0.4,0.6
Denmark,2025-03-26,-0.04893794280763309,0.0,0.19960909515096023,63,0.31746031746031744,0.5873015873015873
Denmark,2025-03-27,-0.0603937332250979,0.0,0.2036233370858486,47,0.2978723404255319,0.7021276595744681
Denmark,2025-03-28,-0.05436678825446521,0.0,0.16853755274315907,82,0.2926829268292683,0.6585365853658537
Denmark,2025-03-29,0.002324664136668744,0.0,0.3026224760614261,43,0.6046511627906976,0.37209302325581395
Denmark,2025-03-30,-0.08633730621442601,0.0,0.23723854098832786,21,0.42857142857142855,0.5714285714285714
Denmark,2025-03-31,-0.03378908102309394,0.0,0.2425716959025574,27,0.4444444444444444,0.5185185185185185
Denmark,2025-04-01,-0.021975398425303334,0.0,0.220428802187513,45,0.3111111111111111,0.6222222222222222
Denmark,2025-04-02,-0.017847986881498364,0.0,0.23224482944708846,59,0.4576271186440678,0.4915254237288136
Denmark,2025-04-03,-0.010784657100861706,0.0,0.23472079995536177,64,0.59375,0.390625
Denmark,2025-04-04,-0.07774637806267687,0.0,0.25061387714917693,58,0.27586206896551724,0.6724137931034483
Denmark,2025-04-05,-0.0141492355278382,0.0,0.23543740624070064,20,0.4,0.6
Denmark,2025-04-06,0.026606543742680674,0.0,0.3044275381276562,25,0.48,0.48
Denmark,2025-04-07,-0.022727978196283295,0.0,0.31090446951004774,38,0.47368421052631576,0.5
Denmark,2025-04-08,0.01868409381992798,0.0,0.3343223772669786,34,0.6176470588235294,0.38235294117647056
Denmark,2025-04-09,0.022285447668204623,0.0,0.33708719266698545,39,0.5384615384615384,0.41025641025641024
Denmark,2025-04-10,0.07589933769096348,0.0,0.29581353230216495,31,0.6129032258064516,0.3870967741935484
Denmark,2025-04-11,-0.08232763248513084,0.0,0.26977313154678934,44,0.4772727272727273,0.5227272727272727
Denmark,2025-04-12,-0.08285363233624786,0.0,0.25637571809874066,26,0.38461538461538464,0.6153846153846154
Denmark,2025-04-13,-0.11888668886501527,0.0,0.2737912086212547,23,0.34782608695652173,0.6521739130434783
Denmark,2025-04-14,-0.08206581125660772,0.0,0.32110903684150266,26,0.38461538461538464,0.5769230769230769
Denmark,2025-04-15,-0.0384899317888702,0.0,0.29720836043434473,45,0.28888888888888886,0.6888888888888889
Denmark,2025-04-16,-0.11124607031454026,0.0,0.29180059970038097,40,0.3,0.675
Denmark,2025-04-17,0.07243997081532894,0.0,0.3746624311848421,28,0.5714285714285714,0.39285714285714285
Denmark,2025-04-18,0.09629481024092178,0.0,0.36748579813938576,16,0.75,0.25
Denmark,2025-04-19,-0.0779936889492207,0.0,0.4236424047189661,29,0.4827586206896552,0.5172413793103449
Denmark,2025-04-20,-0.0131993117091753,0.0,0.24530402306797083,13,0.46153846153846156,0.46153846153846156
Denmark,2025-04-21,0.03440763332313956,0.0,0.37185588870065617,17,0.35294117647058826,0.5882352941176471
Denmark,2025-04-22,-0.0031609380335981354,0.0,0.3031426313474155,32,0.46875,0.53125
Denmark,2025-04-23,0.06000581146704375,0.0,0.3019887504451426,34,0.6176470588235294,0.38235294117647056
Denmark,2025-04-24,0.0922997044560311,0.0,0.2643176425780402,30,0.5666666666666667,0.4
Denmark,2025-04-25,0.12226251563978809,0.0,0.25657955694401346,19,0.6842105263157895,0.3157894736842105
Denmark,2025-04-26,-0.08832308286955182,0.0,0.40729318901872325,14,0.5,0.5
Denmark,2025-04-27,0.10180996949629789,0.0,0.16939545895322475,30,0.7666666666666667,0.16666666666666666
Denmark,2025-04-28,-0.011063820705251012,0.0,0.2873176156117909,25,0.4,0.56
Denmark,2025-04-29,-0.12715238890004468,0.0,0.31660122713114713,47,0.2978723404255319,0.7021276595744681
Denmark,2025-04-30,-0.05200103912769424,0.0,0.2552484080257471,49,0.3469387755102041,0.6530612244897959
Denmark,2025-05-01,-0.03180167464658896,0.0,0.45181602551722055,17,0.5882352941176471,0.4117647058823529
Denmark,2025-05-02,-0.046270485701638844,0.0,0.2492392031835841,21,0.42857142857142855,0.5238095238095238
Denmark,2025-05-03,-0.011898034218264844,0.0,0.25099295250688886,13,0.3076923076923077,0.5384615384615384
Denmark,2025-05-04,-0.012495102642150676,0.0,0.24871054554791816,9,0.6666666666666666,0.3333333333333333
Denmark,2025-05-05,-0.01605900696942439,0.0,0.33270170532978116,66,0.5151515151515151,0.4696969696969697
Denmark,2025-05-06,0.040824414191509575,0.0,0.236827467288731,37,0.5405405405405406,0.40540540540540543
Denmark,2025-05-07,-0.11102595076922368,0.0,0.2036565639902741,48,0.2708333333333333,0.7291666666666666
Denmark,2025-05-08,0.09068291259444126,0.0,0.28391007728869416,40,0.6,0.375
Denmark,2025-05-09,-0.11892296759224416,0.0,0.32614533041816607,86,0.36046511627906974,0.6046511627906976
Denmark,2025-05-10,0.05252621396889831,0.0,0.25395843374894,19,0.5789473684210527,0.3684210526315789
Denmark,2025-05-11,0.13489539162348402,0.0,0.12899853510766596,12,0.75,0.16666666666666666
Denmark,2025-05-12,0.036519713733000926,0.0,0.3102817732178628,41,0.6829268292682927,0.3170731707317073
Denmark,2025-05-13,-0.03982766490299758,0.0,0.2906453381999081,36,0.4166666666666667,0.5555555555555556
Denmark,2025-05-14,0.0018970852487564386,0.0,0.303187728787502,47,0.425531914893617,0.5531914893617021
Denmark,2025-05-15,0.041489301564621495,0.0,0.2870802540702955,33,0.45454545454545453,0.45454545454545453
Denmark,2025-05-16,-0.12310406553498263,0.0,0.26475198034711855,29,0.1724137931034483,0.7931034482758621
Denmark,2025-05-17,0.00606922563739308,0.0,0.29392824243805044,14,0.5,0.5
Denmark,2025-05-18,-0.05524107037633011,0.0,0.3114551774619908,18,0.5,0.5
Denmark,2025-05-19,-0.06636751949960262,0.0,0.2576348004601489,40,0.375,0.6
Denmark,2025-05-20,-0.1516414585678911,0.0,0.2949275927335575,63,0.25396825396825395,0.746031746031746
Denmark,2025-05-21,0.02134756760596954,0.0,0.28092731447048286,31,0.45161290322580644,0.5483870967741935
Denmark,2025-05-22,0.03132739505646121,0.0,0.2626445967241084,27,0.4444444444444444,0.48148148148148145
Denmark,2025-05-23,-0.05528360892335362,0.0,0.23699274612664695,43,0.32558139534883723,0.6511627906976745
Denmark,2025-05-24,-0.018858898855470582,0.0,0.36649316745849714,16,0.4375,0.5625
Denmark,2025-05-25,-0.0074267216924599755,0.0,0.22308391581246884,25,0.44,0.56
Denmark,2025-05-26,-0.12109275570464671,0.0,0.24078842968903,28,0.35714285714285715,0.6071428571428571
Denmark,2025-05-27,0.04512305126480498,0.0,0.22947083613809846,44,0.5909090909090909,0.38636363636363635
Denmark,2025-05-28,0.04391834593364877,0.0,0.2319184210773302,35,0.5142857142857142,0.45714285714285713
Denmark,2025-05-29,-0.00011638359422472693,0.0,0.3392685632883483,26,0.5769230769230769,0.4230769230769231
Denmark,2025-05-30,-0.1395873227005753,0.0,0.28639855610042453,20,0.3,0.7
Denmark,2025-05-31,-0.22087734115588703,0.0,0.3252755407551661,16,0.25,0.6875
Denmark,2025-06-01,-0.040263575332080866,0.0,0.2718383812599776,31,0.3548387096774194,0.6451612903225806
Denmark,2025-06-02,0.0075386805271308805,0.0,0.3239371922174735,65,0.5076923076923077,0.46153846153846156
Denmark,2025-06-03,0.009593419676352317,0.0,0.30882907011945676,74,0.4594594594594595,0.5405405405405406
Denmark,2025-06-04,0.04739214294390406,0.0,0.31252905350000637,87,0.5747126436781609,0.39080459770114945
Denmark,2025-06-05,0.03692948902261305,0.0,0.2782575648897966,80,0.5375,0.425
Denmark,2025-06-06,0.005305357817448677,0.0,0.2891757884158538,73,0.4383561643835616,0.5342465753424658
Denmark,2025-06-07,0.031176686280649134,0.0,0.22422245083279024,94,0.5851063829787234,0.35106382978723405
Denmark,2025-06-08,-0.00901456206723166,0.0,0.23875491097701015,35,0.45714285714285713,0.5142857142857142
Denmark,2025-06-09,0.09592699983734654,0.0,0.24564658705614,68,0.6617647058823529,0.3235294117647059
Denmark,2025-06-10,0.025925523148276147,0.0,0.2841180830677518,87,0.5172413793103449,0.47126436781609193
Denmark,2025-06-11,-0.03535613669275341,0.0,0.28948295195187507,113,0.34513274336283184,0.6460176991150443
Denmark,2025-06-12,-0.04441275773733022,0.0,0.27747113975729987,70,0.34285714285714286,0.6285714285714286
Denmark,2025-06-13,-0.03728801485577039,0.0,0.3422371343254907,75,0.4266666666666667,0.4533333333333333
Denmark,2025-06-14,-0.049464490072645084,0.0,0.3054538630051841,48,0.4375,0.4583333333333333
Denmark,2025-07-02,-0.05133322953092084,0.0,0.32586634171715123,45,0.4888888888888889,0.4666666666666667
Denmark,2025-07-03,-0.0763095156408667,0.0,0.31937354296177684,61,0.45901639344262296,0.5409836065573771
Denmark,2025-07-04,-0.0072715427030908275,0.0,0.27059017348291037,36,0.4166666666666667,0.5833333333333334
Denmark,2025-07-05,0.005551340262898857,0.0,0.31769012969312976,16,0.375,0.625
Denmark,2025-07-06,-0.032666702755536375,0.0,0.40463116221176504,14,0.35714285714285715,0.6428571428571429
Denmark,2025-07-07,0.025037847880065783,0.0,0.2957345603840615,40,0.575,0.4
Denmark,2025-07-08,-0.023574923951305927,0.0,0.25521595410345593,40,0.45,0.55
Denmark,2025-07-09,-0.15812808466373357,0.0,0.3314549748406388,63,0.2857142857142857,0.6825396825396826
Denmark,2025-07-10,-0.08685081658617043,0.0,0.30998951409552733,41,0.3902439024390244,0.5609756097560976
Denmark,2025-07-11,-0.053243223583034974,0.0,0.3209816063093435,39,0.38461538461538464,0.5897435897435898
Denmark,2025-07-12,0.10378013127157301,0.0,0.2681586540185726,20,0.6,0.4
Denmark,2025-07-13,0.001577012591278427,0.0,0.4052641673576201,21,0.47619047619047616,0.5238095238095238
Denmark,2025-07-14,-0.04881194056710271,0.0,0.24347354401308843,42,0.4523809523809524,0.5476190476190477
Denmark,2025-07-15,-0.006296096958424461,0.0,0.28627292907643226,38,0.3684210526315789,0.5526315789473685
Denmark,2025-07-16,0.03799631313244831,0.0,0.27754650861097013,43,0.4418604651162791,0.4883720930232558
Denmark,2025-07-17,0.06508795811442457,0.0,0.2898813823774047,33,0.6363636363636364,0.3333333333333333
Denmark,2025-07-18,-0.0003329925076632163,0.0,0.3022007701304337,50,0.56,0.44
Denmark,2025-07-19,-0.031031747269217414,0.0,0.3239446584825918,23,0.43478260869565216,0.5217391304347826
Denmark,2025-07-20,-0.086953625237262,0.0,0.33234829245017017,11,0.2727272727272727,0.7272727272727273
Denmark,2025-07-21,0.03628910008324999,0.0,0.28695896170927593,28,0.6428571428571429,0.35714285714285715
Denmark,2025-07-22,-0.23208793509171988,0.0,0.3215768123193058,36,0.3055555555555556,0.6666666666666666
Denmark,2025-07-23,0.014577952281696085,0.0,0.26618441949012855,42,0.5714285714285714,0.38095238095238093
Denmark,2025-07-24,-0.08876258645658458,0.0,0.41663683163807747,29,0.5172413793103449,0.4482758620689655
Denmark,2025-07-25,-0.10279009494548909,0.0,0.3655805503412829,29,0.3448275862068966,0.6551724137931034
Denmark,2025-07-26,-0.06708860001517335,0.0,0.17430571847451184,16,0.5,0.5
Denmark,2025-07-27,0.0005658077625850591,0.0,0.2510863342027885,24,0.5,0.5
Denmark,2025-07-28,-0.03995848456896171,0.0,0.3211380955153058,26,0.46153846153846156,0.5384615384615384
Denmark,2025-07-29,-0.006696589819162412,0.0,0.3127741079375481,32,0.4375,0.5
Denmark,2025-07-30,-0.06410243908128223,0.0,0.21722422939101615,31,0.3870967741935484,0.5483870967741935
Denmark,2025-07-31,-0.04484738995598098,0.0,0.3216274833978543,31,0.41935483870967744,0.45161290322580644
Denmark,2025-08-01,0.001962016164065648,0.0,0.2713656189919549,26,0.5,0.46153846153846156
Denmark,2025-08-02,0.08358502163344618,0.0,0.32664194985177636,11,0.5454545454545454,0.45454545454545453
Denmark,2025-08-03,-0.040626698411534906,0.0,0.3651891619170646,10,0.6,0.4
Denmark,2025-08-04,0.049893312903192204,0.0,0.27815725654704154,29,0.5517241379310345,0.4482758620689655
Denmark,2025-08-05,-0.16011000872986011,0.0,0.23304055444740135,48,0.2708333333333333,0.6875
Denmark,2025-08-06,-0.08736403624718671,0.0,0.22607150616591612,62,0.22580645161290322,0.7258064516129032
Denmark,2025-08-07,0.01128102502439067,0.0,0.2516550412399844,35,0.37142857142857144,0.6
Denmark,2025-08-08,-0.007138461801330994,0.0,0.4050729625931271,28,0.39285714285714285,0.5357142857142857
Denmark,2025-08-09,-0.1022245006213454,0.0,0.2838095107117385,18,0.3888888888888889,0.6111111111111112
Denmark,2025-08-10,-0.13480648704865908,0.0,0.3255303175088375,10,0.5,0.4
Denmark,2025-08-11,-0.0093183260473948,0.0,0.290999673922364,34,0.4117647058823529,0.5588235294117647
Denmark,2025-08-12,-0.032067777430026645,0.0,0.26113401018030136,39,0.5384615384615384,0.4358974358974359
Denmark,2025-08-13,-0.12962543272146212,0.0,0.31643256509540824,38,0.3157894736842105,0.6578947368421053
Denmark,2025-08-14,-0.008427583698741125,0.0,0.3565186626998154,31,0.4838709677419355,0.4838709677419355
Denmark,2025-08-15,-0.048518635481899,0.0,0.23305299131940116,32,0.3125,0.6875
Denmark,2025-08-16,-0.14222682637088083,0.0,0.2693755827776649,11,0.18181818181818182,0.8181818181818182
Denmark,2025-08-17,0.0481825157169737,0.0,0.27318021555549815,16,0.4375,0.5625
Denmark,2025-08-18,0.05498434971460325,0.0,0.24162988899855947,23,0.6521739130434783,0.34782608695652173
Denmark,2025-08-19,-0.016103716127470035,0.0,0.20369653627186118,23,0.5652173913043478,0.43478260869565216
Denmark,2025-08-20,-0.1273655475103195,0.0,0.2957245471468598,30,0.4,0.5666666666666667
Denmark,2025-08-21,-0.10171568714122063,0.0,0.327256580690156,30,0.3,0.7
Denmark,2025-08-22,-0.015907625354945953,0.0,0.27324888982699463,22,0.4090909090909091,0.5
Denmark,2025-08-23,-0.14572154197980094,0.0,0.185475176796675,36,0.1388888888888889,0.8611111111111112
Denmark,2025-08-24,-0.11308713241312984,0.0,0.3444818058117233,20,0.2,0.7
Denmark,2025-08-25,-0.0546750739942182,0.0,0.2858543867200849,47,0.3191489361702128,0.6808510638297872
Denmark,2025-08-26,-0.03743344144350701,0.0,0.2752847178092303,30,0.4,0.5666666666666667
Denmark,2025-08-27,-0.1150499931041455,0.0,0.3039004986165595,77,0.33766233766233766,0.5714285714285714
Denmark,2025-08-28,-0.13036412413652992,0.0,0.34510106300061594,63,0.38095238095238093,0.6031746031746031
Denmark,2025-08-29,-0.17764394350210108,0.0,0.2798448015002919,61,0.2459016393442623,0.7377049180327869
Denmark,2025-08-30,-0.19284060835107528,0.0,0.3185255801732888,31,0.2903225806451613,0.7096774193548387
Denmark,2025-08-31,-0.03958454385523081,0.0,0.3501935506215057,29,0.3448275862068966,0.6551724137931034
Denmark,2025-09-01,-0.0456547895665058,0.0,0.23151814205036497,27,0.2962962962962963,0.6666666666666666
Denmark,2025-09-02,-0.067060704135119,0.0,0.3328579356820575,24,0.4583333333333333,0.5416666666666666
Denmark,2025-09-03,-0.07233327438179193,0.0,0.38092203546443726,34,0.38235294117647056,0.5882352941176471
Denmark,2025-09-04,-0.21599856113656032,0.0,0.3680815596260709,49,0.1836734693877551,0.6938775510204082
Denmark,2025-09-05,-0.0696227810750068,0.0,0.2928360219822735,33,0.3333333333333333,0.6060606060606061
Denmark,2025-09-06,-0.06009860758822458,0.0,0.33987379182194327,25,0.44,0.56
Denmark,2025-09-07,0.024606272177668732,0.0,0.3443236558771499,22,0.5454545454545454,0.45454545454545453
Denmark,2025-09-08,-0.049737736190380175,0.0,0.29525985022817963,34,0.4117647058823529,0.5588235294117647
Denmark,2025-09-09,0.049303797276080384,0.0,0.32332214565137624,31,0.5161290322580645,0.45161290322580644
Denmark,2025-09-10,-0.035067528177408734,0.0,0.2996724337611831,34,0.4117647058823529,0.5882352941176471
Denmark,2025-09-11,-0.2077355010000719,0.0,0.29701634343043853,22,0.22727272727272727,0.6818181818181818
Denmark,2025-09-12,-0.15540546851328724,0.0,0.28625171950875683,28,0.2857142857142857,0.7142857142857143
Denmark,2025-09-13,0.012453444063758465,0.0,0.3040295368481721,12,0.5833333333333334,0.4166666666666667
Denmark,2025-09-14,0.06347474175474964,0.0,0.29490872266771007,25,0.52,0.44
Denmark,2025-09-15,-0.21394732825261592,0.0,0.42605229747820766,23,0.2608695652173913,0.7391304347826086
Denmark,2025-09-16,0.07893407902647524,0.0,0.41725779763886417,32,0.65625,0.34375
Denmark,2025-09-17,0.008593964438151016,0.0,0.300901472346085,54,0.4444444444444444,0.5555555555555556
Denmark,2025-09-18,-0.01990013869761724,0.0,0.3350992829839858,32,0.4375,0.5
Denmark,2025-09-19,-0.11895828369790863,0.0,0.3305323515870592,35,0.2857142857142857,0.7142857142857143
Denmark,2025-09-20,2.7164352517431434e-05,0.0,0.2312492118792286,25,0.44,0.56
Denmark,2025-09-21,-0.11492667397853985,0.0,0.25647884434233587,14,0.2857142857142857,0.6428571428571429
Denmark,2025-09-22,-0.13038562986425917,0.0,0.2530886242776783,31,0.3225806451612903,0.6774193548387096
Denmark,2025-09-23,-0.19089653901185857,0.0,0.29397552648011865,55,0.2727272727272727,0.7090909090909091
Denmark,2025-09-24,-0.20806928786984902,0.0,0.2612628625141499,49,0.20408163265306123,0.7551020408163265
Denmark,2025-09-25,-0.09714332975926644,0.0,0.356386310919758,49,0.3673469387755102,0.6326530612244898
Denmark,2025-09-26,-0.133627692137933,0.0,0.25305254361530505,56,0.19642857142857142,0.8035714285714286
Denmark,2025-09-27,-0.13336385008819324,0.0,0.3756431456335466,35,0.2857142857142857,0.6571428571428571
Denmark,2025-09-28,-0.21551147708193683,0.0,0.3339544402259776,25,0.2,0.8
Denmark,2025-09-29,-0.13570713669944728,0.0,0.27448154415690873,37,0.2702702702702703,0.6756756756756757
Denmark,2025-09-30,-0.0339858883871507,0.0,0.3228405318930825,48,0.375,0.5833333333333334
Denmark,2025-10-01,-0.22462104937389366,0.0,0.3386590961392332,59,0.23728813559322035,0.7457627118644068
Denmark,2025-10-02,-0.20487639145495343,0.0,0.3419412046008773,110,0.2636363636363636,0.7181818181818181
Denmark,2025-10-03,-0.20448662406675805,0.0,0.37204158588688574,49,0.32653061224489793,0.673469387755102
Denmark,2025-10-04,-0.0810036825672401,0.0,0.3033847913869447,27,0.4444444444444444,0.5555555555555556
Denmark,2025-10-05,-0.03074102300560871,0.0,0.30631059509909053,25,0.52,0.4
Denmark,2025-10-06,-0.0950462810038778,0.0,0.33582990857891987,29,0.4827586206896552,0.5172413793103449
Denmark,2025-10-07,-0.031120905466252364,0.0,0.26285586941392103,24,0.375,0.5416666666666666
Denmark,2025-10-08,-0.05917754229245742,0.0,0.3824468470746275,36,0.4722222222222222,0.4444444444444444
Denmark,2025-10-09,-0.031299777973040344,0.0,0.30244456589443086,36,0.4722222222222222,0.5277777777777778
Denmark,2025-10-10,-0.08913804018142897,0.0,0.29514505992726325,31,0.3225806451612903,0.6451612903225806
Denmark,2025-10-11,-0.11120587284169695,0.0,0.2860845306154404,15,0.3333333333333333,0.6
Denmark,2025-10-12,-0.08570736866394377,0.0,0.31656663980141725,14,0.2857142857142857,0.7142857142857143
Denmark,2025-10-13,0.06595796611615512,0.0,0.3841939489727814,19,0.631578947368421,0.3684210526315789
Denmark,2025-10-14,-0.11193464462266288,0.0,0.16791325503699947,17,0.35294117647058826,0.6470588235294118
Denmark,2025-10-15,0.0600747842250488,0.0,0.2904796146452406,24,0.5833333333333334,0.4166666666666667
Denmark,2025-10-16,0.030213319334448395,0.0,0.2977579639398887,25,0.52,0.48
Denmark,2025-10-17,-0.08987742721880053,0.0,0.340071504862738,30,0.26666666666666666,0.7
Denmark,2025-10-18,-0.004184216362206032,0.0,0.24218632208933896,13,0.38461538461538464,0.46153846153846156
Denmark,2025-10-19,-0.13867711048227946,0.0,0.3286155193619754,12,0.3333333333333333,0.6666666666666666
Denmark,2025-10-20,-0.012205441461475211,0.0,0.24512878926678044,43,0.4883720930232558,0.4883720930232558
Denmark,2025-10-21,-0.011688878779528561,0.0,0.23366590810041654,35,0.5428571428571428,0.45714285714285713
Denmark,2025-10-22,-0.08585339882745031,0.0,0.33549180680635343,48,0.4375,0.4791666666666667
Denmark,2025-10-23,-0.2615596684931634,0.0,0.2657506460171906,78,0.14102564102564102,0.8589743589743589
Denmark,2025-10-24,-0.07762650141840417,0.0,0.23274898156041512,66,0.3484848484848485,0.6363636363636364
Denmark,2025-10-25,-0.003607992171622452,0.0,0.3116372604143733,12,0.3333333333333333,0.5833333333333334
Denmark,2025-10-26,-0.21607116628921136,0.0,0.3085815238212774,8,0.125,0.75
Denmark,2025-10-27,-0.05674820433499416,0.0,0.24314966752506753,38,0.21052631578947367,0.7631578947368421
Denmark,2025-10-28,-0.033127388347001456,0.0,0.3801573115445602,26,0.3076923076923077,0.6538461538461539
Denmark,2025-10-29,0.003647134222926281,0.0,0.28549097627349473,22,0.5,0.45454545454545453
Denmark,2025-10-30,-0.08501712763406509,0.0,0.3875510213734708,15,0.4666666666666667,0.5333333333333333
Denmark,2025-10-31,-0.02655917329506568,0.0,0.29676077334633766,14,0.5,0.5
Denmark,2025-11-01,0.11288440856178858,0.0,0.22994755656237628,18,0.7222222222222222,0.2777777777777778
Denmark,2025-11-02,-0.008131037690016895,0.0,0.3216184955650745,10,0.6,0.4
Denmark,2025-11-03,0.06284604244955404,0.0,0.36942325006655874,31,0.5483870967741935,0.41935483870967744
Denmark,2025-11-04,0.0034552114403792163,0.0,0.265061908699525,43,0.46511627906976744,0.5116279069767442
Denmark,2025-11-05,0.11373587249929608,0.0,0.29418743179600915,62,0.6290322580645161,0.3548387096774194
Denmark,2025-11-06,0.04004537964468883,0.0,0.3051757351881799,37,0.5945945945945946,0.3783783783783784
Denmark,2025-11-07,-0.06629917513665447,0.0,0.3354209850054865,37,0.2972972972972973,0.5675675675675675
Denmark,2025-11-08,-0.007145010931195332,0.0,0.24165274263923764,28,0.39285714285714285,0.6071428571428571
Denmark,2025-11-09,-0.03001101757236409,0.0,0.3228366045286385,20,0.4,0.6
Denmark,2025-11-10,0.07823743611256904,0.0,0.3121949853102392,36,0.5,0.4722222222222222
Denmark,2025-11-11,-0.014836458982017922,0.0,0.3936579521348154,47,0.48936170212765956,0.48936170212765956
Denmark,2025-11-12,-0.07942496686983727,0.0,0.2941010326996411,42,0.30952380952380953,0.6428571428571429
Denmark,2025-11-13,-0.047242083049346066,0.0,0.259888592598465,26,0.38461538461538464,0.5769230769230769
Denmark,2025-11-14,-0.1332398217122566,0.0,0.25206545940096725,43,0.18604651162790697,0.7674418604651163
Denmark,2025-11-15,-0.10481722845513157,0.0,0.2677681607580252,17,0.29411764705882354,0.7058823529411765
Denmark,2025-11-16,-0.15037973725349185,0.0,0.34074181126688424,49,0.2653061224489796,0.673469387755102
Denmark,2025-11-17,-0.04520046275974602,0.0,0.31737078015489295,41,0.3170731707317073,0.6341463414634146
Denmark,2025-11-18,0.02566538218304594,0.0,0.28060587678458276,43,0.4883720930232558,0.4883720930232558
Denmark,2025-11-19,-0.180956678022577,0.0,0.22042661138938802,86,0.20930232558139536,0.7906976744186046
Denmark,2025-11-20,-0.0656813547523783,0.0,0.3505965180216535,29,0.4482758620689655,0.5172413793103449
Denmark,2025-11-21,0.005171634477097117,0.0,0.3866008247589125,49,0.46938775510204084,0.4897959183673469
Denmark,2025-11-22,0.04349408598038281,0.0,0.22427590155556407,23,0.4782608695652174,0.43478260869565216
Denmark,2025-11-23,0.05826867903831586,0.0,0.41480965617333093,9,0.6666666666666666,0.3333333333333333
Denmark,2025-11-24,-0.028559678335812497,0.0,0.35191937047727334,30,0.4666666666666667,0.5
Denmark,2025-11-25,-0.11044941660953794,0.0,0.34292385747975807,25,0.32,0.64
Denmark,2025-11-26,-0.021113066665046053,0.0,0.32756487197967005,26,0.5384615384615384,0.38461538461538464
Denmark,2025-11-27,-0.0061097026035692135,0.0,0.3099040999769971,24,0.5,0.4583333333333333
Denmark,2025-11-28,0.007730392093221574,0.0,0.2577945617053344,36,0.4166666666666667,0.5277777777777778
Denmark,2025-11-29,0.09313220412539563,0.0,0.23808992371723728,13,0.6923076923076923,0.3076923076923077
Denmark,2025-11-30,-0.008172281732489272,0.0,0.3407331044423064,20,0.5,0.5
Denmark,2025-12-01,-0.13733753358100104,0.0,0.3497261531972208,18,0.3333333333333333,0.6111111111111112
Denmark,2025-12-02,-0.03231730271669805,0.0,0.3933765521908948,36,0.5833333333333334,0.3333333333333333
Denmark,2025-12-03,-0.025830978339693028,0.0,0.34302146406328715,58,0.43103448275862066,0.5689655172413793
Denmark,2025-12-04,0.03720712728772519,0.0,0.23060512741033956,36,0.6111111111111112,0.3611111111111111
Denmark,2025-12-05,-0.019075792295905405,0.0,0.31766262154573005,34,0.38235294117647056,0.5588235294117647
Denmark,2025-12-06,0.006215590834220738,0.0,0.43923946677245335,18,0.4444444444444444,0.5555555555555556
Denmark,2025-12-07,-0.07993418088518156,0.0,0.32874797180788856,16,0.4375,0.5
Denmark,2025-12-08,0.0012634218441583685,0.0,0.301183130439848,38,0.5526315789473685,0.42105263157894735
Denmark,2025-12-09,-0.09521977223329565,0.0,0.37484782904970204,32,0.40625,0.5625
Denmark,2025-12-10,-0.06842053441537611,0.0,0.26734719559314035,44,0.4090909090909091,0.5227272727272727
Denmark,2025-12-11,-0.059789413706783444,0.0,0.31086438814676054,34,0.35294117647058826,0.5882352941176471
Denmark,2025-12-12,-0.07355927666587911,0.0,0.33109331076558624,34,0.38235294117647056,0.5588235294117647
Denmark,2025-12-13,0.05085254512587691,0.0,0.2540152248273076,12,0.5833333333333334,0.25
Denmark,2025-12-14,-0.06346044020152124,0.0,0.21552401508324756,9,0.3333333333333333,0.6666666666666666
Denmark,2025-12-15,-0.01926912211523701,0.0,0.3535575810341928,24,0.5416666666666666,0.4166666666666667
Denmark,2025-12-16,0.026818238736396702,0.0,0.26031505954879836,21,0.5238095238095238,0.47619047619047616
Denmark,2025-12-17,-0.1385954833105529,0.0,0.2942632744068352,24,0.3333333333333333,0.6666666666666666
Denmark,2025-12-18,0.09379967319364298,0.0,0.34658820090343573,20,0.8,0.2
Denmark,2025-12-19,0.03555254230691448,0.0,0.32283635979995645,27,0.4444444444444444,0.48148148148148145
Denmark,2025-12-20,-0.18129571137689038,0.0,0.35434426933571256,8,0.125,0.875
Denmark,2025-12-21,-0.18520341588709824,0.0,0.3159095811432894,15,0.3333333333333333,0.6
Denmark,2025-12-22,0.07878231566481902,0.0,0.268448994431078,121,0.6446280991735537,0.30578512396694213
Denmark,2025-12-23,-0.03440154798193379,0.0,0.26138442700537196,100,0.5,0.48
Denmark,2025-12-24,-0.09913049417324753,0.0,0.31017758730803513,63,0.42857142857142855,0.5238095238095238
Denmark,2025-12-25,0.11938455045629613,0.0,0.21689846561073828,29,0.6896551724137931,0.3103448275862069
Denmark,2025-12-26,-0.02414086290628774,0.0,0.3820435383174593,18,0.3333333333333333,0.5555555555555556
Denmark,2025-12-27,-0.0669688612696526,0.0,0.14429423391592966,19,0.3157894736842105,0.5789473684210527
Denmark,2025-12-28,-0.029087756131983965,0.0,0.26976737902653763,11,0.45454545454545453,0.5454545454545454
Denmark,2025-12-29,-0.14966721770566843,0.0,0.2857308154491278,16,0.3125,0.625
Denmark,2025-12-30,-0.06320774569334321,0.0,0.3708336972638423,26,0.4230769230769231,0.46153846153846156
Denmark,2025-12-31,-0.12872639543102857,0.0,0.20384566502406087,39,0.1282051282051282,0.8461538461538461
Denmark,2026-01-01,0.06550196090040199,0.0,0.25330941089813364,7,0.42857142857142855,0.2857142857142857
Denmark,2026-01-02,0.10047674441116508,0.0,0.581703111659382,4,0.25,0.75
Denmark,2026-01-03,0.10132007292866278,0.0,0.2006170583974068,5,0.6,0.4
Denmark,2026-01-04,-0.15899620074200388,0.0,0.22907921325333996,20,0.25,0.7
Denmark,2026-01-05,-0.15756338322161986,0.0,0.19422368029978596,63,0.12698412698412698,0.8412698412698413
Denmark,2026-01-06,-0.17635566202301023,0.0,0.19486699041039265,48,0.125,0.875
Denmark,2026-01-07,-0.0848913305505894,0.0,0.2229436344058091,49,0.40816326530612246,0.5918367346938775
Denmark,2026-01-08,-0.13752375163461011,0.0,0.24984994256470885,60,0.25,0.7333333333333333
Denmark,2026-01-09,-0.09198379987569626,0.0,0.3033511244147811,23,0.391304347826087,0.6086956521739131
Denmark,2026-01-10,-0.07559631310834465,0.0,0.23769829981934243,33,0.30303030303030304,0.5454545454545454
Denmark,2026-01-11,-0.26675429312188387,0.0,0.24555711352067508,15,0.06666666666666667,0.9333333333333333
Denmark,2026-01-12,-0.03545441384356397,0.0,0.1873016821924907,26,0.38461538461538464,0.5384615384615384
Denmark,2026-01-13,-0.048056516477174946,0.0,0.1590927156076659,37,0.2702702702702703,0.5945945945945946
Denmark,2026-01-14,-0.03918139916664894,0.0,0.1774337942651613,76,0.3815789473684211,0.5921052631578947
Denmark,2026-01-15,-0.14876582138499514,0.0,0.2570217469826369,54,0.2037037037037037,0.7407407407407407
Denmark,2026-01-16,0.0050891203420646985,0.0,0.264268901220698,36,0.4166666666666667,0.5
Denmark,2026-01-17,-0.11261523308945784,0.0,0.14979209536370308,30,0.06666666666666667,0.9333333333333333
Denmark,2026-01-18,-0.17861096645247732,0.0,0.22367710202841756,12,0.08333333333333333,0.9166666666666666
Denmark,2026-01-19,-0.040285613160424574,0.0,0.25004216311663763,34,0.38235294117647056,0.5882352941176471
Denmark,2026-01-20,-0.12711002988993014,0.0,0.24820022714914988,54,0.25925925925925924,0.6851851851851852
Denmark,2026-01-21,-0.08833316867907878,0.0,0.21325931707276757,66,0.36363636363636365,0.5606060606060606
Denmark,2026-01-22,-0.0062034526556598475,0.0,0.2549279672505552,76,0.5921052631578947,0.40789473684210525
Denmark,2026-01-23,-0.09958602410562245,0.0,0.1667305443190933,32,0.21875,0.71875
Denmark,2026-01-24,-0.05913400847540175,0.0,0.23949564754684902,17,0.4117647058823529,0.5294117647058824
Denmark,2026-01-25,-0.1054443509991023,0.0,0.3759812013486729,18,0.1111111111111111,0.8888888888888888
Denmark,2026-01-26,-0.09352426703936499,0.0,0.32152791574318873,20,0.25,0.75
Denmark,2026-01-27,0.0839565865152248,0.0,0.10850281197145031,18,0.6666666666666666,0.16666666666666666
Denmark,2026-01-28,-0.05646904741226786,0.0,0.22902070606092081,27,0.25925925925925924,0.7037037037037037
Denmark,2026-01-29,-0.006276415085078291,0.0,0.2879299787182446,18,0.5,0.5
Denmark,2026-01-30,-0.20674628509028678,0.0,0.3265225797441058,15,0.3333333333333333,0.6666666666666666
Denmark,2026-01-31,-0.13116853139480286,0.0,0.22973315034108005,7,0.14285714285714285,0.8571428571428571
Denmark,2026-02-01,-0.06129990897962702,0.0,0.3165916138901168,30,0.4,0.6
Denmark,2026-02-02,-0.1098570475001946,0.0,0.23899703922759177,38,0.23684210526315788,0.7368421052631579
Denmark,2026-02-03,-0.046814287294133027,0.0,0.2856008198183135,63,0.4444444444444444,0.5396825396825397
Denmark,2026-02-04,-0.10303743713551203,0.0,0.2354513773863013,58,0.3448275862068966,0.6379310344827587
Denmark,2026-02-05,-0.019053072106199685,0.0,0.31230939615553277,49,0.32653061224489793,0.6122448979591837
Denmark,2026-02-06,0.04558274199520481,0.0,0.23741828115550906,65,0.5692307692307692,0.38461538461538464
Denmark,2026-02-07,-0.02989888837891221,0.0,0.28545836150139103,30,0.43333333333333335,0.5
Denmark,2026-02-08,-0.021627776159537877,0.0,0.24769316248902074,20,0.3,0.6
Denmark,2026-02-09,-0.11602954348029741,0.0,0.31602747395227926,41,0.3170731707317073,0.6829268292682927
Denmark,2026-02-10,-0.13455900253460557,0.0,0.3776251707009837,40,0.25,0.75
Denmark,2026-02-11,-0.12215529848590027,0.0,0.3507029445953271,41,0.43902439024390244,0.5609756097560976
Denmark,2026-02-12,-0.12733935173344116,0.0,0.28303018611209607,26,0.34615384615384615,0.6538461538461539
Denmark,2026-02-13,-0.10749058298828489,0.0,0.28479710210510967,24,0.3333333333333333,0.6666666666666666
Denmark,2026-02-14,0.0620625734384522,0.0,0.34714988183837603,26,0.38461538461538464,0.6153846153846154
Denmark,2026-02-15,-0.141428449507697,0.0,0.19212862768060796,8,0.25,0.75
Denmark,2026-02-16,-0.14322192268710962,0.0,0.3324988083841467,26,0.3076923076923077,0.6923076923076923
Denmark,2026-02-17,-0.049759335549743086,0.0,0.23807433755308868,32,0.28125,0.65625
Denmark,2026-02-18,0.04391514724825262,0.0,0.2667524223691722,32,0.46875,0.40625
Denmark,2026-02-19,-0.11186364085783963,0.0,0.45759101401715235,24,0.375,0.5
Denmark,2026-02-20,-0.0566535271444249,0.0,0.2749809027724673,23,0.391304347826087,0.5652173913043478
Denmark,2026-02-21,0.02223339425099529,0.0,0.3042390145246909,22,0.45454545454545453,0.5
Denmark,2026-02-22,0.08754147656689486,0.0,0.21002062021250106,54,0.6296296296296297,0.2777777777777778
Denmark,2026-02-23,-0.053255500524946944,0.0,0.2159860301510774,45,0.37777777777777777,0.6
Denmark,2026-02-24,-0.10495863350596384,0.0,0.20036432931647474,53,0.24528301886792453,0.7547169811320755
Denmark,2026-02-25,-0.049775896510198515,0.0,0.3190874048500598,38,0.2631578947368421,0.7368421052631579
Denmark,2026-02-26,-0.06345300552339259,0.0,0.3347968874730976,29,0.3103448275862069,0.6206896551724138
Denmark,2026-02-27,-0.0028092102485217166,0.0,0.2244227150871131,26,0.5384615384615384,0.4230769230769231
Denmark,2026-02-28,-0.15506373127254505,0.0,0.23060479703827774,37,0.16216216216216217,0.8378378378378378
Denmark,2026-03-01,-0.08476233033481921,0.0,0.27204308140895406,16,0.25,0.625
Denmark,2026-03-02,-0.22289421528415046,0.0,0.33268387578977077,48,0.25,0.75
Denmark,2026-03-03,-0.17355674755089373,0.0,0.24720809445521258,33,0.21212121212121213,0.7575757575757576
Denmark,2026-03-04,-0.0854379065974685,0.0,0.27218283633449497,35,0.4,0.6
Denmark,2026-03-05,-0.2309524617184937,0.0,0.2723637599321606,58,0.22413793103448276,0.7586206896551724
Denmark,2026-03-06,0.008552469464851673,0.0,0.2250558590756604,24,0.625,0.375
Denmark,2026-03-07,-0.14955901822027864,0.0,0.2649511585484181,17,0.23529411764705882,0.7058823529411765
Denmark,2026-03-08,-0.126137747072828,0.0,0.277363236937031,24,0.3333333333333333,0.5416666666666666
Denmark,2026-03-09,-0.04416488078420126,0.0,0.31347126091402017,27,0.37037037037037035,0.5925925925925926
Denmark,2026-03-10,-0.15837575588694125,0.0,0.273827613879466,35,0.2571428571428571,0.7428571428571429
Denmark,2026-03-11,-0.2226379514787752,0.0,0.2624938418251884,44,0.25,0.7045454545454546
Denmark,2026-03-12,-0.10494197583213517,0.0,0.3054597893552493,39,0.38461538461538464,0.6153846153846154
Denmark,2026-03-13,-0.12143562343307497,0.0,0.3474831882532793,30,0.3,0.7
Denmark,2026-03-14,-0.01287569592035957,0.0,0.29212675693741347,18,0.5,0.5
Denmark,2026-03-15,-0.013563200551780246,0.0,0.2391247550102818,22,0.45454545454545453,0.5454545454545454
Denmark,2026-03-16,0.11773010683246671,0.0,0.2734791633006407,36,0.6666666666666666,0.3333333333333333
Denmark,2026-03-17,-0.1794675406334132,0.0,0.24840468438805335,42,0.19047619047619047,0.8095238095238095
Denmark,2026-03-18,0.05776825733469252,0.0,0.3053948917526073,50,0.56,0.42
Denmark,2026-03-19,-0.01929163922541917,0.0,0.2528760868068203,37,0.5135135135135135,0.4864864864864865
Denmark,2026-03-20,-0.11247420645368104,0.0,0.3279177919882843,38,0.3157894736842105,0.6578947368421053
Denmark,2026-03-21,-0.12231627212945591,0.0,0.18775644182981893,25,0.32,0.64
Denmark,2026-03-22,-0.14470238710681985,0.0,0.25643973923371743,22,0.2727272727272727,0.7272727272727273
Denmark,2026-03-23,-0.0586519257859788,0.0,0.3084310505571568,44,0.36363636363636365,0.5909090909090909
Denmark,2026-03-24,-0.12976528223698,0.0,0.290227889285716,52,0.38461538461538464,0.6153846153846154
Denmark,2026-03-25,-0.07420053360345094,0.0,0.27821452932272,37,0.35135135135135137,0.6486486486486487
Denmark,2026-03-26,-0.1562256369975629,0.0,0.25386536283127,53,0.22641509433962265,0.7358490566037735
Denmark,2026-03-27,-0.18137082960036874,0.0,0.34826888958765445,24,0.2916666666666667,0.7083333333333334
Denmark,2026-03-28,-0.068948470649455,0.0,0.2322849590553342,10,0.4,0.6
Denmark,2026-03-29,-0.18939173897131253,0.0,0.33768492251510956,14,0.35714285714285715,0.5714285714285714
Denmark,2026-03-30,-0.015665525797924896,0.0,0.5117509009965445,22,0.45454545454545453,0.5454545454545454
Denmark,2026-03-31,-0.07416774219850235,0.0,0.34214665061675065,24,0.2916666666666667,0.6666666666666666
Denmark,2026-04-01,-0.049525260372598016,0.0,0.3032513535592045,62,0.3870967741935484,0.5806451612903226
Denmark,2026-04-02,-0.07792418437705331,0.0,0.28110001354677167,44,0.2727272727272727,0.6590909090909091
Denmark,2026-04-03,-0.16425467267350768,0.0,0.2720220595890489,30,0.26666666666666666,0.7333333333333333
Denmark,2026-04-04,-0.11418296253635427,0.0,0.2679863054919706,21,0.2857142857142857,0.6666666666666666
Denmark,2026-04-05,-0.17447706281873987,0.0,0.43431179738218795,18,0.3333333333333333,0.6666666666666666
Denmark,2026-04-06,-0.0759793312521242,0.0,0.3178285831058547,22,0.45454545454545453,0.5
Denmark,2026-04-07,-0.10417332416927727,0.0,0.2933279930939852,34,0.23529411764705882,0.7647058823529411
Denmark,2026-04-08,-0.1896423769051047,0.0,0.2173446433462178,70,0.12857142857142856,0.8571428571428571
Denmark,2026-04-09,-0.1409245535995297,0.0,0.28565279912092706,51,0.27450980392156865,0.7058823529411765
Denmark,2026-04-10,-0.13893350446514877,0.0,0.24370879257641342,31,0.2903225806451613,0.7096774193548387
Denmark,2026-04-11,-0.1701349464652509,0.0,0.29675415372812103,31,0.2903225806451613,0.6774193548387096
Denmark,2026-04-12,-0.16075337584692287,0.0,0.23098028505220086,22,0.18181818181818182,0.7727272727272727
Denmark,2026-04-13,-0.003929734280231868,0.0,0.42072389908011043,42,0.5,0.5
Denmark,2026-04-14,-0.10542199315690653,0.0,0.321158062890035,37,0.32432432432432434,0.6486486486486487
Denmark,2026-04-15,-0.06118403279318637,0.0,0.39420050997911743,35,0.4,0.5428571428571428
Denmark,2026-04-16,-0.13011315807887683,0.0,0.3315089875327269,44,0.4772727272727273,0.5
Denmark,2026-04-17,-0.12639943843920146,0.0,0.31506500722288366,39,0.28205128205128205,0.6666666666666666
Denmark,2026-04-18,0.016916735143264344,0.0,0.34734623418414334,17,0.5882352941176471,0.35294117647058826
Denmark,2026-04-19,-0.2770537191380292,0.0,0.19253976100710693,12,0.08333333333333333,0.9166666666666666
Denmark,2026-04-20,-0.162018729408573,0.0,0.2365757144037342,21,0.19047619047619047,0.7142857142857143
Denmark,2026-04-21,0.05251821591078696,0.0,0.2981135843806861,35,0.5142857142857142,0.4857142857142857
Denmark,2026-04-22,-0.024943568776979643,0.0,0.3258603616236511,32,0.5625,0.40625
Denmark,2026-04-23,-0.00510382212014057,0.0,0.37122241153825764,39,0.358974358974359,0.6153846153846154
Denmark,2026-04-24,-0.09716114357222601,0.0,0.36951317209029616,38,0.34210526315789475,0.6052631578947368
Denmark,2026-04-25,0.014117043395133004,0.0,0.26366946833264093,17,0.47058823529411764,0.5294117647058824
Denmark,2026-04-26,-0.1907661010637346,0.0,0.29255272151434214,16,0.25,0.6875
Denmark,2026-04-27,-0.03294382881818871,0.0,0.28384377303299246,24,0.375,0.5833333333333334
Denmark,2026-04-28,-0.03862331157097534,0.0,0.30113921778296676,23,0.391304347826087,0.5652173913043478
Denmark,2026-04-29,-0.012878909118364057,0.0,0.3109222733968113,48,0.5,0.4375
Denmark,2026-04-30,-0.039355225517007195,0.0,0.34718639010470953,45,0.4222222222222222,0.5555555555555556
Denmark,2026-05-01,-0.073601233562284,0.0,0.3384672746626449,309,0.4110032362459547,0.5825242718446602
Germany,2019-01-01,-0.3012688859872329,0.0,0.3983879125774047,20,0.25,0.75
Germany,2019-01-02,-0.2502851734424059,0.0,0.25342338081430393,37,0.13513513513513514,0.8378378378378378
Germany,2019-01-03,-0.19435961708617672,0.0,0.30445441554605296,34,0.23529411764705882,0.7352941176470589
Germany,2019-01-04,-0.04368246045468758,0.0,0.28044547673522163,41,0.4634146341463415,0.5365853658536586
Germany,2019-01-05,-0.05651425556438346,0.0,0.23526093310158103,20,0.4,0.55
Germany,2019-01-06,-0.09135825046816878,0.0,0.23828926556794708,22,0.36363636363636365,0.6363636363636364
Germany,2019-01-07,-0.02769535916996241,0.0,0.33640754489581676,28,0.42857142857142855,0.5357142857142857
Germany,2019-01-08,-0.1690743331708023,0.0,0.3422378276819253,42,0.2619047619047619,0.7142857142857143
Germany,2019-01-09,-0.08416063021892183,0.0,0.23949458790244432,38,0.34210526315789475,0.6578947368421053
Germany,2019-01-10,-0.01908813430350519,0.0,0.26125296743919774,41,0.4634146341463415,0.4878048780487805
Germany,2019-01-11,-0.13010876011803993,0.0,0.24779729845772822,30,0.3,0.7
Germany,2019-01-12,-0.015532212345608643,0.0,0.2845884115478073,17,0.5294117647058824,0.4117647058823529
Germany,2019-01-13,-0.21723751694592058,0.0,0.2970394214299137,16,0.375,0.625
Germany,2019-01-14,-0.10159927561635221,0.0,0.24255217802113402,26,0.2692307692307692,0.6538461538461539
Germany,2019-01-15,-0.18814709106096267,0.0,0.2846082455100611,32,0.21875,0.78125
Germany,2019-01-16,-0.0015671175900500794,0.0,0.26419463190888326,27,0.48148148148148145,0.4444444444444444
Germany,2019-01-17,-0.11444717399582004,0.0,0.3124921298932744,29,0.3448275862068966,0.6551724137931034
Germany,2019-01-18,-0.12637538154919378,0.0,0.2604791481681559,39,0.28205128205128205,0.6666666666666666
Germany,2019-01-19,0.04285332915191185,0.0,0.16847572704145225,15,0.4666666666666667,0.5333333333333333
Germany,2019-01-20,-0.14101640250726688,0.0,0.35548662135680015,19,0.42105263157894735,0.5789473684210527
Germany,2019-01-21,-0.09136944894172366,0.0,0.3449893951409845,44,0.38636363636363635,0.5909090909090909
Germany,2019-01-22,-0.039412447979911065,0.0,0.280976808370711,36,0.5277777777777778,0.4722222222222222
Germany,2019-01-23,-0.09613855532158198,0.0,0.2621660482395866,26,0.38461538461538464,0.5769230769230769
Germany,2019-01-24,-0.17974275190656291,0.0,0.2880404378245942,44,0.25,0.75
Germany,2019-01-25,-0.08896228926197483,0.0,0.26148296306069646,39,0.358974358974359,0.5897435897435898
Germany,2019-01-26,-0.03132248418768133,0.0,0.19418270014933015,24,0.375,0.5833333333333334
Germany,2019-01-27,-0.1226811360192428,0.0,0.29272588775803354,32,0.28125,0.625
Germany,2019-01-28,-0.16503072250916012,0.0,0.2718894195383839,56,0.2857142857142857,0.6785714285714286
Germany,2019-01-29,-0.12954454099491847,0.0,0.22840350476780527,41,0.3170731707317073,0.6585365853658537
Germany,2019-01-30,-0.113697420770994,0.0,0.2764584415118261,43,0.3488372093023256,0.6046511627906976
Germany,2019-01-31,-0.13539870840256066,0.0,0.2780888780286771,42,0.3333333333333333,0.6428571428571429
Germany,2019-02-01,-0.09742301503486732,0.0,0.3290913799170385,53,0.39622641509433965,0.5660377358490566
Germany,2019-02-02,-0.15080253631380236,0.0,0.1918948272586583,19,0.2631578947368421,0.6842105263157895
Germany,2019-02-03,-0.10968838310363507,0.0,0.22788095482165016,23,0.34782608695652173,0.6086956521739131
Germany,2019-02-04,-0.13382969056002658,0.0,0.2980753310878739,36,0.25,0.7222222222222222
Germany,2019-02-05,-0.014093646743716335,0.0,0.2834703759739579,52,0.5,0.5
Germany,2019-02-06,-0.09226445907483337,0.0,0.30673905697494724,36,0.4722222222222222,0.5
Germany,2019-02-07,-0.05600080873965624,0.0,0.28230205225824007,48,0.3958333333333333,0.5833333333333334
Germany,2019-02-08,-0.0579836658522161,0.0,0.27190401228681954,52,0.4230769230769231,0.5769230769230769
Germany,2019-02-09,-0.06364086911301442,0.0,0.25625995693841186,27,0.37037037037037035,0.5555555555555556
Germany,2019-02-10,-0.2957327679384283,0.0,0.37662709179652226,16,0.1875,0.8125
Germany,2019-02-11,-0.05567810148914819,0.0,0.2777238480080118,49,0.3469387755102041,0.6326530612244898
Germany,2019-02-12,-0.02072165535799289,0.0,0.29755323036658254,29,0.41379310344827586,0.5862068965517241
Germany,2019-02-13,-0.07647004147355622,0.0,0.2567780717393521,40,0.35,0.625
Germany,2019-02-14,-0.06454326567285895,0.0,0.2667931395676225,46,0.41304347826086957,0.5434782608695652
Germany,2019-02-15,-0.026958308528490692,0.0,0.3291260661583816,40,0.4,0.575
Germany,2019-02-16,-0.13068472471707088,0.0,0.30647635087532565,40,0.25,0.675
Germany,2019-02-17,-0.07877005762054906,0.0,0.262063968381875,23,0.30434782608695654,0.6956521739130435
Germany,2019-02-18,-0.0695332386794493,0.0,0.3690377952496186,34,0.3235294117647059,0.6176470588235294
Germany,2019-02-19,-0.011789266163897234,0.0,0.28640397688105823,39,0.5128205128205128,0.46153846153846156
Germany,2019-02-20,-0.12841394562763112,0.0,0.3026046784348704,33,0.2727272727272727,0.696969696969697
Germany,2019-02-21,-0.05566063325252183,0.0,0.30366583667540886,36,0.3888888888888889,0.5277777777777778
Germany,2019-02-22,-0.045195030070597435,0.0,0.24490981857954294,43,0.3953488372093023,0.5581395348837209
Germany,2019-02-23,-0.06095586622748224,0.0,0.25402102226372364,23,0.391304347826087,0.5652173913043478
Germany,2019-02-24,-0.07975848099594772,0.0,0.3141478676036181,18,0.3333333333333333,0.6666666666666666
Germany,2019-02-25,0.027945003156978794,0.0,0.2862658481262301,35,0.5428571428571428,0.42857142857142855
Germany,2019-02-26,-0.11250289166493091,0.0,0.27695142403664286,35,0.3142857142857143,0.6571428571428571
Germany,2019-02-27,-0.0766694552773819,0.0,0.3085704230320277,34,0.4117647058823529,0.5588235294117647
Germany,2019-02-28,-0.11579570089248034,0.0,0.3164070038167724,41,0.36585365853658536,0.6341463414634146
Germany,2019-03-01,-0.047867696505959574,0.0,0.2730488374102575,39,0.4358974358974359,0.5384615384615384
Germany,2019-03-02,-0.1746272986803816,0.0,0.28645474670670756,22,0.22727272727272727,0.7727272727272727
Germany,2019-03-03,0.07941596355640143,0.0,0.2630007612169413,17,0.5882352941176471,0.4117647058823529
Germany,2019-03-04,-0.0012575741491141976,0.0,0.3147863772619597,24,0.4166666666666667,0.4583333333333333
Germany,2019-03-05,-0.05457655987352643,0.0,0.3280507250461663,40,0.475,0.5
Germany,2019-03-06,-0.09449751571471252,0.0,0.27400875427580845,45,0.3111111111111111,0.6888888888888889
Germany,2019-03-07,-0.13097986944475923,0.0,0.37672386702866284,43,0.46511627906976744,0.5348837209302325
Germany,2019-03-08,-0.12284480241723998,0.0,0.2755139267341204,38,0.34210526315789475,0.631578947368421
Germany,2019-03-09,-0.18524383008932208,0.0,0.23913828381217092,24,0.125,0.875
Germany,2019-03-10,-0.08853011606982644,0.0,0.37474166317565544,25,0.32,0.68
Germany,2019-03-11,-0.0755079867047513,0.0,0.25432239862831135,35,0.3142857142857143,0.6571428571428571
Germany,2019-03-12,-0.12621313852749397,0.0,0.28617938610572247,39,0.3333333333333333,0.6666666666666666
Germany,2019-03-13,-0.1764918778911253,0.0,0.30941358281878845,44,0.3409090909090909,0.6590909090909091
Germany,2019-03-14,-0.10049006105975593,0.0,0.3156694448271579,43,0.3953488372093023,0.5813953488372093
Germany,2019-03-15,-0.026243820747378504,0.0,0.3100533940297314,39,0.48717948717948717,0.48717948717948717
Germany,2019-03-16,-0.1702688587579988,0.0,0.23406595957656307,20,0.25,0.7
Germany,2019-03-17,-0.09980570969320811,0.0,0.3342370569429463,13,0.15384615384615385,0.7692307692307693
Germany,2019-03-18,-0.07293328020639907,0.0,0.30444323158721576,35,0.4857142857142857,0.4857142857142857
Germany,2019-03-19,-0.05846641499600452,0.0,0.420244728325659,33,0.48484848484848486,0.48484848484848486
Germany,2019-03-20,-0.06281182864936781,0.0,0.3136859244089652,47,0.3617021276595745,0.5531914893617021
Germany,2019-03-21,-0.0035371592489027793,0.0,0.3015804479442268,42,0.5,0.4523809523809524
Germany,2019-03-22,-0.04632790168686708,0.0,0.34050775232566516,32,0.4375,0.5
Germany,2019-03-23,-0.022376727509389883,0.0,0.2674101636406303,25,0.44,0.56
Germany,2019-03-24,-0.07737927056719089,0.0,0.3133845010891068,14,0.5714285714285714,0.42857142857142855
Germany,2019-03-25,-0.1231329370638687,0.0,0.24111534139082977,28,0.35714285714285715,0.5714285714285714
Germany,2019-03-26,-0.16397167298574553,0.0,0.23364952368886674,37,0.1891891891891892,0.8108108108108109
Germany,2019-03-27,-0.013408354596466825,0.0,0.28004869636439766,32,0.40625,0.5625
Germany,2019-03-28,0.045632015854385546,0.0,0.286595841231076,40,0.525,0.4
Germany,2019-03-29,-0.053594005007062365,0.0,0.26977515014855863,42,0.5,0.47619047619047616
Germany,2019-03-30,-0.0313064737657877,0.0,0.31424397820242617,26,0.5,0.5
Germany,2019-03-31,-0.10909173924107314,0.0,0.30148337826028915,17,0.47058823529411764,0.5294117647058824
Germany,2019-04-01,-0.049279337448572554,0.0,0.31333732221075944,37,0.35135135135135137,0.6486486486486487
Germany,2019-04-02,-0.07892490720859913,0.0,0.21322349458242953,28,0.35714285714285715,0.5714285714285714
Germany,2019-04-03,0.019026983119836128,0.0,0.2421206938201136,43,0.5581395348837209,0.4418604651162791
Germany,2019-04-04,0.001104013059536506,0.0,0.33088537129996226,38,0.3157894736842105,0.6578947368421053
Germany,2019-04-05,-0.09547225236096393,0.0,0.32389133023777505,32,0.34375,0.625
Germany,2019-04-06,-0.08225448091205324,0.0,0.2863379791035064,29,0.3793103448275862,0.5862068965517241
Germany,2019-04-07,-0.02968466336177634,0.0,0.3411521915248037,21,0.42857142857142855,0.5714285714285714
Germany,2019-04-08,0.03183368476773417,0.0,0.29760899693066156,51,0.49019607843137253,0.5098039215686274
Germany,2019-04-09,-0.057605547163446784,0.0,0.2964921304199881,46,0.45652173913043476,0.5217391304347826
Germany,2019-04-10,-0.009808015832676356,0.0,0.2684462184658753,30,0.4,0.5666666666666667
Germany,2019-04-11,-0.034232088979322325,0.0,0.3532166324660893,30,0.5,0.5
Germany,2019-04-12,-0.006740889829041927,0.0,0.26588602231409003,37,0.4594594594594595,0.43243243243243246
Germany,2019-04-13,0.032704604831058505,0.0,0.24116730056958893,26,0.46153846153846156,0.46153846153846156
Germany,2019-04-14,-0.12983976836293007,0.0,0.2591067867669745,18,0.2777777777777778,0.6666666666666666
Germany,2019-04-15,-0.016083412000121533,0.0,0.35052077829062395,24,0.5833333333333334,0.4166666666666667
Germany,2019-04-16,-0.03261746133978537,0.0,0.22347331754046373,38,0.39473684210526316,0.5526315789473685
Germany,2019-04-17,-0.030095904532729232,0.0,0.2728193839154678,46,0.45652173913043476,0.5434782608695652
Germany,2019-04-18,-0.10274007923947645,0.0,0.3525596765921388,33,0.45454545454545453,0.5454545454545454
Germany,2019-04-19,-0.13567876320390795,0.0,0.33393200997613665,24,0.4166666666666667,0.5833333333333334
Germany,2019-04-20,-0.025568533183293073,0.0,0.2549733316082695,17,0.17647058823529413,0.7058823529411765
Germany,2019-04-21,-0.14252916449806693,0.0,0.2700133946141345,26,0.19230769230769232,0.8076923076923077
Germany,2019-04-22,-0.005741786307490833,0.0,0.3402089142353089,39,0.4358974358974359,0.5641025641025641
Germany,2019-04-23,-0.09944642990521767,0.0,0.32554641498243747,30,0.36666666666666664,0.6333333333333333
Germany,2019-04-24,-0.10219057225683897,0.0,0.36673084459738425,44,0.38636363636363635,0.6136363636363636
Germany,2019-04-25,-0.13895714068010326,0.0,0.3299105429558587,42,0.35714285714285715,0.6428571428571429
Germany,2019-04-26,-0.19052544172751276,0.0,0.24015195007158952,38,0.23684210526315788,0.7631578947368421
Germany,2019-04-27,-0.12124302186013727,0.0,0.3551931470093205,14,0.35714285714285715,0.5714285714285714
Germany,2019-04-28,0.013849115978661385,0.0,0.3867148332057896,28,0.5,0.5
Germany,2019-04-29,-0.021282585645689498,0.0,0.25798533347754105,40,0.425,0.55
Germany,2019-04-30,-0.06176058124715226,0.0,0.29518437062142633,51,0.35294117647058826,0.6078431372549019
Germany,2019-05-01,-0.0475671965660065,0.0,0.2273207545307242,28,0.35714285714285715,0.6428571428571429
Germany,2019-05-02,-0.08470202547029479,0.0,0.3000506459254707,20,0.5,0.4
Germany,2019-05-03,-0.14018594564480888,0.0,0.3107318789041272,22,0.3181818181818182,0.6363636363636364
Germany,2019-05-04,-0.08350595973305044,0.0,0.16956380168874716,19,0.2631578947368421,0.7368421052631579
Germany,2019-05-05,-0.043561706736125125,0.0,0.26028657689757795,20,0.45,0.55
Germany,2019-05-06,-0.11315787264105942,0.0,0.2956024203009987,34,0.23529411764705882,0.7647058823529411
Germany,2019-05-07,-0.05214417268116436,0.0,0.28950458003722845,38,0.39473684210526316,0.5789473684210527
Germany,2019-05-08,-0.14942808134545424,0.0,0.2704026444424268,50,0.28,0.72
Germany,2019-05-09,-0.1700599944636327,0.0,0.36293514467668064,41,0.2682926829268293,0.6585365853658537
Germany,2019-05-10,-0.06698334626654384,0.0,0.2502427052881408,43,0.37209302325581395,0.5581395348837209
Germany,2019-05-11,-0.07140717843653369,0.0,0.25334601035157606,18,0.3888888888888889,0.6111111111111112
Germany,2019-05-12,-0.22881913205447552,0.0,0.2892412474553701,18,0.2222222222222222,0.7777777777777778
Germany,2019-05-13,-0.12333252855842226,0.0,0.2964547151703501,43,0.37209302325581395,0.627906976744186
Germany,2019-05-14,-0.05289443943568215,0.0,0.2871843791278574,32,0.40625,0.53125
Germany,2019-05-15,-0.03489824299977879,0.0,0.29445777813475404,38,0.39473684210526316,0.5263157894736842
Germany,2019-05-16,-0.12791639713088732,0.0,0.33905482660705244,36,0.3611111111111111,0.6388888888888888
Germany,2019-05-17,-0.0530588590065086,0.0,0.3107808305131322,28,0.35714285714285715,0.5714285714285714
Germany,2019-05-18,-0.06612047784206396,0.0,0.2271365930561793,14,0.35714285714285715,0.6428571428571429
Germany,2019-05-19,-0.03917788189764554,0.0,0.2998332631334253,23,0.43478260869565216,0.5217391304347826
Germany,2019-05-20,-0.09782038480384705,0.0,0.2904287818494607,41,0.34146341463414637,0.6585365853658537
Germany,2019-05-21,-0.05266227269494022,0.0,0.2838091741004907,38,0.39473684210526316,0.5789473684210527
Germany,2019-05-22,-0.019885520745473624,0.0,0.2776222104173968,41,0.43902439024390244,0.5121951219512195
Germany,2019-05-23,-0.0459717913897849,0.0,0.2942912564560081,41,0.4146341463414634,0.5853658536585366
Germany,2019-05-24,-0.015047194582173884,0.0,0.3575695826935571,27,0.4074074074074074,0.5555555555555556
Germany,2019-05-25,-0.13990290045695705,0.0,0.30092030703215156,25,0.28,0.64
Germany,2019-05-26,-0.0480369713619434,0.0,0.2890067798870862,25,0.32,0.56
Germany,2019-05-27,-0.12335790381194033,0.0,0.30250454629255136,53,0.41509433962264153,0.5471698113207547
Germany,2019-05-28,-0.1218726788154787,0.0,0.3556916380373891,48,0.4375,0.5208333333333334
Germany,2019-05-29,-0.17757662616998326,0.0,0.2677164836107172,27,0.2962962962962963,0.7037037037037037
Germany,2019-05-30,0.05269378788340086,0.0,0.2699988497618473,27,0.7037037037037037,0.2962962962962963
Germany,2019-05-31,0.011176035470461714,0.0,0.3129025195693383,42,0.5476190476190477,0.4523809523809524
Germany,2019-06-01,-0.03713161363628857,0.0,0.27906322370376535,27,0.37037037037037035,0.6296296296296297
Germany,2019-06-02,-0.25886507961655,0.0,0.36647743695769397,18,0.2777777777777778,0.7222222222222222
Germany,2019-06-03,-0.005821050806577381,0.0,0.3092357013551396,34,0.4411764705882353,0.5294117647058824
Germany,2019-06-04,-0.0653297839689033,0.0,0.34537866515539645,35,0.42857142857142855,0.5428571428571428
Germany,2019-06-05,-0.06832388306564278,0.0,0.30125783249907384,36,0.4722222222222222,0.5277777777777778
Germany,2019-06-06,-0.09433576707368661,0.0,0.2293760332076972,48,0.3125,0.6875
Germany,2019-06-07,-0.07166211042641997,0.0,0.2766939229315096,39,0.3333333333333333,0.6410256410256411
Germany,2019-06-08,-0.02709706175818076,0.0,0.29773683189438843,34,0.4411764705882353,0.5294117647058824
Germany,2019-06-09,-0.07479871164290869,0.0,0.2834269900742178,27,0.48148148148148145,0.48148148148148145
Germany,2019-06-10,-0.16768195313108405,0.0,0.2885008667265352,30,0.26666666666666666,0.7
Germany,2019-06-11,0.0027982408389959036,0.0,0.22744736144177688,33,0.36363636363636365,0.5454545454545454
Germany,2019-06-12,-0.0443940789312502,0.0,0.26386869790012074,26,0.38461538461538464,0.5769230769230769
Germany,2019-06-13,-0.1839719100345426,0.0,0.3279770856376975,37,0.2702702702702703,0.7297297297297297
Germany,2019-06-14,-0.204055615516301,0.0,0.28058079069951675,40,0.25,0.75
Germany,2019-06-15,-0.19282694037866346,0.0,0.25030645546959795,16,0.1875,0.75
Germany,2019-06-16,-0.11349100799010436,0.0,0.34357352964993043,12,0.5,0.5
Germany,2019-06-17,-0.09284613628008616,0.0,0.3685313228329157,41,0.3170731707317073,0.6829268292682927
Germany,2019-06-18,-0.13920663961469065,0.0,0.2734144668502554,41,0.3170731707317073,0.6829268292682927
Germany,2019-06-19,-0.049325594773488246,0.0,0.32630006007123247,40,0.5,0.5
Germany,2019-06-20,-0.11685777693234123,0.0,0.32656013337143486,32,0.375,0.59375
Germany,2019-06-21,-0.09826561138533954,0.0,0.2533474667034937,51,0.35294117647058826,0.6274509803921569
Germany,2019-06-22,-0.15806269508881887,0.0,0.30983164990784623,25,0.32,0.68
Germany,2019-06-23,-0.20876779317285105,0.0,0.2927352965659815,20,0.25,0.75
Germany,2019-06-24,-0.10363121816017774,0.0,0.31669113617542394,42,0.2857142857142857,0.5952380952380952
Germany,2019-06-25,-0.15860493981751742,0.0,0.31266423601823057,38,0.2894736842105263,0.7105263157894737
Germany,2019-06-26,-0.16825611139332763,0.0,0.27359527046784293,56,0.25,0.7321428571428571
Germany,2019-06-27,-0.09494041343418505,0.0,0.26432827605278075,37,0.3783783783783784,0.6216216216216216
Germany,2019-06-28,-0.16729487560756343,0.0,0.26764388631437863,34,0.17647058823529413,0.7941176470588235
Germany,2019-06-29,-0.16955336692044293,0.0,0.34060777348942056,34,0.23529411764705882,0.7647058823529411
Germany,2019-06-30,-0.030207562076715783,0.0,0.2397015175305155,17,0.47058823529411764,0.5294117647058824
Germany,2019-07-01,-0.1387894556453499,0.0,0.2985092710765676,49,0.30612244897959184,0.6938775510204082
Germany,2019-07-02,-0.2077421383895837,0.0,0.347974850823131,44,0.25,0.7045454545454546
Germany,2019-07-03,-0.08939527704953311,0.0,0.23247287570160347,38,0.2631578947368421,0.6578947368421053
Germany,2019-07-04,-0.11565303123598776,0.0,0.32082701927326923,27,0.37037037037037035,0.5925925925925926
Germany,2019-07-05,-0.03380032615751788,0.0,0.27356910593714134,37,0.5135135135135135,0.43243243243243246
Germany,2019-07-06,-0.30108510469850225,0.0,0.32793544336392727,20,0.2,0.75
Germany,2019-07-07,-0.28470611632213466,0.0,0.23590987986877016,21,0.14285714285714285,0.8095238095238095
Germany,2019-07-08,-0.07584383698788257,0.0,0.2747585593890734,36,0.3333333333333333,0.6666666666666666
Germany,2019-07-09,-0.13782359176457182,0.0,0.3132254815303895,25,0.32,0.68
Germany,2019-07-10,-0.1286346131441965,0.0,0.2850966624296685,52,0.28846153846153844,0.6730769230769231
Germany,2019-07-11,-0.09305552606568991,0.0,0.285793542547375,50,0.32,0.64
Germany,2019-07-12,0.05080250005060987,0.0,0.2525064072808665,33,0.6363636363636364,0.36363636363636365
Germany,2019-07-13,-0.09475562764767265,0.0,0.23067180436538276,15,0.2,0.8
Germany,2019-07-14,-0.11728303103127856,0.0,0.2302648964173659,15,0.3333333333333333,0.6666666666666666
Germany,2019-07-15,-0.178795613067733,0.0,0.29853156568216693,36,0.2777777777777778,0.7222222222222222
Germany,2019-07-16,-0.043821043616487844,0.0,0.22959266871766615,41,0.4146341463414634,0.5365853658536586
Germany,2019-07-17,-0.03832661093460712,0.0,0.35462157385789966,33,0.5151515151515151,0.45454545454545453
Germany,2019-07-18,-0.10802890400520082,0.0,0.3375168667885701,42,0.35714285714285715,0.6428571428571429
Germany,2019-07-19,-0.17424479329694326,0.0,0.23665177686538494,37,0.2702702702702703,0.6756756756756757
Germany,2019-07-20,-0.011184696762957805,0.0,0.31049787541180934,21,0.5238095238095238,0.47619047619047616
Germany,2019-07-21,-0.23388147711295704,0.0,0.25133164524358975,21,0.23809523809523808,0.7619047619047619
Germany,2019-07-22,-0.11628132656360375,0.0,0.3958905740639835,23,0.13043478260869565,0.6956521739130435
Germany,2019-07-23,-0.09912666005704018,0.0,0.2481905771868374,42,0.38095238095238093,0.5714285714285714
Germany,2019-07-24,-0.14026150416846406,0.0,0.29308260646536916,31,0.25806451612903225,0.7096774193548387
Germany,2019-07-25,-0.09726104250321184,0.0,0.28838693564596446,36,0.3055555555555556,0.6666666666666666
Germany,2019-07-26,-0.08190636831118972,0.0,0.3050340280217117,37,0.3783783783783784,0.6216216216216216
Germany,2019-07-27,-0.18112238332804398,0.0,0.2799477862371024,19,0.2631578947368421,0.7368421052631579
Germany,2019-07-28,-0.18930052318594226,0.0,0.30900781248918563,19,0.21052631578947367,0.7894736842105263
Germany,2019-07-29,-0.12058183144383709,0.0,0.2821036955511319,35,0.37142857142857144,0.6
Germany,2019-07-30,-0.10770051337487135,0.0,0.2717024966195438,36,0.4166666666666667,0.5277777777777778
Germany,2019-07-31,-0.031092938814271064,0.0,0.28063194229984195,29,0.3103448275862069,0.6896551724137931
Germany,2019-08-01,-0.07418878006159069,0.0,0.3010065819752346,26,0.38461538461538464,0.5769230769230769
Germany,2019-08-02,-0.046579326883100056,0.0,0.28203203634605684,32,0.46875,0.53125
Germany,2019-08-03,-0.15784868150242362,0.0,0.42505005292037995,22,0.4090909090909091,0.5909090909090909
Germany,2019-08-04,-0.004340049664033063,0.0,0.1867739258648317,15,0.5333333333333333,0.4666666666666667
Germany,2019-08-05,0.0452832902110451,0.0,0.26278748675271574,34,0.5882352941176471,0.4117647058823529
Germany,2019-08-06,-0.1676103282942962,0.0,0.3290906515789888,34,0.3235294117647059,0.6470588235294118
Germany,2019-08-07,-0.10819726242823428,0.0,0.30759065092865523,40,0.325,0.6
Germany,2019-08-08,-0.18765884918920328,0.0,0.28980919518078646,39,0.3076923076923077,0.6923076923076923
Germany,2019-08-09,-0.10578213841567612,0.0,0.3056402727070218,43,0.3953488372093023,0.6046511627906976
Germany,2019-08-10,-0.09618232883372653,0.0,0.22176659574144217,18,0.2777777777777778,0.6666666666666666
Germany,2019-08-11,-0.16424807450815643,0.0,0.2813979819867849,10,0.3,0.7
Germany,2019-08-12,-0.1334567840360539,0.0,0.29493838898519315,27,0.25925925925925924,0.7407407407407407
Germany,2019-08-13,-0.10424182073326484,0.0,0.28482380877050884,33,0.42424242424242425,0.5454545454545454
Germany,2019-08-14,-0.11804954455184949,0.0,0.29584115357666946,41,0.36585365853658536,0.6097560975609756
Germany,2019-08-15,-0.12874170400213084,0.0,0.21823265874215672,42,0.2619047619047619,0.6904761904761905
Germany,2019-08-16,-0.14930219536846326,0.0,0.3042020697864803,35,0.2857142857142857,0.6571428571428571
Germany,2019-08-17,-0.1192152821576024,0.0,0.24856599020957706,14,0.2857142857142857,0.7142857142857143
Germany,2019-08-18,-0.21159311424199767,0.0,0.24581652500851067,17,0.11764705882352941,0.8235294117647058
Germany,2019-08-19,-0.15653463196558287,0.0,0.247564389119636,30,0.23333333333333334,0.7333333333333333
Germany,2019-08-20,-0.07117918444863268,0.0,0.37716472019151426,26,0.3076923076923077,0.6538461538461539
Germany,2019-08-21,-0.2023194400563281,0.0,0.234652996266236,24,0.25,0.7083333333333334
Germany,2019-08-22,-0.1552770436677875,0.0,0.3911873161765125,36,0.3055555555555556,0.6111111111111112
Germany,2019-08-23,-0.16988522871693595,0.0,0.3719123904172094,56,0.3392857142857143,0.6428571428571429
Germany,2019-08-24,-0.1459175275523365,0.0,0.2127380379621625,46,0.21739130434782608,0.782608695652174
Germany,2019-08-25,-0.1049594386442882,0.0,0.20049498756243322,31,0.3225806451612903,0.6451612903225806
Germany,2019-08-26,-0.10619368404443384,0.0,0.22405309811531732,55,0.32727272727272727,0.6181818181818182
Germany,2019-08-27,-0.010889445810117014,0.0,0.26281530069195685,37,0.43243243243243246,0.5675675675675675
Germany,2019-08-28,-0.07073032333867571,0.0,0.23822422115197717,43,0.3023255813953488,0.6511627906976745
Germany,2019-08-29,-0.024799148719751116,0.0,0.2633538899773428,40,0.5,0.475
Germany,2019-08-30,-0.11542836938154188,0.0,0.3119416737599539,33,0.42424242424242425,0.5454545454545454
Germany,2019-08-31,-0.08640352061036034,0.0,0.3018595480896986,21,0.42857142857142855,0.5714285714285714
Germany,2019-09-01,-0.0022277090406388274,0.0,0.29718880699777334,19,0.47368421052631576,0.5263157894736842
Germany,2019-09-02,-0.08576858162724581,0.0,0.3112467579787297,31,0.3870967741935484,0.6129032258064516
Germany,2019-09-03,-0.04790412132581726,0.0,0.2229013326717048,32,0.4375,0.5625
Germany,2019-09-04,-0.07266576339754309,0.0,0.2588192376249334,41,0.2926829268292683,0.7073170731707317
Germany,2019-09-05,-0.08573767244594256,0.0,0.21565933928052433,24,0.2916666666666667,0.625
Germany,2019-09-06,-0.06984929897280047,0.0,0.23792884035446493,42,0.40476190476190477,0.5476190476190477
Germany,2019-09-07,0.112160298435642,0.0,0.1788208670644407,19,0.7368421052631579,0.21052631578947367
Germany,2019-09-08,-0.0004097633414702532,0.0,0.22378157990242903,23,0.5217391304347826,0.391304347826087
Germany,2019-09-09,-0.02704342360912266,0.0,0.23813739623575111,26,0.34615384615384615,0.6153846153846154
Germany,2019-09-10,-0.007423316896357302,0.0,0.239606365739309,25,0.44,0.48
Germany,2019-09-11,-0.16644566360961016,0.0,0.30359363069284573,25,0.32,0.6
Germany,2019-09-12,-0.14581152424167781,0.0,0.28271091135818166,30,0.2,0.7
Germany,2019-09-13,-0.10071094626569539,0.0,0.22499250591630118,33,0.3333333333333333,0.6363636363636364
Germany,2019-09-14,-0.06526337824836478,0.0,0.22949894098795437,27,0.2962962962962963,0.5925925925925926
Germany,2019-09-15,-0.09391071177770786,0.0,0.24697564393368385,18,0.2222222222222222,0.7222222222222222
Germany,2019-09-16,-0.1194630762456944,0.0,0.2750727743947585,36,0.4166666666666667,0.5833333333333334
Germany,2019-09-17,-0.15146601052327122,0.0,0.31733556685796865,37,0.35135135135135137,0.6216216216216216
Germany,2019-09-18,-0.11097834460930327,0.0,0.3124817099335073,39,0.28205128205128205,0.6153846153846154
Germany,2019-09-19,-0.0634213529227086,0.0,0.269306962838308,34,0.35294117647058826,0.5882352941176471
Germany,2019-09-20,-0.080795989751612,0.0,0.2712314098331958,50,0.36,0.64
Germany,2019-09-21,0.027971340481513594,0.0,0.288067155582627,18,0.4444444444444444,0.5555555555555556
Germany,2019-09-22,-0.044169698642086516,0.0,0.30344854276798755,27,0.2222222222222222,0.7407407407407407
Germany,2019-09-23,-0.11576989366415194,0.0,0.2510587975175327,59,0.2711864406779661,0.6949152542372882
Germany,2019-09-24,-0.19050805110701272,0.0,0.27070641034255205,73,0.1917808219178082,0.7808219178082192
Germany,2019-09-25,-0.1518948940734432,0.0,0.30833808530960044,61,0.26229508196721313,0.6885245901639344
Germany,2019-09-26,-0.1312719578418158,0.0,0.33809737973886955,30,0.3333333333333333,0.6666666666666666
Germany,2019-09-27,-0.07002319065284843,0.0,0.25559368581217845,40,0.4,0.6
Germany,2019-09-28,-0.09805104262385621,0.0,0.3618476045481865,16,0.4375,0.5
Germany,2019-09-29,-0.010089327158085144,0.0,0.2605224799000822,25,0.56,0.44
Germany,2019-09-30,-0.012069092860479861,0.0,0.3048798703776982,40,0.425,0.55
Germany,2019-10-01,-0.03920275545190356,0.0,0.2453848180378069,33,0.42424242424242425,0.5757575757575758
Germany,2019-10-02,-0.09810154912744784,0.0,0.23973210618783794,53,0.3018867924528302,0.6226415094339622
Germany,2019-10-03,-0.06461771548022961,0.0,0.33456711882281476,38,0.42105263157894735,0.5526315789473685
Germany,2019-10-04,-0.14527680674327262,0.0,0.4009916729059417,37,0.32432432432432434,0.6486486486486487
Germany,2019-10-05,-0.17604279167757064,0.0,0.3061895071250988,19,0.3157894736842105,0.5789473684210527
Germany,2019-10-06,-0.07043980069717701,0.0,0.3117873059346753,15,0.4,0.6
Germany,2019-10-07,-0.19658020293935552,0.0,0.4162149467691972,39,0.3333333333333333,0.6666666666666666
Germany,2019-10-08,-0.1961881339450599,0.0,0.35022934672193845,37,0.32432432432432434,0.6216216216216216
Germany,2019-10-09,-0.07820784654882462,0.0,0.2878757416075919,42,0.35714285714285715,0.6190476190476191
Germany,2019-10-10,0.04448596665216186,0.0,0.3285560483940037,46,0.5,0.43478260869565216
Germany,2019-10-11,-0.018470059770484493,0.0,0.30324483313290895,48,0.4583333333333333,0.4791666666666667
Germany,2019-10-12,-0.08733930531788832,0.0,0.29044752833719323,15,0.3333333333333333,0.6666666666666666
Germany,2019-10-13,-0.04550600555406688,0.0,0.3892683197819246,26,0.5384615384615384,0.4230769230769231
Germany,2019-10-14,0.07050579090392704,0.0,0.34547181800395993,38,0.5263157894736842,0.4473684210526316
Germany,2019-10-15,-0.05931874139760052,0.0,0.35679637726820557,42,0.40476190476190477,0.5952380952380952
Germany,2019-10-16,-0.015343489222334642,0.0,0.3248105338230006,30,0.4666666666666667,0.5333333333333333
Germany,2019-10-17,0.024117179686553906,0.0,0.3104115403526941,34,0.5294117647058824,0.47058823529411764
Germany,2019-10-18,-0.057829358344270686,0.0,0.3326528329008202,29,0.3793103448275862,0.6206896551724138
Germany,2019-10-19,-0.15572532408071263,0.0,0.3905602053477166,25,0.28,0.6
Germany,2019-10-20,-0.06491816424347507,0.0,0.3330252221528677,17,0.29411764705882354,0.5882352941176471
Germany,2019-10-21,-0.06095059075692308,0.0,0.24353937147555466,32,0.4375,0.5
Germany,2019-10-22,-0.05760713799296676,0.0,0.3022434629143466,31,0.3548387096774194,0.6451612903225806
Germany,2019-10-23,-0.06034268651289991,0.0,0.2871443925082781,29,0.41379310344827586,0.5517241379310345
Germany,2019-10-24,-0.060909244590444146,0.0,0.26582781482740864,43,0.3023255813953488,0.6511627906976745
Germany,2019-10-25,-0.05052527515765035,0.0,0.3141488043774539,37,0.3783783783783784,0.5945945945945946
Germany,2019-10-26,-0.08417956742998756,0.0,0.3365152055623773,21,0.3333333333333333,0.5714285714285714
Germany,2019-10-27,0.05530342948431647,0.0,0.327196097210079,18,0.5,0.5
Germany,2019-10-28,-0.03406783605630609,0.0,0.2824546396918099,29,0.4827586206896552,0.4827586206896552
Germany,2019-10-29,-0.005425477543646925,0.0,0.304679314217899,29,0.41379310344827586,0.5517241379310345
Germany,2019-10-30,-0.0639814498427568,0.0,0.2896352317718241,41,0.43902439024390244,0.5609756097560976
Germany,2019-10-31,-0.12967669810688315,0.0,0.26297305144077937,27,0.37037037037037035,0.6296296296296297
Germany,2019-11-01,-0.04486430660427433,0.0,0.2875198764915626,30,0.4666666666666667,0.5
Germany,2019-11-02,-0.2752916894474815,0.0,0.4018594172351576,17,0.17647058823529413,0.7647058823529411
Germany,2019-11-03,-0.0669095485028626,0.0,0.33576994722504255,13,0.38461538461538464,0.5384615384615384
Germany,2019-11-04,0.005812353134125102,0.0,0.30390386280156273,31,0.41935483870967744,0.5483870967741935
Germany,2019-11-05,-0.0533361422134714,0.0,0.2459889265848535,48,0.375,0.5833333333333334
Germany,2019-11-06,-0.024782161035913308,0.0,0.2968392741037223,34,0.4411764705882353,0.5588235294117647
Germany,2019-11-07,0.019808973044682827,0.0,0.2739480829403285,41,0.5121951219512195,0.4878048780487805
Germany,2019-11-08,0.0054649547353838755,0.0,0.3001362201938753,40,0.425,0.575
Germany,2019-11-09,-0.06928234546568011,0.0,0.25285578145180576,30,0.3,0.5666666666666667
Germany,2019-11-10,0.07463564875907444,0.0,0.25689741316370407,24,0.625,0.375
Germany,2019-11-11,-0.028002714827713642,0.0,0.34217213921620376,42,0.4523809523809524,0.5476190476190477
Germany,2019-11-12,-0.09211042762889228,0.0,0.34843866764199244,38,0.3684210526315789,0.5789473684210527
Germany,2019-11-13,-0.08958333612123745,0.0,0.32064350937149405,42,0.35714285714285715,0.5714285714285714
Germany,2019-11-14,-0.04315620930049581,0.0,0.319823455375915,41,0.36585365853658536,0.6097560975609756
Germany,2019-11-15,-0.10917539467964994,0.0,0.2891425860542057,40,0.325,0.675
Germany,2019-11-16,-0.04494318587420846,0.0,0.31359800172872937,13,0.46153846153846156,0.38461538461538464
Germany,2019-11-17,0.01577011421838184,0.0,0.26697391399809883,19,0.5789473684210527,0.3684210526315789
Germany,2019-11-18,-0.10846308639967031,0.0,0.2900028945929183,36,0.2777777777777778,0.7222222222222222
Germany,2019-11-19,-0.011017611965047856,0.0,0.2834545677227966,29,0.4827586206896552,0.4482758620689655
Germany,2019-11-20,-0.17543767521797246,0.0,0.22430541269279491,37,0.24324324324324326,0.7297297297297297
Germany,2019-11-21,-0.08308151039351772,0.0,0.30546149742346174,46,0.3695652173913043,0.5652173913043478
Germany,2019-11-22,-0.10632855947029415,0.0,0.3327113916400747,32,0.40625,0.5625
Germany,2019-11-23,-0.10141426615065603,0.0,0.33530282668588357,20,0.45,0.55
Germany,2019-11-24,0.03240860219298226,0.0,0.2861679121729723,12,0.5,0.5
Germany,2019-11-25,-0.11993742054429765,0.0,0.28543765760510403,41,0.2926829268292683,0.6829268292682927
Germany,2019-11-26,-0.12344554694753025,0.0,0.27521994234502906,54,0.2777777777777778,0.7037037037037037
Germany,2019-11-27,-0.13889590567272492,0.0,0.2419638554866519,38,0.3157894736842105,0.6578947368421053
Germany,2019-11-28,-0.047524342122658846,0.0,0.2604400181416959,39,0.38461538461538464,0.6153846153846154
Germany,2019-11-29,-0.08437020911525751,0.0,0.26565199765079694,48,0.3541666666666667,0.6041666666666666
Germany,2019-11-30,-0.14917704339617877,0.0,0.3250404325973024,25,0.36,0.64
Germany,2019-12-01,-0.1002631659784822,0.0,0.15711220661631106,15,0.3333333333333333,0.6666666666666666
Germany,2019-12-02,-0.06756519503194704,0.0,0.30572809881105284,43,0.46511627906976744,0.5116279069767442
Germany,2019-12-03,-0.028432409350192964,0.0,0.3127793866770723,39,0.4358974358974359,0.5384615384615384
Germany,2019-12-04,-0.07074695916840198,0.0,0.27737892928477637,45,0.3111111111111111,0.6
Germany,2019-12-05,-0.03541331838915455,0.0,0.30803330268104007,41,0.3902439024390244,0.5365853658536586
Germany,2019-12-06,-0.10115673980722426,0.0,0.2662634997248653,43,0.3488372093023256,0.627906976744186
Germany,2019-12-07,-0.16009154872681028,0.0,0.21394366842396617,19,0.2631578947368421,0.7368421052631579
Germany,2019-12-08,0.04172499890161344,0.0,0.212830885024506,19,0.5263157894736842,0.42105263157894735
Germany,2019-12-09,-0.08931578342376277,0.0,0.2744226177540274,46,0.32608695652173914,0.6521739130434783
Germany,2019-12-10,-0.09344900222935944,0.0,0.26680867909921324,47,0.3617021276595745,0.6382978723404256
Germany,2019-12-11,-0.024144595929351927,0.0,0.376262147637792,32,0.4375,0.5625
Germany,2019-12-12,-0.09222730387928982,0.0,0.2963353356107558,46,0.3695652173913043,0.6304347826086957
Germany,2019-12-13,-0.09301202829936944,0.0,0.2565425203346022,38,0.3157894736842105,0.6578947368421053
Germany,2019-12-14,-0.04885666081070227,0.0,0.2884418178692487,26,0.5384615384615384,0.46153846153846156
Germany,2019-12-15,-0.05539980082207685,0.0,0.21267616808998654,23,0.30434782608695654,0.6521739130434783
Germany,2019-12-16,-0.14671506112487054,0.0,0.33274757638149866,51,0.3137254901960784,0.6470588235294118
Germany,2019-12-17,-0.1430257075784398,0.0,0.327478786459189,46,0.2826086956521739,0.6956521739130435
Germany,2019-12-18,-0.058958671902731644,0.0,0.28441791837881736,45,0.37777777777777777,0.5111111111111111
Germany,2019-12-19,-0.09606867544664073,0.0,0.33783684639717837,35,0.3142857142857143,0.6571428571428571
Germany,2019-12-20,-0.01720423547464416,0.0,0.32589076476927187,37,0.35135135135135137,0.6216216216216216
Germany,2019-12-21,-0.29393328379682965,0.0,0.28519858893865785,31,0.12903225806451613,0.8387096774193549
Germany,2019-12-22,-0.07230397434974241,0.0,0.2632612935013307,19,0.42105263157894735,0.47368421052631576
Germany,2019-12-23,-0.12707709624439162,0.0,0.2920954644219227,30,0.3,0.6333333333333333
Germany,2019-12-24,0.04493484547145671,0.0,0.3128105890694559,24,0.5416666666666666,0.4583333333333333
Germany,2019-12-25,-0.042386144229081546,0.0,0.30443429799985744,12,0.3333333333333333,0.5833333333333334
Germany,2019-12-26,-0.06636239746179859,0.0,0.23200025666138854,27,0.4074074074074074,0.5555555555555556
Germany,2019-12-27,-0.10459336069105168,0.0,0.30907214537135574,23,0.34782608695652173,0.6086956521739131
Germany,2019-12-28,-0.10479229611210228,0.0,0.318305224682183,17,0.35294117647058826,0.5294117647058824
Germany,2019-12-29,-0.12272903585927458,0.0,0.2713874233543572,19,0.15789473684210525,0.7368421052631579
Germany,2019-12-30,-0.11524137667864219,0.0,0.23975384437945765,34,0.2647058823529412,0.6764705882352942
Germany,2019-12-31,-0.0645055954198808,0.0,0.22036141768028178,28,0.35714285714285715,0.6071428571428571
Germany,2020-01-01,-0.052418626932763356,0.0,0.3694688327976791,19,0.3684210526315789,0.631578947368421
Germany,2020-01-02,-0.0468753937968929,0.0,0.2830621618256327,26,0.4230769230769231,0.5769230769230769
Germany,2020-01-03,-0.21533947086818556,0.0,0.32282831181839783,41,0.2682926829268293,0.7317073170731707
Germany,2020-01-04,-0.2700097921988747,0.0,0.312354859171077,22,0.22727272727272727,0.7727272727272727
Germany,2020-01-05,-0.20027341935828563,0.0,0.4070839454957226,23,0.30434782608695654,0.6521739130434783
Germany,2020-01-06,-0.21338608236307946,0.0,0.3288791689465046,39,0.23076923076923078,0.7435897435897436
Germany,2020-01-07,-0.11815589563774141,0.0,0.282708023990601,30,0.26666666666666666,0.7333333333333333
Germany,2020-01-08,-0.219799659631191,0.0,0.30790306069045226,55,0.2727272727272727,0.7090909090909091
Germany,2020-01-09,-0.11633598291767608,0.0,0.2641159706790146,42,0.19047619047619047,0.7619047619047619
Germany,2020-01-10,-0.04014056923842147,0.0,0.34186620256812844,33,0.48484848484848486,0.5151515151515151
Germany,2020-01-11,-0.16342739333832823,0.0,0.29297972816085543,25,0.28,0.68
Germany,2020-01-12,-0.1966224278723051,0.0,0.3232006761284872,22,0.2727272727272727,0.7272727272727273
Germany,2020-01-13,-0.17542137877639163,0.0,0.25578092442224054,19,0.2631578947368421,0.7368421052631579
Germany,2020-01-14,-0.07200157107798723,0.0,0.3516487486097672,49,0.3877551020408163,0.5714285714285714
Germany,2020-01-15,-0.09856663665577471,0.0,0.2638936914343971,44,0.3409090909090909,0.6136363636363636
Germany,2020-01-16,-0.11812054359822055,0.0,0.3074165993638153,34,0.2647058823529412,0.7352941176470589
Germany,2020-01-17,-0.1230013631458399,0.0,0.381658674500266,32,0.34375,0.65625
Germany,2020-01-18,-0.27182991747318414,0.0,0.3953369607806845,19,0.2631578947368421,0.6842105263157895
Germany,2020-01-19,-0.08112826341453915,0.0,0.2864340374987706,27,0.4074074074074074,0.5925925925925926
Germany,2020-01-20,-0.1349678015810352,0.0,0.23865124695351275,45,0.3111111111111111,0.6222222222222222
Germany,2020-01-21,-0.10972699192007651,0.0,0.2218530563257375,50,0.18,0.78
Germany,2020-01-22,-0.15854308655321098,0.0,0.3580801290607742,40,0.35,0.65
Germany,2020-01-23,-0.048074252849549276,0.0,0.32322658055637027,34,0.38235294117647056,0.6176470588235294
Germany,2020-01-24,-0.112215832342216,0.0,0.33536267632750966,40,0.4,0.6
Germany,2020-01-25,-0.023675997042816085,0.0,0.2256219718937627,11,0.5454545454545454,0.45454545454545453
Germany,2020-01-26,-0.17229374363150005,0.0,0.2968811380926011,13,0.3076923076923077,0.6923076923076923
Germany,2020-01-27,-0.14043900743790436,0.0,0.3157736711573421,33,0.36363636363636365,0.6363636363636364
Germany,2020-01-28,-0.11422004350019403,0.0,0.2708991690585135,34,0.3235294117647059,0.6764705882352942
Germany,2020-01-29,-0.10676038709016011,0.0,0.27668584660754086,33,0.36363636363636365,0.5454545454545454
Germany,2020-01-30,-0.053792415002606855,0.0,0.2591255788170414,26,0.4230769230769231,0.5384615384615384
Germany,2020-01-31,-0.061326997494911994,0.0,0.26562587791404335,40,0.4,0.575
Germany,2020-02-01,-0.14351485288763996,0.0,0.3270354254059158,16,0.375,0.625
Germany,2020-02-02,-0.16389473557148626,0.0,0.2544087960547066,21,0.23809523809523808,0.7142857142857143
Germany,2020-02-03,-0.17047196894491748,0.0,0.24765223677323225,36,0.3333333333333333,0.6666666666666666
Germany,2020-02-04,-0.16827460843728456,0.0,0.2778700875638948,37,0.24324324324324326,0.7297297297297297
Germany,2020-02-05,-0.08255329753952728,0.0,0.2565926119514617,52,0.3269230769230769,0.6538461538461539
Germany,2020-02-06,-0.05644224549628747,0.0,0.18180254114448488,34,0.35294117647058826,0.5588235294117647
Germany,2020-02-07,-0.12209096885966787,0.0,0.23555341146999834,43,0.27906976744186046,0.6744186046511628
Germany,2020-02-08,-0.1017781244457175,0.0,0.26210400937668543,14,0.35714285714285715,0.6428571428571429
Germany,2020-02-09,0.021587391439336166,0.0,0.3205416049382962,22,0.45454545454545453,0.5
Germany,2020-02-10,-0.20535946891820167,0.0,0.3912216572526245,37,0.2702702702702703,0.7297297297297297
Germany,2020-02-11,-0.07562041405886805,0.0,0.3263734676562254,38,0.3684210526315789,0.5526315789473685
Germany,2020-02-12,-0.08610001055461891,0.0,0.3399499554458466,43,0.37209302325581395,0.6046511627906976
Germany,2020-02-13,-0.11324467854697068,0.0,0.2620189366143302,35,0.2857142857142857,0.7142857142857143
Germany,2020-02-14,-0.0659229980085494,0.0,0.26389408428803246,45,0.35555555555555557,0.6444444444444445
Germany,2020-02-15,-0.19590871620466277,0.0,0.26919957181592646,36,0.3055555555555556,0.6666666666666666
Germany,2020-02-16,-0.21087786733988856,0.0,0.29069639217918425,21,0.2857142857142857,0.7142857142857143
Germany,2020-02-17,-0.05703634153185328,0.0,0.22803250912614315,41,0.43902439024390244,0.5121951219512195
Germany,2020-02-18,-0.10679525343606104,0.0,0.3787562490501027,40,0.4,0.575
Germany,2020-02-19,-0.061779285775031945,0.0,0.3215744085535554,32,0.375,0.5625
Germany,2020-02-20,-0.07550989851592456,0.0,0.37366506782649855,49,0.3673469387755102,0.5714285714285714
Germany,2020-02-21,-0.14073005424014678,0.0,0.24800078213257187,56,0.26785714285714285,0.7321428571428571
Germany,2020-02-22,-0.019575049736154312,0.0,0.24926320605144422,30,0.4,0.5666666666666667
Germany,2020-02-23,-0.017039215311246865,0.0,0.3997947856421164,21,0.3333333333333333,0.6666666666666666
Germany,2020-02-24,-0.1432000377267247,0.0,0.37138366662150046,39,0.358974358974359,0.6153846153846154
Germany,2020-02-25,-0.039270143194092055,0.0,0.2677550626632984,37,0.5135135135135135,0.4594594594594595
Germany,2020-02-26,-0.1549698696530531,0.0,0.2937521317802608,32,0.3125,0.625
Germany,2020-02-27,-0.09495575708284956,0.0,0.2949476138168013,38,0.39473684210526316,0.6052631578947368
Germany,2020-02-28,-0.13305461243629818,0.0,0.30052239215400683,32,0.4375,0.5625
Germany,2020-02-29,-0.09429464724844651,0.0,0.2892277463933714,23,0.34782608695652173,0.6086956521739131
Germany,2020-03-01,-0.07309567486103577,0.0,0.3313520733907541,29,0.3793103448275862,0.5862068965517241
Germany,2020-03-02,-0.11785125982512096,0.0,0.2762613762378285,32,0.28125,0.71875
Germany,2020-03-03,-0.13923707971458765,0.0,0.35849782396258784,34,0.29411764705882354,0.7058823529411765
Germany,2020-03-04,-0.12082144778278618,0.0,0.2798864015734328,27,0.2962962962962963,0.6296296296296297
Germany,2020-03-05,-0.2063047909019249,0.0,0.28256859214290464,43,0.2558139534883721,0.7209302325581395
Germany,2020-03-06,-0.14624685785594968,0.0,0.3063514190544214,42,0.3333333333333333,0.6428571428571429
Germany,2020-03-07,-0.20465777765629822,0.0,0.2817525757914238,17,0.11764705882352941,0.8235294117647058
Germany,2020-03-08,-0.21052559991903724,0.0,0.458685092196037,20,0.3,0.7
Germany,2020-03-09,-0.20921270467146685,0.0,0.3370602091688633,54,0.2777777777777778,0.6851851851851852
Germany,2020-03-10,-0.2909844179158045,0.0,0.27182875236001,47,0.1702127659574468,0.8297872340425532
Germany,2020-03-11,-0.1405850778194346,0.0,0.24572492360113052,44,0.2727272727272727,0.6818181818181818
Germany,2020-03-12,-0.22604047411557768,0.0,0.2970396152653466,49,0.24489795918367346,0.7551020408163265
Germany,2020-03-13,-0.16164427762934244,0.0,0.29310969489655164,39,0.2564102564102564,0.717948717948718
Germany,2020-03-14,-0.16214795409457092,0.0,0.21449121816135036,21,0.23809523809523808,0.7142857142857143
Germany,2020-03-15,-0.20436130281287243,0.0,0.26766069839611406,21,0.23809523809523808,0.7619047619047619
Germany,2020-03-16,-0.22747810073662197,0.0,0.16536788109091946,35,0.05714285714285714,0.9142857142857143
Germany,2020-03-17,-0.18134263416560936,0.0,0.29815202470403557,41,0.2682926829268293,0.7073170731707317
Germany,2020-03-18,-0.25154968890489965,0.0,0.2424766281721184,40,0.075,0.875
Germany,2020-03-19,-0.22345817937785012,0.0,0.22364627581107765,55,0.14545454545454545,0.8363636363636363
Germany,2020-03-20,-0.18202311852468345,0.0,0.2584702308265294,29,0.27586206896551724,0.6896551724137931
Germany,2020-03-21,-0.1574227165784258,0.0,0.23811704657539653,19,0.15789473684210525,0.7894736842105263
Germany,2020-03-22,-0.276303768292717,0.0,0.2542972494913559,11,0.09090909090909091,0.8181818181818182
Germany,2020-03-23,-0.20555952033802127,0.0,0.272067493976603,31,0.1935483870967742,0.8064516129032258
Germany,2020-03-24,-0.17995137337900166,0.0,0.28922238888415464,28,0.17857142857142858,0.7857142857142857
Germany,2020-03-25,-0.20040877901858029,0.0,0.2024708074459479,47,0.19148936170212766,0.8085106382978723
Germany,2020-03-26,-0.19544300751971178,0.0,0.2775733523362875,32,0.28125,0.71875
Germany,2020-03-27,-0.19634144364834644,0.0,0.20814427292928037,26,0.23076923076923078,0.7692307692307693
Germany,2020-03-28,-0.14865143075938542,0.0,0.2569178034916485,10,0.2,0.8
Germany,2020-03-29,-0.09668412193032982,0.0,0.2087071435221138,14,0.2857142857142857,0.6428571428571429
Germany,2020-03-30,-0.17003316445140626,0.0,0.31830195898101665,24,0.375,0.5833333333333334
Germany,2020-03-31,-0.13022589326056716,0.0,0.24142061058578448,39,0.28205128205128205,0.717948717948718
Germany,2020-04-01,-0.13013372432149187,0.0,0.2931190117141514,38,0.2631578947368421,0.7105263157894737
Germany,2020-04-02,-0.15989299236104595,0.0,0.2755215284453989,45,0.2222222222222222,0.7555555555555555
Germany,2020-04-03,-0.17049330375244798,0.0,0.25428773768592666,41,0.24390243902439024,0.7560975609756098
Germany,2020-04-04,-0.11145142891990595,0.0,0.2508521721872944,18,0.2777777777777778,0.7222222222222222
Germany,2020-04-05,-0.23593713263213528,0.0,0.258024931761246,17,0.17647058823529413,0.8235294117647058
Germany,2020-04-06,-0.1112753923092144,0.0,0.23244959032527454,34,0.29411764705882354,0.7058823529411765
Germany,2020-04-07,-0.1572919131665209,0.0,0.24926452283692035,34,0.20588235294117646,0.7647058823529411
Germany,2020-04-08,-0.15398830191371904,0.0,0.3115705330177542,34,0.35294117647058826,0.6176470588235294
Germany,2020-04-09,-0.10988328506663912,0.0,0.21994924201010677,26,0.2692307692307692,0.6923076923076923
Germany,2020-04-10,-0.1828714530331452,0.0,0.23968403555401163,31,0.2903225806451613,0.7096774193548387
Germany,2020-04-11,-0.30574076801399963,0.0,0.3646377365921742,27,0.18518518518518517,0.7777777777777778
Germany,2020-04-12,-0.06532397529784573,0.0,0.32496906239693757,21,0.3333333333333333,0.6190476190476191
Germany,2020-04-13,-0.1653542623936718,0.0,0.253354912063529,29,0.2413793103448276,0.7586206896551724
Germany,2020-04-14,-0.11812564574222156,0.0,0.2595262557395368,35,0.2857142857142857,0.6857142857142857
Germany,2020-04-15,-0.09416045646327917,0.0,0.24413606852615413,42,0.3333333333333333,0.6666666666666666
Germany,2020-04-16,-0.12783472222067147,0.0,0.24985344364167766,39,0.3076923076923077,0.6666666666666666
Germany,2020-04-17,-0.11095077100330147,0.0,0.2102162347903649,26,0.34615384615384615,0.6538461538461539
Germany,2020-04-18,-0.1493074990968416,0.0,0.3045012663532147,23,0.34782608695652173,0.6521739130434783
Germany,2020-04-19,-0.27152669633416526,0.0,0.29717425713470713,27,0.18518518518518517,0.8148148148148148
Germany,2020-04-20,-0.1281128908173354,0.0,0.3263383357994741,50,0.24,0.68
Germany,2020-04-21,-0.2661588797470134,0.0,0.2763491859778692,56,0.19642857142857142,0.8035714285714286
Germany,2020-04-22,-0.15953010771755427,0.0,0.2773355180104408,43,0.2558139534883721,0.6976744186046512
Germany,2020-04-23,-0.11974028504772614,0.0,0.23423563827309213,45,0.3333333333333333,0.6666666666666666
Germany,2020-04-24,-0.13349933234810477,0.0,0.22222425838784163,48,0.2916666666666667,0.6666666666666666
Germany,2020-04-25,-0.19492812940724505,0.0,0.3465921022576618,20,0.3,0.65
Germany,2020-04-26,-0.06065980124345569,0.0,0.28511378477804333,20,0.3,0.7
Germany,2020-04-27,-0.06574806822588655,0.0,0.31947550729901686,37,0.2972972972972973,0.7027027027027027
Germany,2020-04-28,-0.0690405253617569,0.0,0.37273342705625034,30,0.3,0.6333333333333333
Germany,2020-04-29,-0.10980468546115911,0.0,0.2427474322137784,28,0.32142857142857145,0.6785714285714286
Germany,2020-04-30,-0.06935043472655493,0.0,0.28706684917509173,36,0.3888888888888889,0.5555555555555556
Germany,2020-05-01,-0.06923242913962574,0.0,0.29922428043320975,31,0.3225806451612903,0.6774193548387096
Germany,2020-05-02,-0.13533229779266684,0.0,0.2086726120752327,21,0.23809523809523808,0.7619047619047619
Germany,2020-05-03,-0.13133970077390905,0.0,0.14754496024839261,15,0.13333333333333333,0.8666666666666667
Germany,2020-05-04,-0.1407128021440759,0.0,0.28865242385309087,36,0.3611111111111111,0.6388888888888888
Germany,2020-05-05,-0.09733558087228751,0.0,0.28000820739134064,37,0.32432432432432434,0.6756756756756757
Germany,2020-05-06,-0.13777916110429006,0.0,0.3081492823995743,57,0.2631578947368421,0.7192982456140351
Germany,2020-05-07,-0.15635225498067187,0.0,0.2698155880712867,35,0.22857142857142856,0.7714285714285715
Germany,2020-05-08,-0.05471713597332262,0.0,0.35893053848894835,40,0.425,0.575
Germany,2020-05-09,-0.1705232800525951,0.0,0.25718161689714597,33,0.2727272727272727,0.696969696969697
Germany,2020-05-10,-0.20509152275713471,0.0,0.31050991556737023,29,0.2413793103448276,0.7586206896551724
Germany,2020-05-11,-0.10623900140482881,0.0,0.33689551365673975,43,0.3953488372093023,0.6046511627906976
Germany,2020-05-12,-0.07257096658221648,0.0,0.28997192010286865,38,0.3157894736842105,0.631578947368421
Germany,2020-05-13,-0.09271657349869264,0.0,0.19950067466528185,40,0.3,0.675
Germany,2020-05-14,-0.14470845738728405,0.0,0.26304902933069246,30,0.3,0.7
Germany,2020-05-15,-0.21220401680833456,0.0,0.2570325632360584,41,0.14634146341463414,0.8048780487804879
Germany,2020-05-16,-0.0625017516678302,0.0,0.30115285139247644,22,0.45454545454545453,0.5454545454545454
Germany,2020-05-17,-0.31036433816769354,0.0,0.33266052007095154,14,0.21428571428571427,0.7857142857142857
Germany,2020-05-18,-0.12141242303175953,0.0,0.2822162341151766,39,0.38461538461538464,0.5897435897435898
Germany,2020-05-19,-0.029220586849126606,0.0,0.2567531320281185,46,0.391304347826087,0.6086956521739131
Germany,2020-05-20,-0.10089167421708407,0.0,0.29896672584290485,42,0.42857142857142855,0.5714285714285714
Germany,2020-05-21,-0.08359394465211165,0.0,0.2918171980404775,30,0.36666666666666664,0.5666666666666667
Germany,2020-05-22,-0.20957864363267337,0.0,0.31329482945451154,38,0.23684210526315788,0.7631578947368421
Germany,2020-05-23,-0.04438970995037851,0.0,0.32499539924183807,17,0.4117647058823529,0.47058823529411764
Germany,2020-05-24,-0.1776686926360493,0.0,0.29421471545192635,17,0.29411764705882354,0.7058823529411765
Germany,2020-05-25,-0.1286773596176437,0.0,0.21918394566359614,22,0.2727272727272727,0.7272727272727273
Germany,2020-05-26,-0.05818349758937821,0.0,0.1663943484265878,40,0.425,0.55
Germany,2020-05-27,-0.08727145797844446,0.0,0.28401762005807757,47,0.3404255319148936,0.6595744680851063
Germany,2020-05-28,-0.10870316514981519,0.0,0.328299224165293,40,0.4,0.575
Germany,2020-05-29,-0.056471395533074606,0.0,0.3364502987705918,25,0.44,0.56
Germany,2020-05-30,-0.1623921230807127,0.0,0.26575949063373816,17,0.29411764705882354,0.7058823529411765
Germany,2020-05-31,-0.09462916569480558,0.0,0.26961496894031656,18,0.5,0.5
Germany,2020-06-01,-0.19420848686214168,0.0,0.30879451930022345,24,0.2916666666666667,0.7083333333333334
Germany,2020-06-02,-0.15994375153446894,0.0,0.2629120286469724,46,0.21739130434782608,0.7608695652173914
Germany,2020-06-03,-0.24419553546821438,0.0,0.2732746629477742,50,0.18,0.8
Germany,2020-06-04,-0.1065714640716386,0.0,0.26814141148264015,50,0.32,0.68
Germany,2020-06-05,-0.13667821073955838,0.0,0.2652855150664705,44,0.3181818181818182,0.6818181818181818
Germany,2020-06-06,-0.12414397943466882,0.0,0.2851949129396263,30,0.3333333333333333,0.6666666666666666
Germany,2020-06-07,-0.11417409535874713,0.0,0.19803571921959562,14,0.21428571428571427,0.7857142857142857
Germany,2020-06-08,-0.09002887491842763,0.0,0.3409775810688347,21,0.42857142857142855,0.5238095238095238
Germany,2020-06-09,-0.12190494546344458,0.0,0.2586595179794562,37,0.32432432432432434,0.5945945945945946
Germany,2020-06-10,-0.18487521910648178,0.0,0.2932673129910712,23,0.30434782608695654,0.6521739130434783
Germany,2020-06-11,-0.13485701186530083,0.0,0.2955616672553662,27,0.2962962962962963,0.6666666666666666
Germany,2020-06-12,-0.14169058112693492,0.0,0.2851719424012385,45,0.4,0.6
Germany,2020-06-13,-0.13454063025979826,0.0,0.19218251851253954,11,0.2727272727272727,0.7272727272727273
Germany,2020-06-14,-0.1529926530536366,0.0,0.35381794442057296,30,0.3,0.7
Germany,2020-06-15,-0.10057640278519131,0.0,0.2354672341270858,35,0.37142857142857144,0.6285714285714286
Germany,2020-06-16,-0.12706436777225158,0.0,0.3551246398830471,38,0.3157894736842105,0.6052631578947368
Germany,2020-06-17,-0.15532972361957903,0.0,0.31585988305721074,45,0.2222222222222222,0.7555555555555555
Germany,2020-06-18,-0.12908500841493514,0.0,0.26294168657199823,49,0.2857142857142857,0.7142857142857143
Germany,2020-06-19,-0.10950840352360477,0.0,0.26652166740682276,51,0.29411764705882354,0.7058823529411765
Germany,2020-06-20,0.04074729626636268,0.0,0.18920037485994146,14,0.5714285714285714,0.42857142857142855
Germany,2020-06-21,-0.06690879816163883,0.0,0.32513884951037303,20,0.45,0.5
Germany,2020-06-22,-0.09176608682395182,0.0,0.35201888010771554,43,0.3953488372093023,0.5581395348837209
Germany,2020-06-23,-0.15345189253358002,0.0,0.2878178733696651,36,0.3055555555555556,0.6111111111111112
Germany,2020-06-24,-0.13793924759764034,0.0,0.30440895423759223,36,0.2777777777777778,0.7222222222222222
Germany,2020-06-25,-0.2105868949144587,0.0,0.2880694585123261,40,0.25,0.725
Germany,2020-06-26,-0.03435817584774534,0.0,0.2129325974154142,34,0.4117647058823529,0.5588235294117647
Germany,2020-06-27,-0.18082326445795205,0.0,0.30253576557590106,11,0.18181818181818182,0.7272727272727273
Germany,2020-06-28,-0.17543220599814727,0.0,0.19738469132276393,25,0.16,0.84
Germany,2020-06-29,-0.12807070838744491,0.0,0.31581229618194245,40,0.375,0.625
Germany,2020-06-30,-0.10038997597287452,0.0,0.28692641092751914,31,0.3870967741935484,0.6129032258064516
Germany,2020-07-01,-0.04672785366002861,0.0,0.31358006828429325,36,0.3055555555555556,0.6944444444444444
Germany,2020-07-02,-0.06639498455107987,0.0,0.3086522208264744,38,0.42105263157894735,0.5789473684210527
Germany,2020-07-03,-0.10696355330941135,0.0,0.22934429501192485,43,0.32558139534883723,0.6744186046511628
Germany,2020-07-04,-0.05830370976503284,0.0,0.2858660101999058,9,0.4444444444444444,0.5555555555555556
Germany,2020-07-05,-0.14088823606958922,0.0,0.27919840444432803,19,0.3157894736842105,0.631578947368421
Germany,2020-07-06,-0.06660212059251953,0.0,0.21957394579720863,28,0.35714285714285715,0.5714285714285714
Germany,2020-07-07,-0.12617351208309563,0.0,0.3001282754518103,33,0.3939393939393939,0.5757575757575758
Germany,2020-07-08,-0.09190393008991672,0.0,0.267564960001572,53,0.3018867924528302,0.6792452830188679
Germany,2020-07-09,-0.11425448799087094,0.0,0.2530758208119141,47,0.2978723404255319,0.6808510638297872
Germany,2020-07-10,-0.12973900825536025,0.0,0.3536675738559345,39,0.4358974358974359,0.5641025641025641
Germany,2020-07-11,0.007284123186265933,0.0,0.27206668782134574,11,0.5454545454545454,0.45454545454545453
Germany,2020-07-12,-0.1549979381050856,0.0,0.28357916483626994,23,0.34782608695652173,0.6086956521739131
Germany,2020-07-13,-0.1415717015033916,0.0,0.2918462488317889,38,0.3157894736842105,0.6578947368421053
Germany,2020-07-14,-0.06509799468477935,0.0,0.27677243088519526,36,0.4166666666666667,0.5833333333333334
Germany,2020-07-15,-0.15254092129060626,0.0,0.36245637720795004,34,0.3235294117647059,0.6176470588235294
Germany,2020-07-16,-0.06811931621156042,0.0,0.3028249703314455,38,0.2894736842105263,0.6842105263157895
Germany,2020-07-17,-0.11352462358829618,0.0,0.3477831030511044,42,0.42857142857142855,0.5714285714285714
Germany,2020-07-18,-0.1288031892148634,0.0,0.3076872822554713,27,0.2962962962962963,0.7037037037037037
Germany,2020-07-19,-0.14350970486718814,0.0,0.31214925482896594,13,0.3076923076923077,0.6923076923076923
Germany,2020-07-20,-0.0884757223381294,0.0,0.305374296343013,30,0.4666666666666667,0.4666666666666667
Germany,2020-07-21,-0.1324988691977034,0.0,0.2621285888861118,41,0.3170731707317073,0.6097560975609756
Germany,2020-07-22,-0.15112623603199823,0.0,0.26316285767170067,38,0.2631578947368421,0.7368421052631579
Germany,2020-07-23,-0.15055843745692163,0.0,0.2522045827984576,26,0.2692307692307692,0.6923076923076923
Germany,2020-07-24,-0.13496069741774544,0.0,0.2611741665756488,31,0.3225806451612903,0.6774193548387096
Germany,2020-07-25,0.11259216284417015,0.0,0.26519287716759554,9,0.6666666666666666,0.3333333333333333
Germany,2020-07-26,-0.04787195766807485,0.0,0.20119988422062074,20,0.4,0.5
Germany,2020-07-27,-0.10056976398844324,0.0,0.29348517136715335,38,0.4473684210526316,0.5526315789473685
Germany,2020-07-28,-0.038110718089377445,0.0,0.2882740847592365,42,0.35714285714285715,0.5714285714285714
Germany,2020-07-29,-0.1274344289242918,0.0,0.2808035836267831,36,0.2777777777777778,0.6944444444444444
Germany,2020-07-30,-0.18035678746413056,0.0,0.2683944444599589,48,0.20833333333333334,0.7291666666666666
Germany,2020-07-31,-0.11470106709432172,0.0,0.32529036275861545,34,0.23529411764705882,0.7352941176470589
Germany,2020-08-01,-0.05977859892968171,0.0,0.2801175389529911,18,0.3333333333333333,0.5555555555555556
Germany,2020-08-02,-0.20941950920524055,0.0,0.23585167519007708,26,0.15384615384615385,0.8076923076923077
Germany,2020-08-03,0.044990208460071096,0.0,0.3824170824186767,25,0.44,0.52
Germany,2020-08-04,-0.18305595762432464,0.0,0.3302752371080026,30,0.2,0.8
Germany,2020-08-05,-0.17095929557558723,0.0,0.3591156642274304,58,0.3103448275862069,0.6551724137931034
Germany,2020-08-06,-0.1715873679505118,0.0,0.22931279378601674,48,0.22916666666666666,0.7291666666666666
Germany,2020-08-07,-0.029753578772160293,0.0,0.2509334850351408,29,0.4827586206896552,0.5172413793103449
Germany,2020-08-08,-0.1503847956367215,0.0,0.3202088617650144,18,0.3888888888888889,0.6111111111111112
Germany,2020-08-09,-0.09065949749635799,0.0,0.4151182154511185,21,0.3333333333333333,0.6666666666666666
Germany,2020-08-10,-0.08577445414595117,0.0,0.31045616958027966,43,0.37209302325581395,0.6046511627906976
Germany,2020-08-11,-0.12758941581098612,0.0,0.3011706619090088,49,0.3469387755102041,0.6326530612244898
Germany,2020-08-12,-0.12383296926279456,0.0,0.24000097649242788,37,0.35135135135135137,0.6486486486486487
Germany,2020-08-13,-0.1317892341306576,0.0,0.2505393647760415,31,0.25806451612903225,0.7096774193548387
Germany,2020-08-14,-0.10833527245884018,0.0,0.22681206697334014,42,0.2619047619047619,0.7142857142857143
Germany,2020-08-15,-0.12524826145624224,0.0,0.21149584515993028,17,0.29411764705882354,0.7058823529411765
Germany,2020-08-16,-0.16760944110204917,0.0,0.27839134258573794,18,0.2222222222222222,0.7777777777777778
Germany,2020-08-17,-0.07813876396368462,0.0,0.2271618670179678,25,0.32,0.64
Germany,2020-08-18,-0.09035771598103647,0.0,0.2734465792675972,32,0.40625,0.59375
Germany,2020-08-19,-0.1880235207873404,0.0,0.2569862347352845,39,0.23076923076923078,0.7435897435897436
Germany,2020-08-20,-0.07532139557645563,0.0,0.26391224778013705,42,0.35714285714285715,0.6190476190476191
Germany,2020-08-21,-0.09882436442143674,0.0,0.33739027711637315,45,0.3111111111111111,0.6222222222222222
Germany,2020-08-22,-0.17264926481708995,0.0,0.32943677404541705,28,0.2857142857142857,0.7142857142857143
Germany,2020-08-23,0.05082469708469912,0.0,0.321124291365558,17,0.5294117647058824,0.4117647058823529
Germany,2020-08-24,-0.0039316448394950115,0.0,0.298341256525001,38,0.4473684210526316,0.5263157894736842
Germany,2020-08-25,-0.08027565026384455,0.0,0.24461346545786364,36,0.3055555555555556,0.6666666666666666
Germany,2020-08-26,-0.07745234221106817,0.0,0.2991554474712471,40,0.375,0.6
Germany,2020-08-27,-0.13601042255869927,0.0,0.30035793306683445,48,0.3958333333333333,0.5833333333333334
Germany,2020-08-28,-0.0881293798125256,0.0,0.28805552059852607,29,0.3103448275862069,0.6896551724137931
Germany,2020-08-29,-0.06351056543512257,0.0,0.46279003681723924,19,0.3157894736842105,0.6842105263157895
Germany,2020-08-30,-0.08051752461199183,0.0,0.2984592397892881,20,0.5,0.5
Germany,2020-08-31,-0.16750149136655162,0.0,0.28726993901210873,32,0.375,0.59375
Germany,2020-09-01,-0.08796513100448874,0.0,0.3090398931776645,32,0.4375,0.53125
Germany,2020-09-02,-0.02187330957335409,0.0,0.25841180796321717,39,0.4358974358974359,0.5384615384615384
Germany,2020-09-03,-0.1735596071293779,0.0,0.37535688160713554,39,0.28205128205128205,0.6923076923076923
Germany,2020-09-04,-0.2003280948953811,0.0,0.2814443901380324,39,0.20512820512820512,0.7948717948717948
Germany,2020-09-05,-0.1473026172464503,0.0,0.30553417483316275,16,0.25,0.75
Germany,2020-09-06,-0.2626501687781704,0.0,0.26260031371071674,25,0.2,0.8
Germany,2020-09-07,-0.1602739292521924,0.0,0.3202586105052727,55,0.36363636363636365,0.6
Germany,2020-09-08,-0.12707390862010354,0.0,0.33500774171006853,43,0.3023255813953488,0.6511627906976745
Germany,2020-09-09,-0.12924722200746902,0.0,0.32591990618514843,43,0.37209302325581395,0.6046511627906976
Germany,2020-09-10,-0.14370435938622406,0.0,0.3251417620369208,44,0.3181818181818182,0.6590909090909091
Germany,2020-09-11,-0.12962172266328378,0.0,0.29752150817695744,42,0.38095238095238093,0.5952380952380952
Germany,2020-09-12,-0.09288156341959287,0.0,0.27189605932921146,24,0.2916666666666667,0.7083333333333334
Germany,2020-09-13,-0.15774333523500353,0.0,0.297679527092307,23,0.21739130434782608,0.7391304347826086
Germany,2020-09-14,-0.144457280798655,0.0,0.2552250145270556,31,0.25806451612903225,0.7096774193548387
Germany,2020-09-15,-0.0939828485820158,0.0,0.32160282571682064,40,0.3,0.625
Germany,2020-09-16,-0.027323120081982757,0.0,0.29432424354740055,42,0.38095238095238093,0.5952380952380952
Germany,2020-09-17,-0.17070254688232103,0.0,0.36342637394395505,36,0.25,0.75
Germany,2020-09-18,-0.05616164943741553,0.0,0.2796831537412456,34,0.38235294117647056,0.5882352941176471
Germany,2020-09-19,-0.05622623944956393,0.0,0.28445723129912426,15,0.4,0.5333333333333333
Germany,2020-09-20,-0.24735309874738448,0.0,0.32443076580815505,20,0.2,0.75
Germany,2020-09-21,-0.17110119191444395,0.0,0.33648042216587265,41,0.24390243902439024,0.7317073170731707
Germany,2020-09-22,-0.10003558998749869,0.0,0.2666426261293118,46,0.30434782608695654,0.6304347826086957
Germany,2020-09-23,-0.11728039608033694,0.0,0.2496206688933979,45,0.28888888888888886,0.7111111111111111
Germany,2020-09-24,-0.07599428803974403,0.0,0.21827268373857658,39,0.3333333333333333,0.6410256410256411
Germany,2020-09-25,-0.06479639654852735,0.0,0.24228764194415472,45,0.3333333333333333,0.6222222222222222
Germany,2020-09-26,-0.24578588180740982,0.0,0.33952851722328153,12,0.25,0.6666666666666666
Germany,2020-09-27,0.0002457571803493412,0.0,0.2511777568763682,12,0.4166666666666667,0.5833333333333334
Germany,2020-09-28,-0.005226668544479927,0.0,0.27013313657196425,31,0.4838709677419355,0.45161290322580644
Germany,2020-09-29,-0.06839939901349404,0.0,0.3285434945045332,18,0.4444444444444444,0.5
Germany,2020-09-30,-0.09736789942910137,0.0,0.2498874797792937,29,0.3448275862068966,0.6551724137931034
Germany,2020-10-01,-0.06546793322559716,0.0,0.2980718984648728,61,0.3770491803278688,0.5901639344262295
Germany,2020-10-02,-0.08950552348105226,0.0,0.26031079854042644,41,0.34146341463414637,0.6585365853658537
Germany,2020-10-03,-0.1842050162764171,0.0,0.3115303724458235,30,0.2,0.8
Germany,2020-10-04,-0.17372040877434877,0.0,0.23700908351283087,21,0.23809523809523808,0.7619047619047619
Germany,2020-10-05,-0.060400956255680587,0.0,0.3167883471918547,39,0.38461538461538464,0.5897435897435898
Germany,2020-10-06,-0.020151830813287648,0.0,0.28940407329856244,58,0.4827586206896552,0.4482758620689655
Germany,2020-10-07,0.030979591593464723,0.0,0.41497574751348204,47,0.46808510638297873,0.5319148936170213
Germany,2020-10-08,-0.23280333980215245,0.0,0.270675252032583,47,0.2127659574468085,0.7872340425531915
Germany,2020-10-09,0.011139306980068342,0.0,0.24792337817056387,16,0.4375,0.5
Germany,2020-10-10,-0.06367163750640155,0.0,0.23610501224282215,27,0.4444444444444444,0.5555555555555556
Germany,2020-10-11,0.01910226698917995,0.0,0.2705463102873355,23,0.5652173913043478,0.43478260869565216
Germany,2020-10-12,-0.045830259630801874,0.0,0.3037510679686798,39,0.41025641025641024,0.5897435897435898
Germany,2020-10-13,-0.06859909983227187,0.0,0.3041796573978792,52,0.38461538461538464,0.5961538461538461
Germany,2020-10-14,-0.09103398588252969,0.0,0.3450188190189949,27,0.4074074074074074,0.5555555555555556
Germany,2020-10-15,-0.07305307101287738,0.0,0.3092906288994044,46,0.41304347826086957,0.5652173913043478
Germany,2020-10-16,-0.12452133668827343,0.0,0.31384891327837694,7,0.2857142857142857,0.5714285714285714
Germany,2020-10-17,-0.24583249579147182,0.0,0.22238124671317627,13,0.07692307692307693,0.9230769230769231
Germany,2020-10-18,-0.10509471761894768,0.0,0.2543894598222407,30,0.4,0.6
Germany,2020-10-19,-0.11571099094277708,0.0,0.3078917631949413,26,0.3076923076923077,0.6923076923076923
Germany,2020-10-20,-0.08834005565940738,0.0,0.2960205562088789,49,0.3469387755102041,0.5918367346938775
Germany,2020-10-21,-0.009280356923396507,0.0,0.32812083535344694,36,0.4722222222222222,0.5277777777777778
Germany,2020-10-22,-0.12294195456865657,0.0,0.28633174473707407,37,0.40540540540540543,0.5945945945945946
Germany,2020-10-23,-0.18970651226055746,0.0,0.4127612533552186,17,0.29411764705882354,0.7058823529411765
Germany,2020-10-24,-0.03997999366132932,0.0,0.22052692342678895,15,0.4,0.6
Germany,2020-10-25,-0.07584720502853272,0.0,0.28919765986739765,13,0.3076923076923077,0.6923076923076923
Germany,2020-10-26,-0.09694992523914621,0.0,0.3338956437871984,42,0.38095238095238093,0.6190476190476191
Germany,2020-10-27,-0.24275573460733724,0.0,0.3685178561284434,31,0.2903225806451613,0.7096774193548387
Germany,2020-10-28,-0.1711939098367574,0.0,0.3420553017841277,40,0.275,0.7
Germany,2020-10-29,-0.16371438897384652,0.0,0.2841594031681711,35,0.34285714285714286,0.6571428571428571
Germany,2020-10-30,-0.09706143795026864,0.0,0.3261995663100867,20,0.35,0.65
Germany,2020-10-31,-0.25318359613400526,0.0,0.20377063588688704,15,0.06666666666666667,0.9333333333333333
Germany,2020-11-01,-0.1845234015894523,0.0,0.18044810491487964,10,0.1,0.9
Germany,2020-11-02,-0.12620831556749604,0.0,0.345274049821849,36,0.4166666666666667,0.5555555555555556
Germany,2020-11-03,-0.07976332872387218,0.0,0.31430634336882246,23,0.34782608695652173,0.6086956521739131
Germany,2020-11-04,-0.13993027103052189,0.0,0.26919093189730636,22,0.2727272727272727,0.6363636363636364
Germany,2020-11-05,0.006591914661936882,0.0,0.29858663664626844,28,0.6071428571428571,0.39285714285714285
Germany,2020-11-06,-0.07344767824516059,0.0,0.17337370473259966,7,0.2857142857142857,0.7142857142857143
Germany,2020-11-07,0.043536275142492864,0.0,0.14590455235541705,3,0.6666666666666666,0.3333333333333333
Germany,2020-11-08,0.099238836837418,0.0,0.2733174778581905,14,0.7142857142857143,0.2857142857142857
Germany,2020-11-09,-0.01496816432813893,0.0,0.1658474346545526,27,0.48148148148148145,0.5185185185185185
Germany,2020-11-10,-0.08259438301191545,0.0,0.3642721517916857,28,0.4642857142857143,0.5357142857142857
Germany,2020-11-11,-0.17964931307007218,0.0,0.30370549601746266,29,0.27586206896551724,0.7241379310344828
Germany,2020-11-12,-0.10223985820845885,0.0,0.2772133275267037,16,0.3125,0.6875
Germany,2020-11-13,-0.04132557110501772,0.0,0.40549485838680444,7,0.5714285714285714,0.42857142857142855
Germany,2020-11-14,0.15766690953433346,0.0,0.11980548945297577,3,1.0,0.0
Germany,2020-11-15,0.09535459362439332,0.0,0.0744303610126319,4,1.0,0.0
Germany,2020-11-16,0.01112280230878428,0.0,0.20129694236564746,18,0.3888888888888889,0.5555555555555556
Germany,2020-11-17,-0.06275964309186044,0.0,0.28860699107421856,20,0.35,0.6
Germany,2020-11-18,-0.06335887243020831,0.0,0.2692613775844383,58,0.3620689655172414,0.603448275862069
Germany,2020-11-19,-0.0711028291654529,0.0,0.2540658260848517,78,0.2948717948717949,0.6282051282051282
Germany,2020-11-20,-0.06032334442537117,0.0,0.2378602581050099,57,0.3684210526315789,0.5789473684210527
Germany,2020-11-21,-0.08946687639180974,0.0,0.24343039955026752,36,0.4166666666666667,0.5277777777777778
Germany,2020-11-22,-0.08366589751210356,0.0,0.271153246911603,35,0.3142857142857143,0.6
Germany,2020-11-23,-0.0870637755670651,0.0,0.2406389015955348,54,0.35185185185185186,0.6111111111111112
Germany,2020-11-24,-0.01777045245362795,0.0,0.23064327426991985,81,0.49382716049382713,0.4691358024691358
Germany,2020-11-25,-0.12305173991662158,0.0,0.27411656992913336,58,0.27586206896551724,0.6379310344827587
Germany,2020-11-26,-0.03464204045794544,0.0,0.2943880284354774,59,0.423728813559322,0.559322033898305
Germany,2020-11-27,-0.09883937083921696,0.0,0.25617712317473984,52,0.3269230769230769,0.6730769230769231
Germany,2020-11-28,-0.02581066773935199,0.0,0.3295552687619224,33,0.5151515151515151,0.48484848484848486
Germany,2020-11-29,-0.10065826247131864,0.0,0.281015543454434,25,0.36,0.64
Germany,2020-11-30,-0.08019651323690313,0.0,0.26704532757616395,79,0.4177215189873418,0.569620253164557
Germany,2020-12-01,-0.18477240552010152,0.0,0.3094113736299089,39,0.28205128205128205,0.6923076923076923
Germany,2020-12-02,-0.015162376102748062,0.0,0.2355126303195209,34,0.5294117647058824,0.47058823529411764
Germany,2020-12-03,-0.13425008516643433,0.0,0.2365233050235734,40,0.2,0.8
Germany,2020-12-04,-0.1067149720176142,0.0,0.29697937776615235,51,0.35294117647058826,0.6274509803921569
Germany,2020-12-05,-0.07984252191215672,0.0,0.31075987340039474,24,0.4166666666666667,0.5416666666666666
Germany,2020-12-06,-0.08434859103254978,0.0,0.26219187459638343,23,0.30434782608695654,0.6956521739130435
Germany,2020-12-07,-0.06955096547638566,0.0,0.24254868993753875,39,0.358974358974359,0.6153846153846154
Germany,2020-12-08,-0.04791005799524305,0.0,0.2847378602866413,42,0.4523809523809524,0.5238095238095238
Germany,2020-12-09,-0.029178484948667354,0.0,0.2776580742400221,35,0.45714285714285713,0.4857142857142857
Germany,2020-12-10,-0.14202495543181623,0.0,0.23596172157421333,61,0.2459016393442623,0.7213114754098361
Germany,2020-12-11,-0.004877491631947156,0.0,0.3117540657005852,43,0.3953488372093023,0.5813953488372093
Germany,2020-12-12,0.0005203759593887673,0.0,0.34277471649466046,30,0.43333333333333335,0.5666666666666667
Germany,2020-12-13,-0.013740879384717847,0.0,0.2246645731874609,20,0.35,0.6
Germany,2020-12-14,0.062134032330172534,0.0,0.3082734475991655,38,0.5789473684210527,0.3684210526315789
Germany,2020-12-15,0.0005776003232235814,0.0,0.2555479825154719,42,0.47619047619047616,0.5238095238095238
Germany,2020-12-16,-0.07500336574306649,0.0,0.28919526482916436,31,0.45161290322580644,0.5483870967741935
Germany,2020-12-17,-0.069558284905453,0.0,0.2862757669731377,41,0.34146341463414637,0.6341463414634146
Germany,2020-12-18,-0.031086501973919746,0.0,0.1598443921365286,30,0.36666666666666664,0.5666666666666667
Germany,2020-12-19,-0.03595844109444823,0.0,0.20650084511126007,13,0.46153846153846156,0.5384615384615384
Germany,2020-12-20,-0.07335066258138984,0.0,0.2124776083837791,18,0.2777777777777778,0.6666666666666666
Germany,2020-12-21,-0.07744307587703077,0.0,0.25951254440407834,38,0.2894736842105263,0.6578947368421053
Germany,2020-12-22,-0.07751509386156333,0.0,0.2518962822280573,28,0.2857142857142857,0.7142857142857143
Germany,2020-12-23,-0.06953786515559642,0.0,0.32985280156712765,32,0.375,0.59375
Germany,2020-12-24,-0.14714673699176273,0.0,0.2803446388785846,28,0.32142857142857145,0.6785714285714286
Germany,2020-12-25,-0.026139375925118974,0.0,0.37176924689259816,21,0.42857142857142855,0.5238095238095238
Germany,2020-12-26,-0.11075639022575792,0.0,0.24388536968080443,13,0.3076923076923077,0.6923076923076923
Germany,2020-12-27,-0.09239801101277077,0.0,0.2800435113026091,15,0.5333333333333333,0.4
Germany,2020-12-28,-0.11817507576531902,0.0,0.24135816595503198,42,0.42857142857142855,0.5476190476190477
Germany,2020-12-29,-0.1254323821291793,0.0,0.282447900622659,31,0.2903225806451613,0.6451612903225806
Germany,2020-12-30,-0.10610293833501168,0.0,0.2797789495550576,31,0.3548387096774194,0.6129032258064516
Germany,2020-12-31,-0.017955030993998713,0.0,0.2420707568034473,27,0.4074074074074074,0.5925925925925926
Germany,2021-01-01,-0.14671685314106592,0.0,0.19068035832420768,24,0.20833333333333334,0.75
Germany,2021-01-02,-0.18934616247792094,0.0,0.2669514862784885,12,0.25,0.75
Germany,2021-01-03,-0.10992931812256926,0.0,0.30155517731988113,27,0.4074074074074074,0.5925925925925926
Germany,2021-01-04,0.015691868912861787,0.0,0.2773944905037404,32,0.5625,0.4375
Germany,2021-01-05,-0.07834873058668909,0.0,0.2420274080645442,36,0.3333333333333333,0.6388888888888888
Germany,2021-01-06,0.021775339675531927,0.0,0.29376354752688527,21,0.42857142857142855,0.47619047619047616
Germany,2021-01-07,-0.09193886003315704,0.0,0.2908461231155729,30,0.4,0.5333333333333333
Germany,2021-01-08,-0.061765296401108914,0.0,0.2482912260506152,35,0.45714285714285713,0.4857142857142857
Germany,2021-01-09,-0.045511107742497205,0.0,0.3167506731958728,20,0.5,0.5
Germany,2021-01-10,-0.11694272029665051,0.0,0.22776497832659884,20,0.45,0.55
Germany,2021-01-11,-0.09398789218358182,0.0,0.26415513488277964,36,0.3611111111111111,0.6111111111111112
Germany,2021-01-12,-0.04475127733468136,0.0,0.2750140962610448,46,0.43478260869565216,0.5217391304347826
Germany,2021-01-13,-0.08062711171616906,0.0,0.3433920515648969,33,0.3333333333333333,0.6363636363636364
Germany,2021-01-14,-0.072750338971919,0.0,0.22937260345242005,30,0.3333333333333333,0.6
Germany,2021-01-15,-0.0950225580202624,0.0,0.29606928064255306,55,0.4,0.5818181818181818
Germany,2021-01-16,-0.14505793009160442,0.0,0.30831875734750364,19,0.3684210526315789,0.631578947368421
Germany,2021-01-17,-0.15245261392427054,0.0,0.2698554805389769,24,0.25,0.75
Germany,2021-01-18,-0.19314582706085434,0.0,0.24639459112448162,42,0.19047619047619047,0.7619047619047619
Germany,2021-01-19,-0.1417596913019726,0.0,0.34289904282532246,56,0.3392857142857143,0.6428571428571429
Germany,2021-01-20,-0.07591528249478921,0.0,0.2868074819386894,37,0.40540540540540543,0.5945945945945946
Germany,2021-01-21,-0.10182299260698935,0.0,0.33814874916829346,52,0.4230769230769231,0.5576923076923077
Germany,2021-01-22,-0.13988243847726928,0.0,0.2714357617964794,46,0.34782608695652173,0.6304347826086957
Germany,2021-01-23,-0.17005339028138777,0.0,0.26769463505087226,16,0.3125,0.5625
Germany,2021-01-24,-0.07024988502123553,0.0,0.26428205271647875,24,0.375,0.625
Germany,2021-01-25,-0.15602606315928783,0.0,0.20579704231216836,44,0.13636363636363635,0.7954545454545454
Germany,2021-01-26,-0.029086002633109623,0.0,0.30995779629869186,35,0.34285714285714286,0.6571428571428571
Germany,2021-01-27,-0.10684105982584154,0.0,0.3078277341725047,33,0.30303030303030304,0.6363636363636364
Germany,2021-01-28,-0.12005665683927304,0.0,0.2871196754669553,38,0.3157894736842105,0.631578947368421
Germany,2021-01-29,-0.03697320913047406,0.0,0.27520892591147705,40,0.5,0.5
Germany,2021-01-30,-0.11223661106007779,0.0,0.29982258567238335,17,0.29411764705882354,0.6470588235294118
Germany,2021-01-31,-0.14070383959010063,0.0,0.26151066070213363,20,0.3,0.7
Germany,2021-02-01,-0.09263060174557639,0.0,0.31011965095655986,35,0.37142857142857144,0.5428571428571428
Germany,2021-02-02,-0.002859358374088497,0.0,0.3143456579589845,40,0.525,0.475
Germany,2021-02-03,-0.05334741213731007,0.0,0.3360583171425043,49,0.5102040816326531,0.4897959183673469
Germany,2021-02-04,-0.028609669850679264,0.0,0.2984398466523118,37,0.4864864864864865,0.4864864864864865
Germany,2021-02-05,-0.11474281059191453,0.0,0.23834334692700432,54,0.3148148148148148,0.6481481481481481
Germany,2021-02-06,-0.06855479882600861,0.0,0.17768459572267734,28,0.35714285714285715,0.6071428571428571
Germany,2021-02-07,-0.13695381317557742,0.0,0.30554245107140054,23,0.30434782608695654,0.6956521739130435
Germany,2021-02-08,-0.033663385830970345,0.0,0.25254159040021906,42,0.5,0.47619047619047616
Germany,2021-02-09,-0.10770951095634901,0.0,0.3573335061583365,34,0.35294117647058826,0.5588235294117647
Germany,2021-02-10,-0.10152699172807798,0.0,0.29820338513738637,43,0.37209302325581395,0.627906976744186
Germany,2021-02-11,-0.05863627246081547,0.0,0.35507708930550513,33,0.48484848484848486,0.48484848484848486
Germany,2021-02-12,-0.11479065370961825,0.0,0.2407109208934015,40,0.275,0.725
Germany,2021-02-13,-0.13965617268045277,0.0,0.3096687593661617,21,0.3333333333333333,0.6666666666666666
Germany,2021-02-14,-0.026103563613504865,0.0,0.27066101993714087,23,0.34782608695652173,0.6086956521739131
Germany,2021-02-15,-0.07406730271229717,0.0,0.28889156737613775,27,0.4074074074074074,0.5925925925925926
Germany,2021-02-16,-0.1347965511994472,0.0,0.2358853776309986,39,0.20512820512820512,0.717948717948718
Germany,2021-02-17,-0.0809058593877839,0.0,0.3418587754154727,35,0.42857142857142855,0.5142857142857142
Germany,2021-02-18,-0.12627828854943968,0.0,0.32270378634272906,51,0.3333333333333333,0.6470588235294118
Germany,2021-02-19,-0.06540582706060533,0.0,0.2516362003190582,59,0.23728813559322035,0.6949152542372882
Germany,2021-02-20,-0.2155123908534865,0.0,0.29229322169389543,19,0.21052631578947367,0.7368421052631579
Germany,2021-02-21,-0.14089012989738786,0.0,0.20556893800916634,23,0.2608695652173913,0.7391304347826086
Germany,2021-02-22,-0.13024916238136278,0.0,0.3325465056825401,45,0.28888888888888886,0.6666666666666666
Germany,2021-02-23,-0.07490119989621041,0.0,0.27597631891987995,50,0.3,0.66
Germany,2021-02-24,-0.09907595023936147,0.0,0.22898331627003843,45,0.37777777777777777,0.6
Germany,2021-02-25,-0.026406803994640096,0.0,0.23419006614338933,36,0.5555555555555556,0.4166666666666667
Germany,2021-02-26,-0.08081387893102476,0.0,0.2762737231571519,40,0.425,0.575
Germany,2021-02-27,-0.07091820579972687,0.0,0.1511265367162487,16,0.1875,0.75
Germany,2021-02-28,0.006412842888899497,0.0,0.22786212268163292,13,0.46153846153846156,0.5384615384615384
Germany,2021-03-01,-0.12884197473143943,0.0,0.29684765719046957,30,0.23333333333333334,0.7666666666666667
Germany,2021-03-02,-0.07429348252452171,0.0,0.3285869774554457,32,0.4375,0.46875
Germany,2021-03-03,-0.13368133428566362,0.0,0.3309185677500468,28,0.32142857142857145,0.6071428571428571
Germany,2021-03-04,-0.1786185982919856,0.0,0.3094651909350199,31,0.3870967741935484,0.6129032258064516
Germany,2021-03-05,-0.06727141129993013,0.0,0.2671885727225018,34,0.5,0.47058823529411764
Germany,2021-03-06,-0.11537807365726582,0.0,0.2838554297480196,19,0.42105263157894735,0.5789473684210527
Germany,2021-03-07,-0.0795795103987536,0.0,0.2768597813136313,22,0.3181818181818182,0.5909090909090909
Germany,2021-03-08,0.0814646376123548,0.0,0.2979221975123285,32,0.59375,0.375
Germany,2021-03-09,-0.0201142714438817,0.0,0.274458147812176,37,0.40540540540540543,0.5675675675675675
Germany,2021-03-10,-0.029779027380837632,0.0,0.28195040064073185,37,0.4864864864864865,0.4864864864864865
Germany,2021-03-11,-0.09398654577266645,0.0,0.25784479035819596,35,0.42857142857142855,0.5142857142857142
Germany,2021-03-12,-0.06650467648598092,0.0,0.27585507682839877,32,0.40625,0.5625
Germany,2021-03-13,-0.1226913573101646,0.0,0.29943706597369935,18,0.3888888888888889,0.6111111111111112
Germany,2021-03-14,-0.08586938443809923,0.0,0.2583627012921361,18,0.2777777777777778,0.6666666666666666
Germany,2021-03-15,-0.007999965796678658,0.0,0.3406664185212189,33,0.42424242424242425,0.5454545454545454
Germany,2021-03-16,-0.07313216124527949,0.0,0.24142145740986906,45,0.26666666666666666,0.6666666666666666
Germany,2021-03-17,-0.04741276126580268,0.0,0.25570094462340814,41,0.5121951219512195,0.4878048780487805
Germany,2021-03-18,-0.022732518152204773,0.0,0.28547751709365093,38,0.34210526315789475,0.6052631578947368
Germany,2021-03-19,-0.09073236776485169,0.0,0.3020018771392493,43,0.4418604651162791,0.5581395348837209
Germany,2021-03-20,0.0057893305826752055,0.0,0.32722719445853893,11,0.5454545454545454,0.45454545454545453
Germany,2021-03-21,-0.14966180414987565,0.0,0.24860167282302761,19,0.21052631578947367,0.7368421052631579
Germany,2021-03-22,-0.10647252562587296,0.0,0.30839229905643595,27,0.3333333333333333,0.6296296296296297
Germany,2021-03-23,-0.10259426874013405,0.0,0.25920831430128766,35,0.3142857142857143,0.6285714285714286
Germany,2021-03-24,-0.12573467848800932,0.0,0.3798609045398965,44,0.36363636363636365,0.6363636363636364
Germany,2021-03-25,-0.21289747856608762,0.0,0.27928204999336015,50,0.22,0.76
Germany,2021-03-26,-0.06290621669109828,0.0,0.2422470224221682,51,0.39215686274509803,0.6078431372549019
Germany,2021-03-27,-0.19081529046829143,0.0,0.16085133993591935,23,0.043478260869565216,0.9130434782608695
Germany,2021-03-28,-0.24819132508735478,0.0,0.2781069974213183,19,0.10526315789473684,0.8947368421052632
Germany,2021-03-29,-0.03746178940500285,0.0,0.26099724676198804,34,0.4117647058823529,0.5588235294117647
Germany,2021-03-30,0.0306747460525059,0.0,0.32880175816880397,42,0.5,0.5
Germany,2021-03-31,0.0021416734200831373,0.0,0.2350784872002646,40,0.475,0.525
Germany,2021-04-01,-0.05879423988059884,0.0,0.2549742528862277,41,0.4146341463414634,0.5609756097560976
Germany,2021-04-02,-0.14374120204306348,0.0,0.29596517234886893,27,0.18518518518518517,0.7777777777777778
Germany,2021-04-03,0.09477641535025867,0.0,0.3644195324663291,17,0.4117647058823529,0.5294117647058824
Germany,2021-04-04,-0.06372795855240289,0.0,0.22897644777999715,8,0.25,0.75
Germany,2021-04-05,-0.11744210145935291,0.0,0.24859157174074797,23,0.2608695652173913,0.6956521739130435
Germany,2021-04-06,0.016621349386625687,0.0,0.24871190902930962,32,0.46875,0.46875
Germany,2021-04-07,-0.11487139053685147,0.0,0.2855748113099497,36,0.3888888888888889,0.5833333333333334
Germany,2021-04-08,-0.12443960605250402,0.0,0.2907413160373638,46,0.3695652173913043,0.6086956521739131
Germany,2021-04-09,-0.0591493002770336,0.0,0.27508069452732536,42,0.42857142857142855,0.5476190476190477
Germany,2021-04-10,-0.16132434591914932,0.0,0.27504618090464855,11,0.2727272727272727,0.7272727272727273
Germany,2021-04-11,-0.10441704312710758,0.0,0.20655917347946093,12,0.25,0.6666666666666666
Germany,2021-04-12,-0.0814926322169605,0.0,0.26268058618487344,43,0.3488372093023256,0.627906976744186
Germany,2021-04-13,-0.045025360488081596,0.0,0.38998737632929614,35,0.5428571428571428,0.4
Germany,2021-04-14,-0.1480784135641956,0.0,0.3053544492990557,24,0.3333333333333333,0.6666666666666666
Germany,2021-04-15,-0.0816985176897147,0.0,0.2490379812798877,33,0.3333333333333333,0.6060606060606061
Germany,2021-04-16,-0.1476407330956415,0.0,0.30855039538849316,49,0.24489795918367346,0.7142857142857143
Germany,2021-04-17,-0.07097900583556803,0.0,0.29177681009371936,33,0.3333333333333333,0.6666666666666666
Germany,2021-04-18,-0.11787004910439046,0.0,0.2880087737390652,27,0.4074074074074074,0.5925925925925926
Germany,2021-04-19,0.008864690502998492,0.0,0.32130341771593435,34,0.47058823529411764,0.5294117647058824
Germany,2021-04-20,0.024905021526044093,0.0,0.3239711106420645,42,0.5714285714285714,0.42857142857142855
Germany,2021-04-21,-0.10523720905198675,0.0,0.25266320863625513,43,0.27906976744186046,0.6744186046511628
Germany,2021-04-22,-0.04070005322723496,0.0,0.2475027231412218,64,0.421875,0.515625
Germany,2021-04-23,-0.044334488119058955,0.0,0.24307037084632968,40,0.325,0.6
Germany,2021-04-24,-0.10899646128378863,0.0,0.27198567989788924,27,0.37037037037037035,0.6296296296296297
Germany,2021-04-25,-0.13262550341988752,0.0,0.13577042941890566,17,0.11764705882352941,0.7647058823529411
Germany,2021-04-26,-0.08116651619550783,0.0,0.2772065817500928,45,0.4,0.5777777777777777
Germany,2021-04-27,0.03608317449778474,0.0,0.2973905450252963,42,0.5238095238095238,0.4523809523809524
Germany,2021-04-28,-0.06247322024922892,0.0,0.2788493065044026,30,0.36666666666666664,0.5666666666666667
Germany,2021-04-29,-0.035856376804547785,0.0,0.29554011904270955,45,0.5333333333333333,0.4222222222222222
Germany,2021-04-30,-0.11891024702152954,0.0,0.27046723401166545,32,0.25,0.6875
Germany,2021-05-01,-0.060363336705049314,0.0,0.2749943909722676,17,0.47058823529411764,0.5294117647058824
Germany,2021-05-02,-0.16916831913358998,0.0,0.23372902224711306,23,0.2608695652173913,0.7391304347826086
Germany,2021-05-03,-0.11178250505128222,0.0,0.20075681746079715,17,0.23529411764705882,0.7058823529411765
Germany,2021-05-04,-0.053168017375341346,0.0,0.27596824844603157,48,0.4583333333333333,0.4791666666666667
Germany,2021-05-05,-0.1594857008103695,0.0,0.2649052661031021,43,0.27906976744186046,0.6744186046511628
Germany,2021-05-06,-0.03849015545530479,0.0,0.27969313354489744,36,0.4722222222222222,0.5277777777777778
Germany,2021-05-07,-0.0017618105366356267,0.0,0.3008225522708259,37,0.5405405405405406,0.43243243243243246
Germany,2021-05-08,0.05400983863237708,0.0,0.30559942493963926,24,0.5833333333333334,0.4166666666666667
Germany,2021-05-09,-0.06441290149893326,0.0,0.3081998445785683,26,0.34615384615384615,0.5769230769230769
Germany,2021-05-10,-0.027794949077576556,0.0,0.327804671417717,38,0.5526315789473685,0.4473684210526316
Germany,2021-05-11,-0.1842062038875579,0.0,0.3167764702741003,42,0.23809523809523808,0.6904761904761905
Germany,2021-05-12,-0.03172433162868705,0.0,0.2130477103858958,44,0.45454545454545453,0.45454545454545453
Germany,2021-05-13,0.04913177844218346,0.0,0.20619291799027442,32,0.625,0.3125
Germany,2021-05-14,-0.10775613167819315,0.0,0.2609920656057711,27,0.37037037037037035,0.5555555555555556
Germany,2021-05-15,-0.15828032783812526,0.0,0.2630127832797469,19,0.2631578947368421,0.7368421052631579
Germany,2021-05-16,-0.2660092801432917,0.0,0.28664498589136306,20,0.2,0.8
Germany,2021-05-17,-0.11921621806574738,0.0,0.3738583462042922,36,0.3333333333333333,0.5833333333333334
Germany,2021-05-18,-0.11981329442185396,0.0,0.22530501991398968,44,0.3181818181818182,0.6590909090909091
Germany,2021-05-19,-0.0455185712183347,0.0,0.29354415448685534,48,0.3958333333333333,0.5416666666666666
Germany,2021-05-20,-0.06730642886195713,0.0,0.2906620963125326,62,0.4032258064516129,0.5967741935483871
Germany,2021-05-21,-0.10356676244426449,0.0,0.26283545221116095,44,0.38636363636363635,0.6136363636363636
Germany,2021-05-22,-0.20539396889993047,0.0,0.1534543131423892,22,0.0,0.9545454545454546
Germany,2021-05-23,-0.10099281336709727,0.0,0.36256057626829324,12,0.4166666666666667,0.5833333333333334
Germany,2021-05-24,-0.07772280326947574,0.0,0.29397392786621823,24,0.2916666666666667,0.625
Germany,2021-05-25,-0.06669053814496845,0.0,0.3065167023340176,43,0.5116279069767442,0.46511627906976744
Germany,2021-05-26,-0.07815618765243211,0.0,0.2995188846361242,45,0.4,0.5555555555555556
Germany,2021-05-27,-0.08165489949312091,0.0,0.2827187827076092,28,0.42857142857142855,0.5714285714285714
Germany,2021-05-28,-0.1418543968427383,0.0,0.25143452916149744,39,0.2564102564102564,0.717948717948718
Germany,2021-05-29,-0.07455105158938923,0.0,0.20241069969901193,15,0.26666666666666666,0.7333333333333333
Germany,2021-05-30,-0.15796356329755062,0.0,0.2753842954605954,12,0.3333333333333333,0.6666666666666666
Germany,2021-05-31,-0.14524512509716456,0.0,0.2665414252518911,33,0.30303030303030304,0.696969696969697
Germany,2021-06-01,-0.11570807307192602,0.0,0.2260806249125001,37,0.2702702702702703,0.7297297297297297
Germany,2021-06-02,-0.05763247870089768,0.0,0.2556283004692704,41,0.3170731707317073,0.6341463414634146
Germany,2021-06-03,-0.07148255725848944,0.0,0.29473269361860255,38,0.2894736842105263,0.7105263157894737
Germany,2021-06-04,-0.07949064746195225,0.0,0.2358660324153864,36,0.4166666666666667,0.5833333333333334
Germany,2021-06-05,-0.15063329023275415,0.0,0.2735582002145657,24,0.25,0.6666666666666666
Germany,2021-06-06,-0.06751252129095808,0.0,0.15120914880511505,21,0.23809523809523808,0.7142857142857143
Germany,2021-06-07,-0.12637906910464736,0.0,0.25620010294253054,27,0.25925925925925924,0.6296296296296297
Germany,2021-06-08,-0.14847598464014017,0.0,0.2743240258197448,43,0.20930232558139536,0.7674418604651163
Germany,2021-06-09,-0.0570508391434279,0.0,0.20012626632877148,43,0.27906976744186046,0.6511627906976745
Germany,2021-06-10,-0.08029307219830319,0.0,0.29403696096587384,55,0.4,0.5454545454545454
Germany,2021-06-11,-0.05784454374117159,0.0,0.22320565751513996,52,0.34615384615384615,0.5576923076923077
Germany,2021-06-12,-0.09637487223605705,0.0,0.25006294973334003,28,0.21428571428571427,0.6071428571428571
Germany,2021-06-13,-0.057838100547620834,0.0,0.30879209836998867,35,0.34285714285714286,0.6285714285714286
Germany,2021-06-14,0.002045930103698861,0.0,0.299328734167829,31,0.4838709677419355,0.4838709677419355
Germany,2021-06-15,-0.15080550721536415,0.0,0.22546370102006316,37,0.24324324324324326,0.7567567567567568
Germany,2021-06-16,-0.16734766753461366,0.0,0.24997862544669017,35,0.2,0.8
Germany,2021-06-17,-0.12743261679585222,0.0,0.32399968146604885,24,0.4166666666666667,0.5833333333333334
Germany,2021-06-18,-0.017553535130508217,0.0,0.25812722828939105,36,0.5,0.4444444444444444
Germany,2021-06-19,-0.03188120233933186,0.0,0.2576509574811356,24,0.4166666666666667,0.5416666666666666
Germany,2021-06-20,-0.09450117498498783,0.0,0.42448649828158663,15,0.3333333333333333,0.6666666666666666
Germany,2021-06-21,-0.11730998690384624,0.0,0.3534225489485002,37,0.32432432432432434,0.6486486486486487
Germany,2021-06-22,-0.08299094749077979,0.0,0.33696884191181015,34,0.29411764705882354,0.6176470588235294
Germany,2021-06-23,-0.06242937437001323,0.0,0.2354814684337361,32,0.5,0.5
Germany,2021-06-24,-0.08556169440776303,0.0,0.21528675071961506,47,0.3191489361702128,0.6382978723404256
Germany,2021-06-25,-0.0820221285442294,0.0,0.29942272676654835,39,0.38461538461538464,0.5384615384615384
Germany,2021-06-26,-0.14185958458866188,0.0,0.4979270847057545,16,0.5,0.5
Germany,2021-06-27,-0.08535433723327156,0.0,0.20439931825602795,13,0.15384615384615385,0.7692307692307693
Germany,2021-06-28,-0.04787394366039524,0.0,0.26172167910197597,33,0.3939393939393939,0.5454545454545454
Germany,2021-06-29,-0.07278681738078321,0.0,0.30850110192296293,41,0.3902439024390244,0.6097560975609756
Germany,2021-06-30,-0.03534356932293991,0.0,0.2929685759344346,26,0.4230769230769231,0.5384615384615384
Germany,2021-07-01,-0.1058596223637836,0.0,0.3443662153689623,35,0.34285714285714286,0.6285714285714286
Germany,2021-07-02,-0.029787426087836882,0.0,0.2638722690042134,38,0.5789473684210527,0.3684210526315789
Germany,2021-07-03,0.023550858058598783,0.0,0.2387202670826312,14,0.5714285714285714,0.42857142857142855
Germany,2021-07-04,-0.1463368652167719,0.0,0.2736224324600787,19,0.2631578947368421,0.6842105263157895
Germany,2021-07-05,-0.08591169047324478,0.0,0.2266405087026351,31,0.3225806451612903,0.6451612903225806
Germany,2021-07-06,0.0015160273989219993,0.0,0.30546032008367124,32,0.46875,0.5
Germany,2021-07-07,-0.08545049944341719,0.0,0.28365734597616665,24,0.5,0.4583333333333333
Germany,2021-07-08,-0.08830557444792898,0.0,0.28800391916861945,26,0.15384615384615385,0.8461538461538461
Germany,2021-07-09,-0.03850836015964708,0.0,0.21313975096123908,31,0.41935483870967744,0.5483870967741935
Germany,2021-07-10,-0.07041486411063756,0.0,0.2836654605465677,26,0.4230769230769231,0.5384615384615384
Germany,2021-07-11,-0.062058441921800156,0.0,0.33318319675938995,10,0.6,0.4
Germany,2021-07-12,-0.1128589647837059,0.0,0.3023906304578792,24,0.3333333333333333,0.625
Germany,2021-07-13,0.010942619692102692,0.0,0.19815237960782858,28,0.42857142857142855,0.5
Germany,2021-07-14,-0.00045818827161971164,0.0,0.2619688298852806,37,0.5945945945945946,0.40540540540540543
Germany,2021-07-15,-0.21327757760861987,0.0,0.3874841378080276,48,0.1875,0.7708333333333334
Germany,2021-07-16,-0.28327465636767635,0.0,0.34036259692721965,68,0.19117647058823528,0.7941176470588235
Germany,2021-07-17,-0.3635059391700466,0.0,0.2926789428297304,42,0.11904761904761904,0.8809523809523809
Germany,2021-07-18,-0.279049887913647,0.0,0.2942965441258617,37,0.13513513513513514,0.8648648648648649
Germany,2021-07-19,-0.06407129132163188,0.0,0.4118581234291159,49,0.4489795918367347,0.4897959183673469
Germany,2021-07-20,-0.30471164808216866,0.0,0.26651577597377596,38,0.10526315789473684,0.8947368421052632
Germany,2021-07-21,-0.14889603966670012,0.0,0.35247162302968205,48,0.1875,0.7291666666666666
Germany,2021-07-22,-0.051742420378700534,0.0,0.3003476756061995,35,0.4,0.5428571428571428
Germany,2021-07-23,-0.1600410752420695,0.0,0.2961952067918811,35,0.37142857142857144,0.6285714285714286
Germany,2021-07-24,-0.15508528180254813,0.0,0.29083108374915034,23,0.34782608695652173,0.6521739130434783
Germany,2021-07-25,-0.17827812533321902,0.0,0.2918111299865124,17,0.29411764705882354,0.6470588235294118
Germany,2021-07-26,-0.21805458319184412,0.0,0.2458683872982078,44,0.18181818181818182,0.7954545454545454
Germany,2021-07-27,-0.08382429246598641,0.0,0.2763839430208131,32,0.28125,0.65625
Germany,2021-07-28,-0.09211744052742156,0.0,0.3909738932231892,35,0.5714285714285714,0.4
Germany,2021-07-29,0.01045362934330959,0.0,0.26905403928055105,38,0.5526315789473685,0.42105263157894735
Germany,2021-07-30,-0.081221953965309,0.0,0.2924551743713927,22,0.5,0.45454545454545453
Germany,2021-07-31,-0.07328888094038952,0.0,0.21960470090013742,14,0.2857142857142857,0.7142857142857143
Germany,2021-08-01,-0.03203923432812374,0.0,0.40246532207539476,19,0.47368421052631576,0.5263157894736842
Germany,2021-08-02,-0.050887761919880876,0.0,0.24409639350946571,26,0.38461538461538464,0.5769230769230769
Germany,2021-08-03,-0.0650135355676875,0.0,0.30068065090354906,46,0.41304347826086957,0.5434782608695652
Germany,2021-08-04,-0.12810748487528117,0.0,0.31191913659191206,40,0.35,0.65
Germany,2021-08-05,-0.03237186095588892,0.0,0.3557824225319611,31,0.5483870967741935,0.41935483870967744
Germany,2021-08-06,-0.1927356946490462,0.0,0.32739700599740296,22,0.3181818181818182,0.6363636363636364
Germany,2021-08-07,-0.1258383730998723,0.0,0.4068973723444631,17,0.35294117647058826,0.5882352941176471
Germany,2021-08-08,-0.15051991220332192,0.0,0.4140446093278088,18,0.3888888888888889,0.5555555555555556
Germany,2021-08-09,-0.14231069792170287,0.0,0.2683166412374009,37,0.24324324324324326,0.7567567567567568
Germany,2021-08-10,-0.23343538591274532,0.0,0.2902151946470024,40,0.15,0.825
Germany,2021-08-11,-0.33587277101328666,0.0,0.29728752001387737,24,0.16666666666666666,0.8333333333333334
Germany,2021-08-12,-0.16374763031482958,0.0,0.27487950309909426,34,0.20588235294117646,0.7941176470588235
Germany,2021-08-13,-0.14404404901742948,0.0,0.2665488784378015,39,0.2564102564102564,0.6923076923076923
Germany,2021-08-14,-0.10084554649867307,0.0,0.1875308892398305,14,0.42857142857142855,0.5714285714285714
Germany,2021-08-15,-0.11500839740947519,0.0,0.19602361018919962,14,0.2857142857142857,0.7142857142857143
Germany,2021-08-16,-0.12985388459481173,0.0,0.24558494498468803,20,0.25,0.7
Germany,2021-08-17,-0.1289090406064339,0.0,0.3381157274059911,22,0.18181818181818182,0.7727272727272727
Germany,2021-08-18,-0.19726017950352134,0.0,0.2755957327205238,25,0.2,0.76
Germany,2021-08-19,-0.06347967795142721,0.0,0.29320405232196195,49,0.3877551020408163,0.5918367346938775
Germany,2021-08-20,-0.17007191972306582,0.0,0.30369108275766993,51,0.27450980392156865,0.6862745098039216
Germany,2021-08-21,-0.1664332000449554,0.0,0.24897048457459436,28,0.17857142857142858,0.8214285714285714
Germany,2021-08-22,-0.10625481524080536,0.0,0.2893344678977127,31,0.2903225806451613,0.6774193548387096
Germany,2021-08-23,-0.07134692869243699,0.0,0.24498380096268857,61,0.39344262295081966,0.5901639344262295
Germany,2021-08-24,-0.10579430408427433,0.0,0.3338892449811771,58,0.39655172413793105,0.603448275862069
Germany,2021-08-25,-0.03146453822325461,0.0,0.2431503495305937,42,0.40476190476190477,0.5714285714285714
Germany,2021-08-26,-0.09611829597349822,0.0,0.2125719996062837,37,0.32432432432432434,0.6756756756756757
Germany,2021-08-27,-0.06852201228669702,0.0,0.3347095342246367,30,0.4,0.6
Germany,2021-08-28,-0.17438426986364497,0.0,0.2052246187395286,26,0.2692307692307692,0.7307692307692307
Germany,2021-08-29,-0.14028145857293325,0.0,0.27158793234722245,17,0.23529411764705882,0.5882352941176471
Germany,2021-08-30,0.01421048443522971,0.0,0.3634792939475434,39,0.48717948717948717,0.5128205128205128
Germany,2021-08-31,-0.04886836451519336,0.0,0.2770386580559386,43,0.32558139534883723,0.6744186046511628
Germany,2021-09-01,-0.10689993442247533,0.0,0.3312883724767578,31,0.41935483870967744,0.5483870967741935
Germany,2021-09-02,-0.10878222693675746,0.0,0.3090181117552046,37,0.2972972972972973,0.6216216216216216
Germany,2021-09-03,-0.2017553091128941,0.0,0.3147852204127693,42,0.2619047619047619,0.6904761904761905
Germany,2021-09-04,-0.11247635913501852,0.0,0.2889207610337263,12,0.3333333333333333,0.6666666666666666
Germany,2021-09-05,-0.1830283097734423,0.0,0.25177883208244817,15,0.2,0.7333333333333333
Germany,2021-09-06,-0.03340313548438805,0.0,0.24997058907275796,36,0.4166666666666667,0.5
Germany,2021-09-07,-0.021484150011818883,0.0,0.28283774872402456,42,0.42857142857142855,0.5714285714285714
Germany,2021-09-08,-0.007693901916237074,0.0,0.309570541791373,35,0.42857142857142855,0.5142857142857142
Germany,2021-09-09,-0.11135581044111215,0.0,0.3335374892154035,30,0.4,0.6
Germany,2021-09-10,-0.07537492050084205,0.0,0.32053724087966223,41,0.2926829268292683,0.6341463414634146
Germany,2021-09-11,0.026283678159348598,0.0,0.2644657052108378,23,0.43478260869565216,0.4782608695652174
Germany,2021-09-12,0.019190068773803432,0.0,0.33700265510602945,15,0.3333333333333333,0.6666666666666666
Germany,2021-09-13,0.04785357838117101,0.0,0.2810794741255865,29,0.6551724137931034,0.3448275862068966
Germany,2021-09-14,-0.041004898940592796,0.0,0.2733711246977998,36,0.4444444444444444,0.5277777777777778
Germany,2021-09-15,-0.03063963854383112,0.0,0.28976054527028505,45,0.37777777777777777,0.6
Germany,2021-09-16,-0.02302872728700781,0.0,0.2587690543633437,33,0.48484848484848486,0.5151515151515151
Germany,2021-09-17,-0.07405216341408762,0.0,0.27401638968792985,42,0.3333333333333333,0.5952380952380952
Germany,2021-09-18,0.16303274932911563,0.0,0.34512282008041933,10,0.7,0.3
Germany,2021-09-19,0.0028569325864085215,0.0,0.2772018967600811,14,0.5,0.5
Germany,2021-09-20,-0.07125493622728475,0.0,0.25619386781211745,44,0.4090909090909091,0.5681818181818182
Germany,2021-09-21,-0.17652388677119785,0.0,0.2836985139263108,25,0.24,0.64
Germany,2021-09-22,-0.016865745011754852,0.0,0.26572617339946397,32,0.4375,0.53125
Germany,2021-09-23,-0.006651345475846238,0.0,0.2614603364828421,39,0.46153846153846156,0.5128205128205128
Germany,2021-09-24,-0.09409062039628191,0.0,0.2740634642525357,36,0.3611111111111111,0.6388888888888888
Germany,2021-09-25,-0.1573406187534002,0.0,0.23082621970742015,31,0.25806451612903225,0.7096774193548387
Germany,2021-09-26,-0.02719300562315975,0.0,0.228513911377632,45,0.4222222222222222,0.5111111111111111
Germany,2021-09-27,-0.023384495151120774,0.0,0.2624090345011088,61,0.5245901639344263,0.4426229508196721
Germany,2021-09-28,-0.047581337786027175,0.0,0.3120509452939432,37,0.3783783783783784,0.5405405405405406
Germany,2021-09-29,-0.024811117364371534,0.0,0.3132308326124808,40,0.4,0.575
Germany,2021-09-30,-0.04090136274354752,0.0,0.2601857694957962,42,0.40476190476190477,0.5714285714285714
Germany,2021-10-01,-0.05083412203797642,0.0,0.26761841602877023,39,0.38461538461538464,0.6153846153846154
Germany,2021-10-02,-0.18561367649668276,0.0,0.1905529490628463,21,0.19047619047619047,0.8095238095238095
Germany,2021-10-03,-0.2695746557863258,0.0,0.2839633443143002,13,0.15384615384615385,0.8461538461538461
Germany,2021-10-04,-0.10471877178727987,0.0,0.2978786348934332,32,0.34375,0.65625
Germany,2021-10-05,0.03428327469075594,0.0,0.2893184144929005,52,0.46153846153846156,0.4807692307692308
Germany,2021-10-06,0.10185828919370311,0.0,0.4550080399204869,53,0.4339622641509434,0.5094339622641509
Germany,2021-10-07,-0.0065197479077307476,0.0,0.2932784221965456,44,0.5227272727272727,0.4772727272727273
Germany,2021-10-08,-0.09823471241728876,0.0,0.30374670703466644,29,0.3793103448275862,0.5862068965517241
Germany,2021-10-09,-0.0646839459318573,0.0,0.28292682704702654,20,0.45,0.5
Germany,2021-10-10,0.14724206127874928,0.0,0.2791774113075571,12,0.6666666666666666,0.3333333333333333
Germany,2021-10-11,-0.07171056409152797,0.0,0.3259171679522368,35,0.34285714285714286,0.6
Germany,2021-10-12,-0.06243636045623379,0.0,0.27983412055131496,42,0.38095238095238093,0.5714285714285714
Germany,2021-10-13,-0.06578303347889645,0.0,0.2607607388005124,40,0.325,0.65
Germany,2021-10-14,-0.12843201771429325,0.0,0.3490499415232222,31,0.3548387096774194,0.6451612903225806
Germany,2021-10-15,-0.08965296649015467,0.0,0.2329223961352107,37,0.35135135135135137,0.6216216216216216
Germany,2021-10-16,0.0763270607720437,0.0,0.25905371534697674,10,0.5,0.5
Germany,2021-10-17,-0.12518338327721976,0.0,0.30924982690012964,11,0.36363636363636365,0.6363636363636364
Germany,2021-10-18,-0.05124056208599558,0.0,0.271294873441539,35,0.2857142857142857,0.7142857142857143
Germany,2021-10-19,0.0071494523471585195,0.0,0.33232877202493594,41,0.4878048780487805,0.5121951219512195
Germany,2021-10-20,-0.08801227313423804,0.0,0.2663687173131988,27,0.4074074074074074,0.5555555555555556
Germany,2021-10-21,-0.09591974018174665,0.0,0.2988544956867782,44,0.3181818181818182,0.5909090909090909
Germany,2021-10-22,-0.07773473254754856,0.0,0.2660561389456016,42,0.30952380952380953,0.6428571428571429
Germany,2021-10-23,-0.201358387767115,0.0,0.2537583455758353,23,0.13043478260869565,0.8695652173913043
Germany,2021-10-24,-0.14456880199318775,0.0,0.3297659493542012,23,0.34782608695652173,0.6086956521739131
Germany,2021-10-25,-0.055033912317918154,0.0,0.2671172203837798,37,0.35135135135135137,0.5945945945945946
Germany,2021-10-26,0.036414365080695246,0.0,0.3164253473396452,37,0.6486486486486487,0.35135135135135137
Germany,2021-10-27,-0.03231987425347414,0.0,0.28008122431867755,33,0.5454545454545454,0.45454545454545453
Germany,2021-10-28,-0.10621494550710477,0.0,0.3326940759800598,44,0.3409090909090909,0.6590909090909091
Germany,2021-10-29,-0.06670414339894272,0.0,0.18707848050151138,31,0.41935483870967744,0.5161290322580645
Germany,2021-10-30,-0.04703142585045655,0.0,0.28420920675953104,26,0.4230769230769231,0.5
Germany,2021-10-31,-0.032195383657150356,0.0,0.239724069441942,36,0.3611111111111111,0.5277777777777778
Germany,2021-11-01,-0.08908823516908732,0.0,0.23621821491941986,37,0.40540540540540543,0.5945945945945946
Germany,2021-11-02,-0.03683121632900088,0.0,0.24067610554051966,35,0.42857142857142855,0.5714285714285714
Germany,2021-11-03,-0.0032089968358255394,0.0,0.3205059181457108,35,0.6,0.37142857142857144
Germany,2021-11-04,-0.018128992195662854,0.0,0.26585433878401815,46,0.41304347826086957,0.5434782608695652
Germany,2021-11-05,-0.10276402391427047,0.0,0.276066903452686,19,0.3157894736842105,0.6842105263157895
Germany,2021-11-06,-0.05342022457137147,0.0,0.2584077762857758,23,0.391304347826087,0.5652173913043478
Germany,2021-11-07,-0.11030554416835353,0.0,0.21562372487062775,12,0.3333333333333333,0.6666666666666666
Germany,2021-11-08,-0.06626702538258562,0.0,0.29512208189978895,43,0.4418604651162791,0.5348837209302325
Germany,2021-11-09,-0.08713045482739226,0.0,0.26857378749268385,39,0.3076923076923077,0.6410256410256411
Germany,2021-11-10,-0.055786433278552476,0.0,0.30141553201985,32,0.4375,0.5625
Germany,2021-11-11,-0.07988480015352015,0.0,0.3007393460379934,42,0.35714285714285715,0.5952380952380952
Germany,2021-11-12,-0.11268350415072169,0.0,0.3171998236394204,44,0.3409090909090909,0.5909090909090909
Germany,2021-11-13,-0.1359795858968876,0.0,0.2512745514501485,24,0.25,0.75
Germany,2021-11-14,-0.13351640041023843,0.0,0.19608085847971632,21,0.19047619047619047,0.7142857142857143
Germany,2021-11-15,-0.12184813738243584,0.0,0.2992735502660524,32,0.34375,0.625
Germany,2021-11-16,-0.09178741504493443,0.0,0.3322557981135726,43,0.37209302325581395,0.5813953488372093
Germany,2021-11-17,-0.03469201371925165,0.0,0.31486952228130777,46,0.41304347826086957,0.5434782608695652
Germany,2021-11-18,-0.08636306495769017,0.0,0.2866092766627615,35,0.37142857142857144,0.6
Germany,2021-11-19,-0.17716416666980375,0.0,0.3790629428876902,31,0.1935483870967742,0.7741935483870968
Germany,2021-11-20,-0.09096273269245934,0.0,0.2258861418623038,22,0.5,0.5
Germany,2021-11-21,-0.17849402641576467,0.0,0.30442891328899313,13,0.23076923076923078,0.7692307692307693
Germany,2021-11-22,-0.13580550093538224,0.0,0.27461443126728036,36,0.2777777777777778,0.7222222222222222
Germany,2021-11-23,-0.08818625790680412,0.0,0.3244464269523595,41,0.3902439024390244,0.5609756097560976
Germany,2021-11-24,0.08898830538962323,0.0,0.29275430505813194,54,0.6111111111111112,0.37037037037037035
Germany,2021-11-25,0.03349374672115919,0.0,0.326249590300077,40,0.6,0.4
Germany,2021-11-26,-0.14681412898574125,0.0,0.29618244430641477,41,0.2682926829268293,0.7317073170731707
Germany,2021-11-27,-0.23983161542203063,0.0,0.25192300317349925,20,0.15,0.85
Germany,2021-11-28,-0.06372778482274247,0.0,0.22117986534593284,21,0.38095238095238093,0.5714285714285714
Germany,2021-11-29,-0.0019995514910344354,0.0,0.28617533077492374,33,0.48484848484848486,0.48484848484848486
Germany,2021-11-30,-0.14332251570125512,0.0,0.3006922515275153,40,0.35,0.625
Germany,2021-12-01,-0.09202266444286585,0.0,0.30332629804594563,35,0.34285714285714286,0.6285714285714286
Germany,2021-12-02,-0.023190747980053984,0.0,0.3043963731295725,39,0.48717948717948717,0.48717948717948717
Germany,2021-12-03,-0.04819962827436719,0.0,0.3376698738544543,39,0.46153846153846156,0.5384615384615384
Germany,2021-12-04,-0.15147434825218545,0.0,0.17905389281552944,12,0.25,0.75
Germany,2021-12-05,-0.155495654072207,0.0,0.17093315680198587,22,0.13636363636363635,0.7272727272727273
Germany,2021-12-06,0.019582174262776423,0.0,0.3562908471020244,38,0.5263157894736842,0.4473684210526316
Germany,2021-12-07,-0.10599335765725758,0.0,0.29740394895727335,50,0.32,0.68
Germany,2021-12-08,-0.09669537380866604,0.0,0.2977615024500571,48,0.3958333333333333,0.6041666666666666
Germany,2021-12-09,-0.04946208668613202,0.0,0.31211909229430124,34,0.4117647058823529,0.5294117647058824
Germany,2021-12-10,-0.050618772325704255,0.0,0.2607453245636946,42,0.3333333333333333,0.5476190476190477
Germany,2021-12-11,-0.05263231335740305,0.0,0.2812290660059584,28,0.42857142857142855,0.5714285714285714
Germany,2021-12-12,-0.023749332052387908,0.0,0.32743735029738724,18,0.3333333333333333,0.6666666666666666
Germany,2021-12-13,-0.0563739079363816,0.0,0.2596919139890564,40,0.4,0.6
Germany,2021-12-14,-0.016039780209579586,0.0,0.26299767008307623,29,0.41379310344827586,0.5172413793103449
Germany,2021-12-15,-0.048499699982846,0.0,0.3315167554312927,43,0.37209302325581395,0.5348837209302325
Germany,2021-12-16,-0.0786099570109203,0.0,0.35858776632169,40,0.4,0.6
Germany,2021-12-17,-0.09082206835496161,0.0,0.2849391532857537,44,0.3409090909090909,0.6590909090909091
Germany,2021-12-18,-0.08657464045547189,0.0,0.32704196254516116,26,0.2692307692307692,0.6153846153846154
Germany,2021-12-19,-0.005319741939308394,0.0,0.39665274867338496,15,0.4666666666666667,0.5333333333333333
Germany,2021-12-20,-0.07219897686342355,0.0,0.3362015642664512,37,0.3783783783783784,0.6216216216216216
Germany,2021-12-21,-0.12161208200679423,0.0,0.30746542231654495,40,0.3,0.65
Germany,2021-12-22,0.004794923187949159,0.0,0.2764776200231241,33,0.45454545454545453,0.48484848484848486
Germany,2021-12-23,-0.04792960988601696,0.0,0.3088447985555895,33,0.42424242424242425,0.5151515151515151
Germany,2021-12-24,-0.03965988660007282,0.0,0.35015381404646795,19,0.42105263157894735,0.5789473684210527
Germany,2021-12-25,-0.20542405821577825,0.0,0.4313024125357071,8,0.5,0.5
Germany,2021-12-26,-0.12362853214068902,0.0,0.22429757291503083,22,0.22727272727272727,0.7727272727272727
Germany,2021-12-27,-0.15812203820316753,0.0,0.32573975619382445,43,0.3023255813953488,0.6511627906976745
Germany,2021-12-28,-0.08810345814395709,0.0,0.2510812901307417,39,0.358974358974359,0.5897435897435898
Germany,2021-12-29,-0.06462094119994727,0.0,0.24017548741023312,29,0.3103448275862069,0.6896551724137931
Germany,2021-12-30,0.00029775401354408443,0.0,0.23677727793429282,36,0.4444444444444444,0.5555555555555556
Germany,2021-12-31,-0.1448071753955304,0.0,0.2579282561508052,19,0.3157894736842105,0.6842105263157895
Germany,2022-01-01,0.020436621839829836,0.0,0.2171767378974316,14,0.5,0.5
Germany,2022-01-02,-0.036636104408904434,0.0,0.24577903304057888,10,0.4,0.5
Germany,2022-01-03,-0.05019410733026838,0.0,0.24715765246706495,29,0.3793103448275862,0.5517241379310345
Germany,2022-01-04,-0.0028171971597904205,0.0,0.2699308427690013,35,0.4857142857142857,0.45714285714285713
Germany,2022-01-05,0.001830043124222919,0.0,0.23336699557999463,28,0.39285714285714285,0.5714285714285714
Germany,2022-01-06,-0.051499958572988766,0.0,0.24424921556561285,41,0.2926829268292683,0.6585365853658537
Germany,2022-01-07,-0.07352119255561199,0.0,0.26489232054858236,34,0.47058823529411764,0.5294117647058824
Germany,2022-01-08,-0.14962880704848808,0.0,0.2865180676016097,18,0.2777777777777778,0.6666666666666666
Germany,2022-01-09,-0.06230413783790814,0.0,0.3847242055277088,18,0.3333333333333333,0.6666666666666666
Germany,2022-01-10,-0.16063634656847864,0.0,0.3747886997524613,31,0.25806451612903225,0.7096774193548387
Germany,2022-01-11,-0.1494170328437298,0.0,0.31765680177302563,37,0.2972972972972973,0.6756756756756757
Germany,2022-01-12,-0.05167435231647436,0.0,0.32040002613635443,35,0.4,0.5714285714285714
Germany,2022-01-13,-0.07549004558608233,0.0,0.2622361469825123,38,0.34210526315789475,0.631578947368421
Germany,2022-01-14,-0.1190328173505481,0.0,0.25243566785013877,41,0.2926829268292683,0.6829268292682927
Germany,2022-01-15,-0.10295467610052265,0.0,0.232278872232517,15,0.4666666666666667,0.5333333333333333
Germany,2022-01-16,-0.09524454455010183,0.0,0.30603970522933316,17,0.47058823529411764,0.5294117647058824
Germany,2022-01-17,-0.08612053010369206,0.0,0.30617488818392474,43,0.37209302325581395,0.5813953488372093
Germany,2022-01-18,-0.10039583589230748,0.0,0.25425017849484843,44,0.36363636363636365,0.5909090909090909
Germany,2022-01-19,-0.027556854004944262,0.0,0.288674361197064,41,0.4146341463414634,0.5853658536585366
Germany,2022-01-20,-0.1566255960262346,0.0,0.34965085130064,46,0.2608695652173913,0.717391304347826
Germany,2022-01-21,-0.05353882464212398,0.0,0.282381903770964,36,0.4444444444444444,0.5555555555555556
Germany,2022-01-22,-0.05459006321178967,0.0,0.28158222241692626,30,0.36666666666666664,0.6
Germany,2022-01-23,-0.015787254234338504,0.0,0.23866141598132498,16,0.5,0.375
Germany,2022-01-24,-0.17513352668128168,0.0,0.2426255070520349,43,0.13953488372093023,0.8372093023255814
Germany,2022-01-25,-0.18855944367070096,0.0,0.3370528105134586,43,0.23255813953488372,0.7209302325581395
Germany,2022-01-26,-0.07166934827769565,0.0,0.2791590202044949,47,0.44680851063829785,0.5319148936170213
Germany,2022-01-27,-0.10524820105673266,0.0,0.2287233518617573,33,0.30303030303030304,0.6666666666666666
Germany,2022-01-28,-0.1281479538917725,0.0,0.27359332292501176,54,0.2962962962962963,0.7037037037037037
Germany,2022-01-29,-0.06832706251581744,0.0,0.231641338608681,15,0.5333333333333333,0.4666666666666667
Germany,2022-01-30,-0.2818462759601447,0.0,0.2898855532180584,27,0.14814814814814814,0.8148148148148148
Germany,2022-01-31,-0.17962080977553588,0.0,0.27138368438593463,41,0.1951219512195122,0.8048780487804879
Germany,2022-02-01,-0.11448242770795584,0.0,0.25853345327409244,25,0.36,0.64
Germany,2022-02-02,-0.0776763040819406,0.0,0.2461632748077797,43,0.37209302325581395,0.5813953488372093
Germany,2022-02-03,-0.07600548133955529,0.0,0.27744214822756874,26,0.38461538461538464,0.6153846153846154
Germany,2022-02-04,-0.1621387001674434,0.0,0.1955950244605909,17,0.17647058823529413,0.7647058823529411
Germany,2022-02-05,-0.14421821651520564,0.0,0.2888938390300057,16,0.375,0.625
Germany,2022-02-06,-0.1672529344269746,0.0,0.25571950949109956,20,0.15,0.85
Germany,2022-02-07,-0.15093671077472734,0.0,0.21123350948778458,23,0.21739130434782608,0.7391304347826086
Germany,2022-02-08,-0.10336500914307005,0.0,0.27100157279538717,31,0.22580645161290322,0.7419354838709677
Germany,2022-02-09,-0.0874124802289064,0.0,0.25570499323233203,32,0.25,0.65625
Germany,2022-02-10,0.010860714991737722,0.0,0.23409040133896059,24,0.4583333333333333,0.5416666666666666
Germany,2022-02-11,-0.12977723710392472,0.0,0.30943126114813346,30,0.43333333333333335,0.5666666666666667
Germany,2022-02-12,-0.12221753681811265,0.0,0.25371138216335487,24,0.3333333333333333,0.6666666666666666
Germany,2022-02-13,-0.15880993821004594,0.0,0.2740238047634418,20,0.25,0.65
Germany,2022-02-14,-0.132885455196368,0.0,0.3096883135096922,40,0.275,0.675
Germany,2022-02-15,-0.06457258517779647,0.0,0.23935674489540382,41,0.3170731707317073,0.6585365853658537
Germany,2022-02-16,-0.020162498840173487,0.0,0.3072881628492065,27,0.4074074074074074,0.5555555555555556
Germany,2022-02-17,-0.08901898877080673,0.0,0.25626921060666774,23,0.34782608695652173,0.6521739130434783
Germany,2022-02-18,-0.12900007523587953,0.0,0.3815080267933262,39,0.2564102564102564,0.7435897435897436
Germany,2022-02-19,-0.36847843560901977,0.0,0.3485095405060438,28,0.14285714285714285,0.8571428571428571
Germany,2022-02-20,-0.12267982066903692,0.0,0.29593858358061015,15,0.26666666666666666,0.7333333333333333
Germany,2022-02-21,-0.13638873605435956,0.0,0.3356187810992805,29,0.3103448275862069,0.6896551724137931
Germany,2022-02-22,-0.2128306120035688,0.0,0.25569665143689374,79,0.20253164556962025,0.7848101265822784
Germany,2022-02-23,-0.305022915850213,0.0,0.2942576290901492,66,0.12121212121212122,0.8636363636363636
Germany,2022-02-24,-0.34964664688616187,0.0,0.23854424080478112,98,0.11224489795918367,0.8469387755102041
Germany,2022-02-25,-0.2268200032130365,0.0,0.29986544380579716,70,0.18571428571428572,0.8
Germany,2022-02-26,-0.2954837196321599,0.0,0.2611752835243734,23,0.13043478260869565,0.8695652173913043
Germany,2022-02-27,-0.31271335338835526,0.0,0.194064951859445,43,0.023255813953488372,0.9767441860465116
Germany,2022-02-28,-0.29135893488322784,0.0,0.24115769220732508,48,0.10416666666666667,0.8958333333333334
Germany,2022-03-01,-0.18496997495128284,0.0,0.3395806230445266,31,0.3225806451612903,0.6774193548387096
Germany,2022-03-02,-0.2742704028306275,0.0,0.22875346640127206,35,0.05714285714285714,0.9428571428571428
Germany,2022-03-03,-0.11057383690473424,0.0,0.24128274054563317,37,0.32432432432432434,0.6486486486486487
Germany,2022-03-04,-0.14318679687615704,0.0,0.2608362567044659,40,0.275,0.725
Germany,2022-03-05,-0.28741933908548406,0.0,0.21677637058044183,23,0.08695652173913043,0.9130434782608695
Germany,2022-03-06,-0.10510502442734065,0.0,0.3983381327761842,18,0.2777777777777778,0.7222222222222222
Germany,2022-03-07,-0.22703150077457612,0.0,0.27113203152209847,32,0.1875,0.78125
Germany,2022-03-08,-0.26695666241752236,0.0,0.21853675850320767,58,0.10344827586206896,0.896551724137931
Germany,2022-03-09,-0.2655952707280486,0.0,0.2696286966492475,39,0.15384615384615385,0.7948717948717948
Germany,2022-03-10,-0.17525018782239205,0.0,0.2615657095720464,52,0.25,0.7115384615384616
Germany,2022-03-11,-0.1811400565337492,0.0,0.28835015160477684,35,0.2857142857142857,0.7142857142857143
Germany,2022-03-12,-0.20602292335058153,0.0,0.26096729150548,20,0.1,0.75
Germany,2022-03-13,-0.12831030966339263,0.0,0.2592239955646366,19,0.2631578947368421,0.5789473684210527
Germany,2022-03-14,-0.13390777596370348,0.0,0.31204473519843745,30,0.26666666666666666,0.6333333333333333
Germany,2022-03-15,-0.15349101390370526,0.0,0.2649508385387806,33,0.2727272727272727,0.696969696969697
Germany,2022-03-16,-0.09821976964209901,0.0,0.2995325091872317,27,0.3333333333333333,0.6296296296296297
Germany,2022-03-17,-0.12574612190481138,0.0,0.3215246855318043,29,0.3103448275862069,0.6896551724137931
Germany,2022-03-18,-0.2098679030949358,0.0,0.27708556502293497,40,0.3,0.65
Germany,2022-03-19,-0.24368248407028437,0.0,0.29428398178555343,12,0.16666666666666666,0.8333333333333334
Germany,2022-03-20,-0.14205259692545935,0.0,0.37261425693005135,9,0.4444444444444444,0.5555555555555556
Germany,2022-03-21,-0.20542663342604525,0.0,0.2895200575735437,48,0.22916666666666666,0.7708333333333334
Germany,2022-03-22,-0.14990454747464982,0.0,0.25896137667729074,35,0.2857142857142857,0.6857142857142857
Germany,2022-03-23,-0.09442688144438496,0.0,0.33830577896476566,36,0.3055555555555556,0.6666666666666666
Germany,2022-03-24,-0.12626074505833149,0.0,0.26064288282491077,39,0.28205128205128205,0.6923076923076923
Germany,2022-03-25,-0.25427226631705924,0.0,0.259622027535909,34,0.17647058823529413,0.8235294117647058
Germany,2022-03-26,-0.20522116074144445,0.0,0.24043320431217438,15,0.2,0.7333333333333333
Germany,2022-03-27,-0.14470152185201227,0.0,0.3110730180855509,18,0.2777777777777778,0.6666666666666666
Germany,2022-03-28,-0.16932469296138494,0.0,0.27767067986875044,40,0.225,0.75
Germany,2022-03-29,-0.09338877559148634,0.0,0.2593330464877782,30,0.3,0.6666666666666666
Germany,2022-03-30,-0.15940422581130298,0.0,0.2604529027866517,45,0.3111111111111111,0.6666666666666666
Germany,2022-03-31,-0.1499864021064285,0.0,0.25449455025887247,41,0.2682926829268293,0.7317073170731707
Germany,2022-04-01,-0.19612049468269538,0.0,0.28473789826188944,36,0.25,0.7222222222222222
Germany,2022-04-02,-0.1567476453309467,0.0,0.2594523435915119,15,0.3333333333333333,0.6666666666666666
Germany,2022-04-03,-0.21057443324668898,0.0,0.34960642324061436,24,0.2916666666666667,0.7083333333333334
Germany,2022-04-04,-0.27275767729625816,0.0,0.3281477771743117,46,0.1956521739130435,0.8043478260869565
Germany,2022-04-05,-0.18587893934900138,0.0,0.31943808952885133,50,0.3,0.64
Germany,2022-04-06,-0.22446228278326663,0.0,0.30415294830938844,55,0.2545454545454545,0.7090909090909091
Germany,2022-04-07,-0.07007114100848884,0.0,0.3567351353606128,49,0.42857142857142855,0.5306122448979592
Germany,2022-04-08,-0.14821162251500286,0.0,0.282544615521387,42,0.2619047619047619,0.6904761904761905
Germany,2022-04-09,-0.15181861442562694,0.0,0.2843676773887909,17,0.35294117647058826,0.5882352941176471
Germany,2022-04-10,-0.24625286918053346,0.0,0.19229612840107452,16,0.0625,0.9375
Germany,2022-04-11,-0.13198150546424817,0.0,0.34123727105656876,37,0.43243243243243246,0.5675675675675675
Germany,2022-04-12,-0.003554061599747633,0.0,0.29601146957990365,32,0.5,0.5
Germany,2022-04-13,-0.1842556724241861,0.0,0.31443301986995753,40,0.275,0.675
Germany,2022-04-14,-0.17626676572452335,0.0,0.31583569510451176,42,0.3333333333333333,0.6666666666666666
Germany,2022-04-15,-0.12791971777837954,0.0,0.31908457020538533,20,0.3,0.65
Germany,2022-04-16,-0.13747390321349942,0.0,0.24706355019144247,14,0.2857142857142857,0.7142857142857143
Germany,2022-04-17,-0.18121375109871657,0.0,0.2197347827651441,15,0.3333333333333333,0.6666666666666666
Germany,2022-04-18,-0.17212863679109938,0.0,0.2706833624009149,30,0.26666666666666666,0.7333333333333333
Germany,2022-04-19,-0.1525960039407298,0.0,0.25980816583741656,30,0.23333333333333334,0.6666666666666666
Germany,2022-04-20,-0.10363230146099452,0.0,0.3093481390534636,40,0.35,0.65
Germany,2022-04-21,-0.12106027856384231,0.0,0.2631484430236968,34,0.3235294117647059,0.6764705882352942
Germany,2022-04-22,-0.09875550320553847,0.0,0.2841067925406541,36,0.3333333333333333,0.6111111111111112
Germany,2022-04-23,-0.19296714137096405,0.0,0.2675994075795061,18,0.2777777777777778,0.6666666666666666
Germany,2022-04-24,-0.2636125616144737,0.0,0.20316190507666718,21,0.09523809523809523,0.9047619047619048
Germany,2022-04-25,-0.0718321302850792,0.0,0.2783171012430558,50,0.38,0.62
Germany,2022-04-26,-0.10788909667526597,0.0,0.2963605764237392,41,0.2926829268292683,0.6829268292682927
Germany,2022-04-27,-0.16060652894918406,0.0,0.2677981207760574,47,0.2553191489361702,0.723404255319149
Germany,2022-04-28,-0.15639814805896063,0.0,0.2864592954919987,49,0.24489795918367346,0.7346938775510204
Germany,2022-04-29,-0.04827874435364462,0.0,0.3227387696732992,36,0.4444444444444444,0.5
Germany,2022-04-30,-0.18295482271206548,0.0,0.2883630933082725,18,0.1111111111111111,0.7777777777777778
Germany,2022-05-01,-0.11782534129993703,0.0,0.2986404832024535,31,0.2903225806451613,0.6774193548387096
Germany,2022-05-02,-0.21031115496130923,0.0,0.28275501929067026,31,0.0967741935483871,0.8709677419354839
Germany,2022-05-03,-0.13842018816397475,0.0,0.2634865471496304,40,0.3,0.7
Germany,2022-05-04,-0.21028797058369156,0.0,0.2379617845990477,37,0.13513513513513514,0.8378378378378378
Germany,2022-05-05,-0.14593010166152348,0.0,0.28334868665001417,31,0.2903225806451613,0.6774193548387096
Germany,2022-05-06,-0.03428877073246382,0.0,0.3317501683567274,26,0.4230769230769231,0.5
Germany,2022-05-07,-0.28744682134934935,0.0,0.18668978162930244,20,0.0,1.0
Germany,2022-05-08,-0.24928345858479442,0.0,0.32732872513542016,26,0.23076923076923078,0.7692307692307693
Germany,2022-05-09,-0.15193884937761015,0.0,0.27066293350558523,48,0.2916666666666667,0.7083333333333334
Germany,2022-05-10,-0.0554194175818972,0.0,0.334816809227964,33,0.3333333333333333,0.6060606060606061
Germany,2022-05-11,-0.07711166982055664,0.0,0.2712384151147514,36,0.3333333333333333,0.6388888888888888
Germany,2022-05-12,-0.14315605651929333,0.0,0.27210809629659033,43,0.18604651162790697,0.7674418604651163
Germany,2022-05-13,-0.08513700548730993,0.0,0.36216883586611187,41,0.3902439024390244,0.5853658536585366
Germany,2022-05-14,-0.10179246916896453,0.0,0.27268002260248075,14,0.21428571428571427,0.7857142857142857
Germany,2022-05-15,-0.04307730796761174,0.0,0.4160961780749388,11,0.45454545454545453,0.5454545454545454
Germany,2022-05-16,-0.07220562103133114,0.0,0.2965956003655122,33,0.3939393939393939,0.5757575757575758
Germany,2022-05-17,-0.038393119035060284,0.0,0.30052770036695664,33,0.5454545454545454,0.45454545454545453
Germany,2022-05-18,-0.034078616653128856,0.0,0.36105076850548184,32,0.375,0.625
Germany,2022-05-19,-0.07667282929813184,0.0,0.2874644970070086,24,0.4166666666666667,0.5833333333333334
Germany,2022-05-20,-0.06934470700272827,0.0,0.23552375588609917,38,0.2894736842105263,0.6578947368421053
Germany,2022-05-21,-0.08476700058008065,0.0,0.3425571037780042,19,0.3157894736842105,0.631578947368421
Germany,2022-05-22,-0.15189776293387575,0.0,0.3149417646989061,19,0.2631578947368421,0.7368421052631579
Germany,2022-05-23,-0.06981000698973149,0.0,0.30030789058281715,38,0.34210526315789475,0.5789473684210527
Germany,2022-05-24,-0.07588709677966256,0.0,0.2818332752619759,47,0.3404255319148936,0.6170212765957447
Germany,2022-05-25,-0.16953062203393002,0.0,0.3112151628252197,34,0.20588235294117646,0.7352941176470589
Germany,2022-05-26,-0.08654930505451254,0.0,0.31551681178132274,39,0.3333333333333333,0.6410256410256411
Germany,2022-05-27,-0.11005873849184675,0.0,0.29770461077107757,36,0.4444444444444444,0.5555555555555556
Germany,2022-05-28,-0.16930165755931448,0.0,0.31425512209513234,27,0.2222222222222222,0.7407407407407407
Germany,2022-05-29,-0.07103787559204881,0.0,0.2510240972886904,21,0.23809523809523808,0.7142857142857143
Germany,2022-05-30,-0.1924269335883588,0.0,0.31897377932149,43,0.18604651162790697,0.7906976744186046
Germany,2022-05-31,-0.10603107351556709,0.0,0.26396861407065386,49,0.2653061224489796,0.673469387755102
Germany,2022-06-01,-0.10765612607341563,0.0,0.25441053055167995,43,0.3953488372093023,0.6046511627906976
Germany,2022-06-02,-0.11057478956504706,0.0,0.2160872778571451,29,0.20689655172413793,0.7241379310344828
Germany,2022-06-03,-0.07896311870098047,0.0,0.31362589190566603,29,0.3103448275862069,0.6551724137931034
Germany,2022-06-04,-0.10395723847557291,0.0,0.23464195212737746,15,0.3333333333333333,0.6
Germany,2022-06-05,-0.20926061548874084,0.0,0.23458573586468628,23,0.13043478260869565,0.8260869565217391
Germany,2022-06-06,-0.10159479730777508,0.0,0.31453715751306055,28,0.39285714285714285,0.6071428571428571
Germany,2022-06-07,-0.146205140409123,0.0,0.22314673233578536,36,0.3333333333333333,0.6666666666666666
Germany,2022-06-08,-0.08205033935986508,0.0,0.3073846620840449,42,0.35714285714285715,0.5952380952380952
Germany,2022-06-09,-0.14909284155665925,0.0,0.2993729485561229,37,0.32432432432432434,0.6486486486486487
Germany,2022-06-10,-0.054331904277019887,0.0,0.3602803848039971,16,0.3125,0.5625
Germany,2022-06-11,-0.22128666048298742,0.0,0.32621443328491073,10,0.1,0.9
Germany,2022-06-12,-0.08919022706280269,0.0,0.3002083022647153,14,0.42857142857142855,0.5714285714285714
Germany,2022-06-13,-0.04447126493198338,0.0,0.28636714963274573,30,0.36666666666666664,0.6333333333333333
Germany,2022-06-14,-0.03688904264595527,0.0,0.3106160059420156,33,0.36363636363636365,0.6060606060606061
Germany,2022-06-15,-0.0766566815673927,0.0,0.27037115651170024,40,0.35,0.6
Germany,2022-06-16,-0.11022538645415704,0.0,0.2781962353566314,35,0.3142857142857143,0.6857142857142857
Germany,2022-06-17,-0.03793072481910354,0.0,0.2772941109307226,30,0.43333333333333335,0.5666666666666667
Germany,2022-06-18,-0.12282601099746132,0.0,0.17251512914403794,19,0.15789473684210525,0.8421052631578947
Germany,2022-06-19,-0.14974505905546653,0.0,0.27633921365035535,35,0.2857142857142857,0.7142857142857143
Germany,2022-06-20,-0.13468844550232495,0.0,0.24450440966138992,43,0.27906976744186046,0.7209302325581395
Germany,2022-06-21,-0.15146257447073355,0.0,0.2771562971206581,38,0.23684210526315788,0.7631578947368421
Germany,2022-06-22,-0.08590666362378949,0.0,0.3277778396554402,42,0.40476190476190477,0.5952380952380952
Germany,2022-06-23,-0.22800192809734102,0.0,0.2696409443147985,37,0.21621621621621623,0.7837837837837838
Germany,2022-06-24,-0.19881044232834202,0.0,0.2779517037618818,48,0.25,0.75
Germany,2022-06-25,-0.07996898911283064,0.0,0.2561192085557784,26,0.38461538461538464,0.5769230769230769
Germany,2022-06-26,-0.16252404489087222,0.0,0.21538925007206683,42,0.21428571428571427,0.7857142857142857
Germany,2022-06-27,-0.11115010354234818,0.0,0.3029844179806904,64,0.359375,0.609375
Germany,2022-06-28,-0.09668060196735888,0.0,0.35536957029291133,33,0.3333333333333333,0.6666666666666666
Germany,2022-06-29,-0.10547400483308245,0.0,0.2383914483342484,44,0.3181818181818182,0.6818181818181818
Germany,2022-06-30,-0.14352985447083966,0.0,0.16721343062377103,39,0.1794871794871795,0.7948717948717948
Germany,2022-07-01,-0.2115044808348343,0.0,0.3086814622789496,32,0.21875,0.75
Germany,2022-07-02,-0.03318760508410917,0.0,0.2231473697163287,17,0.29411764705882354,0.7058823529411765
Germany,2022-07-03,-0.12916728847424408,0.0,0.25819689691951925,17,0.29411764705882354,0.6470588235294118
Germany,2022-07-04,-0.1975519228304523,0.0,0.23658235462298918,24,0.16666666666666666,0.75
Germany,2022-07-05,-0.1250174068300436,0.0,0.3129090068065353,24,0.4166666666666667,0.5416666666666666
Germany,2022-07-06,-0.18364545825412076,0.0,0.27788411921779915,39,0.20512820512820512,0.7948717948717948
Germany,2022-07-07,-0.13519030967258258,0.0,0.34864774674269267,39,0.4358974358974359,0.5384615384615384
Germany,2022-07-08,-0.08202044214492736,0.0,0.2879728730130801,36,0.4166666666666667,0.5555555555555556
Germany,2022-07-09,-0.15839845449497497,0.0,0.2944416153604828,22,0.3181818181818182,0.6818181818181818
Germany,2022-07-10,-0.19391798320294282,0.0,0.24619206437508756,28,0.21428571428571427,0.7857142857142857
Germany,2022-07-11,-0.216329457519914,0.0,0.3387150421774387,36,0.3333333333333333,0.6666666666666666
Germany,2022-07-12,-0.15142435157497502,0.0,0.24261824114547315,44,0.25,0.6818181818181818
Germany,2022-07-13,-0.10887797253267334,0.0,0.29453521688280004,47,0.2978723404255319,0.6808510638297872
Germany,2022-07-14,-0.09214030148164473,0.0,0.28230004176927753,45,0.3333333333333333,0.6444444444444445
Germany,2022-07-15,-0.1141776660546356,0.0,0.29177047777478043,38,0.39473684210526316,0.5526315789473685
Germany,2022-07-16,-0.16208620705938964,0.0,0.2236343577304342,18,0.1111111111111111,0.8333333333333334
Germany,2022-07-17,-0.20678282864047562,0.0,0.26085686799939906,19,0.21052631578947367,0.7894736842105263
Germany,2022-07-18,-0.19048424762481783,0.0,0.28257903884612073,55,0.2909090909090909,0.6545454545454545
Germany,2022-07-19,-0.2126952054870794,0.0,0.2653942124927631,46,0.2608695652173913,0.7391304347826086
Germany,2022-07-20,-0.1448004764116392,0.0,0.332063136757261,37,0.2702702702702703,0.7027027027027027
Germany,2022-07-21,-0.13099637416353013,0.0,0.2617201387218897,45,0.2222222222222222,0.7555555555555555
Germany,2022-07-22,-0.18395886960676724,0.0,0.3144741883185964,35,0.2571428571428571,0.7428571428571429
Germany,2022-07-23,-0.10732484020599806,0.0,0.25205880104740397,16,0.3125,0.6875
Germany,2022-07-24,-0.2418208751551615,0.0,0.2129571173567952,13,0.0,0.9230769230769231
Germany,2022-07-25,-0.16060908941336338,0.0,0.21861847593663883,42,0.21428571428571427,0.7619047619047619
Germany,2022-07-26,-0.1327484330320203,0.0,0.2712117440487563,44,0.29545454545454547,0.6590909090909091
Germany,2022-07-27,-0.18603795562429293,0.0,0.2818040230578917,40,0.225,0.725
Germany,2022-07-28,-0.11300258441671578,0.0,0.2686354250429702,37,0.2972972972972973,0.7027027027027027
Germany,2022-07-29,-0.032944270786443595,0.0,0.28336517773128994,35,0.37142857142857144,0.6285714285714286
Germany,2022-07-30,-0.12363723158549038,0.0,0.20829280846908196,12,0.4166666666666667,0.5833333333333334
Germany,2022-07-31,-0.17858814324846772,0.0,0.27443008028741095,18,0.16666666666666666,0.8333333333333334
Germany,2022-08-01,-0.12989243739107273,0.0,0.30005329328872316,34,0.23529411764705882,0.7058823529411765
Germany,2022-08-02,-0.03298090374247558,0.0,0.30850897966951096,39,0.46153846153846156,0.48717948717948717
Germany,2022-08-03,-0.10723814835821703,0.0,0.26961294601417246,32,0.3125,0.65625
Germany,2022-08-04,-0.14615250292553267,0.0,0.2629981657043506,40,0.175,0.825
Germany,2022-08-05,-0.1857355567789586,0.0,0.2810631066206579,36,0.2222222222222222,0.6388888888888888
Germany,2022-08-06,-0.28871021328044394,0.0,0.20496650731369112,18,0.05555555555555555,0.9444444444444444
Germany,2022-08-07,-0.36267987740267793,0.0,0.3384699718823573,10,0.1,0.9
Germany,2022-08-08,-0.15230393280734802,0.0,0.28899749630338345,28,0.32142857142857145,0.6785714285714286
Germany,2022-08-09,-0.12432855913471659,0.0,0.23225288971887856,26,0.19230769230769232,0.6153846153846154
Germany,2022-08-10,-0.1847285036640653,0.0,0.318269087395525,47,0.2127659574468085,0.7659574468085106
Germany,2022-08-11,-0.1538349450302386,0.0,0.2535064313837903,39,0.2564102564102564,0.717948717948718
Germany,2022-08-12,-0.2266259798929568,0.0,0.2994014916441763,36,0.19444444444444445,0.8055555555555556
Germany,2022-08-13,-0.23515609007643654,0.0,0.23922821527875493,22,0.18181818181818182,0.7727272727272727
Germany,2022-08-14,-0.12498841843584992,0.0,0.2891473716684874,18,0.2222222222222222,0.7222222222222222
Germany,2022-08-15,-0.1376163197104945,0.0,0.20313454973590722,44,0.25,0.7272727272727273
Germany,2022-08-16,-0.1901522330904297,0.0,0.250811420614933,30,0.2,0.7333333333333333
Germany,2022-08-17,-0.05048056010231135,0.0,0.2175855300124753,20,0.35,0.65
Germany,2022-08-18,-0.08921561679580066,0.0,0.3337791135342189,36,0.4166666666666667,0.5833333333333334
Germany,2022-08-19,-0.14024801096301728,0.0,0.34785317495928214,26,0.23076923076923078,0.6153846153846154
Germany,2022-08-20,-0.025471876248851808,0.0,0.3107335051835461,18,0.4444444444444444,0.5555555555555556
Germany,2022-08-21,0.014290697206794715,0.0,0.46791788009047,20,0.45,0.5
Germany,2022-08-22,-0.1840642003558682,0.0,0.3824470184609438,46,0.2826086956521739,0.717391304347826
Germany,2022-08-23,-0.15608264758104803,0.0,0.2354910674414033,44,0.25,0.75
Germany,2022-08-24,-0.13377220550693897,0.0,0.3089011106535326,39,0.3076923076923077,0.6923076923076923
Germany,2022-08-25,-0.0686809249335151,0.0,0.2805035211110878,41,0.3902439024390244,0.5853658536585366
Germany,2022-08-26,-0.10480208127670936,0.0,0.3015162325383534,36,0.25,0.75
Germany,2022-08-27,-0.15534321911921645,0.0,0.2293401970531693,21,0.2857142857142857,0.7142857142857143
Germany,2022-08-28,-0.06271146389926822,0.0,0.2594159272328473,15,0.4,0.6
Germany,2022-08-29,-0.11897643224542791,0.0,0.2159690947173268,31,0.3225806451612903,0.6774193548387096
Germany,2022-08-30,-0.1765570306901773,0.0,0.36182138368058453,51,0.19607843137254902,0.803921568627451
Germany,2022-08-31,-0.1568148656327723,0.0,0.26086974949664604,57,0.2631578947368421,0.7192982456140351
Germany,2022-09-01,-0.17573811209339693,0.0,0.3432790662095155,24,0.25,0.6666666666666666
Germany,2022-09-02,-0.11408201536076285,0.0,0.25436035155895875,42,0.2857142857142857,0.6666666666666666
Germany,2022-09-03,-0.15947029484412245,0.0,0.2602284908831034,25,0.24,0.76
Germany,2022-09-04,-0.2095119394705513,0.0,0.31159729418092724,27,0.2962962962962963,0.6666666666666666
Germany,2022-09-05,-0.16912863909532885,0.0,0.3219010724687195,57,0.2807017543859649,0.6842105263157895
Germany,2022-09-06,-0.1190747541178514,0.0,0.31557132178177943,44,0.29545454545454547,0.7045454545454546
Germany,2022-09-07,-0.08859052924704727,0.0,0.26838754257049374,37,0.32432432432432434,0.6756756756756757
Germany,2022-09-08,-0.09122215944945325,0.0,0.2887923150091571,44,0.3181818181818182,0.6363636363636364
Germany,2022-09-09,-0.07625987086112067,0.0,0.3175459300825969,30,0.5,0.5
Germany,2022-09-10,-0.1371460584675572,0.0,0.2521711224123854,22,0.2727272727272727,0.6818181818181818
Germany,2022-09-11,-0.15581867365821053,0.0,0.25807584194491995,23,0.2608695652173913,0.7391304347826086
Germany,2022-09-12,-0.1531998942704489,0.0,0.25215385504455856,35,0.2571428571428571,0.7142857142857143
Germany,2022-09-13,-0.06075368337706318,0.0,0.3176206286026944,33,0.3939393939393939,0.5454545454545454
Germany,2022-09-14,0.04041844119083733,0.0,0.3070503779813548,39,0.5384615384615384,0.46153846153846156
Germany,2022-09-15,-0.12797035790164568,0.0,0.2179734948000013,22,0.22727272727272727,0.7727272727272727
Germany,2022-09-16,-0.1355209699853242,0.0,0.3086278238701785,32,0.25,0.71875
Germany,2022-09-17,-0.1421166874027731,0.0,0.22302072431228298,22,0.3181818181818182,0.6818181818181818
Germany,2022-09-18,-0.047619931107988386,0.0,0.2492865226440017,15,0.4,0.6
Germany,2022-09-19,-0.06098398535719851,0.0,0.250050766776743,31,0.41935483870967744,0.4838709677419355
Germany,2022-09-20,-0.09557683758218187,0.0,0.27374767721851273,47,0.2553191489361702,0.723404255319149
Germany,2022-09-21,-0.0626684895737185,0.0,0.30876490504965043,30,0.43333333333333335,0.5666666666666667
Germany,2022-09-22,-0.11584151968495474,0.0,0.2891660648612611,26,0.34615384615384615,0.5769230769230769
Germany,2022-09-23,-0.11795737376408542,0.0,0.278281172244119,26,0.38461538461538464,0.6153846153846154
Germany,2022-09-24,-0.022578595227887462,0.0,0.35161886807154846,13,0.5384615384615384,0.46153846153846156
Germany,2022-09-25,-0.20580541273512498,0.0,0.25532165010700303,17,0.11764705882352941,0.8235294117647058
Germany,2022-09-26,-0.15047767188950736,0.0,0.28006968078147737,37,0.21621621621621623,0.7837837837837838
Germany,2022-09-27,-0.1755259966880904,0.0,0.3153000050516224,49,0.2857142857142857,0.673469387755102
Germany,2022-09-28,-0.2771546069221885,0.0,0.2972182269431596,54,0.24074074074074073,0.7592592592592593
Germany,2022-09-29,-0.1910320721216424,0.0,0.31075782189379214,50,0.26,0.72
Germany,2022-09-30,-0.09067806913544985,0.0,0.29364145897803934,47,0.3617021276595745,0.6170212765957447
Germany,2022-10-01,-0.17371992458487814,0.0,0.32267990775016153,16,0.375,0.625
Germany,2022-10-02,-0.15741672284830557,0.0,0.2842019514789984,20,0.25,0.7
Germany,2022-10-03,-0.1022890444379108,0.0,0.38577274521123245,35,0.34285714285714286,0.6571428571428571
Germany,2022-10-04,-0.16841809082562906,0.0,0.2942751319753683,32,0.21875,0.75
Germany,2022-10-05,-0.10378468301279217,0.0,0.326130187409903,36,0.3333333333333333,0.6388888888888888
Germany,2022-10-06,-0.20175274200401352,0.0,0.2871266771325298,46,0.1956521739130435,0.8043478260869565
Germany,2022-10-07,-0.17012572218436023,0.0,0.3362303703339173,32,0.25,0.75
Germany,2022-10-08,-0.22459608784349402,0.0,0.28408991129097255,22,0.13636363636363635,0.8636363636363636
Germany,2022-10-09,-0.1750113416815345,0.0,0.3744292014214509,30,0.36666666666666664,0.6333333333333333
Germany,2022-10-10,-0.05116327900489664,0.0,0.3088077514201928,24,0.4583333333333333,0.5416666666666666
Germany,2022-10-11,-0.11472157375119674,0.0,0.24018356650410674,38,0.3157894736842105,0.6052631578947368
Germany,2022-10-12,-0.16279792584057845,0.0,0.3061115514454589,40,0.325,0.675
Germany,2022-10-13,-0.07367610434472441,0.0,0.3636879845248907,49,0.4489795918367347,0.5510204081632653
Germany,2022-10-14,-0.09909308119416885,0.0,0.26600375813772525,42,0.3333333333333333,0.6428571428571429
Germany,2022-10-15,-0.049446791577847975,0.0,0.2685874825051291,18,0.3333333333333333,0.5555555555555556
Germany,2022-10-16,-0.24012092237187863,0.0,0.37605506204178724,15,0.26666666666666666,0.7333333333333333
Germany,2022-10-17,-0.08970766656531295,0.0,0.2834758464816105,32,0.28125,0.625
Germany,2022-10-18,-0.10028809549948924,0.0,0.41657615443926677,35,0.37142857142857144,0.5714285714285714
Germany,2022-10-19,-0.0925550700818372,0.0,0.33739100329025234,29,0.20689655172413793,0.6551724137931034
Germany,2022-10-20,-0.11507081753001724,0.0,0.23169649426073938,44,0.2727272727272727,0.7272727272727273
Germany,2022-10-21,0.01071219728636907,0.0,0.3322412709304447,45,0.5333333333333333,0.4222222222222222
Germany,2022-10-22,-0.1627255312364158,0.0,0.2695076050202799,22,0.22727272727272727,0.7727272727272727
Germany,2022-10-23,-0.17582365988252552,0.0,0.28912925753531205,30,0.2,0.7666666666666667
Germany,2022-10-24,-0.09982713859572152,0.0,0.3180564761192639,38,0.3684210526315789,0.5789473684210527
Germany,2022-10-25,-0.025562940029441084,0.0,0.319467997029501,35,0.45714285714285713,0.5142857142857142
Germany,2022-10-26,-0.14517677950087213,0.0,0.3752649887286056,31,0.2903225806451613,0.7096774193548387
Germany,2022-10-27,-0.10377428881563035,0.0,0.27576917717592464,43,0.27906976744186046,0.6976744186046512
Germany,2022-10-28,-0.10308449555831771,0.0,0.3433615462439614,43,0.3488372093023256,0.6511627906976745
Germany,2022-10-29,-0.16188712559535234,0.0,0.30365270903004954,26,0.3076923076923077,0.6153846153846154
Germany,2022-10-30,-0.051800980080118096,0.0,0.26447210372467833,20,0.35,0.65
Germany,2022-10-31,0.04145117415642698,0.0,0.30374970609875523,32,0.53125,0.40625
Germany,2022-11-01,-0.16259131980091285,0.0,0.20023081661201075,33,0.15151515151515152,0.7878787878787878
Germany,2022-11-02,-0.030864314376456838,0.0,0.3544480743099713,42,0.47619047619047616,0.5238095238095238
Germany,2022-11-03,-0.09873850463249831,0.0,0.271494356320033,34,0.38235294117647056,0.5882352941176471
Germany,2022-11-04,-0.06695330408369139,0.0,0.32298415228426686,54,0.42592592592592593,0.5740740740740741
Germany,2022-11-05,-0.10788920358082305,0.0,0.30371155396052707,23,0.30434782608695654,0.6956521739130435
Germany,2022-11-06,-0.07014131934399691,0.0,0.2705459183104722,21,0.38095238095238093,0.5714285714285714
Germany,2022-11-07,0.002505073051949807,0.0,0.37380667141532237,39,0.4358974358974359,0.48717948717948717
Germany,2022-11-08,-0.06325532154063024,0.0,0.3217537138394265,57,0.43859649122807015,0.5263157894736842
Germany,2022-11-09,-0.023893009996710752,0.0,0.34104131973809254,50,0.42,0.52
Germany,2022-11-10,-0.0697711184514694,0.0,0.3315087127625718,40,0.325,0.65
Germany,2022-11-11,0.0029742979990647596,0.0,0.388529314175587,11,0.36363636363636365,0.6363636363636364
Germany,2022-11-12,-0.05935860676365249,0.0,0.36621511960325653,26,0.34615384615384615,0.6538461538461539
Germany,2022-11-13,0.020760365563992484,0.0,0.3905985921629435,20,0.45,0.5
Germany,2022-11-14,-0.063065879440283,0.0,0.2383831677785765,37,0.3783783783783784,0.5945945945945946
Germany,2022-11-15,-0.01092279141228723,0.0,0.29016364673317685,55,0.45454545454545453,0.5454545454545454
Germany,2022-11-16,-0.13045680357088582,0.0,0.31569399536659204,42,0.35714285714285715,0.6428571428571429
Germany,2022-11-17,-0.13371172094639408,0.0,0.2982176068791777,38,0.2894736842105263,0.631578947368421
Germany,2022-11-18,-0.13556333269530352,0.0,0.34342230241665256,32,0.34375,0.65625
Germany,2022-11-19,0.026035152995743605,0.0,0.22394140745175847,14,0.5714285714285714,0.42857142857142855
Germany,2022-11-20,-0.30334802515219195,0.0,0.15168852163081875,13,0.0,0.9230769230769231
Germany,2022-11-21,-0.13669999517297785,0.0,0.2648716236138904,49,0.30612244897959184,0.673469387755102
Germany,2022-11-22,-0.1153865501563611,0.0,0.3033433112944792,27,0.3333333333333333,0.6666666666666666
Germany,2022-11-23,-0.041583741710352395,0.0,0.3133647524062954,23,0.4782608695652174,0.5217391304347826
Germany,2022-11-24,-0.13709457306915054,0.0,0.29846833560988467,38,0.34210526315789475,0.6578947368421053
Germany,2022-11-25,-0.1091511291815566,0.0,0.23467602810588206,39,0.358974358974359,0.6410256410256411
Germany,2022-11-26,-0.12941804160185333,0.0,0.2867178144381482,27,0.2962962962962963,0.7037037037037037
Germany,2022-11-27,-0.14866605085114373,0.0,0.22968064681346523,22,0.2727272727272727,0.7272727272727273
Germany,2022-11-28,-0.04275836670696939,0.0,0.26913023450327966,26,0.38461538461538464,0.5384615384615384
Germany,2022-11-29,0.029342277937929262,0.0,0.30150086620720645,37,0.5405405405405406,0.40540540540540543
Germany,2022-11-30,-0.1121665578149539,0.0,0.31748607814390967,31,0.3870967741935484,0.5483870967741935
Germany,2022-12-01,-0.024258667232893945,0.0,0.32390355199376836,38,0.4473684210526316,0.5263157894736842
Germany,2022-12-02,-0.19176068929348586,0.0,0.2697198471116337,38,0.18421052631578946,0.8157894736842105
Germany,2022-12-03,-0.12346014559542805,0.0,0.28192836612648314,21,0.3333333333333333,0.6666666666666666
Germany,2022-12-04,-0.09908468425443705,0.0,0.1778072524273697,16,0.375,0.625
Germany,2022-12-05,-0.13182356108417673,0.0,0.2712056255572827,42,0.2619047619047619,0.7380952380952381
Germany,2022-12-06,-0.07484377948869077,0.0,0.30783580611280154,36,0.3611111111111111,0.5833333333333334
Germany,2022-12-07,-0.11102848015520853,0.0,0.2178234726945776,45,0.2,0.6888888888888889
Germany,2022-12-08,-0.07493667364577604,0.0,0.33319784830671195,45,0.4222222222222222,0.5555555555555556
Germany,2022-12-09,-0.1162425404454294,0.0,0.3724359974345117,33,0.42424242424242425,0.5757575757575758
Germany,2022-12-10,-0.21311984056130898,0.0,0.27212633418069704,15,0.26666666666666666,0.7333333333333333
Germany,2022-12-11,-0.07599145413369975,0.0,0.32656552741336164,25,0.48,0.52
Germany,2022-12-12,-0.0068694140010029684,0.0,0.28201291841011006,37,0.43243243243243246,0.5405405405405406
Germany,2022-12-13,0.010223881800504129,0.0,0.3207454492732866,40,0.55,0.45
Germany,2022-12-14,-0.03332283061630357,0.0,0.2318308681824925,40,0.375,0.6
Germany,2022-12-15,0.002410897499713448,0.0,0.3156048430204158,41,0.4146341463414634,0.5609756097560976
Germany,2022-12-16,-0.040485889789685335,0.0,0.28032752998109767,37,0.5135135135135135,0.4594594594594595
Germany,2022-12-17,0.02850268339516403,0.0,0.3516406803852389,29,0.5862068965517241,0.3793103448275862
Germany,2022-12-18,-0.06474784318561058,0.0,0.371550074342624,17,0.35294117647058826,0.6470588235294118
Germany,2022-12-19,-0.0992901562854668,0.0,0.2512207873508506,41,0.36585365853658536,0.6097560975609756
Germany,2022-12-20,-0.02721854780689846,0.0,0.2622229466848883,36,0.4166666666666667,0.5277777777777778
Germany,2022-12-21,-0.04659327682555405,0.0,0.30417207587609085,48,0.5416666666666666,0.4583333333333333
Germany,2022-12-22,-0.04196765906942678,0.0,0.24676480814025178,42,0.38095238095238093,0.5714285714285714
Germany,2022-12-23,0.02230878850316928,0.0,0.24366502855633368,29,0.4482758620689655,0.41379310344827586
Germany,2022-12-24,-0.12133693362356834,0.0,0.20243065739597796,20,0.2,0.8
Germany,2022-12-25,-0.07076116547555882,0.0,0.27907270458779526,15,0.4,0.5333333333333333
Germany,2022-12-26,-0.15041438476092092,0.0,0.37365579889161094,25,0.36,0.64
Germany,2022-12-27,-0.18377637235650396,0.0,0.23710794860530804,23,0.21739130434782608,0.7391304347826086
Germany,2022-12-28,-0.02492460281398663,0.0,0.2651258138927775,38,0.42105263157894735,0.5
Germany,2022-12-29,-0.1862345834566838,0.0,0.28517371473881736,45,0.26666666666666666,0.7111111111111111
Germany,2022-12-30,0.047468263056807895,0.0,0.14973722542676512,17,0.6470588235294118,0.35294117647058826
Germany,2022-12-31,-0.061461757889088045,0.0,0.29827824922364476,26,0.5384615384615384,0.38461538461538464
Germany,2023-01-01,-0.036323900177926284,0.0,0.12994617050214263,15,0.3333333333333333,0.6
Germany,2023-01-02,-0.16311425576994856,0.0,0.2556348155431793,25,0.32,0.6
Germany,2023-01-03,-0.0968418848146848,0.0,0.2244229014705625,20,0.15,0.8
Germany,2023-01-04,-0.05595826743381845,0.0,0.23435205987927105,35,0.37142857142857144,0.5714285714285714
Germany,2023-01-05,-0.04068732588759814,0.0,0.26676978275890734,37,0.35135135135135137,0.6486486486486487
Germany,2023-01-06,0.020217134070925027,0.0,0.31093715289734297,26,0.5769230769230769,0.4230769230769231
Germany,2023-01-07,0.0770974730108541,0.0,0.21109238201511107,16,0.5625,0.4375
Germany,2023-01-08,-0.15785981586415967,0.0,0.29070995226606927,24,0.3333333333333333,0.6666666666666666
Germany,2023-01-09,-0.034589024874885146,0.0,0.31280244899862686,31,0.5483870967741935,0.45161290322580644
Germany,2023-01-10,-0.1644967251158229,0.0,0.358146573359368,34,0.38235294117647056,0.5882352941176471
Germany,2023-01-11,-0.07201999486012217,0.0,0.2743259261128053,38,0.42105263157894735,0.5789473684210527
Germany,2023-01-12,0.00905855238751545,0.0,0.2900436945822428,34,0.5294117647058824,0.47058823529411764
Germany,2023-01-13,-0.16895242920305048,0.0,0.2122519794154626,31,0.22580645161290322,0.7741935483870968
Germany,2023-01-14,-0.10103698963535442,0.0,0.3388514173889928,20,0.45,0.55
Germany,2023-01-15,-0.30128245483076554,0.0,0.2954596646175007,21,0.047619047619047616,0.9523809523809523
Germany,2023-01-16,-0.1450275345521415,0.0,0.3154663684231558,40,0.2,0.75
Germany,2023-01-17,-0.18712266298314992,0.0,0.36938983894971705,46,0.2826086956521739,0.6956521739130435
Germany,2023-01-18,-0.05694179792773773,0.0,0.3106815772876007,37,0.43243243243243246,0.5405405405405406
Germany,2023-01-19,-0.015380142054620061,0.0,0.30082989758017514,54,0.46296296296296297,0.5
Germany,2023-01-20,-0.018053339608124865,0.0,0.3211933102708963,38,0.3684210526315789,0.5789473684210527
Germany,2023-01-21,-0.19534141906044272,0.0,0.2539055887394328,26,0.2692307692307692,0.7307692307692307
Germany,2023-01-22,-0.034247005739243275,0.0,0.2798029004336256,24,0.4166666666666667,0.5416666666666666
Germany,2023-01-23,-0.09004463694655962,0.0,0.2675734242826203,38,0.34210526315789475,0.631578947368421
Germany,2023-01-24,-0.07025628193823127,0.0,0.22740055788065697,40,0.35,0.625
Germany,2023-01-25,-0.09110476866527542,0.0,0.31708964696817776,45,0.3333333333333333,0.6222222222222222
Germany,2023-01-26,-0.051000028917592234,0.0,0.2699878154637505,47,0.40425531914893614,0.5531914893617021
Germany,2023-01-27,-0.11746724175437279,0.0,0.2883382761473765,36,0.3333333333333333,0.6388888888888888
Germany,2023-01-28,0.03907083718937378,0.0,0.2813302594265455,15,0.6666666666666666,0.26666666666666666
Germany,2023-01-29,-0.1633522403137702,0.0,0.27237067020437955,22,0.2727272727272727,0.7272727272727273
Germany,2023-01-30,-0.04724088830639929,0.0,0.33146904152426215,38,0.34210526315789475,0.6052631578947368
Germany,2023-01-31,-0.05207878011146843,0.0,0.29881449622957346,47,0.48936170212765956,0.48936170212765956
Germany,2023-02-01,-0.03242999127113485,0.0,0.3158653827784754,48,0.3958333333333333,0.5625
Germany,2023-02-02,-0.15414409253977127,0.0,0.35066335573555557,30,0.36666666666666664,0.6333333333333333
Germany,2023-02-03,-0.08619036846948626,0.0,0.2868729866558936,30,0.3,0.6666666666666666
Germany,2023-02-04,-0.14252590832665235,0.0,0.21630165425973058,25,0.28,0.64
Germany,2023-02-05,-0.1440652159009084,0.0,0.31208620118175506,22,0.36363636363636365,0.5909090909090909
Germany,2023-02-06,-0.1501592532823124,0.0,0.3615346951143414,34,0.2647058823529412,0.7058823529411765
Germany,2023-02-07,-0.15098059394335553,0.0,0.27587908924885274,33,0.24242424242424243,0.7575757575757576
Germany,2023-02-08,-0.0583712620115722,0.0,0.2994311530156517,35,0.34285714285714286,0.6285714285714286
Germany,2023-02-09,-0.08340264454670548,0.0,0.3316600096894119,34,0.38235294117647056,0.5882352941176471
Germany,2023-02-10,-0.058183417825167845,0.0,0.2611463256151164,46,0.34782608695652173,0.5652173913043478
Germany,2023-02-11,-0.0590215622707315,0.0,0.33688818035451756,31,0.41935483870967744,0.5806451612903226
Germany,2023-02-12,-0.10903872836823116,0.0,0.3212948463711151,33,0.2727272727272727,0.7272727272727273
Germany,2023-02-13,-0.1274182946837172,0.0,0.23641656097347252,44,0.29545454545454547,0.6818181818181818
Germany,2023-02-14,-0.08016292708717716,0.0,0.26482441113791627,37,0.35135135135135137,0.6486486486486487
Germany,2023-02-15,-0.1778186396853385,0.0,0.3299469778189237,35,0.2571428571428571,0.6857142857142857
Germany,2023-02-16,-0.05306956039051931,0.0,0.33338463739169805,49,0.40816326530612246,0.5102040816326531
Germany,2023-02-17,-0.08982997307042741,0.0,0.3050020457292634,48,0.375,0.5833333333333334
Germany,2023-02-18,-0.2380731050354708,0.0,0.27890544917634524,23,0.17391304347826086,0.8260869565217391
Germany,2023-02-19,-0.09240121963895044,0.0,0.27900672260226445,26,0.3076923076923077,0.6923076923076923
Germany,2023-02-20,-0.149118143817108,0.0,0.2797154050588781,37,0.32432432432432434,0.6756756756756757
Germany,2023-02-21,-0.0708046178314296,0.0,0.22391601559545818,39,0.3333333333333333,0.6666666666666666
Germany,2023-02-22,-0.07019895836427553,0.0,0.29622644645782814,52,0.34615384615384615,0.6346153846153846
Germany,2023-02-23,-0.05693913991947717,0.0,0.2633858304058859,28,0.42857142857142855,0.5357142857142857
Germany,2023-02-24,-0.20008681508321507,0.0,0.3004016662092301,61,0.26229508196721313,0.7377049180327869
Germany,2023-02-25,-0.12391166340715272,0.0,0.3043133760250304,27,0.2962962962962963,0.6296296296296297
Germany,2023-02-26,-0.14322359734317916,0.0,0.2896933536152626,23,0.30434782608695654,0.6521739130434783
Germany,2023-02-27,-0.0522691262736311,0.0,0.3345254051206132,33,0.3939393939393939,0.6060606060606061
Germany,2023-02-28,-0.036917041829500966,0.0,0.21610741576794779,37,0.40540540540540543,0.5945945945945946
Germany,2023-03-01,-0.07119742999503482,0.0,0.3324155662579844,29,0.3793103448275862,0.6206896551724138
Germany,2023-03-02,-0.07193280405475258,0.0,0.28376390582634536,35,0.22857142857142856,0.7428571428571429
Germany,2023-03-03,-0.10265167368685608,0.0,0.3078625231553225,30,0.3,0.6333333333333333
Germany,2023-03-04,-0.04428958908074463,0.0,0.3081045209154531,19,0.47368421052631576,0.47368421052631576
Germany,2023-03-05,-0.1439313594483983,0.0,0.35360919843997207,21,0.3333333333333333,0.6666666666666666
Germany,2023-03-06,-0.1279884109845168,0.0,0.32940042587438884,27,0.25925925925925924,0.7407407407407407
Germany,2023-03-07,-0.08091201024524292,0.0,0.3350678475166419,27,0.3333333333333333,0.6666666666666666
Germany,2023-03-08,-0.052563077706935316,0.0,0.32139094337168683,47,0.40425531914893614,0.5957446808510638
Germany,2023-03-09,-0.11131190675205492,0.0,0.288034674141332,35,0.3142857142857143,0.6857142857142857
Germany,2023-03-10,-0.0537997163046983,0.0,0.33175099216933446,26,0.34615384615384615,0.6153846153846154
Germany,2023-03-11,-0.22347844814074472,0.0,0.23818519641194133,16,0.25,0.75
Germany,2023-03-12,-0.06290214074288827,0.0,0.26247161513693157,14,0.42857142857142855,0.5714285714285714
Germany,2023-03-13,-0.09014415444485556,0.0,0.3495407096371893,29,0.4482758620689655,0.5172413793103449
Germany,2023-03-14,-0.09566578211106871,0.0,0.3417289610026015,33,0.45454545454545453,0.5151515151515151
Germany,2023-03-15,-0.047510270406542904,0.0,0.3402359759419587,30,0.5,0.4666666666666667
Germany,2023-03-16,-0.07750796208902332,0.0,0.342135146718819,22,0.36363636363636365,0.6363636363636364
Germany,2023-03-17,0.020063271131581965,0.0,0.30012714389200656,29,0.5172413793103449,0.4482758620689655
Germany,2023-03-18,-0.027589514055123186,0.0,0.3234052387295687,18,0.5,0.5
Germany,2023-03-19,-0.05721241648002541,0.0,0.2805255382357636,17,0.4117647058823529,0.5882352941176471
Germany,2023-03-20,-0.06056781493111557,0.0,0.21117972107210595,20,0.35,0.65
Germany,2023-03-21,-0.0881323909326423,0.0,0.24759750567459674,36,0.3055555555555556,0.6388888888888888
Germany,2023-03-22,0.11167954125083625,0.0,0.2603306817082533,11,0.6363636363636364,0.2727272727272727
Germany,2023-03-23,-0.06871810911481603,0.0,0.2653479246781908,24,0.4583333333333333,0.5
Germany,2023-03-24,-0.09039911608220694,0.0,0.31441462148957317,74,0.36486486486486486,0.6351351351351351
Germany,2023-03-25,-0.10005620607087423,0.0,0.2633648220691816,33,0.3939393939393939,0.5757575757575758
Germany,2023-03-26,-0.056323717701185015,0.0,0.3140838042933313,36,0.3333333333333333,0.6388888888888888
Germany,2023-03-27,-0.14678867038438262,0.0,0.3096434719128916,60,0.3,0.6833333333333333
Germany,2023-03-28,-0.07025977409046263,0.0,0.31300579105718446,53,0.41509433962264153,0.5660377358490566
Germany,2023-03-29,-0.09436972661619485,0.0,0.2794715061727323,55,0.41818181818181815,0.5636363636363636
Germany,2023-03-30,0.011264947846364975,0.0,0.2908517694282496,59,0.5423728813559322,0.423728813559322
Germany,2023-03-31,-0.05336664501680596,0.0,0.28080893952953123,35,0.37142857142857144,0.6285714285714286
Germany,2023-04-01,-0.12327217927192513,0.0,0.32074403483102354,33,0.3333333333333333,0.6363636363636364
Germany,2023-04-02,-0.12909963059694454,0.0,0.27326615817093236,16,0.1875,0.75
Germany,2023-04-03,-0.1688693009324642,0.0,0.35699683904083834,42,0.35714285714285715,0.6190476190476191
Germany,2023-04-04,-0.20515899288874848,0.0,0.27500030645702145,25,0.16,0.84
Germany,2023-04-05,-0.05627780857182266,0.0,0.25699425224337613,29,0.27586206896551724,0.6551724137931034
Germany,2023-04-06,-0.04587609418484088,0.0,0.30753749027707883,38,0.3684210526315789,0.6052631578947368
Germany,2023-04-07,-0.12026968660289382,0.0,0.2839960006047365,21,0.38095238095238093,0.6190476190476191
Germany,2023-04-08,-0.03720769562639106,0.0,0.38825941397871105,20,0.55,0.45
Germany,2023-04-09,-0.16610331825134975,0.0,0.42532923027211056,14,0.5714285714285714,0.42857142857142855
Germany,2023-04-10,-0.21195857342424437,0.0,0.3722471896005192,14,0.21428571428571427,0.7857142857142857
Germany,2023-04-11,-0.1167308012459818,0.0,0.37355795744242276,30,0.4,0.6
Germany,2023-04-12,-0.09698686337471603,0.0,0.29894230282606393,38,0.2894736842105263,0.6052631578947368
Germany,2023-04-13,0.07314555750942427,0.0,0.3445273477905333,35,0.5428571428571428,0.45714285714285713
Germany,2023-04-14,-0.1305619149143596,0.0,0.2856409361754089,40,0.275,0.675
Germany,2023-04-15,-0.15389629547384656,0.0,0.27711901484440415,37,0.21621621621621623,0.7297297297297297
Germany,2023-04-16,-0.11861883204826895,0.0,0.2236354662134697,34,0.23529411764705882,0.7352941176470589
Germany,2023-04-17,-0.03979746127788456,0.0,0.23324112914972295,52,0.4423076923076923,0.5384615384615384
Germany,2023-04-18,-0.11571640438941679,0.0,0.2909878349086905,50,0.32,0.66
Germany,2023-04-19,-0.11745532984156677,0.0,0.2719327960544334,40,0.325,0.675
Germany,2023-04-20,-0.09987717743674918,0.0,0.3439464575494885,36,0.4722222222222222,0.5
Germany,2023-04-21,-0.0482997328463435,0.0,0.2689761328434304,37,0.40540540540540543,0.5945945945945946
Germany,2023-04-22,-0.0004421873638856285,0.0,0.2798244828373203,29,0.3793103448275862,0.6206896551724138
Germany,2023-04-23,-0.12579598530078784,0.0,0.20965771690275864,23,0.2608695652173913,0.6956521739130435
Germany,2023-04-24,0.00777983977370406,0.0,0.3063869248405624,48,0.5416666666666666,0.4375
Germany,2023-04-25,-0.07300092769558246,0.0,0.4300378604189481,38,0.42105263157894735,0.5526315789473685
Germany,2023-04-26,-0.1002301269301031,0.0,0.3524552239762737,36,0.3611111111111111,0.6388888888888888
Germany,2023-04-27,0.08075524026334965,0.0,0.3200028716351614,45,0.6,0.37777777777777777
Germany,2023-04-28,-0.0865672995870827,0.0,0.25977314753854985,53,0.2830188679245283,0.6981132075471698
Germany,2023-04-29,-0.11989400874100666,0.0,0.22128570942762435,24,0.2916666666666667,0.625
Germany,2023-04-30,-0.10283269010700391,0.0,0.4412596739050564,23,0.4782608695652174,0.5217391304347826
Germany,2023-05-01,-0.08932653415448558,0.0,0.2353726366310897,26,0.2692307692307692,0.6538461538461539
Germany,2023-05-02,-0.09220134597418828,0.0,0.2645195702964458,34,0.3235294117647059,0.6176470588235294
Germany,2023-05-03,-0.05226628167813378,0.0,0.34972222727881036,29,0.3448275862068966,0.5172413793103449
Germany,2023-05-04,-0.0939527902415981,0.0,0.3953903530839534,36,0.3611111111111111,0.6388888888888888
Germany,2023-05-05,-0.050423161647490757,0.0,0.26686571953627997,37,0.43243243243243246,0.5135135135135135
Germany,2023-05-06,-0.12746860491835094,0.0,0.35933267910159933,21,0.2857142857142857,0.7142857142857143
Germany,2023-05-07,-0.07599884786257147,0.0,0.23744190852260902,17,0.35294117647058826,0.5882352941176471
Germany,2023-05-08,-0.1896508002651319,0.0,0.3575452577372831,39,0.3076923076923077,0.6666666666666666
Germany,2023-05-09,-0.15388774702942642,0.0,0.3669127615738838,46,0.32608695652173914,0.6521739130434783
Germany,2023-05-10,-0.016556628527565922,0.0,0.23704387943251531,31,0.45161290322580644,0.5483870967741935
Germany,2023-05-11,-0.02540339511313157,0.0,0.2899624813221792,36,0.4166666666666667,0.5555555555555556
Germany,2023-05-12,-0.028930516857687775,0.0,0.26394631678169966,49,0.46938775510204084,0.5306122448979592
Germany,2023-05-13,0.01897021024920238,0.0,0.2397741594902294,23,0.6086956521739131,0.34782608695652173
Germany,2023-05-14,0.03500404563881018,0.0,0.34940387363844666,18,0.3888888888888889,0.5555555555555556
Germany,2023-05-15,-0.02355041606160459,0.0,0.2842058606870091,47,0.40425531914893614,0.574468085106383
Germany,2023-05-16,-0.1092359913299764,0.0,0.3183686110062115,54,0.4074074074074074,0.5370370370370371
Germany,2023-05-17,-0.13764649861445294,0.0,0.27797267794562486,30,0.36666666666666664,0.6
Germany,2023-05-18,-0.0669700179708068,0.0,0.2209535445784236,42,0.3333333333333333,0.6190476190476191
Germany,2023-05-19,-0.1124008946495224,0.0,0.27006686683671643,41,0.3170731707317073,0.6341463414634146
Germany,2023-05-20,-0.14658430627374552,0.0,0.23738958849323102,25,0.16,0.8
Germany,2023-05-21,-0.12249953276063517,0.0,0.3477834404471228,27,0.2962962962962963,0.6666666666666666
Germany,2023-05-22,-0.07094537511444704,0.0,0.2416353356463762,29,0.3793103448275862,0.5862068965517241
Germany,2023-05-23,-0.14277490526927097,0.0,0.349823660795747,24,0.375,0.625
Germany,2023-05-24,-0.1837408831698644,0.0,0.3496913431341174,38,0.23684210526315788,0.6842105263157895
Germany,2023-05-25,-0.11334821664798679,0.0,0.33065690333761893,39,0.3333333333333333,0.6153846153846154
Germany,2023-05-26,-0.1104141854584661,0.0,0.333714412895164,37,0.35135135135135137,0.6216216216216216
Germany,2023-05-27,-0.09466154854055758,0.0,0.28182449521803105,15,0.3333333333333333,0.6666666666666666
Germany,2023-05-28,-0.19991269096460337,0.0,0.2351688631753023,15,0.06666666666666667,0.8666666666666667
Germany,2023-05-29,0.11157266763258233,0.0,0.3702173370904438,18,0.5555555555555556,0.3888888888888889
Germany,2023-05-30,-0.028097978065816338,0.0,0.283130109327261,36,0.3888888888888889,0.5277777777777778
Germany,2023-05-31,-0.014651893936597335,0.0,0.3075791550112533,41,0.5365853658536586,0.4146341463414634
Germany,2023-06-01,-0.07553858112816442,0.0,0.3014215809900821,41,0.2682926829268293,0.6585365853658537
Germany,2023-06-02,-0.037096445093895064,0.0,0.32393044109584357,40,0.55,0.45
Germany,2023-06-03,-0.15786617937620046,0.0,0.2875601909026475,27,0.2962962962962963,0.6296296296296297
Germany,2023-06-04,-0.10827665783575788,0.0,0.24536040948996457,18,0.3333333333333333,0.6111111111111112
Germany,2023-06-05,-0.06383782645700109,0.0,0.29816854665852555,41,0.3170731707317073,0.6829268292682927
Germany,2023-06-06,-0.06972067430101393,0.0,0.41553335676710673,36,0.3611111111111111,0.6388888888888888
Germany,2023-06-07,-0.0572992670385196,0.0,0.32433753085071687,40,0.45,0.5
Germany,2023-06-08,-0.0848807345131994,0.0,0.3144957600498358,24,0.4166666666666667,0.5833333333333334
Germany,2023-06-09,-0.12726921679489034,0.0,0.252187072854885,46,0.2826086956521739,0.6956521739130435
Germany,2023-06-10,-0.14113962656561033,0.0,0.32088364446631124,34,0.29411764705882354,0.6470588235294118
Germany,2023-06-11,-0.1603373576174714,0.0,0.25251826979565567,21,0.2857142857142857,0.6666666666666666
Germany,2023-06-12,-0.1806356843700967,0.0,0.34151759182958497,37,0.2972972972972973,0.6486486486486487
Germany,2023-06-13,-0.10970177117626137,0.0,0.3011170371530719,38,0.3684210526315789,0.5789473684210527
Germany,2023-06-14,-0.08243217042852719,0.0,0.2914617911331012,44,0.36363636363636365,0.5681818181818182
Germany,2023-06-15,-0.05592828693258554,0.0,0.36420768865650766,40,0.425,0.575
Germany,2023-06-16,-0.04574650672417389,0.0,0.28978577356434254,24,0.375,0.5416666666666666
Germany,2023-06-17,-0.01608839361760188,0.0,0.35896410664084044,23,0.391304347826087,0.5652173913043478
Germany,2023-06-18,-0.0527541904564796,0.0,0.33288918857571786,14,0.42857142857142855,0.5
Germany,2023-06-19,-0.07451546047925017,0.0,0.31958428190241456,27,0.4074074074074074,0.5555555555555556
Germany,2023-06-20,-0.08564720393065839,0.0,0.33896745897421987,37,0.24324324324324326,0.6486486486486487
Germany,2023-06-21,-0.06559963751430568,0.0,0.28249226944756567,48,0.3958333333333333,0.5416666666666666
Germany,2023-06-22,-0.07907935253151754,0.0,0.21738790025478652,45,0.28888888888888886,0.6444444444444445
Germany,2023-06-23,-0.05692463456199276,0.0,0.2747793120053074,40,0.35,0.6
Germany,2023-06-24,-0.038156172555707316,0.0,0.20849287409637027,23,0.391304347826087,0.5652173913043478
Germany,2023-06-25,0.05934222799129304,0.0,0.30201447642418716,9,0.7777777777777778,0.2222222222222222
Germany,2023-06-26,-0.09446627652530927,0.0,0.3090790994417807,42,0.38095238095238093,0.6190476190476191
Germany,2023-06-27,-0.1362715570113654,0.0,0.31791073048678764,44,0.29545454545454547,0.6590909090909091
Germany,2023-06-28,0.0013520469872167656,0.0,0.3038017276621479,26,0.5384615384615384,0.4230769230769231
Germany,2023-06-29,-0.05473988732286541,0.0,0.25303968407249416,43,0.46511627906976744,0.5348837209302325
Germany,2023-06-30,0.00797563486719238,0.0,0.3232779168205139,28,0.4642857142857143,0.4642857142857143
Germany,2023-07-01,-0.0031506971383519,0.0,0.21570191492802918,22,0.5,0.5
Germany,2023-07-02,-0.07506027504968585,0.0,0.3044395621821438,18,0.3888888888888889,0.6111111111111112
Germany,2023-07-03,-0.050082293354442156,0.0,0.2805338042329151,27,0.48148148148148145,0.5185185185185185
Germany,2023-07-04,-0.08248222792431428,0.0,0.30569734452420333,32,0.3125,0.65625
Germany,2023-07-05,-0.09839346387207537,0.0,0.3161903567589107,38,0.4473684210526316,0.5526315789473685
Germany,2023-07-06,-0.11583311924400397,0.0,0.33688011451083205,42,0.38095238095238093,0.6190476190476191
Germany,2023-07-07,-0.08492618476620305,0.0,0.2484306558587529,38,0.34210526315789475,0.6052631578947368
Germany,2023-07-08,-0.17155297387079735,0.0,0.295370439671518,28,0.32142857142857145,0.6785714285714286
Germany,2023-07-09,-0.16689674916772185,0.0,0.3687861548858258,18,0.3888888888888889,0.6111111111111112
Germany,2023-07-10,-0.011828315236375632,0.0,0.3349598744923655,43,0.3953488372093023,0.6046511627906976
Germany,2023-07-11,0.029680568031111344,0.0,0.38970847563524447,43,0.4883720930232558,0.4883720930232558
Germany,2023-07-12,-0.10273202235132053,0.0,0.37430739660119755,32,0.40625,0.53125
Germany,2023-07-13,-0.1409034428282383,0.0,0.3777994860521089,43,0.3953488372093023,0.6046511627906976
Germany,2023-07-14,-0.039834962114892986,0.0,0.3252422192503183,29,0.4827586206896552,0.5172413793103449
Germany,2023-07-15,0.002039826505679987,0.0,0.24770929822175336,15,0.4666666666666667,0.5333333333333333
Germany,2023-07-16,-0.1453589564517921,0.0,0.28758094689085556,25,0.32,0.68
Germany,2023-07-17,-0.016365907251815193,0.0,0.30168850266411773,32,0.5,0.46875
Germany,2023-07-18,-0.038633157682917287,0.0,0.2933128867821595,46,0.4782608695652174,0.5
Germany,2023-07-19,-0.1358528003710257,0.0,0.28198483302190813,27,0.37037037037037035,0.5925925925925926
Germany,2023-07-20,-0.05988288251606869,0.0,0.3527715659676611,33,0.3939393939393939,0.6060606060606061
Germany,2023-07-21,-0.07035111259612134,0.0,0.23491766538164663,43,0.32558139534883723,0.6046511627906976
Germany,2023-07-22,-0.12258088376334188,0.0,0.32198206968294535,25,0.32,0.64
Germany,2023-07-23,-0.1653191948669123,0.0,0.33720730206048005,19,0.3157894736842105,0.6842105263157895
Germany,2023-07-24,-0.03703111417510101,0.0,0.2848106343203346,29,0.41379310344827586,0.5517241379310345
Germany,2023-07-25,-0.1281529117846135,0.0,0.28149290536064026,58,0.29310344827586204,0.6896551724137931
Germany,2023-07-26,-0.13365170901099152,0.0,0.2855602627877765,29,0.3448275862068966,0.6206896551724138
Germany,2023-07-27,-0.11818562024768466,0.0,0.25305903074812386,46,0.32608695652173914,0.6521739130434783
Germany,2023-07-28,-0.14620669709152145,0.0,0.3285209233081042,44,0.3181818181818182,0.6363636363636364
Germany,2023-07-29,-0.04432502919340134,0.0,0.29107200181638976,20,0.45,0.55
Germany,2023-07-30,-0.17861889125480168,0.0,0.3421027675388293,19,0.3157894736842105,0.6842105263157895
Germany,2023-07-31,-0.1135993473522619,0.0,0.27266080650642804,37,0.3783783783783784,0.6216216216216216
Germany,2023-08-01,-0.12286007083851247,0.0,0.2624312098396269,53,0.3584905660377358,0.6226415094339622
Germany,2023-08-02,-0.0737781718828071,0.0,0.26558935656626154,38,0.2894736842105263,0.631578947368421
Germany,2023-08-03,-0.10163028086360552,0.0,0.2616927192111344,40,0.325,0.65
Germany,2023-08-04,-0.03648143218867846,0.0,0.2697890780234474,34,0.5,0.47058823529411764
Germany,2023-08-05,-0.1981381665178616,0.0,0.2517888255501312,16,0.25,0.75
Germany,2023-08-06,-0.1345870147659802,0.0,0.3671371925336038,20,0.2,0.8
Germany,2023-08-07,-0.07053997374667599,0.0,0.2582373302764264,39,0.3076923076923077,0.6666666666666666
Germany,2023-08-08,-0.17170819943265,0.0,0.26630022859526137,37,0.21621621621621623,0.7837837837837838
Germany,2023-08-09,-0.13213769487573843,0.0,0.3864154221267992,25,0.32,0.64
Germany,2023-08-10,-0.18445322067293296,0.0,0.2630145861582477,42,0.16666666666666666,0.7619047619047619
Germany,2023-08-11,-0.11381824034357599,0.0,0.38880624592407087,34,0.35294117647058826,0.5882352941176471
Germany,2023-08-12,0.07562779071315398,0.0,0.30896624680237883,20,0.6,0.4
Germany,2023-08-13,-0.09085107041780732,0.0,0.2890578617753391,17,0.4117647058823529,0.5882352941176471
Germany,2023-08-14,-0.11236253845820611,0.0,0.3514775397220204,46,0.32608695652173914,0.6739130434782609
Germany,2023-08-15,-0.10907233043448002,0.0,0.27984440587415993,25,0.36,0.6
Germany,2023-08-16,-0.07227669642846417,0.0,0.26706154879234706,38,0.2631578947368421,0.6842105263157895
Germany,2023-08-17,-0.07848790418583491,0.0,0.38315931209079646,21,0.42857142857142855,0.5714285714285714
Germany,2023-08-18,-0.044078769064447486,0.0,0.3143801574424535,25,0.32,0.52
Germany,2023-08-19,-0.10102013329561685,0.0,0.40427617984430925,14,0.42857142857142855,0.5714285714285714
Germany,2023-08-20,-0.1394251598948531,0.0,0.33886566620764574,21,0.38095238095238093,0.6190476190476191
Germany,2023-08-21,-0.09704210780968345,0.0,0.26333146778951755,37,0.35135135135135137,0.6216216216216216
Germany,2023-08-22,-0.06888583211646214,0.0,0.31558632353495397,42,0.40476190476190477,0.5714285714285714
Germany,2023-08-23,-0.0719869549300287,0.0,0.3192797013200136,33,0.3939393939393939,0.5757575757575758
Germany,2023-08-24,-0.123116407722905,0.0,0.30045729376884595,49,0.3469387755102041,0.6530612244897959
Germany,2023-08-25,-0.06351260630335623,0.0,0.2613665528925206,35,0.2857142857142857,0.7142857142857143
Germany,2023-08-26,-0.20208828776104865,0.0,0.3185972385206909,27,0.25925925925925924,0.7407407407407407
Germany,2023-08-27,-0.09774660899635126,0.0,0.2934156900479241,21,0.38095238095238093,0.6190476190476191
Germany,2023-08-28,-0.0040435924022109195,0.0,0.23573672368187082,31,0.4838709677419355,0.45161290322580644
Germany,2023-08-29,-0.05481963630520702,0.0,0.29645457500838496,41,0.4878048780487805,0.4634146341463415
Germany,2023-08-30,-0.05388205677796736,0.0,0.32083322023281385,41,0.3902439024390244,0.5853658536585366
Germany,2023-08-31,-0.030347642185935452,0.0,0.3111204008430538,38,0.5,0.5
Germany,2023-09-01,-0.122010797479549,0.0,0.362408835423576,33,0.3333333333333333,0.6666666666666666
Germany,2023-09-02,-0.11420843626300758,0.0,0.36329879744266413,20,0.4,0.55
Germany,2023-09-03,-0.12160227643104499,0.0,0.36178516716723397,24,0.375,0.625
Germany,2023-09-04,-0.07182923956132896,0.0,0.29481799543739634,33,0.5151515151515151,0.45454545454545453
Germany,2023-09-05,-0.013769236322113059,0.0,0.292778207737994,35,0.45714285714285713,0.42857142857142855
Germany,2023-09-06,-0.1192657869876677,0.0,0.33806722721314536,33,0.36363636363636365,0.6363636363636364
Germany,2023-09-07,-0.1092563343631071,0.0,0.37482265186837005,48,0.3333333333333333,0.6666666666666666
Germany,2023-09-08,-0.08449693917479945,0.0,0.22481193931290366,37,0.2972972972972973,0.6486486486486487
Germany,2023-09-09,-0.1752753767162981,0.0,0.30084902035194533,36,0.3055555555555556,0.6666666666666666
Germany,2023-09-10,-0.12354207776949136,0.0,0.3537503692267128,21,0.2857142857142857,0.7142857142857143
Germany,2023-09-11,0.027559434428756618,0.0,0.3173711843688018,37,0.5675675675675675,0.40540540540540543
Germany,2023-09-12,-0.03678138734972901,0.0,0.32599636159812323,42,0.5,0.47619047619047616
Germany,2023-09-13,-0.009858369472712732,0.0,0.3706711736275991,47,0.44680851063829785,0.5319148936170213
Germany,2023-09-14,-0.008025691939523634,0.0,0.3456973120843097,36,0.5555555555555556,0.4444444444444444
Germany,2023-09-15,0.012607971911884066,0.0,0.32215868965503996,44,0.5,0.5
Germany,2023-09-16,-0.025743761354490514,0.0,0.2416040702579066,19,0.42105263157894735,0.5789473684210527
Germany,2023-09-17,-0.20532446424563972,0.0,0.24329745809894757,23,0.21739130434782608,0.782608695652174
Germany,2023-09-18,-0.13164056910377006,0.0,0.3499963191548924,33,0.3333333333333333,0.6666666666666666
Germany,2023-09-19,-0.0996261878264752,0.0,0.26313145451578307,34,0.29411764705882354,0.6470588235294118
Germany,2023-09-20,-0.051049603258125166,0.0,0.31304418317773053,40,0.475,0.525
Germany,2023-09-21,-0.07161696006874006,0.0,0.32819145221679674,45,0.4444444444444444,0.5555555555555556
Germany,2023-09-22,-0.007960907079930503,0.0,0.19860915383281785,34,0.47058823529411764,0.47058823529411764
Germany,2023-09-23,-0.1414910516345257,0.0,0.22578219690481863,21,0.23809523809523808,0.7619047619047619
Germany,2023-09-24,-0.17628670558506276,0.0,0.32261699017227047,23,0.21739130434782608,0.782608695652174
Germany,2023-09-25,-0.07619827956046825,0.0,0.34078465803226693,35,0.34285714285714286,0.6285714285714286
Germany,2023-09-26,-0.12821641711653717,0.0,0.33499434229210473,39,0.3333333333333333,0.6153846153846154
Germany,2023-09-27,-0.05411572853931426,0.0,0.29693773575208354,39,0.358974358974359,0.5897435897435898
Germany,2023-09-28,-0.1193380456593997,0.0,0.36808081893118044,34,0.35294117647058826,0.5882352941176471
Germany,2023-09-29,-0.060543022203355765,0.0,0.27594393317045485,33,0.3939393939393939,0.6060606060606061
Germany,2023-09-30,-0.0674980634555517,0.0,0.184648652273759,22,0.2727272727272727,0.6818181818181818
Germany,2023-10-01,-0.1069892243380456,0.0,0.30739882522827555,16,0.3125,0.5625
Germany,2023-10-02,-0.1736810033559947,0.0,0.3352064446088752,28,0.35714285714285715,0.6428571428571429
Germany,2023-10-03,-0.07882186929731623,0.0,0.31695104994717144,44,0.45454545454545453,0.5227272727272727
Germany,2023-10-04,-0.04589917476611131,0.0,0.3086464635714997,28,0.32142857142857145,0.6071428571428571
Germany,2023-10-05,-0.04873264642506374,0.0,0.3176886077315771,45,0.37777777777777777,0.6
Germany,2023-10-06,-0.1608089836173718,0.0,0.2973379909167251,30,0.3,0.7
Germany,2023-10-07,-0.17667475989373957,0.0,0.3073252479068191,19,0.2631578947368421,0.6842105263157895
Germany,2023-10-08,-0.14778163305752634,0.0,0.3383497121672542,17,0.35294117647058826,0.5882352941176471
Germany,2023-10-09,-0.1500139118931842,0.0,0.34492661701917254,40,0.25,0.725
Germany,2023-10-10,-0.15052418802316447,0.0,0.3712567796315009,36,0.3333333333333333,0.6388888888888888
Germany,2023-10-11,-0.01845354669925349,0.0,0.3402772433202611,51,0.5098039215686274,0.45098039215686275
Germany,2023-10-12,-0.06480293227487985,0.0,0.3413432540451831,37,0.43243243243243246,0.5405405405405406
Germany,2023-10-13,0.021795612245780055,0.0,0.3473533077356175,27,0.5925925925925926,0.4074074074074074
Germany,2023-10-14,-0.17001020139969322,0.0,0.3023851362429651,24,0.25,0.7083333333333334
Germany,2023-10-15,-0.08892102524739386,0.0,0.37255657158373445,25,0.44,0.56
Germany,2023-10-16,-0.03516032252624603,0.0,0.2652846163953485,28,0.42857142857142855,0.5714285714285714
Germany,2023-10-17,-0.0343730232658525,0.0,0.28056244451684537,34,0.47058823529411764,0.5294117647058824
Germany,2023-10-18,-0.05278391917024836,0.0,0.3094554490726927,30,0.4,0.5666666666666667
Germany,2023-10-19,-0.03063485785221833,0.0,0.36918426224154377,42,0.47619047619047616,0.47619047619047616
Germany,2023-10-20,-0.06371189636541907,0.0,0.3874199301308752,33,0.3939393939393939,0.5151515151515151
Germany,2023-10-21,-0.11440637714566029,0.0,0.37814133486362184,14,0.35714285714285715,0.6428571428571429
Germany,2023-10-22,-0.17641250632814423,0.0,0.39128123211606974,23,0.391304347826087,0.6086956521739131
Germany,2023-10-23,-0.11699760728760335,0.0,0.3393892237400064,35,0.34285714285714286,0.6285714285714286
Germany,2023-10-24,-0.0465551559781202,0.0,0.3054781906870707,47,0.44680851063829785,0.5106382978723404
Germany,2023-10-25,-0.0602827582113664,0.0,0.3006656884356918,46,0.45652173913043476,0.5217391304347826
Germany,2023-10-26,-0.11349387463631254,0.0,0.31009534627985746,44,0.3181818181818182,0.6590909090909091
Germany,2023-10-27,-0.0812547826263599,0.0,0.37276778603792443,36,0.4444444444444444,0.5277777777777778
Germany,2023-10-28,-0.14463441389476364,0.0,0.29692289818173384,24,0.25,0.7083333333333334
Germany,2023-10-29,-0.17618549224666336,0.0,0.26121793443341834,16,0.3125,0.6875
Germany,2023-10-30,-0.11853324471305851,0.0,0.296838808352618,39,0.38461538461538464,0.6153846153846154
Germany,2023-10-31,-0.041256913621160365,0.0,0.38125837053506373,42,0.42857142857142855,0.5476190476190477
Germany,2023-11-01,-0.059330831577194376,0.0,0.3905454948088802,39,0.41025641025641024,0.5897435897435898
Germany,2023-11-02,-0.10337535678308854,0.0,0.34999753351862795,39,0.358974358974359,0.5897435897435898
Germany,2023-11-03,-0.14783263672640126,0.0,0.40936676960231005,39,0.41025641025641024,0.5897435897435898
Germany,2023-11-04,0.02062053051743506,0.0,0.33419358362770035,24,0.5416666666666666,0.4583333333333333
Germany,2023-11-05,-0.03027101294610136,0.0,0.29310657932559614,20,0.45,0.55
Germany,2023-11-06,-0.014106661202427966,0.0,0.3214771243602403,38,0.4473684210526316,0.5263157894736842
Germany,2023-11-07,-0.082879665039862,0.0,0.29592603694914565,39,0.38461538461538464,0.6153846153846154
Germany,2023-11-08,-0.00258377462668172,0.0,0.2641493018454541,46,0.4782608695652174,0.5217391304347826
Germany,2023-11-09,-0.011031929217156167,0.0,0.34980124682393066,34,0.4411764705882353,0.5294117647058824
Germany,2023-11-10,-0.08730890924953176,0.0,0.2985402294466614,38,0.39473684210526316,0.5526315789473685
Germany,2023-11-11,-0.1283925376066055,0.0,0.28940006734410406,20,0.3,0.7
Germany,2023-11-12,-0.2065013045123098,0.0,0.31157988185617413,19,0.3157894736842105,0.6842105263157895
Germany,2023-11-13,-0.05931321349994952,0.0,0.2988118919999227,37,0.35135135135135137,0.5675675675675675
Germany,2023-11-14,-0.07295112812707792,0.0,0.322589004999894,33,0.42424242424242425,0.5454545454545454
Germany,2023-11-15,-0.05140033630984314,0.0,0.2811610299742799,48,0.4166666666666667,0.5208333333333334
Germany,2023-11-16,-0.08743522929005781,0.0,0.28821451362467865,41,0.3902439024390244,0.6097560975609756
Germany,2023-11-17,0.02194745450504868,0.0,0.2930527990808956,33,0.48484848484848486,0.42424242424242425
Germany,2023-11-18,-0.19331427128587952,0.0,0.3142341647286324,12,0.25,0.6666666666666666
Germany,2023-11-19,-0.008415042189011172,0.0,0.33622349309696087,22,0.4090909090909091,0.5909090909090909
Germany,2023-11-20,-0.04599224530865217,0.0,0.378212550709397,34,0.38235294117647056,0.5
Germany,2023-11-21,-0.07228151500649806,0.0,0.29725940133446066,41,0.43902439024390244,0.5365853658536586
Germany,2023-11-22,-0.1596586151950738,0.0,0.28291067950547527,33,0.24242424242424243,0.696969696969697
Germany,2023-11-23,-0.038741364225302874,0.0,0.33056215485851026,40,0.475,0.45
Germany,2023-11-24,-0.001995812502543098,0.0,0.3285341230758338,40,0.475,0.45
Germany,2023-11-25,-0.1262184546342779,0.0,0.2710652450103148,26,0.3076923076923077,0.6538461538461539
Germany,2023-11-26,-0.08750527065887478,0.0,0.31110932585410433,25,0.36,0.64
Germany,2023-11-27,-0.0951888369332735,0.0,0.3824819571159684,30,0.4666666666666667,0.4666666666666667
Germany,2023-11-28,-0.19665600239983091,0.0,0.29627438884951723,34,0.23529411764705882,0.7647058823529411
Germany,2023-11-29,-0.17239404154307708,0.0,0.2913935822460527,28,0.25,0.75
Germany,2023-11-30,-0.02030670933332658,0.0,0.2815462446311135,48,0.4166666666666667,0.5833333333333334
Germany,2023-12-01,-0.1710261704877049,0.0,0.31066203560263667,47,0.23404255319148937,0.723404255319149
Germany,2023-12-02,-0.11483764783625593,0.0,0.3554600460811932,32,0.28125,0.71875
Germany,2023-12-03,-0.08415389481598086,0.0,0.38220420086075957,28,0.35714285714285715,0.6428571428571429
Germany,2023-12-04,-0.09578148820788708,0.0,0.2940444564482837,38,0.34210526315789475,0.6052631578947368
Germany,2023-12-05,-0.08605621479422859,0.0,0.32282959804213707,50,0.4,0.58
Germany,2023-12-06,-0.06104238678003477,0.0,0.3431438242598941,48,0.4166666666666667,0.5625
Germany,2023-12-07,-0.051657480595048606,0.0,0.29080963963444084,42,0.38095238095238093,0.5714285714285714
Germany,2023-12-08,-0.03723077807167154,0.0,0.3029588097997416,39,0.41025641025641024,0.5641025641025641
Germany,2023-12-09,-0.017090787732312627,0.0,0.31790243693225617,19,0.42105263157894735,0.5263157894736842
Germany,2023-12-10,-0.10344918450443846,0.0,0.2812356515178149,26,0.2692307692307692,0.7307692307692307
Germany,2023-12-11,-0.12032297967180937,0.0,0.24806349094394126,31,0.3548387096774194,0.5483870967741935
Germany,2023-12-12,-0.04313750409766222,0.0,0.30742050027702067,50,0.48,0.52
Germany,2023-12-13,-0.10818995413699752,0.0,0.2984026394312183,54,0.3888888888888889,0.5925925925925926
Germany,2023-12-14,-0.095179213592952,0.0,0.3168725786832183,33,0.42424242424242425,0.5757575757575758
Germany,2023-12-15,-0.1666290846310576,0.0,0.29370208967319816,32,0.28125,0.6875
Germany,2023-12-16,-0.13516267578854904,0.0,0.366831831068637,18,0.2777777777777778,0.6666666666666666
Germany,2023-12-17,0.031534598206326,0.0,0.3074729841364764,16,0.5,0.5
Germany,2023-12-18,-0.012508249381229226,0.0,0.3461984031070753,33,0.42424242424242425,0.48484848484848486
Germany,2023-12-19,-0.13326709257740832,0.0,0.2602282025855439,36,0.2777777777777778,0.7222222222222222
Germany,2023-12-20,-0.08360050929587468,0.0,0.34294146169218187,32,0.46875,0.53125
Germany,2023-12-21,-0.16950497765407005,0.0,0.3555466454302338,34,0.38235294117647056,0.5588235294117647
Germany,2023-12-22,-0.1272464108157625,0.0,0.363022383158999,34,0.29411764705882354,0.7058823529411765
Germany,2023-12-23,-0.042746851048098604,0.0,0.3215635487451773,16,0.5,0.4375
Germany,2023-12-24,-0.07767474250825364,0.0,0.5173516093924843,16,0.375,0.625
Germany,2023-12-25,-0.17111010142804234,0.0,0.43216052238802094,25,0.32,0.68
Germany,2023-12-26,-0.17511231382183606,0.0,0.37073387559135507,28,0.32142857142857145,0.6071428571428571
Germany,2023-12-27,-0.15092188441133406,0.0,0.37624243787598616,38,0.23684210526315788,0.7631578947368421
Germany,2023-12-28,-0.14447756865208702,0.0,0.33557935834730623,30,0.3,0.6333333333333333
Germany,2023-12-29,-0.21320351208174926,0.0,0.33584645520083384,35,0.22857142857142856,0.7428571428571429
Germany,2023-12-30,-0.11554560079477852,0.0,0.280295501792014,20,0.2,0.8
Germany,2023-12-31,-0.11486663257694094,0.0,0.363395582576138,20,0.4,0.55
Germany,2024-01-01,-0.08788977873915801,0.0,0.24877636216184826,13,0.23076923076923078,0.6153846153846154
Germany,2024-01-02,-0.08503394878673178,0.0,0.28466098325516104,30,0.3,0.7
Germany,2024-01-03,-0.1027358998483706,0.0,0.3814616925477436,38,0.47368421052631576,0.5
Germany,2024-01-04,-0.1844829151902427,0.0,0.2794191630507974,41,0.24390243902439024,0.7073170731707317
Germany,2024-01-05,-0.0519059004020807,0.0,0.32715101318836715,39,0.41025641025641024,0.5641025641025641
Germany,2024-01-06,0.021435195616426938,0.0,0.3293848948007234,20,0.5,0.5
Germany,2024-01-07,-0.19622863312468217,0.0,0.2978268932828586,18,0.16666666666666666,0.7222222222222222
Germany,2024-01-08,-0.22567357935986038,0.0,0.32494320743347044,39,0.23076923076923078,0.717948717948718
Germany,2024-01-09,-0.014481042337322943,0.0,0.3305598631976907,35,0.45714285714285713,0.5428571428571428
Germany,2024-01-10,-0.12678341416654493,0.0,0.2576835328366953,32,0.28125,0.6875
Germany,2024-01-11,-0.03302076669412879,0.0,0.2810418879409548,41,0.43902439024390244,0.4878048780487805
Germany,2024-01-12,-0.24947476959366977,0.0,0.2978666554301893,46,0.15217391304347827,0.7608695652173914
Germany,2024-01-13,-0.18803762022967233,0.0,0.3427439375458632,29,0.27586206896551724,0.6896551724137931
Germany,2024-01-14,-0.031977085388598114,0.0,0.30273057125073305,15,0.5333333333333333,0.4666666666666667
Germany,2024-01-15,-0.13143445164828432,0.0,0.22247746878825514,37,0.2702702702702703,0.7027027027027027
Germany,2024-01-16,0.04198995190500483,0.0,0.22626490692979334,39,0.5128205128205128,0.4358974358974359
Germany,2024-01-17,-0.14946466580091894,0.0,0.38947673385008313,40,0.4,0.6
Germany,2024-01-18,-0.0549585295610457,0.0,0.3293013195442904,35,0.42857142857142855,0.5428571428571428
Germany,2024-01-19,-0.020404955044794663,0.0,0.3060186838531952,44,0.4090909090909091,0.5
Germany,2024-01-20,-0.026712990321120258,0.0,0.26934773142283724,29,0.4827586206896552,0.5172413793103449
Germany,2024-01-21,-0.06506862225125944,0.0,0.36465986322749394,13,0.3076923076923077,0.6153846153846154
Germany,2024-01-22,-0.027536521368239638,0.0,0.2584471664767139,29,0.4827586206896552,0.4827586206896552
Germany,2024-01-23,-0.045077551447202144,0.0,0.34358176345746066,41,0.36585365853658536,0.5853658536585366
Germany,2024-01-24,-0.11048946673991203,0.0,0.3359746082226937,39,0.38461538461538464,0.5897435897435898
Germany,2024-01-25,-0.08469175099540525,0.0,0.27337369583094634,35,0.34285714285714286,0.6285714285714286
Germany,2024-01-26,-0.15125010047793316,0.0,0.3194641378547401,36,0.2777777777777778,0.7222222222222222
Germany,2024-01-27,-0.09385158852938238,0.0,0.25833851272983255,21,0.3333333333333333,0.6666666666666666
Germany,2024-01-28,-0.07653935656548723,0.0,0.29622737176844305,18,0.3888888888888889,0.6111111111111112
Germany,2024-01-29,0.014621404197126986,0.0,0.3285187678053189,29,0.5517241379310345,0.4482758620689655
Germany,2024-01-30,-0.17793207903725045,0.0,0.28338621891400245,40,0.25,0.725
Germany,2024-01-31,-0.0660036718555942,0.0,0.2981183784358467,39,0.3076923076923077,0.6923076923076923
Germany,2024-02-01,-0.13167059683801283,0.0,0.25657439461967296,31,0.3225806451612903,0.6774193548387096
Germany,2024-02-02,-0.09228246000053987,0.0,0.2955634256488304,35,0.4,0.5714285714285714
Germany,2024-02-03,-0.27010591223422403,0.0,0.3289181619081107,10,0.2,0.8
Germany,2024-02-04,-0.2280591694844965,0.0,0.2967043775099849,20,0.2,0.8
Germany,2024-02-05,-0.040293520687973566,0.0,0.31528607087542454,36,0.4444444444444444,0.5555555555555556
Germany,2024-02-06,-0.16222263222139455,0.0,0.3048174966553833,41,0.3170731707317073,0.6829268292682927
Germany,2024-02-07,-0.12382290915981221,0.0,0.33280426413815606,46,0.32608695652173914,0.6304347826086957
Germany,2024-02-08,-0.0781607500171273,0.0,0.3122233857857525,38,0.3684210526315789,0.6052631578947368
Germany,2024-02-09,-0.07820227007331333,0.0,0.23076857578178153,36,0.2777777777777778,0.7222222222222222
Germany,2024-02-10,0.008343420111350636,0.0,0.3685377886866891,19,0.47368421052631576,0.47368421052631576
Germany,2024-02-11,-0.12645523451004004,0.0,0.3790952664575201,15,0.3333333333333333,0.6666666666666666
Germany,2024-02-12,0.047465637680468194,0.0,0.3698627954032501,25,0.48,0.48
Germany,2024-02-13,-0.20745570598191307,0.0,0.24970627950845256,32,0.15625,0.78125
Germany,2024-02-14,-0.13430261075750227,0.0,0.2960042276711809,34,0.20588235294117646,0.6764705882352942
Germany,2024-02-15,-0.038173716537116806,0.0,0.3265591392645397,46,0.4782608695652174,0.4782608695652174
Germany,2024-02-16,-0.2011370901942253,0.0,0.36713751415213486,42,0.30952380952380953,0.6904761904761905
Germany,2024-02-17,-0.07177797975312258,0.0,0.37835544744267297,32,0.5,0.5
Germany,2024-02-18,-0.05161103799981438,0.0,0.3235509152943597,38,0.5263157894736842,0.4473684210526316
Germany,2024-02-19,-0.047977392171278076,0.0,0.3279973455552974,49,0.3469387755102041,0.5918367346938775
Germany,2024-02-20,-0.013107363758283995,0.0,0.27779197129253735,37,0.4864864864864865,0.5135135135135135
Germany,2024-02-21,-0.15825607492386654,0.0,0.3007688980084651,43,0.2558139534883721,0.7441860465116279
Germany,2024-02-22,-0.09197529085999372,0.0,0.34956514348778867,45,0.4,0.6
Germany,2024-02-23,-0.09435020166121277,0.0,0.3632662092951506,47,0.3829787234042553,0.6170212765957447
Germany,2024-02-24,0.022971655412290678,0.0,0.3348295073049438,26,0.5,0.4230769230769231
Germany,2024-02-25,-0.044891920238829625,0.0,0.27852540622884225,30,0.4666666666666667,0.5333333333333333
Germany,2024-02-26,-0.1650106072881721,0.0,0.38674525817447425,45,0.3111111111111111,0.6888888888888889
Germany,2024-02-27,-0.07944812893610986,0.0,0.2616333579849292,32,0.25,0.75
Germany,2024-02-28,-0.1443391714104093,0.0,0.32147225867960244,32,0.21875,0.75
Germany,2024-02-29,-0.07269666551846062,0.0,0.3446076900899895,38,0.34210526315789475,0.6578947368421053
Germany,2024-03-01,-0.0718035247849173,0.0,0.3420633010332019,43,0.3953488372093023,0.5581395348837209
Germany,2024-03-02,-0.03783879740565662,0.0,0.37919381178974193,22,0.36363636363636365,0.6363636363636364
Germany,2024-03-03,-0.13170644773198045,0.0,0.3641233839933898,30,0.26666666666666666,0.7333333333333333
Germany,2024-03-04,-0.056100031696533145,0.0,0.2770705732682762,29,0.5517241379310345,0.4482758620689655
Germany,2024-03-05,-0.07292428016837783,0.0,0.32798942648476226,44,0.38636363636363635,0.6136363636363636
Germany,2024-03-06,-0.04129817771932021,0.0,0.40758659760209937,50,0.46,0.54
Germany,2024-03-07,-0.08121758230738975,0.0,0.31513855699780446,40,0.35,0.65
Germany,2024-03-08,-0.05405811220178681,0.0,0.325584693785119,38,0.42105263157894735,0.5526315789473685
Germany,2024-03-09,-0.004761944508876707,0.0,0.2937601569903956,26,0.46153846153846156,0.46153846153846156
Germany,2024-03-10,-0.17099525696849657,0.0,0.32540049962198186,24,0.20833333333333334,0.75
Germany,2024-03-11,-0.04789338522730256,0.0,0.3265412626187716,40,0.35,0.65
Germany,2024-03-12,-0.15449316062557267,0.0,0.3063655393671767,44,0.29545454545454547,0.6590909090909091
Germany,2024-03-13,-0.024315955681671563,0.0,0.41132042893313425,35,0.42857142857142855,0.5428571428571428
Germany,2024-03-14,-0.06568253322590029,0.0,0.29135426755702587,41,0.4634146341463415,0.4878048780487805
Germany,2024-03-15,-0.038140574560266254,0.0,0.3119091264534484,34,0.38235294117647056,0.5588235294117647
Germany,2024-03-16,-0.2794622866652003,0.0,0.3026459153459541,30,0.16666666666666666,0.8333333333333334
Germany,2024-03-17,-0.07578727681262791,0.0,0.40513557920872806,25,0.4,0.6
Germany,2024-03-18,-0.03251446581134428,0.0,0.2966210501812298,28,0.39285714285714285,0.6071428571428571
Germany,2024-03-19,-0.07625948512955984,0.0,0.3053790671990503,42,0.4523809523809524,0.5476190476190477
Germany,2024-03-20,0.09492484859743307,0.0,0.3158961671736335,39,0.5128205128205128,0.48717948717948717
Germany,2024-03-21,0.07654114598678093,0.0,0.33216070025365974,39,0.6153846153846154,0.38461538461538464
Germany,2024-03-22,-0.038779055890017275,0.0,0.21909745423348997,33,0.45454545454545453,0.5454545454545454
Germany,2024-03-23,-0.1368828455540305,0.0,0.49146370428229963,8,0.25,0.75
Germany,2024-03-24,0.007269562286317603,0.0,0.16860424304583152,11,0.5454545454545454,0.45454545454545453
Germany,2024-03-25,-0.11395076120709907,0.0,0.3553371754052339,31,0.25806451612903225,0.7419354838709677
Germany,2024-03-26,-0.03951300718164201,0.0,0.2809467761336643,42,0.35714285714285715,0.6428571428571429
Germany,2024-03-27,-0.03234853322358553,0.0,0.3099149003728006,38,0.47368421052631576,0.47368421052631576
Germany,2024-03-28,-0.04646989572299596,0.0,0.26188436041624735,40,0.4,0.6
Germany,2024-03-29,-0.09083194424907354,0.0,0.2721042313230487,29,0.3793103448275862,0.5862068965517241
Germany,2024-03-30,-0.2276829675644694,0.0,0.3045377393587945,13,0.38461538461538464,0.6153846153846154
Germany,2024-03-31,-0.23853721299441202,0.0,0.36697011953921127,12,0.16666666666666666,0.8333333333333334
Germany,2024-04-01,-0.06041636784680824,0.0,0.2250045394481744,22,0.5,0.5
Germany,2024-04-02,-0.0677630189538152,0.0,0.31440518940883394,34,0.38235294117647056,0.5588235294117647
Germany,2024-04-03,-0.01705642439514045,0.0,0.44357319471085893,36,0.5555555555555556,0.4166666666666667
Germany,2024-04-04,-0.04753191510639272,0.0,0.33969258515216916,39,0.358974358974359,0.6153846153846154
Germany,2024-04-05,-0.15478349504103356,0.0,0.25472511997424013,40,0.2,0.775
Germany,2024-04-06,-0.026663137045180852,0.0,0.30992862973558394,20,0.5,0.5
Germany,2024-04-07,-0.16391141731068848,0.0,0.30084611437738923,18,0.2222222222222222,0.7777777777777778
Germany,2024-04-08,-0.004080851091179932,0.0,0.30116761809133796,38,0.47368421052631576,0.5
Germany,2024-04-09,-0.031598221426765966,0.0,0.3004616720867595,36,0.4444444444444444,0.4722222222222222
Germany,2024-04-10,-0.07997412459171407,0.0,0.2507281787702571,39,0.3333333333333333,0.6153846153846154
Germany,2024-04-11,-0.05416989433936184,0.0,0.3178297065549244,27,0.4444444444444444,0.5555555555555556
Germany,2024-04-12,-0.12353365119667387,0.0,0.3202572312829733,39,0.3076923076923077,0.6923076923076923
Germany,2024-04-13,-0.1260126861630787,0.0,0.3345348132052856,28,0.42857142857142855,0.5714285714285714
Germany,2024-04-14,-0.2379738102453665,0.0,0.3152243871894254,18,0.16666666666666666,0.7222222222222222
Germany,2024-04-15,-0.15936242986329974,0.0,0.35025207806472675,32,0.34375,0.65625
Germany,2024-04-16,-0.06190623840710146,0.0,0.298212804941484,43,0.3488372093023256,0.6046511627906976
Germany,2024-04-17,-0.14732589902120152,0.0,0.34681193521448705,41,0.2926829268292683,0.6585365853658537
Germany,2024-04-18,-0.05020170718629062,0.0,0.2358760224416658,35,0.42857142857142855,0.5714285714285714
Germany,2024-04-19,-0.14775566621264696,0.0,0.3422583366957431,27,0.2962962962962963,0.6666666666666666
Germany,2024-04-20,-0.0724095531216779,0.0,0.28107643606796845,25,0.4,0.52
Germany,2024-04-21,-0.2094096364405308,0.0,0.32914441747055784,22,0.22727272727272727,0.7727272727272727
Germany,2024-04-22,0.020315138521221687,0.0,0.28065489672762883,31,0.5161290322580645,0.41935483870967744
Germany,2024-04-23,-0.12638530920059912,0.0,0.26261679780155894,33,0.36363636363636365,0.5151515151515151
Germany,2024-04-24,0.042710891900478734,0.0,0.3502953810690829,49,0.5102040816326531,0.4489795918367347
Germany,2024-04-25,-0.05742491306132761,0.0,0.3314320989573022,48,0.4166666666666667,0.5833333333333334
Germany,2024-04-26,-0.056511837309694134,0.0,0.30616428379073957,38,0.39473684210526316,0.6052631578947368
Germany,2024-04-27,-0.12797788021805317,0.0,0.32642909758396915,33,0.30303030303030304,0.6666666666666666
Germany,2024-04-28,-0.06443483684220026,0.0,0.29307535690687675,25,0.36,0.6
Germany,2024-04-29,0.00019736597495269016,0.0,0.27492096894647416,35,0.42857142857142855,0.5428571428571428
Germany,2024-04-30,-0.0024878111500378436,0.0,0.25039910489803174,49,0.42857142857142855,0.5102040816326531
Germany,2024-05-01,-0.17253673213217,0.0,0.32462259208389016,24,0.4166666666666667,0.5833333333333334
Germany,2024-05-02,-0.027101834491385715,0.0,0.3086540395586659,33,0.3939393939393939,0.5757575757575758
Germany,2024-05-03,-0.15320951777978606,0.0,0.29828205744295294,41,0.36585365853658536,0.6341463414634146
Germany,2024-05-04,-0.0017806925478822742,0.0,0.23818313398518592,21,0.38095238095238093,0.5714285714285714
Germany,2024-05-05,-0.11078642028293767,0.0,0.3532261283883263,18,0.4444444444444444,0.5555555555555556
Germany,2024-05-06,-0.054124722412496204,0.0,0.3105441926711456,34,0.4117647058823529,0.5882352941176471
Germany,2024-05-07,-0.03933175468429617,0.0,0.34428321205410356,42,0.5,0.5
Germany,2024-05-08,-0.04719737443264047,0.0,0.3648870521296746,43,0.4186046511627907,0.5813953488372093
Germany,2024-05-09,-0.11526433290113677,0.0,0.31047850223775025,16,0.375,0.625
Germany,2024-05-10,-0.057575379665629076,0.0,0.2876656863090483,37,0.2972972972972973,0.6486486486486487
Germany,2024-05-11,-0.08112422223229972,0.0,0.3251463609007649,27,0.4444444444444444,0.5555555555555556
Germany,2024-05-12,-0.08357659537619093,0.0,0.34831155727656116,18,0.3888888888888889,0.5
Germany,2024-05-13,-0.0724726698992394,0.0,0.2754733125171455,42,0.35714285714285715,0.5952380952380952
Germany,2024-05-14,-0.033940747469060846,0.0,0.2657520387983627,37,0.4864864864864865,0.5135135135135135
Germany,2024-05-15,-0.0828789249038843,0.0,0.28976925288807354,53,0.37735849056603776,0.5849056603773585
Germany,2024-05-16,-0.10060733971797083,0.0,0.30422283036539977,32,0.28125,0.6875
Germany,2024-05-17,-0.062184284095486195,0.0,0.27878677196408114,38,0.4473684210526316,0.5526315789473685
Germany,2024-05-18,-0.05470350118972838,0.0,0.33188855043181814,12,0.4166666666666667,0.5833333333333334
Germany,2024-05-19,-0.04597044341962501,0.0,0.42519738997630013,17,0.35294117647058826,0.6470588235294118
Germany,2024-05-20,0.04136217824333002,0.0,0.3160278770603217,26,0.46153846153846156,0.5
Germany,2024-05-21,-0.21895521305148213,0.0,0.3760626826108658,38,0.3684210526315789,0.6052631578947368
Germany,2024-05-22,-0.1511897811458836,0.0,0.3137681251212636,42,0.2857142857142857,0.6428571428571429
Germany,2024-05-23,0.013203015340535335,0.0,0.2799025562400334,41,0.4634146341463415,0.5121951219512195
Germany,2024-05-24,-0.09213055868014325,0.0,0.30512694250851774,42,0.3333333333333333,0.6190476190476191
Germany,2024-05-25,-0.15341691712122443,0.0,0.2898591367817495,21,0.23809523809523808,0.7619047619047619
Germany,2024-05-26,0.069276369896871,0.0,0.425733626059723,22,0.5909090909090909,0.4090909090909091
Germany,2024-05-27,-0.028417794994375623,0.0,0.30029163501537276,24,0.4583333333333333,0.5
Germany,2024-05-28,-0.03160258202245214,0.0,0.2701197101713995,47,0.5319148936170213,0.46808510638297873
Germany,2024-05-29,-0.06420144854396846,0.0,0.348797955765791,39,0.358974358974359,0.5897435897435898
Germany,2024-05-30,0.024662701315935936,0.0,0.39200493433678024,28,0.42857142857142855,0.5714285714285714
Germany,2024-05-31,0.009661113818290176,0.0,0.2859549097800997,45,0.5333333333333333,0.4444444444444444
Germany,2024-06-01,-0.12657759999484508,0.0,0.2783671928448943,20,0.35,0.65
Germany,2024-06-02,-0.10121930169751842,0.0,0.21331187298650078,23,0.30434782608695654,0.6956521739130435
Germany,2024-06-03,-0.17810648282363076,0.0,0.23365116610321313,48,0.2708333333333333,0.7291666666666666
Germany,2024-06-04,-0.12869986097505004,0.0,0.31644101337772657,52,0.3269230769230769,0.6730769230769231
Germany,2024-06-05,-0.08642118263994164,0.0,0.2443444118497088,43,0.3488372093023256,0.627906976744186
Germany,2024-06-06,-0.13041974892188035,0.0,0.3539910765929983,46,0.2608695652173913,0.7391304347826086
Germany,2024-06-07,-0.05917180339428144,0.0,0.2635425530715737,38,0.47368421052631576,0.47368421052631576
Germany,2024-06-08,-0.0606299696078664,0.0,0.36464481429660556,27,0.37037037037037035,0.5925925925925926
Germany,2024-06-09,-0.013535750960938344,0.0,0.28348800921952017,29,0.4482758620689655,0.5517241379310345
Germany,2024-06-10,-0.1362964595177677,0.0,0.2856943158279577,43,0.37209302325581395,0.5813953488372093
Germany,2024-06-11,-0.010684321250327143,0.0,0.2747552571857196,43,0.5116279069767442,0.4418604651162791
Germany,2024-06-12,-0.11604124666565381,0.0,0.2783045114953084,41,0.2926829268292683,0.6341463414634146
Germany,2024-06-13,-0.1663919021831385,0.0,0.29093977733611176,47,0.2765957446808511,0.723404255319149
Germany,2024-06-14,-0.08462656162053953,0.0,0.36685359408503226,34,0.35294117647058826,0.6470588235294118
Germany,2024-06-15,-0.14659396121976112,0.0,0.3155711221357033,32,0.3125,0.65625
Germany,2024-06-16,-0.15821434419362201,0.0,0.21650711357991836,15,0.2,0.6666666666666666
Germany,2024-06-17,-0.08230845194214605,0.0,0.31459410047308944,40,0.325,0.65
Germany,2024-06-18,-0.05597228015861085,0.0,0.2632876499086874,26,0.34615384615384615,0.6538461538461539
Germany,2024-06-19,0.03429389284647,0.0,0.2667955655537169,35,0.5428571428571428,0.4
Germany,2024-06-20,-0.050807950285084384,0.0,0.3561369494535846,38,0.42105263157894735,0.5526315789473685
Germany,2024-06-21,-0.039051228009769325,0.0,0.257032677329184,28,0.39285714285714285,0.5357142857142857
Germany,2024-06-22,-0.08487687110861399,0.0,0.24644299399876787,17,0.47058823529411764,0.5294117647058824
Germany,2024-06-23,-0.038832830607041534,0.0,0.36201767782719535,13,0.38461538461538464,0.6153846153846154
Germany,2024-06-24,-0.11169158363555079,0.0,0.33755110176944203,40,0.325,0.625
Germany,2024-06-25,-0.029366360783277985,0.0,0.29397903926733193,35,0.37142857142857144,0.6
Germany,2024-06-26,-0.007547782959889405,0.0,0.31386056940892165,51,0.49019607843137253,0.47058823529411764
Germany,2024-06-27,-0.019276605519542234,0.0,0.33509576846779954,34,0.4411764705882353,0.5588235294117647
Germany,2024-06-28,-0.10939357431774006,0.0,0.3392927227420211,27,0.37037037037037035,0.6296296296296297
Germany,2024-06-29,-0.052035576015780655,0.0,0.34151953216537323,19,0.3684210526315789,0.5789473684210527
Germany,2024-06-30,-0.1911487584726084,0.0,0.31245072818446207,16,0.25,0.75
Germany,2024-07-01,-0.08801967646706653,0.0,0.30098936766689066,36,0.3888888888888889,0.5555555555555556
Germany,2024-07-02,-0.17882774868166668,0.0,0.3043405002581545,33,0.30303030303030304,0.696969696969697
Germany,2024-07-03,-0.05772037934107819,0.0,0.32490843768128463,32,0.375,0.59375
Germany,2024-07-04,-0.0686588645378832,0.0,0.3496324815541467,31,0.45161290322580644,0.5483870967741935
Germany,2024-07-05,-0.13869625097768581,0.0,0.29515650581923175,35,0.2857142857142857,0.6
Germany,2024-07-06,-0.051691247758533176,0.0,0.35570710340271217,25,0.44,0.52
Germany,2024-07-07,-0.008557859787616296,0.0,0.25042617368132786,22,0.5454545454545454,0.45454545454545453
Germany,2024-07-08,-0.1001899059998091,0.0,0.2804667562887209,35,0.4,0.5714285714285714
Germany,2024-07-09,-0.024510809764558848,0.0,0.29445894359675495,31,0.3548387096774194,0.6129032258064516
Germany,2024-07-10,-0.03055375937070197,0.0,0.31376913940320933,33,0.3939393939393939,0.5757575757575758
Germany,2024-07-11,0.01467427380794324,0.0,0.2885692287325725,43,0.46511627906976744,0.4883720930232558
Germany,2024-07-12,-0.13225224719895073,0.0,0.26580767725477755,39,0.3076923076923077,0.6410256410256411
Germany,2024-07-13,-0.12602440385620034,0.0,0.32190625560143377,23,0.34782608695652173,0.6521739130434783
Germany,2024-07-14,-0.060543413195468514,0.0,0.33442974592785657,27,0.4444444444444444,0.5185185185185185
Germany,2024-07-15,-0.1423871125625487,0.0,0.3297926539977298,40,0.3,0.675
Germany,2024-07-16,-0.13811654840264984,0.0,0.3231663385660068,24,0.25,0.7083333333333334
Germany,2024-07-17,-0.10152785523070906,0.0,0.3276106462537139,35,0.4857142857142857,0.5142857142857142
Germany,2024-07-18,-0.057214963507482855,0.0,0.252804702047465,39,0.48717948717948717,0.48717948717948717
Germany,2024-07-19,-0.08654451721565683,0.0,0.37415069032460707,43,0.32558139534883723,0.6511627906976745
Germany,2024-07-20,-0.08322965724640488,0.0,0.3119964534700212,18,0.3888888888888889,0.5
Germany,2024-07-21,0.003804775968418756,0.0,0.32886791426635825,14,0.5,0.5
Germany,2024-07-22,-0.02161698831304544,0.0,0.3341875812112942,44,0.45454545454545453,0.5
Germany,2024-07-23,-0.07509825223641159,0.0,0.36473235464687453,44,0.38636363636363635,0.5909090909090909
Germany,2024-07-24,-0.04966263412596164,0.0,0.4261677480192204,34,0.35294117647058826,0.6470588235294118
Germany,2024-07-25,-0.13202924277264236,0.0,0.3698745963154288,43,0.4186046511627907,0.5581395348837209
Germany,2024-07-26,-0.05910396017679105,0.0,0.28626452468123154,31,0.41935483870967744,0.5483870967741935
Germany,2024-07-27,0.04526736069854715,0.0,0.21624732707990732,23,0.5652173913043478,0.391304347826087
Germany,2024-07-28,-0.19160904854127858,0.0,0.29912408072977376,22,0.22727272727272727,0.7727272727272727
Germany,2024-07-29,-0.07320165457063003,0.0,0.3417537555746121,26,0.38461538461538464,0.5769230769230769
Germany,2024-07-30,-0.07771548362023266,0.0,0.295857152413945,36,0.25,0.6944444444444444
Germany,2024-07-31,-0.07286846229278457,0.0,0.33582601108440674,39,0.5128205128205128,0.48717948717948717
Germany,2024-08-01,-0.1511918068913368,0.0,0.4170274614275615,37,0.40540540540540543,0.5405405405405406
Germany,2024-08-02,-0.08777504192156337,0.0,0.32207997752345147,37,0.40540540540540543,0.5675675675675675
Germany,2024-08-03,-0.0653313174199449,0.0,0.2376480225985972,28,0.2857142857142857,0.6785714285714286
Germany,2024-08-04,-0.13942825824029229,0.0,0.3189541519499117,16,0.1875,0.8125
Germany,2024-08-05,-0.18360347981786887,0.0,0.31474291471524296,47,0.2553191489361702,0.7021276595744681
Germany,2024-08-06,0.0017440553276630666,0.0,0.40848441765738264,41,0.4878048780487805,0.4634146341463415
Germany,2024-08-07,-0.07253627985576963,0.0,0.3137017627689066,28,0.5,0.5
Germany,2024-08-08,-0.025588304126714898,0.0,0.25045817303171314,34,0.5,0.5
Germany,2024-08-09,-0.07205256354491361,0.0,0.3104987307631135,29,0.4827586206896552,0.5172413793103449
Germany,2024-08-10,-0.2069721178350221,0.0,0.25094102844556077,22,0.22727272727272727,0.7727272727272727
Germany,2024-08-11,-0.051185144399460494,0.0,0.3777284250271291,25,0.44,0.56
Germany,2024-08-12,-0.033123646534704156,0.0,0.25966783170616686,28,0.5357142857142857,0.4642857142857143
Germany,2024-08-13,-0.15954875587451728,0.0,0.3629454529349268,31,0.22580645161290322,0.7419354838709677
Germany,2024-08-14,-0.2197892111488795,0.0,0.36607172811643596,46,0.2391304347826087,0.717391304347826
Germany,2024-08-15,-0.20847689759218432,0.0,0.3281585886110674,63,0.23809523809523808,0.746031746031746
Germany,2024-08-16,-0.09891640320331944,0.0,0.2809776199209419,46,0.32608695652173914,0.6739130434782609
Germany,2024-08-17,-0.1022269761059577,0.0,0.2854106357524011,17,0.23529411764705882,0.6470588235294118
Germany,2024-08-18,-0.03472669785727647,0.0,0.3211643759352206,19,0.47368421052631576,0.5263157894736842
Germany,2024-08-19,-0.011279726804602793,0.0,0.2933905091959999,28,0.5,0.42857142857142855
Germany,2024-08-20,-0.06624768629917854,0.0,0.33346246371701765,22,0.4090909090909091,0.5454545454545454
Germany,2024-08-21,-0.01604821067869563,0.0,0.3131904477197374,35,0.4857142857142857,0.4857142857142857
Germany,2024-08-22,-0.09753436766943822,0.0,0.2926101378635299,32,0.375,0.59375
Germany,2024-08-23,-0.11590362339679332,0.0,0.3473673141553409,39,0.38461538461538464,0.5897435897435898
Germany,2024-08-24,-0.13954026964530877,0.0,0.27747916880306245,23,0.34782608695652173,0.6521739130434783
Germany,2024-08-25,-0.06485472768586746,0.0,0.3009522682018403,21,0.42857142857142855,0.5714285714285714
Germany,2024-08-26,0.020379580317761853,0.0,0.31115495151442885,29,0.41379310344827586,0.5172413793103449
Germany,2024-08-27,-0.10688707902552386,0.0,0.32864400182015546,40,0.4,0.575
Germany,2024-08-28,-0.17153738208857047,0.0,0.3206540126964041,46,0.2391304347826087,0.7608695652173914
Germany,2024-08-29,-0.09042166379490581,0.0,0.3925601712806223,47,0.40425531914893614,0.574468085106383
Germany,2024-08-30,-0.0691663340860817,0.0,0.3352414297024552,22,0.4090909090909091,0.5909090909090909
Germany,2024-08-31,-0.09632157784555916,0.0,0.28592079074105947,22,0.3181818181818182,0.6363636363636364
Germany,2024-09-01,-0.19424212519283213,0.0,0.28373517367516893,24,0.25,0.75
Germany,2024-09-02,-0.055203570240971736,0.0,0.2843088709063286,32,0.40625,0.59375
Germany,2024-09-03,-0.09251953711380749,0.0,0.3291723031671407,30,0.36666666666666664,0.5666666666666667
Germany,2024-09-04,-0.08484198297473375,0.0,0.2590912156612999,40,0.4,0.575
Germany,2024-09-05,0.012468932437844828,0.0,0.2997069278980668,26,0.5384615384615384,0.38461538461538464
Germany,2024-09-06,-0.0774476028653852,0.0,0.28849071082643,27,0.4074074074074074,0.5925925925925926
Germany,2024-09-07,-0.12576102792841756,0.0,0.31386343367108976,31,0.25806451612903225,0.7419354838709677
Germany,2024-09-08,-0.14469676716063554,0.0,0.3148376566712119,19,0.3157894736842105,0.631578947368421
Germany,2024-09-09,-0.053816220892636754,0.0,0.340637897839886,33,0.45454545454545453,0.5454545454545454
Germany,2024-09-10,-0.1417837608563121,0.0,0.3316470394783166,37,0.35135135135135137,0.6486486486486487
Germany,2024-09-11,-0.07470765557197839,0.0,0.33163547578463226,48,0.3333333333333333,0.6041666666666666
Germany,2024-09-12,0.03639063573132412,0.0,0.28489793998241786,43,0.5116279069767442,0.46511627906976744
Germany,2024-09-13,-0.11809558347394042,0.0,0.3322527370196979,32,0.375,0.625
Germany,2024-09-14,-0.14258443481718022,0.0,0.3183435244456312,24,0.2916666666666667,0.625
Germany,2024-09-15,-0.16787395694089421,0.0,0.2955418509899043,25,0.24,0.64
Germany,2024-09-16,-0.07037619329520031,0.0,0.3104792855081059,40,0.4,0.575
Germany,2024-09-17,-0.02233364306417386,0.0,0.3465833649922486,45,0.37777777777777777,0.5777777777777777
Germany,2024-09-18,-0.028402426409678244,0.0,0.2743207631324765,41,0.43902439024390244,0.5365853658536586
Germany,2024-09-19,-0.11511895937925475,0.0,0.3037691539801612,34,0.38235294117647056,0.5588235294117647
Germany,2024-09-20,-0.0825221333240896,0.0,0.3350414731016807,26,0.46153846153846156,0.5
Germany,2024-09-21,-0.05779493248148767,0.0,0.40633914145686645,21,0.47619047619047616,0.5238095238095238
Germany,2024-09-22,-0.08881331066092119,0.0,0.35978333596364964,22,0.36363636363636365,0.5909090909090909
Germany,2024-09-23,-0.08827814234749637,0.0,0.28188116001452707,40,0.375,0.575
Germany,2024-09-24,-0.07195687267328123,0.0,0.32731931262647546,44,0.3409090909090909,0.5681818181818182
Germany,2024-09-25,-0.05876049137748038,0.0,0.3125674001401479,60,0.38333333333333336,0.6
Germany,2024-09-26,-0.1344536597329241,0.0,0.36762451819395625,55,0.36363636363636365,0.6363636363636364
Germany,2024-09-27,0.06883865655921433,0.0,0.2250356568439022,35,0.6,0.4
Germany,2024-09-28,-0.09278451030338428,0.0,0.3324968047654289,17,0.5294117647058824,0.47058823529411764
Germany,2024-09-29,-0.12708067616506735,0.0,0.4049444180724953,19,0.5263157894736842,0.47368421052631576
Germany,2024-09-30,0.020043800956735556,0.0,0.39186101444063415,30,0.4666666666666667,0.5333333333333333
Germany,2024-10-01,0.061680654503025255,0.0,0.29844544632261427,45,0.5777777777777777,0.4222222222222222
Germany,2024-10-02,-0.22202934526337986,0.0,0.32161387417469206,26,0.19230769230769232,0.7307692307692307
Germany,2024-10-03,-0.03629624187646631,0.0,0.31598654441311086,29,0.4827586206896552,0.5172413793103449
Germany,2024-10-04,-0.13711665065192188,0.0,0.39601993915632494,30,0.3,0.6666666666666666
Germany,2024-10-05,-0.0954633362021646,0.0,0.39767968483984134,18,0.2777777777777778,0.7222222222222222
Germany,2024-10-06,-0.06547804337780344,0.0,0.3120827916867358,21,0.42857142857142855,0.5714285714285714
Germany,2024-10-07,-0.16547485774007398,0.0,0.41181492655788476,25,0.36,0.6
Germany,2024-10-08,-0.13054705270491504,0.0,0.346804802710078,46,0.30434782608695654,0.6521739130434783
Germany,2024-10-09,-0.06546666119659644,0.0,0.3652818988554226,35,0.42857142857142855,0.5428571428571428
Germany,2024-10-10,0.03718698061989329,0.0,0.32114165213844537,35,0.4857142857142857,0.4857142857142857
Germany,2024-10-11,-0.022477680179867794,0.0,0.3306533343184858,39,0.4358974358974359,0.5641025641025641
Germany,2024-10-12,-0.13584150893824853,0.0,0.2831108516948367,20,0.25,0.7
Germany,2024-10-13,0.004933254214605695,0.0,0.32369536198526877,21,0.42857142857142855,0.5238095238095238
Germany,2024-10-14,-0.09608548975958475,0.0,0.33806338319960555,35,0.45714285714285713,0.5428571428571428
Germany,2024-10-15,-0.07434937979644399,0.0,0.34109355164974653,37,0.43243243243243246,0.5675675675675675
Germany,2024-10-16,-0.08819767067098624,0.0,0.3456421955443819,26,0.3076923076923077,0.5769230769230769
Germany,2024-10-17,-0.08851301838835102,0.0,0.37216745267643164,48,0.4583333333333333,0.5416666666666666
Germany,2024-10-18,-0.04001102728747985,0.0,0.3565141385225808,37,0.40540540540540543,0.5945945945945946
Germany,2024-10-19,-0.08798831467754721,0.0,0.26162942130414824,24,0.375,0.5416666666666666
Germany,2024-10-20,-0.10784963761540833,0.0,0.3120289220894027,32,0.40625,0.59375
Germany,2024-10-21,-0.016530702819102593,0.0,0.2494826095659944,25,0.52,0.48
Germany,2024-10-22,-0.051013911751841154,0.0,0.4381537773166572,31,0.3870967741935484,0.5483870967741935
Germany,2024-10-23,-0.002312977190395716,0.0,0.32215970549411505,36,0.4444444444444444,0.4444444444444444
Germany,2024-10-24,0.0029719715908646666,0.0,0.30209631766566136,35,0.5142857142857142,0.4857142857142857
Germany,2024-10-25,-0.0981325605345314,0.0,0.33807727830894096,33,0.24242424242424243,0.6666666666666666
Germany,2024-10-26,0.059559367837633805,0.0,0.3085120301930937,25,0.64,0.32
Germany,2024-10-27,0.03601518556193976,0.0,0.3394591795934796,26,0.5384615384615384,0.46153846153846156
Germany,2024-10-28,-0.08882796806874511,0.0,0.3110984151898483,47,0.3829787234042553,0.6170212765957447
Germany,2024-10-29,-0.06343735745790503,0.0,0.24351401507061834,43,0.37209302325581395,0.6046511627906976
Germany,2024-10-30,-0.1699172969152301,0.0,0.31792000740744175,32,0.34375,0.65625
Germany,2024-10-31,-0.03972595075737334,0.0,0.3173208432164233,38,0.42105263157894735,0.5263157894736842
Germany,2024-11-01,-0.0623203975638386,0.0,0.3490980249064352,37,0.43243243243243246,0.5675675675675675
Germany,2024-11-02,-0.10446282010949282,0.0,0.461652233143044,18,0.2777777777777778,0.6111111111111112
Germany,2024-11-03,-0.1653152933570412,0.0,0.2406029195076456,10,0.3,0.6
Germany,2024-11-04,-0.17280205909430424,0.0,0.3624233063581488,31,0.2903225806451613,0.6774193548387096
Germany,2024-11-05,-0.058785663686032934,0.0,0.2944430458586548,26,0.38461538461538464,0.5384615384615384
Germany,2024-11-06,-0.03678276258790125,0.0,0.26872928926725903,43,0.4418604651162791,0.5581395348837209
Germany,2024-11-07,-0.05529119275479513,0.0,0.28292579861271605,31,0.3548387096774194,0.6451612903225806
Germany,2024-11-08,-0.06485678815640673,0.0,0.34664107977019254,34,0.47058823529411764,0.5
Germany,2024-11-09,-0.13077423863373305,0.0,0.2917344283855927,22,0.3181818181818182,0.6818181818181818
Germany,2024-11-10,-0.12018748869524262,0.0,0.4002225973979541,26,0.34615384615384615,0.6538461538461539
Germany,2024-11-11,0.031157703034109318,0.0,0.2497310625957301,34,0.5,0.47058823529411764
Germany,2024-11-12,-0.045591540469011045,0.0,0.2848694141859684,42,0.4523809523809524,0.5238095238095238
Germany,2024-11-13,-0.08056296333367648,0.0,0.27393317498844455,44,0.36363636363636365,0.5681818181818182
Germany,2024-11-14,-0.055082047906866445,0.0,0.3492826340935254,34,0.4411764705882353,0.5588235294117647
Germany,2024-11-15,0.033604656671995,0.0,0.374027182546265,27,0.48148148148148145,0.48148148148148145
Germany,2024-11-16,-0.13496169680501915,0.0,0.3061326080914757,25,0.24,0.76
Germany,2024-11-17,-0.07445150894231417,0.0,0.26465041986573457,18,0.3333333333333333,0.6111111111111112
Germany,2024-11-18,-0.151881785938772,0.0,0.26458352288518133,50,0.22,0.76
Germany,2024-11-19,-0.13862258743842615,0.0,0.3316560817625299,49,0.2857142857142857,0.6938775510204082
Germany,2024-11-20,-0.04406204803235286,0.0,0.34108656600017084,42,0.35714285714285715,0.5952380952380952
Germany,2024-11-21,-0.08993645624674014,0.0,0.35145646672821546,38,0.42105263157894735,0.5526315789473685
Germany,2024-11-22,-0.12184427644814765,0.0,0.3084799643931658,36,0.3333333333333333,0.6111111111111112
Germany,2024-11-23,-0.08051284840563709,0.0,0.30497429353853694,33,0.3333333333333333,0.6060606060606061
Germany,2024-11-24,-0.08971433975829188,0.0,0.3613947937605813,21,0.23809523809523808,0.6666666666666666
Germany,2024-11-25,-0.06907023388652243,0.0,0.29725399883837156,41,0.4146341463414634,0.5609756097560976
Germany,2024-11-26,-0.0755718101570541,0.0,0.2437084499211361,36,0.3333333333333333,0.6388888888888888
Germany,2024-11-27,-0.1104417281789376,0.0,0.3688624739223994,44,0.4090909090909091,0.5909090909090909
Germany,2024-11-28,-0.03441864441898508,0.0,0.3828145229490914,39,0.4358974358974359,0.48717948717948717
Germany,2024-11-29,-0.0771541909751425,0.0,0.259474195879468,48,0.4166666666666667,0.5416666666666666
Germany,2024-11-30,-0.08243381069598688,0.0,0.28263855209342587,21,0.3333333333333333,0.6666666666666666
Germany,2024-12-01,-0.22081101630095454,0.0,0.471947061778051,26,0.34615384615384615,0.6538461538461539
Germany,2024-12-02,-0.050027536716034146,0.0,0.3410869723211193,40,0.425,0.55
Germany,2024-12-03,-0.064794105891236,0.0,0.3225428347467727,49,0.4489795918367347,0.5306122448979592
Germany,2024-12-04,-0.06302463871924972,0.0,0.33354895510072957,37,0.43243243243243246,0.5675675675675675
Germany,2024-12-05,-0.09703788384440484,0.0,0.3030062388822915,33,0.45454545454545453,0.5151515151515151
Germany,2024-12-06,-0.016982254782740423,0.0,0.3932865407628829,43,0.46511627906976744,0.5348837209302325
Germany,2024-12-07,-0.13793852787875058,0.0,0.19650709261037,18,0.2777777777777778,0.7222222222222222
Germany,2024-12-08,0.02649836318976225,0.0,0.375367999947431,20,0.4,0.55
Germany,2024-12-09,-0.09088600561518602,0.0,0.3847016072246558,41,0.34146341463414637,0.6341463414634146
Germany,2024-12-10,-0.05411749651845793,0.0,0.28008119713210305,46,0.45652173913043476,0.5
Germany,2024-12-11,-0.04711379359024955,0.0,0.3591332047571914,37,0.40540540540540543,0.5945945945945946
Germany,2024-12-12,0.016606696553088333,0.0,0.26812692557406836,26,0.6153846153846154,0.38461538461538464
Germany,2024-12-13,-0.11066464364023516,0.0,0.304453883368309,34,0.2647058823529412,0.6470588235294118
Germany,2024-12-14,-0.12466301760312946,0.0,0.2597711195552444,15,0.3333333333333333,0.6
Germany,2024-12-15,0.09565444436244004,0.0,0.2638289201023622,34,0.6176470588235294,0.35294117647058826
Germany,2024-12-16,-0.11873854243780778,0.0,0.3285353214401102,37,0.2702702702702703,0.7027027027027027
Germany,2024-12-17,-0.11830690305801327,0.0,0.3252384031037457,53,0.3584905660377358,0.6415094339622641
Germany,2024-12-18,-0.013776825277363045,0.0,0.3755710013547857,45,0.4888888888888889,0.5111111111111111
Germany,2024-12-19,-0.08719761700750164,0.0,0.2723781273013845,42,0.3333333333333333,0.6666666666666666
Germany,2024-12-20,-0.13538379502377257,0.0,0.2625605907037501,39,0.28205128205128205,0.717948717948718
Germany,2024-12-21,-0.2822902127288728,0.0,0.4007200877246964,28,0.2857142857142857,0.7142857142857143
Germany,2024-12-22,-0.07697338035456765,0.0,0.34525184116525925,18,0.3888888888888889,0.6111111111111112
Germany,2024-12-23,-0.09383464333114451,0.0,0.2924093476879489,37,0.35135135135135137,0.6216216216216216
Germany,2024-12-24,0.03441034207703389,0.0,0.3433708826276999,29,0.4827586206896552,0.5172413793103449
Germany,2024-12-25,-0.14169002825062313,0.0,0.36531864210273274,15,0.3333333333333333,0.6666666666666666
Germany,2024-12-26,-0.12900571798146185,0.0,0.312499955419408,26,0.46153846153846156,0.5384615384615384
Germany,2024-12-27,-0.14417573320514374,0.0,0.309946040316195,34,0.29411764705882354,0.7058823529411765
Germany,2024-12-28,0.06325146742507562,0.0,0.26541554825924146,21,0.6666666666666666,0.3333333333333333
Germany,2024-12-29,-0.06348765931307433,0.0,0.41128299275276775,20,0.45,0.55
Germany,2024-12-30,-0.19431639827851996,0.0,0.367593764012885,28,0.25,0.75
Germany,2024-12-31,-0.09683759588456373,0.0,0.33381397037064064,29,0.41379310344827586,0.5862068965517241
Germany,2025-01-01,-0.1790719723467668,0.0,0.30014851948123694,19,0.2631578947368421,0.6842105263157895
Germany,2025-01-02,-0.13502118295015808,0.0,0.3432403424815531,29,0.3103448275862069,0.6896551724137931
Germany,2025-01-03,-0.05944360193264656,0.0,0.2996249802204076,41,0.34146341463414637,0.6097560975609756
Germany,2025-01-04,-0.14222069758798975,0.0,0.2055986832848625,12,0.25,0.75
Germany,2025-01-05,-0.21368833659164585,0.0,0.26787370494451124,10,0.2,0.8
Germany,2025-01-06,-0.05470433952914564,0.0,0.38045267181101927,29,0.3793103448275862,0.5862068965517241
Germany,2025-01-07,-0.05149751917377798,0.0,0.2582866832168175,33,0.36363636363636365,0.5454545454545454
Germany,2025-01-08,-0.12064287267584015,0.0,0.264179839822529,34,0.2647058823529412,0.7352941176470589
Germany,2025-01-09,-0.13944969502237578,0.0,0.24948479272527135,38,0.23684210526315788,0.7368421052631579
Germany,2025-01-10,-0.13017948855775027,0.0,0.2888410935351748,43,0.32558139534883723,0.6511627906976745
Germany,2025-01-11,-0.19283826727314093,0.0,0.33318671583971415,40,0.2,0.775
Germany,2025-01-12,-0.0856423746040026,0.0,0.3030454590899203,36,0.3611111111111111,0.5833333333333334
Germany,2025-01-13,-0.06370117415381232,0.0,0.3732310242466168,34,0.38235294117647056,0.5882352941176471
Germany,2025-01-14,-0.00856625977871178,0.0,0.313938949090602,41,0.36585365853658536,0.6097560975609756
Germany,2025-01-15,-0.16473915421332325,0.0,0.372291380433636,47,0.3404255319148936,0.6595744680851063
Germany,2025-01-16,-0.07280213731285569,0.0,0.3000832566139445,40,0.425,0.525
Germany,2025-01-17,-0.04746410723086192,0.0,0.27408543562994486,39,0.3333333333333333,0.5897435897435898
Germany,2025-01-18,-0.1842970741975512,0.0,0.2440680534767211,18,0.2222222222222222,0.7222222222222222
Germany,2025-01-19,-0.08468679223569353,0.0,0.2994492536812006,18,0.3333333333333333,0.6666666666666666
Germany,2025-01-20,-0.10233922569940296,0.0,0.2977706790268227,37,0.2972972972972973,0.6216216216216216
Germany,2025-01-21,-0.03177144657587023,0.0,0.31414926556846257,45,0.5111111111111111,0.4888888888888889
Germany,2025-01-22,-0.09946444292784777,0.0,0.26863252259548714,46,0.32608695652173914,0.6304347826086957
Germany,2025-01-23,0.01830122979732558,0.0,0.338364415044488,23,0.6086956521739131,0.391304347826087
Germany,2025-01-24,-0.17766302797195782,0.0,0.34513756317442124,38,0.3157894736842105,0.6842105263157895
Germany,2025-01-25,-0.16956753673550506,0.0,0.33386646193313113,25,0.36,0.64
Germany,2025-01-26,0.06428318056688882,0.0,0.2709135851525477,23,0.6086956521739131,0.34782608695652173
Germany,2025-01-27,-0.1242937859233594,0.0,0.27730485628181384,35,0.3142857142857143,0.6857142857142857
Germany,2025-01-28,-0.2225769780643757,0.0,0.35227918963183785,34,0.2647058823529412,0.7352941176470589
Germany,2025-01-29,-0.10423321985029142,0.0,0.39926197910886163,26,0.46153846153846156,0.5
Germany,2025-01-30,-0.04831641927399534,0.0,0.31859284983706926,36,0.4166666666666667,0.5277777777777778
Germany,2025-01-31,-0.09415364744793779,0.0,0.3254210613019057,31,0.3870967741935484,0.5806451612903226
Germany,2025-02-01,-0.0795710327666579,0.0,0.32300220297664367,13,0.23076923076923078,0.7692307692307693
Germany,2025-02-02,-0.1780740038591515,0.0,0.18783313650277095,21,0.23809523809523808,0.7619047619047619
Germany,2025-02-03,-0.061587816374879985,0.0,0.30898336260113674,32,0.4375,0.5625
Germany,2025-02-04,-0.1292312011337704,0.0,0.31485658869121685,38,0.2894736842105263,0.7105263157894737
Germany,2025-02-05,-0.15308908655824793,0.0,0.3545451489502111,38,0.34210526315789475,0.631578947368421
Germany,2025-02-06,-0.08079594423898746,0.0,0.3422710900734185,38,0.42105263157894735,0.5526315789473685
Germany,2025-02-07,-0.2269573272595386,0.0,0.2981968921392807,35,0.17142857142857143,0.7714285714285715
Germany,2025-02-08,-0.07900130682280113,0.0,0.37975672705078056,19,0.3684210526315789,0.631578947368421
Germany,2025-02-09,-0.07711851216508868,0.0,0.32869175146870033,19,0.42105263157894735,0.5789473684210527
Germany,2025-02-10,-0.04550858638023507,0.0,0.3531249109291149,41,0.36585365853658536,0.6341463414634146
Germany,2025-02-11,-0.013837356183204806,0.0,0.27977031615986286,43,0.5116279069767442,0.46511627906976744
Germany,2025-02-12,-0.07232389239259131,0.0,0.2832551855628733,42,0.47619047619047616,0.5
Germany,2025-02-13,-0.03438941353415653,0.0,0.33828910142276725,40,0.4,0.575
Germany,2025-02-14,-0.060668829702385164,0.0,0.2689140078800703,46,0.4782608695652174,0.5217391304347826
Germany,2025-02-15,-0.12936420241666274,0.0,0.25273594191086074,38,0.21052631578947367,0.7368421052631579
Germany,2025-02-16,-0.07763062517872824,0.0,0.2759471058153945,36,0.3611111111111111,0.6111111111111112
Germany,2025-02-17,-0.033618913312745705,0.0,0.2699964868241939,47,0.3617021276595745,0.5957446808510638
Germany,2025-02-18,-0.046863622524258804,0.0,0.22761052508627153,48,0.5,0.5
Germany,2025-02-19,-0.05911866420732504,0.0,0.32293879630058475,41,0.2682926829268293,0.7073170731707317
Germany,2025-02-20,-0.08980897445173343,0.0,0.24092594407197104,41,0.36585365853658536,0.6097560975609756
Germany,2025-02-21,-0.10706353015241875,0.0,0.28186653559202685,37,0.2972972972972973,0.7027027027027027
Germany,2025-02-22,-0.10101613433921705,0.0,0.2891534963710436,27,0.25925925925925924,0.7407407407407407
Germany,2025-02-23,-0.02725348377210114,0.0,0.3427575758832806,23,0.391304347826087,0.6086956521739131
Germany,2025-02-24,-0.09275710166191266,0.0,0.28793776838219926,50,0.36,0.6
Germany,2025-02-25,-0.03706735067618034,0.0,0.26262591428332505,42,0.47619047619047616,0.5
Germany,2025-02-26,-0.10209086296550107,0.0,0.3915101492554594,35,0.4,0.5714285714285714
Germany,2025-02-27,-0.012599592245495266,0.0,0.2960812789830441,29,0.41379310344827586,0.5517241379310345
Germany,2025-02-28,-0.06956097592712121,0.0,0.3291507058203836,41,0.4634146341463415,0.5365853658536586
Germany,2025-03-01,-0.052012159498076256,0.0,0.2749625490721725,14,0.35714285714285715,0.6428571428571429
Germany,2025-03-02,-0.048921808687670924,0.0,0.30607684117725803,22,0.45454545454545453,0.5
Germany,2025-03-03,-0.0748066151529246,0.0,0.2834569828288612,38,0.3684210526315789,0.5789473684210527
Germany,2025-03-04,-0.08338584736930887,0.0,0.3036206470147986,45,0.3333333333333333,0.6
Germany,2025-03-05,-0.048862570615952214,0.0,0.2960900025608671,26,0.2692307692307692,0.7307692307692307
Germany,2025-03-06,-0.03016082588441294,0.0,0.20977992380075758,41,0.36585365853658536,0.5609756097560976
Germany,2025-03-07,-0.06370468926153328,0.0,0.33874234616034155,40,0.425,0.55
Germany,2025-03-08,0.022022954834761466,0.0,0.39371595855270497,25,0.44,0.52
Germany,2025-03-09,-0.07846290207346071,0.0,0.28215298070640366,26,0.4230769230769231,0.5384615384615384
Germany,2025-03-10,-0.13588349611025255,0.0,0.3148234285326339,39,0.28205128205128205,0.6666666666666666
Germany,2025-03-11,-0.06755249092642875,0.0,0.3200339544242871,34,0.4117647058823529,0.5882352941176471
Germany,2025-03-12,-0.04077674649356118,0.0,0.3428748209983491,37,0.43243243243243246,0.5405405405405406
Germany,2025-03-13,-0.010069160265015661,0.0,0.3038236425585272,26,0.46153846153846156,0.5384615384615384
Germany,2025-03-14,-0.0648701384785127,0.0,0.39540277171699795,32,0.40625,0.5625
Germany,2025-03-15,0.04111824384533965,0.0,0.3429989269202832,26,0.34615384615384615,0.5769230769230769
Germany,2025-03-16,-0.07063025208978996,0.0,0.32033352884966726,27,0.48148148148148145,0.5185185185185185
Germany,2025-03-17,0.01805139485148714,0.0,0.3224456213385516,36,0.5,0.4722222222222222
Germany,2025-03-18,-0.022917535428911152,0.0,0.3234591570332835,31,0.4838709677419355,0.4838709677419355
Germany,2025-03-19,-0.011710927408598915,0.0,0.2983347947489381,49,0.5510204081632653,0.3877551020408163
Germany,2025-03-20,-0.014908182075638139,0.0,0.3259959610609492,37,0.43243243243243246,0.5135135135135135
Germany,2025-03-21,-0.1327203099430619,0.0,0.3369355083665096,32,0.3125,0.65625
Germany,2025-03-22,-0.0761158643560909,0.0,0.3500496488495507,19,0.42105263157894735,0.5263157894736842
Germany,2025-03-23,-0.047792239087846924,0.0,0.2778440254928327,28,0.39285714285714285,0.5357142857142857
Germany,2025-03-24,0.014594907360806202,0.0,0.4053985365290115,33,0.5757575757575758,0.42424242424242425
Germany,2025-03-25,-0.09108249290208201,0.0,0.29249336843522383,34,0.4117647058823529,0.5294117647058824
Germany,2025-03-26,-0.06451464068260127,0.0,0.26297541962265253,34,0.2647058823529412,0.5882352941176471
Germany,2025-03-27,-0.15251357657624068,0.0,0.3591999538821902,42,0.2857142857142857,0.6666666666666666
Germany,2025-03-28,-0.174939741822175,0.0,0.2896578980973114,52,0.28846153846153844,0.7115384615384616
Germany,2025-03-29,0.008684803156060576,0.0,0.2815871882741558,25,0.4,0.52
Germany,2025-03-30,-0.039972950567965036,0.0,0.28197418104953814,23,0.4782608695652174,0.5217391304347826
Germany,2025-03-31,-0.048135098341092745,0.0,0.32225120409053376,27,0.4074074074074074,0.5555555555555556
Germany,2025-04-01,-0.06185839576736643,0.0,0.31968540086126523,45,0.4222222222222222,0.5555555555555556
Germany,2025-04-02,-0.17628628891975873,0.0,0.2789157400940691,36,0.2777777777777778,0.6666666666666666
Germany,2025-04-03,-0.16384822670739357,0.0,0.23667640701407375,45,0.2,0.8
Germany,2025-04-04,-0.15147286141320349,0.0,0.2705775361356928,42,0.2857142857142857,0.7142857142857143
Germany,2025-04-05,-0.06726720159117425,0.0,0.3196088792961204,18,0.3333333333333333,0.6666666666666666
Germany,2025-04-06,0.018584452588829303,0.0,0.2920975539082143,16,0.5625,0.375
Germany,2025-04-07,-0.21884619598503227,0.0,0.2560119811192029,35,0.2,0.8
Germany,2025-04-08,-0.11925332712689374,0.0,0.33146699908127103,37,0.21621621621621623,0.7567567567567568
Germany,2025-04-09,-0.07612382306048011,0.0,0.28513603916368385,37,0.2972972972972973,0.6756756756756757
Germany,2025-04-10,-0.06539379510673377,0.0,0.27010176194785973,41,0.2926829268292683,0.6341463414634146
Germany,2025-04-11,-0.11697935300396323,0.0,0.337654951800019,43,0.3953488372093023,0.6046511627906976
Germany,2025-04-12,-0.058454973015075254,0.0,0.2561221390364397,35,0.4857142857142857,0.5142857142857142
Germany,2025-04-13,-0.023497085766713943,0.0,0.42031261458995783,14,0.35714285714285715,0.6428571428571429
Germany,2025-04-14,-0.09623200280606231,0.0,0.33177267011807954,35,0.4857142857142857,0.5142857142857142
Germany,2025-04-15,-0.12650323839943325,0.0,0.3377337439331833,32,0.3125,0.59375
Germany,2025-04-16,-0.051827173827661645,0.0,0.38698977139878404,37,0.35135135135135137,0.5945945945945946
Germany,2025-04-17,-0.02550548789993243,0.0,0.30100521561908133,33,0.30303030303030304,0.6060606060606061
Germany,2025-04-18,-0.05120128950313886,0.0,0.2843721159324192,32,0.375,0.59375
Germany,2025-04-19,-0.12461115548339874,0.0,0.3076703744339736,12,0.3333333333333333,0.6666666666666666
Germany,2025-04-20,-0.21778134870799173,0.0,0.2829012805565707,24,0.20833333333333334,0.7916666666666666
Germany,2025-04-21,-0.1341357018768051,0.0,0.26308018395569155,40,0.35,0.65
Germany,2025-04-22,-0.1912261948533972,0.0,0.31989117576845844,32,0.3125,0.65625
Germany,2025-04-23,-0.09101433376233965,0.0,0.31338073664602556,38,0.3157894736842105,0.6842105263157895
Germany,2025-04-24,-0.08495915580361514,0.0,0.3121706392530292,52,0.40384615384615385,0.5384615384615384
Germany,2025-04-25,-0.04127722308594842,0.0,0.26091003463819423,36,0.4166666666666667,0.5555555555555556
Germany,2025-04-26,-0.14913378459422624,0.0,0.3659898128046622,22,0.36363636363636365,0.6363636363636364
Germany,2025-04-27,-0.17042584792345875,0.0,0.3621413107030048,21,0.2857142857142857,0.6666666666666666
Germany,2025-04-28,-0.05529588048512702,0.0,0.23115818149102055,36,0.4444444444444444,0.5
Germany,2025-04-29,-0.01556250507151015,0.0,0.276907468588191,39,0.38461538461538464,0.5641025641025641
Germany,2025-04-30,0.060972919959195085,0.0,0.3771468624202795,35,0.5428571428571428,0.45714285714285713
Germany,2025-05-01,-0.11044976001423644,0.0,0.32977538653538396,28,0.32142857142857145,0.6428571428571429
Germany,2025-05-02,-0.05217914951333235,0.0,0.254591710536342,29,0.4482758620689655,0.4482758620689655
Germany,2025-05-03,-0.2807679241363276,0.0,0.34634289004398583,23,0.30434782608695654,0.6956521739130435
Germany,2025-05-04,-0.16062413394907393,0.0,0.250535456342052,18,0.3333333333333333,0.6111111111111112
Germany,2025-05-05,0.10941020795227506,0.0,0.31816347608282974,28,0.5357142857142857,0.42857142857142855
Germany,2025-05-06,-0.09576137303409706,0.0,0.3533103833921658,35,0.37142857142857144,0.6
Germany,2025-05-07,-0.09958064525937593,0.0,0.33951513001609673,39,0.41025641025641024,0.5641025641025641
Germany,2025-05-08,-0.11024330340972734,0.0,0.30384582846592056,45,0.3111111111111111,0.6888888888888889
Germany,2025-05-09,-0.07719331748457206,0.0,0.3460480061210056,40,0.375,0.6
Germany,2025-05-10,-0.1064701409836983,0.0,0.3465671733931538,21,0.3333333333333333,0.6666666666666666
Germany,2025-05-11,-0.13228580708721485,0.0,0.2873917832309117,18,0.3888888888888889,0.6111111111111112
Germany,2025-05-12,0.013243784074894396,0.0,0.39654438411903836,31,0.41935483870967744,0.5806451612903226
Germany,2025-05-13,-0.027557660983414452,0.0,0.3755284284208444,37,0.43243243243243246,0.5675675675675675
Germany,2025-05-14,-0.06664577227692563,0.0,0.3183740134371796,46,0.391304347826087,0.5652173913043478
Germany,2025-05-15,0.025674932593246692,0.0,0.2696847351418199,37,0.4594594594594595,0.5405405405405406
Germany,2025-05-16,0.009696341759740296,0.0,0.33159478105749374,41,0.4634146341463415,0.5365853658536586
Germany,2025-05-17,-0.04139514837888462,0.0,0.31601211058570833,26,0.46153846153846156,0.5384615384615384
Germany,2025-05-18,-0.07131207494849402,0.0,0.3348065643270206,26,0.38461538461538464,0.6153846153846154
Germany,2025-05-19,-0.056769685435342394,0.0,0.3519679401973519,27,0.5185185185185185,0.48148148148148145
Germany,2025-05-20,0.008077981514850537,0.0,0.2964723182376404,41,0.43902439024390244,0.5609756097560976
Germany,2025-05-21,-0.025986685221895966,0.0,0.3124486564699724,41,0.4634146341463415,0.5365853658536586
Germany,2025-05-22,-0.05105452235189612,0.0,0.2483937228516146,36,0.3888888888888889,0.6111111111111112
Germany,2025-05-23,-0.13688386771031022,0.0,0.30175359970279936,32,0.3125,0.6875
Germany,2025-05-24,-0.1719189878753744,0.0,0.31960634597705934,31,0.2903225806451613,0.6451612903225806
Germany,2025-05-25,-0.031176835890800076,0.0,0.30721480929604045,23,0.5217391304347826,0.4782608695652174
Germany,2025-05-26,0.012646606807828037,0.0,0.2046552731941122,24,0.4583333333333333,0.5416666666666666
Germany,2025-05-27,-0.010046166161370478,0.0,0.3334475813673351,37,0.4864864864864865,0.4864864864864865
Germany,2025-05-28,-0.09544231249167327,0.0,0.23914136715077744,49,0.2857142857142857,0.6938775510204082
Germany,2025-05-29,-0.01163665147246708,0.0,0.2733670404011608,32,0.46875,0.4375
Germany,2025-05-30,-0.05010300994969651,0.0,0.2913914229092023,42,0.35714285714285715,0.6428571428571429
Germany,2025-05-31,-0.18622477524102865,0.0,0.28424145699609255,17,0.11764705882352941,0.8235294117647058
Germany,2025-06-01,-0.05784750682497463,0.0,0.3758966003692981,33,0.42424242424242425,0.5757575757575758
Germany,2025-06-02,-0.12027000441256015,0.0,0.3289264790991561,74,0.3108108108108108,0.6351351351351351
Germany,2025-06-03,-0.03878597773070255,0.0,0.26750547778952877,93,0.43010752688172044,0.5161290322580645
Germany,2025-06-04,-0.09274782025448862,0.0,0.30268143725643365,85,0.35294117647058826,0.611764705882353
Germany,2025-06-05,-0.06711600820044712,0.0,0.33540208585640946,80,0.4625,0.5375
Germany,2025-06-06,-0.11742506981334924,0.0,0.2994041478901329,82,0.36585365853658536,0.6097560975609756
Germany,2025-06-07,-0.09614580914905813,0.0,0.3206681096024469,37,0.3783783783783784,0.6216216216216216
Germany,2025-06-08,-0.13369189862651612,0.0,0.3485160717261957,45,0.3333333333333333,0.6444444444444445
Germany,2025-06-09,-0.07441931392550132,0.0,0.38893154853981066,72,0.4305555555555556,0.5555555555555556
Germany,2025-06-10,-0.08275700928892067,0.0,0.3165885685741278,85,0.3764705882352941,0.5882352941176471
Germany,2025-06-11,-0.09561279045664041,0.0,0.330436518687438,89,0.3707865168539326,0.6067415730337079
Germany,2025-06-12,-0.0548792785363925,0.0,0.31474042203052477,80,0.4,0.6
Germany,2025-06-13,-0.12176733212318429,0.0,0.31200468022734057,95,0.2736842105263158,0.6736842105263158
Germany,2025-06-14,-0.09043402318314488,0.0,0.3233775516549415,50,0.36,0.6
Germany,2025-07-02,-0.15624852046125784,0.0,0.37930223513508166,45,0.35555555555555557,0.6444444444444445
Germany,2025-07-03,-0.024490691994300307,0.0,0.3546077034852773,31,0.45161290322580644,0.5483870967741935
Germany,2025-07-04,-0.07132165311498458,0.0,0.34363390635033875,32,0.46875,0.5
Germany,2025-07-05,-0.24013113401918368,0.0,0.4469979659652738,23,0.17391304347826086,0.782608695652174
Germany,2025-07-06,-0.21621125484571438,0.0,0.35118487582987584,23,0.30434782608695654,0.6956521739130435
Germany,2025-07-07,-0.11936477289095701,0.0,0.31212502202063497,38,0.2894736842105263,0.6578947368421053
Germany,2025-07-08,0.009045689461067685,0.0,0.31304605804655555,40,0.45,0.55
Germany,2025-07-09,-0.11406057544454302,0.0,0.25980968252809156,38,0.3157894736842105,0.6578947368421053
Germany,2025-07-10,0.007454290693811742,0.0,0.3570540266090791,36,0.5277777777777778,0.3888888888888889
Germany,2025-07-11,-0.1874621887634922,0.0,0.30094292977940607,48,0.2708333333333333,0.7083333333333334
Germany,2025-07-12,-0.1102404161100479,0.0,0.3517366259549234,27,0.37037037037037035,0.6296296296296297
Germany,2025-07-13,-0.16531112089844682,0.0,0.2930892224642851,22,0.22727272727272727,0.7727272727272727
Germany,2025-07-14,-0.13494089213799013,0.0,0.2678034080711394,27,0.2962962962962963,0.7037037037037037
Germany,2025-07-15,-0.023547407972041284,0.0,0.27492601133463107,29,0.3793103448275862,0.5862068965517241
Germany,2025-07-16,-0.041445253286721176,0.0,0.327295348086704,40,0.45,0.525
Germany,2025-07-17,0.03567126505753988,0.0,0.28645046688458925,34,0.5882352941176471,0.35294117647058826
Germany,2025-07-18,-0.08385951435413189,0.0,0.31475967083261447,42,0.2857142857142857,0.6666666666666666
Germany,2025-07-19,-0.03803260398249065,0.0,0.3461859731714429,15,0.5333333333333333,0.4666666666666667
Germany,2025-07-20,-0.17300195508788513,0.0,0.3517576303548113,33,0.3333333333333333,0.6666666666666666
Germany,2025-07-21,-0.1193373377874776,0.0,0.3294851702542597,37,0.40540540540540543,0.5945945945945946
Germany,2025-07-22,0.09074720643547313,0.0,0.21517717313711704,34,0.6176470588235294,0.35294117647058826
Germany,2025-07-23,-0.1704884337560092,0.0,0.37030130967620545,33,0.30303030303030304,0.6060606060606061
Germany,2025-07-24,-0.016373570527854563,0.0,0.2868813813405054,43,0.4883720930232558,0.5116279069767442
Germany,2025-07-25,0.02445178853523704,0.0,0.31688701694441745,37,0.5675675675675675,0.3783783783783784
Germany,2025-07-26,-0.07505212074130939,0.0,0.24930846010827545,21,0.38095238095238093,0.5714285714285714
Germany,2025-07-27,-0.07378492929188717,0.0,0.3267823303608488,24,0.5,0.5
Germany,2025-07-28,-0.057774019818034136,0.0,0.4281305357277493,27,0.37037037037037035,0.5185185185185185
Germany,2025-07-29,-0.10784112004577358,0.0,0.32712144924715447,41,0.4146341463414634,0.5609756097560976
Germany,2025-07-30,-0.19762758998164895,0.0,0.3191567485699781,42,0.21428571428571427,0.7619047619047619
Germany,2025-07-31,-0.058587235735245026,0.0,0.34109132278231324,38,0.39473684210526316,0.5526315789473685
Germany,2025-08-01,-0.1175513508643046,0.0,0.2832233069195986,38,0.3157894736842105,0.6842105263157895
Germany,2025-08-02,-0.1571514885990399,0.0,0.36726325762943024,26,0.38461538461538464,0.6153846153846154
Germany,2025-08-03,-0.09489005625830423,0.0,0.2536644826797499,12,0.4166666666666667,0.5
Germany,2025-08-04,-0.08901248999387902,0.0,0.344633217322651,33,0.3333333333333333,0.6363636363636364
Germany,2025-08-05,-0.16018319278313095,0.0,0.3081745436596761,26,0.38461538461538464,0.5769230769230769
Germany,2025-08-06,-0.07475270242695259,0.0,0.3177836433212286,49,0.3469387755102041,0.6122448979591837
Germany,2025-08-07,-0.11079839035504035,0.0,0.284960167514405,51,0.29411764705882354,0.7058823529411765
Germany,2025-08-08,-0.04553596211651205,0.0,0.22270353572606044,23,0.30434782608695654,0.6521739130434783
Germany,2025-08-09,-0.12291523483205286,0.0,0.33347616908201144,23,0.30434782608695654,0.6956521739130435
Germany,2025-08-10,-0.03830645597046517,0.0,0.31512095724776745,29,0.3103448275862069,0.5862068965517241
Germany,2025-08-11,-0.10440008530560349,0.0,0.29729529897501594,29,0.41379310344827586,0.4827586206896552
Germany,2025-08-12,-0.08905352969753817,0.0,0.31470750166796,34,0.4411764705882353,0.5294117647058824
Germany,2025-08-13,-0.10578538577312413,0.0,0.24703663085999586,40,0.35,0.6
Germany,2025-08-14,-0.10293693365394006,0.0,0.2964958871984606,32,0.3125,0.65625
Germany,2025-08-15,-0.1171069475692885,0.0,0.25700115860322703,42,0.30952380952380953,0.6904761904761905
Germany,2025-08-16,-0.06032276985184508,0.0,0.3123619451803454,19,0.42105263157894735,0.47368421052631576
Germany,2025-08-17,-0.007649139093091528,0.0,0.25395495140341384,28,0.42857142857142855,0.5714285714285714
Germany,2025-08-18,-0.018355701770497935,0.0,0.258229340972791,52,0.38461538461538464,0.5769230769230769
Germany,2025-08-19,-0.05181139737730022,0.0,0.23775254665713613,25,0.48,0.52
Germany,2025-08-20,-0.03677270997976561,0.0,0.33161676853257777,45,0.35555555555555557,0.5555555555555556
Germany,2025-08-21,-0.2227946943489922,0.0,0.39572371111079485,43,0.2558139534883721,0.6976744186046512
Germany,2025-08-22,-0.11491314766164762,0.0,0.3105310543190867,40,0.375,0.6
Germany,2025-08-23,-0.16802393014713762,0.0,0.4342959127549166,20,0.4,0.6
Germany,2025-08-24,-0.1629682532401368,0.0,0.3123993607497905,27,0.2222222222222222,0.7407407407407407
Germany,2025-08-25,-0.13269033004993847,0.0,0.27358744931468726,38,0.2894736842105263,0.7105263157894737
Germany,2025-08-26,0.010941265231907206,0.0,0.30174311792419306,36,0.5555555555555556,0.4444444444444444
Germany,2025-08-27,-0.07553221860951384,0.0,0.26852726606936106,34,0.35294117647058826,0.6176470588235294
Germany,2025-08-28,-0.1505423889519092,0.0,0.23116154549231352,43,0.18604651162790697,0.7906976744186046
Germany,2025-08-29,-0.04807749718364307,0.0,0.3432655036389211,35,0.3142857142857143,0.6857142857142857
Germany,2025-08-30,-0.22310487478372268,0.0,0.30768170053255706,6,0.16666666666666666,0.8333333333333334
Germany,2025-08-31,-0.17909986621617072,0.0,0.23427975159039344,22,0.22727272727272727,0.7272727272727273
Germany,2025-09-01,-0.0039393748959098895,0.0,0.3147249130768026,32,0.5625,0.4375
Germany,2025-09-02,-0.03889949406544778,0.0,0.3346259638669074,40,0.425,0.55
Germany,2025-09-03,-0.03517531456557353,0.0,0.2810541946473608,41,0.4146341463414634,0.5121951219512195
Germany,2025-09-04,-0.061450691024438724,0.0,0.3556631512951785,45,0.35555555555555557,0.6222222222222222
Germany,2025-09-05,-0.0008736984908128687,0.0,0.3587355540781251,46,0.41304347826086957,0.5869565217391305
Germany,2025-09-06,0.021584813707034092,0.0,0.262975627817139,17,0.5882352941176471,0.29411764705882354
Germany,2025-09-07,-0.05929264905066365,0.0,0.3988776735460663,31,0.41935483870967744,0.5806451612903226
Germany,2025-09-08,0.06872585347253843,0.0,0.2882053638862036,24,0.4583333333333333,0.4583333333333333
Germany,2025-09-09,0.027875937748626983,0.0,0.2936574138801126,40,0.5,0.45
Germany,2025-09-10,-0.0760340249282322,0.0,0.3902490095872411,37,0.4594594594594595,0.5405405405405406
Germany,2025-09-11,-0.04472570295750588,0.0,0.31704755325090334,52,0.4423076923076923,0.5
Germany,2025-09-12,-0.032350406204532306,0.0,0.3221731447892131,37,0.4594594594594595,0.5135135135135135
Germany,2025-09-13,-0.10261486432035695,0.0,0.3995045440272973,17,0.4117647058823529,0.5882352941176471
Germany,2025-09-14,-0.038405277424793605,0.0,0.3179839963791009,21,0.5238095238095238,0.47619047619047616
Germany,2025-09-15,-0.11664885013748447,0.0,0.4225009531211579,38,0.39473684210526316,0.5526315789473685
Germany,2025-09-16,-0.09193912897757926,0.0,0.3307343182510055,42,0.40476190476190477,0.5476190476190477
Germany,2025-09-17,-0.028208357255591687,0.0,0.3558727708191253,40,0.475,0.475
Germany,2025-09-18,-0.05997328955652325,0.0,0.3684419606611271,29,0.4827586206896552,0.5172413793103449
Germany,2025-09-19,-0.0544329439804422,0.0,0.29222312637782627,29,0.3448275862068966,0.5862068965517241
Germany,2025-09-20,0.1092862152570004,0.0,0.32379364029318347,18,0.6666666666666666,0.3333333333333333
Germany,2025-09-21,0.00584844955628804,0.0,0.348048004465763,23,0.5217391304347826,0.43478260869565216
Germany,2025-09-22,0.06318513753014417,0.0,0.41036859029406136,40,0.475,0.5
Germany,2025-09-23,-0.06065346918954523,0.0,0.33735728115122,34,0.38235294117647056,0.5882352941176471
Germany,2025-09-24,0.0349657533424584,0.0,0.29192257268810884,43,0.46511627906976744,0.5116279069767442
Germany,2025-09-25,-0.14090807716674836,0.0,0.30531452962041095,27,0.3333333333333333,0.6296296296296297
Germany,2025-09-26,-0.0513482801646229,0.0,0.3340863842454775,30,0.4,0.5666666666666667
Germany,2025-09-27,-0.06678944127885347,0.0,0.46271229300855915,21,0.42857142857142855,0.5714285714285714
Germany,2025-09-28,-0.183121756251628,0.0,0.43416187315295873,31,0.22580645161290322,0.7741935483870968
Germany,2025-09-29,-0.047325317418526955,0.0,0.24387814327311727,36,0.3611111111111111,0.5555555555555556
Germany,2025-09-30,-0.10328641604096166,0.0,0.3574370749003219,39,0.38461538461538464,0.5641025641025641
Germany,2025-10-01,-0.06467799363902671,0.0,0.3735771203037035,59,0.423728813559322,0.559322033898305
Germany,2025-10-02,-0.005443644821797554,0.0,0.3739729036386683,42,0.40476190476190477,0.5714285714285714
Germany,2025-10-03,-0.1601841602281373,0.0,0.37170677287061915,21,0.38095238095238093,0.6190476190476191
Germany,2025-10-04,-0.02427322670799475,0.0,0.315106265553586,13,0.3076923076923077,0.6923076923076923
Germany,2025-10-05,-0.044665088272545034,0.0,0.27500311538178407,16,0.4375,0.5
Germany,2025-10-06,-0.11477128471191832,0.0,0.2709927214608108,36,0.3888888888888889,0.6111111111111112
Germany,2025-10-07,-0.04372830577123016,0.0,0.2905091040354084,42,0.35714285714285715,0.6190476190476191
Germany,2025-10-08,-0.04681607127830525,0.0,0.30006815196802594,32,0.40625,0.5
Germany,2025-10-09,-0.06028511680700062,0.0,0.3130669581959892,39,0.38461538461538464,0.6153846153846154
Germany,2025-10-10,-0.10041753136831454,0.0,0.24361678877230802,28,0.32142857142857145,0.6785714285714286
Germany,2025-10-11,0.06085994447165636,0.0,0.4181511059950111,21,0.5714285714285714,0.42857142857142855
Germany,2025-10-12,-0.04029084960267308,0.0,0.24161917257370427,10,0.5,0.5
Germany,2025-10-13,0.06190274047460303,0.0,0.38847835861182034,26,0.5384615384615384,0.46153846153846156
Germany,2025-10-14,-0.1228761798516828,0.0,0.34068351734920993,32,0.40625,0.59375
Germany,2025-10-15,-0.03264373152850585,0.0,0.31151425921940695,32,0.40625,0.53125
Germany,2025-10-16,-0.05053158199149298,0.0,0.37153248425665863,29,0.41379310344827586,0.5862068965517241
Germany,2025-10-17,-0.08348865831917353,0.0,0.3634929830398035,36,0.4722222222222222,0.5
Germany,2025-10-18,-0.008871364658245194,0.0,0.30020903090886336,21,0.42857142857142855,0.5714285714285714
Germany,2025-10-19,-0.046647475180640656,0.0,0.32484336298154154,25,0.36,0.52
Germany,2025-10-20,0.06165401950334944,0.0,0.3543510147376245,49,0.5510204081632653,0.40816326530612246
Germany,2025-10-21,-0.09238732167358588,0.0,0.32473136075361175,33,0.36363636363636365,0.6060606060606061
Germany,2025-10-22,-0.06211574830798126,0.0,0.3083213555384155,42,0.3333333333333333,0.6666666666666666
Germany,2025-10-23,-0.12826808160191647,0.0,0.303363657398447,42,0.3333333333333333,0.6190476190476191
Germany,2025-10-24,-0.1337507047534158,0.0,0.31573325984907374,34,0.35294117647058826,0.6176470588235294
Germany,2025-10-25,-0.22337819771269843,0.0,0.3530681496494031,20,0.15,0.85
Germany,2025-10-26,-0.11139817039121373,0.0,0.27616288991097715,28,0.25,0.6785714285714286
Germany,2025-10-27,-0.06900097987594118,0.0,0.388737254564209,41,0.36585365853658536,0.6097560975609756
Germany,2025-10-28,-0.1396303230805312,0.0,0.3855521416585905,40,0.3,0.7
Germany,2025-10-29,-0.08569288288382532,0.0,0.36252651003149383,41,0.3902439024390244,0.5609756097560976
Germany,2025-10-30,-0.1222889190981595,0.0,0.29285099789453045,40,0.35,0.65
Germany,2025-10-31,-0.12957202400524795,0.0,0.2305046291140553,30,0.3333333333333333,0.6333333333333333
Germany,2025-11-01,-0.011070551663274924,0.0,0.3113584755355297,22,0.3181818181818182,0.6363636363636364
Germany,2025-11-02,-0.06834194342251712,0.0,0.34769219206877927,20,0.35,0.6
Germany,2025-11-03,-0.14510380650453683,0.0,0.28243751106205556,35,0.22857142857142856,0.7142857142857143
Germany,2025-11-04,-0.10733753056885925,0.0,0.2894359208672206,32,0.28125,0.6875
Germany,2025-11-05,-0.014398667662856166,0.0,0.3162087930510784,34,0.5294117647058824,0.38235294117647056
Germany,2025-11-06,-0.013742175287726319,0.0,0.3240375649270647,45,0.4666666666666667,0.4666666666666667
Germany,2025-11-07,0.009468664626373337,0.0,0.2540672882146409,46,0.45652173913043476,0.4782608695652174
Germany,2025-11-08,0.00904820846304649,0.0,0.3290201395979279,19,0.5263157894736842,0.47368421052631576
Germany,2025-11-09,0.05736648464214406,0.0,0.35310143161853175,17,0.5882352941176471,0.35294117647058826
Germany,2025-11-10,-0.23673824506681876,0.0,0.36256390084986045,30,0.3,0.6666666666666666
Germany,2025-11-11,-0.0473896986143901,0.0,0.29095235040816586,41,0.4878048780487805,0.5121951219512195
Germany,2025-11-12,-0.0521559929411098,0.0,0.3351635472242474,40,0.4,0.55
Germany,2025-11-13,-0.16262449856068742,0.0,0.3921027648332452,34,0.3235294117647059,0.6470588235294118
Germany,2025-11-14,0.03960720492139985,0.0,0.26252386743294304,38,0.47368421052631576,0.5263157894736842
Germany,2025-11-15,-0.10943996933814504,0.0,0.3239818331826467,19,0.47368421052631576,0.5263157894736842
Germany,2025-11-16,-0.12224027895889514,0.0,0.32609112005271124,22,0.4090909090909091,0.5909090909090909
Germany,2025-11-17,0.010411257677956417,0.0,0.34188420422710836,32,0.53125,0.4375
Germany,2025-11-18,-0.07963179829818663,0.0,0.3790015786033416,36,0.3333333333333333,0.6666666666666666
Germany,2025-11-19,-0.01069135894964114,0.0,0.37032362455646944,39,0.4358974358974359,0.5128205128205128
Germany,2025-11-20,0.03185546774659376,0.0,0.3174489769223636,39,0.5384615384615384,0.4358974358974359
Germany,2025-11-21,0.0027944621695743794,0.0,0.33638676609521256,46,0.4782608695652174,0.5
Germany,2025-11-22,-0.15508578225122677,0.0,0.30249726686617323,38,0.13157894736842105,0.8157894736842105
Germany,2025-11-23,-0.0009315402510779752,0.0,0.279310246326454,31,0.5483870967741935,0.45161290322580644
Germany,2025-11-24,-0.005671655168325159,0.0,0.30941479759761975,38,0.47368421052631576,0.47368421052631576
Germany,2025-11-25,-0.020723179427309304,0.0,0.34728703868158206,44,0.45454545454545453,0.5454545454545454
Germany,2025-11-26,-0.06984723384685743,0.0,0.40348963539666727,49,0.42857142857142855,0.5306122448979592
Germany,2025-11-27,-0.03233901087411483,0.0,0.3233914635323639,43,0.3953488372093023,0.6046511627906976
Germany,2025-11-28,0.01423604598847269,0.0,0.29431380311359906,32,0.4375,0.46875
Germany,2025-11-29,-0.01633413367107297,0.0,0.28547866381765724,25,0.52,0.48
Germany,2025-11-30,-0.09801317323111651,0.0,0.3594870669450497,14,0.42857142857142855,0.5714285714285714
Germany,2025-12-01,-0.022412229798153438,0.0,0.34144411596879387,41,0.5853658536585366,0.4146341463414634
Germany,2025-12-02,-0.0866634416760179,0.0,0.30851975520143665,37,0.3783783783783784,0.6216216216216216
Germany,2025-12-03,-0.02034833244647073,0.0,0.324185404210045,57,0.5263157894736842,0.43859649122807015
Germany,2025-12-04,-0.029458242228867938,0.0,0.34581195075781573,44,0.45454545454545453,0.5454545454545454
Germany,2025-12-05,-0.02622018331284346,0.0,0.3056561110624058,37,0.4864864864864865,0.4594594594594595
Germany,2025-12-06,-0.0711106152660752,0.0,0.2915074314570465,25,0.4,0.56
Germany,2025-12-07,0.05798590023157172,0.0,0.2840805916589234,28,0.4642857142857143,0.4642857142857143
Germany,2025-12-08,-0.017458255715939702,0.0,0.3141194913908611,38,0.4473684210526316,0.5263157894736842
Germany,2025-12-09,-0.03775348486198113,0.0,0.25175409589381087,47,0.40425531914893614,0.5957446808510638
Germany,2025-12-10,-0.0915955253673491,0.0,0.3668381345180198,42,0.30952380952380953,0.6904761904761905
Germany,2025-12-11,-0.07032136043517741,0.0,0.354036812159305,39,0.46153846153846156,0.5384615384615384
Germany,2025-12-12,0.029288782205229937,0.0,0.3041001294813694,43,0.5581395348837209,0.4418604651162791
Germany,2025-12-13,-0.038387768492288546,0.0,0.3530545786830161,24,0.375,0.5833333333333334
Germany,2025-12-14,0.04680694735135212,0.0,0.34751010936858767,24,0.4166666666666667,0.5416666666666666
Germany,2025-12-15,-0.08644866763376692,0.0,0.2607504467548237,45,0.28888888888888886,0.6888888888888889
Germany,2025-12-16,-0.045952856587536964,0.0,0.30387730469018404,50,0.38,0.58
Germany,2025-12-17,-0.07684992191407246,0.0,0.31327840613027214,33,0.42424242424242425,0.5151515151515151
Germany,2025-12-18,0.029599996214397167,0.0,0.3361773745453839,41,0.4634146341463415,0.5365853658536586
Germany,2025-12-19,-0.11201335765784237,0.0,0.20600854279629455,33,0.24242424242424243,0.696969696969697
Germany,2025-12-20,-0.02392605070889115,0.0,0.3230194220670638,18,0.3888888888888889,0.5555555555555556
Germany,2025-12-21,-0.014903195729345755,0.0,0.2948897838505308,18,0.3888888888888889,0.5
Germany,2025-12-22,0.00413063141402196,0.0,0.35492013987087717,37,0.4594594594594595,0.4594594594594595
Germany,2025-12-23,-0.03427951695508321,0.0,0.3197077665146305,24,0.5,0.4583333333333333
Germany,2025-12-24,-0.007716332451714531,0.0,0.3455129236465719,20,0.45,0.5
Germany,2025-12-25,-0.11152504992388579,0.0,0.29479033223414564,13,0.3076923076923077,0.6923076923076923
Germany,2025-12-26,-0.014594241829887585,0.0,0.30929055249623416,19,0.47368421052631576,0.5263157894736842
Germany,2025-12-27,-0.057028484853153774,0.0,0.32397742257365586,19,0.42105263157894735,0.5789473684210527
Germany,2025-12-28,0.05798355164510693,0.0,0.3558380735658051,23,0.5217391304347826,0.391304347826087
Germany,2025-12-29,-0.03170056122982672,0.0,0.3022012157173849,30,0.43333333333333335,0.5666666666666667
Germany,2025-12-30,-0.08004733073971954,0.0,0.34478782573631667,27,0.5555555555555556,0.4444444444444444
Germany,2025-12-31,-0.06385779265068921,0.0,0.3034344620121868,24,0.4166666666666667,0.5833333333333334
Germany,2026-01-01,-0.07881217010383947,0.0,0.4067718411575459,28,0.39285714285714285,0.5714285714285714
Germany,2026-01-02,-0.051334860945749274,0.0,0.3830402345257434,24,0.4583333333333333,0.5416666666666666
Germany,2026-01-03,-0.10274950439058544,0.0,0.257899326987118,22,0.2727272727272727,0.7272727272727273
Germany,2026-01-04,-0.2138641377022269,0.0,0.3016237729255861,21,0.2857142857142857,0.7142857142857143
Germany,2026-01-05,-0.1150286882910162,0.0,0.34285416372049315,34,0.4117647058823529,0.5882352941176471
Germany,2026-01-06,0.02069352925368314,0.0,0.34929356062914674,47,0.5106382978723404,0.46808510638297873
Germany,2026-01-07,-0.12277446681912522,0.0,0.2903745381761577,41,0.21951219512195122,0.7317073170731707
Germany,2026-01-08,-0.16101636255612808,0.0,0.32452586115399146,38,0.2631578947368421,0.7105263157894737
Germany,2026-01-09,-0.12592018999570512,0.0,0.32572987920331886,35,0.3142857142857143,0.6857142857142857
Germany,2026-01-10,-0.12493570187363472,0.0,0.3198381070616943,20,0.25,0.75
Germany,2026-01-11,-0.19309022094872524,0.0,0.27165969044888083,13,0.23076923076923078,0.7692307692307693
Germany,2026-01-12,-0.00026356307838593253,0.0,0.3314884154469833,38,0.42105263157894735,0.5789473684210527
Germany,2026-01-13,-0.13386557212462322,0.0,0.3129894467298172,35,0.3142857142857143,0.6571428571428571
Germany,2026-01-14,-0.0027821577464997907,0.0,0.30614911420897856,46,0.5217391304347826,0.45652173913043476
Germany,2026-01-15,-0.10893636508003826,0.0,0.2840706760555484,49,0.3877551020408163,0.5918367346938775
Germany,2026-01-16,-0.039272577195298294,0.0,0.2815211086121404,36,0.5,0.4722222222222222
Germany,2026-01-17,-0.022500404044458914,0.0,0.3163258059391412,19,0.3684210526315789,0.631578947368421
Germany,2026-01-18,-0.08421759768982535,0.0,0.3497004057734373,28,0.2857142857142857,0.7142857142857143
Germany,2026-01-19,-0.118570051592177,0.0,0.3008651872647263,45,0.3111111111111111,0.6888888888888889
Germany,2026-01-20,-0.09987638696946426,0.0,0.3037919617678486,49,0.2857142857142857,0.6530612244897959
Germany,2026-01-21,-0.07037560688932058,0.0,0.2690204844854324,43,0.3953488372093023,0.5581395348837209
Germany,2026-01-22,-0.0881645144070091,0.0,0.24470763685578753,40,0.35,0.6
Germany,2026-01-23,-0.1489124337744253,0.0,0.3888504861524228,26,0.23076923076923078,0.7307692307692307
Germany,2026-01-24,-0.12067338169998125,0.0,0.2380149223857921,23,0.391304347826087,0.6086956521739131
Germany,2026-01-25,-0.014155793996392779,0.0,0.28448728388000527,23,0.4782608695652174,0.4782608695652174
Germany,2026-01-26,-0.1393226376453119,0.0,0.291983075868364,28,0.25,0.75
Germany,2026-01-27,-0.16658228631176045,0.0,0.3605311609228199,35,0.34285714285714286,0.6
Germany,2026-01-28,-0.1184445348379785,0.0,0.29469755982694007,19,0.3684210526315789,0.631578947368421
Germany,2026-01-29,-0.002245866957197348,0.0,0.3142489318852527,35,0.4857142857142857,0.5142857142857142
Germany,2026-01-30,-0.05785632481258778,0.0,0.34167700875957585,45,0.3333333333333333,0.5555555555555556
Germany,2026-01-31,-0.12543248522096126,0.0,0.31513500654411386,15,0.4,0.6
Germany,2026-02-01,-0.0006105558477983941,0.0,0.3740797828062689,20,0.45,0.5
Germany,2026-02-02,-0.08856923295958687,0.0,0.2728850025850625,30,0.4,0.5666666666666667
Germany,2026-02-03,-0.08684228735068758,0.0,0.3320333173899255,41,0.4146341463414634,0.5853658536585366
Germany,2026-02-04,0.011499288773646645,0.0,0.31505564983655754,46,0.4782608695652174,0.5217391304347826
Germany,2026-02-05,-0.056461127802874635,0.0,0.2995658878274514,34,0.4117647058823529,0.5882352941176471
Germany,2026-02-06,-0.03511476816167023,0.0,0.28962063490531115,30,0.43333333333333335,0.5666666666666667
Germany,2026-02-07,-0.06204214633313586,0.0,0.31521489467001446,25,0.32,0.68
Germany,2026-02-08,-0.08456400042059428,0.0,0.3282110383403007,22,0.45454545454545453,0.5
Germany,2026-02-09,-0.11358702856767955,0.0,0.25673781627225023,32,0.34375,0.65625
Germany,2026-02-10,-0.054322401826354776,0.0,0.3298550376241122,44,0.4090909090909091,0.5681818181818182
Germany,2026-02-11,-0.04852394313303811,0.0,0.29206713442384213,31,0.25806451612903225,0.6774193548387096
Germany,2026-02-12,-0.12479471497662609,0.0,0.36942812735335573,42,0.38095238095238093,0.5952380952380952
Germany,2026-02-13,-0.14365332844126402,0.0,0.3638139486083756,43,0.3488372093023256,0.627906976744186
Germany,2026-02-14,-0.04093968339098548,0.0,0.23325098101227554,26,0.4230769230769231,0.5384615384615384
Germany,2026-02-15,-0.0922074270331516,0.0,0.26730326000779736,33,0.3333333333333333,0.6666666666666666
Germany,2026-02-16,-0.0046524118321373785,0.0,0.40328535230573415,43,0.3953488372093023,0.5348837209302325
Germany,2026-02-17,-0.16682757940820286,0.0,0.3403793067462709,41,0.2926829268292683,0.6829268292682927
Germany,2026-02-18,-0.1326078404745741,0.0,0.2651465944356917,38,0.18421052631578946,0.7631578947368421
Germany,2026-02-19,-0.1381893640883291,0.0,0.29521546724638786,37,0.2972972972972973,0.6216216216216216
Germany,2026-02-20,-0.12017298147729977,0.0,0.3140238623155999,44,0.38636363636363635,0.6136363636363636
Germany,2026-02-21,-0.006348157847413715,0.0,0.45568890984291,26,0.34615384615384615,0.6153846153846154
Germany,2026-02-22,-0.07871435368516719,0.0,0.35524121592647034,25,0.48,0.52
Germany,2026-02-23,-0.14132954458546543,0.0,0.3790603960420649,34,0.29411764705882354,0.6764705882352942
Germany,2026-02-24,-0.18103560583115966,0.0,0.293112101254087,58,0.2413793103448276,0.7413793103448276
Germany,2026-02-25,-0.012230601960956766,0.0,0.33303516948379885,46,0.4782608695652174,0.5
Germany,2026-02-26,-0.04025421112518251,0.0,0.24852500673962788,53,0.4339622641509434,0.5094339622641509
Germany,2026-02-27,-0.021933993324997323,0.0,0.2631775827130682,29,0.4482758620689655,0.4827586206896552
Germany,2026-02-28,-0.1263255927573341,0.0,0.33381516596337857,27,0.2962962962962963,0.6666666666666666
Germany,2026-03-01,-0.23094046925868944,0.0,0.29575006933680703,22,0.22727272727272727,0.7272727272727273
Germany,2026-03-02,-0.2682002709529068,0.0,0.2781347210508486,49,0.14285714285714285,0.8367346938775511
Germany,2026-03-03,-0.195323485629837,0.0,0.3671455646702059,48,0.3125,0.6875
Germany,2026-03-04,-0.216872818945646,0.0,0.34975705181724864,40,0.2,0.75
Germany,2026-03-05,-0.10283129826179613,0.0,0.28718784107127954,29,0.3448275862068966,0.6551724137931034
Germany,2026-03-06,-0.1164683989712227,0.0,0.3303021039752608,46,0.391304347826087,0.6086956521739131
Germany,2026-03-07,-0.17091191665968344,0.0,0.3658229061214679,19,0.3157894736842105,0.6842105263157895
Germany,2026-03-08,-0.1087783000982364,0.0,0.31325934957863244,15,0.3333333333333333,0.6666666666666666
Germany,2026-03-09,-0.032672603995230434,0.0,0.357276450306701,21,0.23809523809523808,0.6666666666666666
Germany,2026-03-10,-0.06788147830124244,0.0,0.2997623466631105,35,0.4,0.5142857142857142
Germany,2026-03-11,-0.16660044975540422,0.0,0.2910071607818987,40,0.25,0.725
Germany,2026-03-12,-0.05219885305071143,0.0,0.34381954416264776,36,0.3888888888888889,0.6111111111111112
Germany,2026-03-13,-0.07955094703214288,0.0,0.35577893631597307,33,0.42424242424242425,0.5454545454545454
Germany,2026-03-14,-0.08916514632263202,0.0,0.3532862444336716,32,0.3125,0.65625
Germany,2026-03-15,-0.08785408842817373,0.0,0.2658712788231672,18,0.3888888888888889,0.6111111111111112
Germany,2026-03-16,-0.1653393183580475,0.0,0.27581574970524575,47,0.2127659574468085,0.7659574468085106
Germany,2026-03-17,-0.13653847150592135,0.0,0.31619581257037244,38,0.2631578947368421,0.7105263157894737
Germany,2026-03-18,-0.12428948223273802,0.0,0.3093685806538262,41,0.36585365853658536,0.6341463414634146
Germany,2026-03-19,-0.18066041339697986,0.0,0.25823238820193545,50,0.3,0.64
Germany,2026-03-20,-0.14697480860116557,0.0,0.32668202173748184,36,0.25,0.6944444444444444
Germany,2026-03-21,-0.23619656904725056,0.0,0.2661787603846156,17,0.17647058823529413,0.7647058823529411
Germany,2026-03-22,-0.2534942558965392,0.0,0.32428370069078194,26,0.23076923076923078,0.7692307692307693
Germany,2026-03-23,-0.1264738215712259,0.0,0.2699096033686026,25,0.24,0.72
Germany,2026-03-24,-0.16984679809896508,0.0,0.2902081115633887,35,0.2857142857142857,0.6571428571428571
Germany,2026-03-25,-0.12736411714623366,0.0,0.3025716593338914,34,0.3235294117647059,0.6470588235294118
Germany,2026-03-26,-0.17934198197392773,0.0,0.2998968918571591,43,0.2558139534883721,0.7209302325581395
Germany,2026-03-27,-0.20306925262193787,0.0,0.19791304072376537,37,0.16216216216216217,0.8108108108108109
Germany,2026-03-28,-0.12367244800071213,0.0,0.2934558666898088,24,0.3333333333333333,0.625
Germany,2026-03-29,-0.23458543936614681,0.0,0.19657444288818893,8,0.125,0.875
Germany,2026-03-30,-0.08563861611786076,0.0,0.3017487218326391,28,0.35714285714285715,0.5714285714285714
Germany,2026-03-31,-0.16013892752669298,0.0,0.2929576274406277,28,0.2857142857142857,0.7142857142857143
Germany,2026-04-01,-0.08633845054496678,0.0,0.28438343993447124,42,0.2619047619047619,0.7380952380952381
Germany,2026-04-02,-0.1436343397501646,0.0,0.29038751407537367,45,0.28888888888888886,0.7111111111111111
Germany,2026-04-03,-0.04219350070973006,0.0,0.26972515301659494,30,0.4,0.5666666666666667
Germany,2026-04-04,-0.17920362840973036,0.0,0.2894526320962287,24,0.25,0.75
Germany,2026-04-05,-0.27415331873468035,0.0,0.3398381087921865,21,0.23809523809523808,0.7142857142857143
Germany,2026-04-06,-0.1717183430408021,0.0,0.31875108144199643,22,0.3181818181818182,0.6818181818181818
Germany,2026-04-07,-0.2531577514013325,0.0,0.21373577395799895,26,0.15384615384615385,0.8461538461538461
Germany,2026-04-08,-0.04371150938562334,0.0,0.21287573907987026,37,0.3783783783783784,0.5675675675675675
Germany,2026-04-09,-0.16151530941633666,0.0,0.2682261184918733,37,0.24324324324324326,0.7297297297297297
Germany,2026-04-10,-0.0473043943815051,0.0,0.25788241608499735,29,0.41379310344827586,0.5862068965517241
Germany,2026-04-11,-0.082721896717774,0.0,0.20498268902501454,17,0.35294117647058826,0.5294117647058824
Germany,2026-04-12,-0.1366130349009575,0.0,0.24994109880695217,13,0.3076923076923077,0.6153846153846154
Germany,2026-04-13,-0.1262302534004628,0.0,0.30611527386341825,45,0.24444444444444444,0.7333333333333333
Germany,2026-04-14,-0.08360265127820712,0.0,0.2656944367537943,44,0.29545454545454547,0.6818181818181818
Germany,2026-04-15,-0.1316715230786371,0.0,0.2876880217978518,28,0.2857142857142857,0.6785714285714286
Germany,2026-04-16,-0.16131477588128487,0.0,0.2809387886659675,42,0.2619047619047619,0.7142857142857143
Germany,2026-04-17,-0.05286335671970981,0.0,0.2389767672243214,39,0.4358974358974359,0.5384615384615384
Germany,2026-04-18,-0.10823320470536776,0.0,0.2508192995246431,28,0.2857142857142857,0.6785714285714286
Germany,2026-04-19,-0.0288285059195485,0.0,0.25921813528424736,25,0.56,0.44
Germany,2026-04-20,-0.07961500070594708,0.0,0.28743055965234227,26,0.38461538461538464,0.5384615384615384
Germany,2026-04-21,-0.08587614371548162,0.0,0.27442066683145494,47,0.3617021276595745,0.574468085106383
Germany,2026-04-22,-0.0785873440292359,0.0,0.32514514154452595,36,0.3055555555555556,0.6666666666666666
Germany,2026-04-23,-0.20582658532184547,0.0,0.31000016720158097,39,0.28205128205128205,0.6410256410256411
Germany,2026-04-24,-0.11087503760862075,0.0,0.3086770491503096,42,0.3333333333333333,0.6190476190476191
Germany,2026-04-25,-0.1184094772348934,0.0,0.3062489849878989,27,0.37037037037037035,0.6296296296296297
Germany,2026-04-26,-0.19397925571055896,0.0,0.31215551480971687,22,0.3181818181818182,0.6818181818181818
Germany,2026-04-27,-0.13149110512846418,0.0,0.3129011444464993,39,0.28205128205128205,0.6923076923076923
Germany,2026-04-28,-0.17398128206287627,0.0,0.23286591799156253,25,0.28,0.72
Germany,2026-04-29,-0.07819532194018351,0.0,0.3199483533752042,41,0.43902439024390244,0.5609756097560976
Germany,2026-04-30,-0.1750138944494076,0.0,0.2950106695985873,62,0.25806451612903225,0.6935483870967742
Germany,2026-05-01,-0.14451676726343224,0.0,0.2995960825501981,1000,0.291,0.688
