country,date,sentiment_gdelt,sentiment_climatebert,sentiment_std,article_count,pct_positive,pct_negative
India,2020-01-01,-0.03291041499509278,0.0,0.3583077133759231,35,0.4857142857142857,0.42857142857142855
India,2020-01-02,0.03282596494135932,0.0,0.31201799746766656,29,0.5172413793103449,0.4827586206896552
India,2020-01-03,-0.18155442785039583,0.0,0.38088728904905716,36,0.3055555555555556,0.6666666666666666
India,2020-01-04,-0.2540541321376807,0.0,0.3329620928482051,31,0.22580645161290322,0.7741935483870968
India,2020-01-05,-0.11716629130757933,0.0,0.38691289921201644,27,0.37037037037037035,0.6296296296296297
India,2020-01-06,-0.160254942882749,0.0,0.4186794646798394,32,0.375,0.625
India,2020-01-07,-0.06542628817607002,0.0,0.27365820416460196,34,0.4117647058823529,0.5588235294117647
India,2020-01-08,-0.24200283442166268,0.0,0.2749245827580628,37,0.1891891891891892,0.7837837837837838
India,2020-01-09,-0.14866716814527217,0.0,0.3343187509168709,44,0.3181818181818182,0.6818181818181818
India,2020-01-10,-0.030150293367168145,0.0,0.31443444745758187,45,0.4222222222222222,0.5333333333333333
India,2020-01-11,-0.08489176177933666,0.0,0.3735332197243869,21,0.3333333333333333,0.6190476190476191
India,2020-01-12,-0.04903503832593591,0.0,0.3938031938154837,24,0.4166666666666667,0.5833333333333334
India,2020-01-13,-0.04431261752683729,0.0,0.3524569604353722,33,0.3939393939393939,0.5757575757575758
India,2020-01-14,-0.028301676453593817,0.0,0.3682589409717572,33,0.3939393939393939,0.5454545454545454
India,2020-01-15,-0.0498329024501336,0.0,0.2543232916709009,30,0.43333333333333335,0.5
India,2020-01-16,-0.07202339175203733,0.0,0.28929922469678354,43,0.3488372093023256,0.6511627906976745
India,2020-01-17,-0.11680669328531157,0.0,0.31694770079442147,34,0.3235294117647059,0.6176470588235294
India,2020-01-18,-0.1643696366100806,0.0,0.3263294615781215,20,0.4,0.6
India,2020-01-19,-0.2189556540124073,0.0,0.3139917885025873,20,0.2,0.75
India,2020-01-20,-0.0687439018015102,0.0,0.36225511291197204,43,0.3953488372093023,0.5813953488372093
India,2020-01-21,-0.08398353926935531,0.0,0.30983709337887516,40,0.3,0.625
India,2020-01-22,-0.07023958066904332,0.0,0.2852364522513493,37,0.3783783783783784,0.5405405405405406
India,2020-01-23,0.05107537747123984,0.0,0.32066654991014426,33,0.5151515151515151,0.48484848484848486
India,2020-01-24,-0.06784350510858764,0.0,0.32002515265003273,31,0.3225806451612903,0.6451612903225806
India,2020-01-25,-0.09083618525435039,0.0,0.39054983692815787,18,0.3333333333333333,0.6111111111111112
India,2020-01-26,-0.000534363141172294,0.0,0.316985995527675,23,0.34782608695652173,0.6521739130434783
India,2020-01-27,0.030793468925431396,0.0,0.3056742577838893,30,0.6,0.4
India,2020-01-28,-0.19025146383835018,0.0,0.3353828524861029,38,0.2631578947368421,0.7368421052631579
India,2020-01-29,-0.1276335386944391,0.0,0.2691769092103872,27,0.2222222222222222,0.7037037037037037
India,2020-01-30,-0.1169455411593504,0.0,0.39714964637467887,32,0.375,0.59375
India,2020-01-31,-0.12536870722449558,0.0,0.3717273241477075,40,0.3,0.625
India,2020-02-01,-0.11390636273174902,0.0,0.3397249089244161,36,0.4166666666666667,0.5833333333333334
India,2020-02-02,-0.0031540408197327546,0.0,0.26177153903080863,18,0.4444444444444444,0.5555555555555556
India,2020-02-03,-0.02701193623350928,0.0,0.3035632381861975,27,0.5185185185185185,0.4444444444444444
India,2020-02-04,-0.07350827756265045,0.0,0.2880894239448519,46,0.391304347826087,0.6086956521739131
India,2020-02-05,-0.06092105988148198,0.0,0.3228266239236201,38,0.47368421052631576,0.5263157894736842
India,2020-02-06,-0.08896731052765271,0.0,0.2752627122767261,44,0.38636363636363635,0.5909090909090909
India,2020-02-07,-0.18626917858858288,0.0,0.3158912027308273,33,0.21212121212121213,0.7878787878787878
India,2020-02-08,-0.006066393009356668,0.0,0.452596524545908,22,0.36363636363636365,0.6363636363636364
India,2020-02-09,-0.15745147121128067,0.0,0.3689105144896342,28,0.25,0.6428571428571429
India,2020-02-10,-0.027359951942573606,0.0,0.3082392977883818,39,0.48717948717948717,0.48717948717948717
India,2020-02-11,-0.056064813536642236,0.0,0.3016520687835489,28,0.42857142857142855,0.5
India,2020-02-12,-0.09084864422436245,0.0,0.30737373007209934,40,0.4,0.55
India,2020-02-13,-0.20672861034630893,0.0,0.32122815274128197,35,0.2857142857142857,0.6857142857142857
India,2020-02-14,-0.035247056877668506,0.0,0.3077394351627787,35,0.5142857142857142,0.4857142857142857
India,2020-02-15,-0.026801556175158576,0.0,0.30753432707719425,18,0.4444444444444444,0.5
India,2020-02-16,-0.10966744422730544,0.0,0.3814636968455705,28,0.5,0.5
India,2020-02-17,-0.10119455979375888,0.0,0.29790393040782415,41,0.3170731707317073,0.6585365853658537
India,2020-02-18,-0.16072702550558363,0.0,0.392012861850169,42,0.35714285714285715,0.6190476190476191
India,2020-02-19,0.013771197591060857,0.0,0.34675637771151313,38,0.47368421052631576,0.4473684210526316
India,2020-02-20,-0.09784522723319627,0.0,0.3597817166811327,35,0.4,0.5714285714285714
India,2020-02-21,-0.008276557636399453,0.0,0.31291356278826377,43,0.4883720930232558,0.4883720930232558
India,2020-02-22,0.052561089605302605,0.0,0.3364436526507433,28,0.5714285714285714,0.42857142857142855
India,2020-02-23,0.03398471744759858,0.0,0.30294580668152615,30,0.4666666666666667,0.43333333333333335
India,2020-02-24,-0.02700379426122706,0.0,0.3426640493595724,36,0.5277777777777778,0.4444444444444444
India,2020-02-25,-0.12573818660759445,0.0,0.36662950063986083,53,0.32075471698113206,0.6415094339622641
India,2020-02-26,-0.17168683305573912,0.0,0.3482091429477022,45,0.3333333333333333,0.6666666666666666
India,2020-02-27,-0.06320476020450945,0.0,0.251808004806696,33,0.45454545454545453,0.5151515151515151
India,2020-02-28,-0.06557055150602807,0.0,0.25164833030360484,44,0.3409090909090909,0.6363636363636364
India,2020-02-29,-0.043273590887559506,0.0,0.3519591664642468,17,0.4117647058823529,0.5882352941176471
India,2020-03-01,-0.06608495055440072,0.0,0.41339629260065847,30,0.43333333333333335,0.5666666666666667
India,2020-03-02,-0.12084883366138824,0.0,0.40663888588610225,30,0.4,0.5333333333333333
India,2020-03-03,-0.14401609596067327,0.0,0.3256911148536774,35,0.42857142857142855,0.5714285714285714
India,2020-03-04,-0.13911002557131835,0.0,0.351704814090689,40,0.4,0.6
India,2020-03-05,-0.12181239789443397,0.0,0.3857955175543015,44,0.38636363636363635,0.6136363636363636
India,2020-03-06,-0.190495880261326,0.0,0.2780373630667674,28,0.2857142857142857,0.6785714285714286
India,2020-03-07,-0.24542452992205996,0.0,0.3159433324771575,23,0.21739130434782608,0.782608695652174
India,2020-03-08,-0.157886216334701,0.0,0.2777521479582993,18,0.3333333333333333,0.6666666666666666
India,2020-03-09,-0.18573863499117851,0.0,0.2796185218822218,59,0.2033898305084746,0.7627118644067796
India,2020-03-10,-0.1548193645961549,0.0,0.34960605946292944,23,0.34782608695652173,0.6521739130434783
India,2020-03-11,-0.13128336851899872,0.0,0.3225007976106385,30,0.16666666666666666,0.6666666666666666
India,2020-03-12,-0.12080719585296826,0.0,0.391671321269945,35,0.37142857142857144,0.6285714285714286
India,2020-03-13,-0.15535486600124088,0.0,0.3429487227237341,39,0.2564102564102564,0.7435897435897436
India,2020-03-14,-0.12130299781614694,0.0,0.30491295136902746,22,0.3181818181818182,0.6363636363636364
India,2020-03-15,-0.23764929046819555,0.0,0.25421212722528963,18,0.1111111111111111,0.8888888888888888
India,2020-03-16,-0.21320898002163144,0.0,0.36604007210517686,35,0.37142857142857144,0.6285714285714286
India,2020-03-17,-0.1732441188792049,0.0,0.35418885321751864,35,0.2857142857142857,0.6857142857142857
India,2020-03-18,-0.13633397821475912,0.0,0.270880890676712,36,0.2777777777777778,0.6944444444444444
India,2020-03-19,-0.15957565145442992,0.0,0.33998103867104496,32,0.25,0.71875
India,2020-03-20,-0.27630323917090743,0.0,0.40376224987259995,43,0.23255813953488372,0.7441860465116279
India,2020-03-21,-0.162652763078683,0.0,0.35402525502232224,20,0.3,0.7
India,2020-03-22,-0.2114326327213474,0.0,0.20260403946475367,24,0.125,0.8333333333333334
India,2020-03-23,-0.23127329479410705,0.0,0.2756725874977094,36,0.16666666666666666,0.8333333333333334
India,2020-03-24,-0.20819045309922093,0.0,0.27156365241661484,35,0.17142857142857143,0.8
India,2020-03-25,-0.23832846009416803,0.0,0.26039727035779797,28,0.25,0.75
India,2020-03-26,-0.14648174358329685,0.0,0.26640743449240906,44,0.22727272727272727,0.6590909090909091
India,2020-03-27,-0.18503824441788302,0.0,0.26278779931443835,37,0.21621621621621623,0.7297297297297297
India,2020-03-28,-0.15818224398457378,0.0,0.22582677285481925,24,0.20833333333333334,0.75
India,2020-03-29,-0.2511476328073,0.0,0.21646465895896727,20,0.1,0.85
India,2020-03-30,-0.13279689786532511,0.0,0.33468953682722785,41,0.34146341463414637,0.6585365853658537
India,2020-03-31,-0.16745844331324167,0.0,0.2833820663433857,36,0.2777777777777778,0.6666666666666666
India,2020-04-01,-0.19551400634867627,0.0,0.3048992612721548,29,0.27586206896551724,0.7241379310344828
India,2020-04-02,-0.23921656024988253,0.0,0.2969767724665117,51,0.21568627450980393,0.7843137254901961
India,2020-04-03,-0.16564849732198278,0.0,0.3209389991424881,42,0.3333333333333333,0.6666666666666666
India,2020-04-04,-0.2484256647389181,0.0,0.265165401618959,24,0.08333333333333333,0.9166666666666666
India,2020-04-05,-0.1964497812070542,0.0,0.2449467487580544,15,0.2,0.7333333333333333
India,2020-04-06,-0.16929860388711598,0.0,0.301760136081374,31,0.3225806451612903,0.6774193548387096
India,2020-04-07,-0.14450753088064713,0.0,0.3323364064383816,34,0.35294117647058826,0.6176470588235294
India,2020-04-08,-0.11501391410815755,0.0,0.26665530202754695,35,0.37142857142857144,0.6285714285714286
India,2020-04-09,-0.21391947108891546,0.0,0.30660547996071175,28,0.2857142857142857,0.7142857142857143
India,2020-04-10,-0.1420339132477492,0.0,0.2826081511931346,19,0.3684210526315789,0.5789473684210527
India,2020-04-11,-0.2614661249413787,0.0,0.28847843829649855,28,0.14285714285714285,0.8214285714285714
India,2020-04-12,-0.19978188556000961,0.0,0.34376528210933577,23,0.21739130434782608,0.7391304347826086
India,2020-04-13,-0.29905927320041964,0.0,0.25959247699536603,35,0.14285714285714285,0.8285714285714286
India,2020-04-14,-0.27279573007256086,0.0,0.269015890972673,36,0.1388888888888889,0.8333333333333334
India,2020-04-15,-0.10335566348626202,0.0,0.39395536172164075,31,0.2903225806451613,0.6774193548387096
India,2020-04-16,-0.18264398699614692,0.0,0.26790197327648263,31,0.3225806451612903,0.6774193548387096
India,2020-04-17,-0.16332942820627333,0.0,0.3000935897229201,41,0.3170731707317073,0.6585365853658537
India,2020-04-18,-0.07966653315266901,0.0,0.3336540028696538,29,0.3448275862068966,0.6206896551724138
India,2020-04-19,-0.13543321099109193,0.0,0.18889164923553803,26,0.2692307692307692,0.6153846153846154
India,2020-04-20,-0.2502134294461402,0.0,0.2397820110966569,29,0.10344827586206896,0.8620689655172413
India,2020-04-21,-0.19988324182138195,0.0,0.2856711572181521,44,0.18181818181818182,0.8181818181818182
India,2020-04-22,-0.1409071447308499,0.0,0.2820997725724598,43,0.23255813953488372,0.7674418604651163
India,2020-04-23,-0.17092751623958666,0.0,0.2903777664551122,41,0.2682926829268293,0.6829268292682927
India,2020-04-24,-0.13991407309624793,0.0,0.3053460675946431,44,0.29545454545454547,0.6818181818181818
India,2020-04-25,-0.19263097052641706,0.0,0.24977032267049515,30,0.3,0.6666666666666666
India,2020-04-26,-0.11584521656290285,0.0,0.25491320679206764,25,0.24,0.64
India,2020-04-27,-0.16701659957302004,0.0,0.2932301407618557,34,0.23529411764705882,0.7352941176470589
India,2020-04-28,-0.17380287818051185,0.0,0.2933774180627236,52,0.3269230769230769,0.6730769230769231
India,2020-04-29,-0.22526003802716074,0.0,0.27634319711419175,32,0.21875,0.75
India,2020-04-30,-0.15545117120947965,0.0,0.29642756849585383,38,0.21052631578947367,0.7368421052631579
India,2020-05-01,-0.144142701556145,0.0,0.27425394850916573,33,0.24242424242424243,0.7272727272727273
India,2020-05-02,-0.08905232692031294,0.0,0.2713442208392882,27,0.2962962962962963,0.6666666666666666
India,2020-05-03,-0.14786880987107806,0.0,0.329004767056539,12,0.25,0.6666666666666666
India,2020-05-04,-0.1317924956554171,0.0,0.3606550508996363,44,0.29545454545454547,0.6363636363636364
India,2020-05-05,-0.16026910463805566,0.0,0.27368196135215866,33,0.24242424242424243,0.7575757575757576
India,2020-05-06,-0.13626708341148672,0.0,0.3215357137645647,26,0.23076923076923078,0.7307692307692307
India,2020-05-07,-0.18235093027483748,0.0,0.2517804992996579,34,0.2647058823529412,0.7058823529411765
India,2020-05-08,-0.20161839446892824,0.0,0.31732003315523066,48,0.22916666666666666,0.7083333333333334
India,2020-05-09,-0.19159062887996048,0.0,0.2887426144677522,24,0.25,0.75
India,2020-05-10,-0.17597884985021442,0.0,0.25478980399553863,32,0.25,0.75
India,2020-05-11,-0.10955297583901821,0.0,0.3027941281796764,38,0.34210526315789475,0.6578947368421053
India,2020-05-12,-0.20770888114130703,0.0,0.27147837198834474,33,0.21212121212121213,0.7272727272727273
India,2020-05-13,-0.16068704377139326,0.0,0.2807979199232989,43,0.27906976744186046,0.6511627906976745
India,2020-05-14,-0.19913239654376375,0.0,0.26041073812522225,27,0.14814814814814814,0.8518518518518519
India,2020-05-15,-0.09397299898440648,0.0,0.286172473621078,41,0.3902439024390244,0.5609756097560976
India,2020-05-16,-0.01822497953586982,0.0,0.22522699474275248,22,0.5,0.4090909090909091
India,2020-05-17,-0.15251241211629604,0.0,0.22117158044762378,21,0.23809523809523808,0.7142857142857143
India,2020-05-18,-0.12598397570650777,0.0,0.3123280647197682,37,0.2702702702702703,0.7027027027027027
India,2020-05-19,-0.14903299152479565,0.0,0.27184420967840145,44,0.18181818181818182,0.7954545454545454
India,2020-05-20,-0.24293765716663734,0.0,0.3268833331465433,51,0.21568627450980393,0.7254901960784313
India,2020-05-21,-0.29232443474816033,0.0,0.3134129424132426,34,0.20588235294117646,0.7941176470588235
India,2020-05-22,-0.02578795079526899,0.0,0.3519051125122496,39,0.4358974358974359,0.5384615384615384
India,2020-05-23,-0.18250690464747188,0.0,0.3605917406174236,24,0.2916666666666667,0.6666666666666666
India,2020-05-24,-0.10169615181649365,0.0,0.3337688923068989,22,0.2727272727272727,0.7272727272727273
India,2020-05-25,-0.0580390150224827,0.0,0.27611314439064416,27,0.37037037037037035,0.5925925925925926
India,2020-05-26,-0.1521686392265707,0.0,0.4285642200312227,28,0.21428571428571427,0.75
India,2020-05-27,-0.14760431017910824,0.0,0.31351887821958463,43,0.37209302325581395,0.627906976744186
India,2020-05-28,-0.09702077466164298,0.0,0.32469369763905276,44,0.36363636363636365,0.6363636363636364
India,2020-05-29,-0.14586980195755575,0.0,0.2642001221014448,34,0.35294117647058826,0.6470588235294118
India,2020-05-30,-0.14535836239499386,0.0,0.38957122248687975,22,0.3181818181818182,0.6363636363636364
India,2020-05-31,-0.19242357593615894,0.0,0.3076896207879965,13,0.3076923076923077,0.6923076923076923
India,2020-06-01,-0.22924243669100045,0.0,0.30232938722257857,42,0.23809523809523808,0.7380952380952381
India,2020-06-02,-0.09725739755146971,0.0,0.27497410405600836,32,0.34375,0.53125
India,2020-06-03,-0.2282839771755991,0.0,0.36479852556427017,32,0.21875,0.78125
India,2020-06-04,-0.08016716763017318,0.0,0.3139759160309173,36,0.4166666666666667,0.5833333333333334
India,2020-06-05,-0.08390641146674103,0.0,0.3026332967348942,45,0.4666666666666667,0.5333333333333333
India,2020-06-06,-0.33701758139647914,0.0,0.2694153438950761,23,0.13043478260869565,0.8695652173913043
India,2020-06-07,-0.15675685078749838,0.0,0.32235690551630075,26,0.3076923076923077,0.6923076923076923
India,2020-06-08,-0.06791854826961019,0.0,0.34472525220282524,35,0.37142857142857144,0.5714285714285714
India,2020-06-09,-0.1444041236814641,0.0,0.38686317912957763,39,0.3333333333333333,0.6153846153846154
India,2020-06-10,-0.10724196573169963,0.0,0.3568990266514966,36,0.3611111111111111,0.6388888888888888
India,2020-06-11,-0.075108072489115,0.0,0.2827605174072755,29,0.3793103448275862,0.5517241379310345
India,2020-06-12,-0.12751319352924606,0.0,0.23171871470333105,32,0.21875,0.75
India,2020-06-13,-0.07935779480853845,0.0,0.35434787858992844,23,0.391304347826087,0.5652173913043478
India,2020-06-14,-0.06565313945871268,0.0,0.28904414660733196,18,0.3888888888888889,0.6111111111111112
India,2020-06-15,-0.21282007538304418,0.0,0.35167492279734136,39,0.28205128205128205,0.6410256410256411
India,2020-06-16,-0.2506581584061914,0.0,0.3522598416189071,28,0.21428571428571427,0.75
India,2020-06-17,-0.24968474823917444,0.0,0.41394739532102254,33,0.2727272727272727,0.7272727272727273
India,2020-06-18,-0.11460911452977864,0.0,0.35677902750965557,47,0.3191489361702128,0.6382978723404256
India,2020-06-19,-0.18140389057279216,0.0,0.3215180328050815,34,0.29411764705882354,0.6764705882352942
India,2020-06-20,-0.023000281707263034,0.0,0.40334998114029513,27,0.5555555555555556,0.4074074074074074
India,2020-06-21,-0.11427622497516518,0.0,0.3915530496744132,29,0.27586206896551724,0.6896551724137931
India,2020-06-22,-0.1410047024818474,0.0,0.29445299702563776,50,0.28,0.72
India,2020-06-23,-0.15120938688598837,0.0,0.2929619852597714,34,0.2647058823529412,0.7058823529411765
India,2020-06-24,-0.12753709242763472,0.0,0.3770025428153782,39,0.41025641025641024,0.5384615384615384
India,2020-06-25,-0.09081163740806161,0.0,0.29174736305563714,39,0.3076923076923077,0.5897435897435898
India,2020-06-26,-0.1954675014133717,0.0,0.23257158883520695,23,0.2608695652173913,0.7391304347826086
India,2020-06-27,-0.2313979214397868,0.0,0.2989825527457376,28,0.21428571428571427,0.75
India,2020-06-28,-0.2538630603645722,0.0,0.25178848841117124,34,0.17647058823529413,0.7941176470588235
India,2020-06-29,-0.19124735936094187,0.0,0.2995221852933557,31,0.22580645161290322,0.7419354838709677
India,2020-06-30,-0.2720424038934375,0.0,0.3893085234912059,37,0.24324324324324326,0.7297297297297297
India,2020-07-01,-0.11494381067539797,0.0,0.3441121772468193,30,0.3333333333333333,0.6333333333333333
India,2020-07-02,-0.13964807197481707,0.0,0.23780319312438833,30,0.3333333333333333,0.6333333333333333
India,2020-07-03,-0.13291588041016997,0.0,0.24837590390755496,30,0.26666666666666666,0.7333333333333333
India,2020-07-04,-0.05444192300996465,0.0,0.29650152004040553,28,0.35714285714285715,0.6428571428571429
India,2020-07-05,-0.23858499068299216,0.0,0.3336417289186273,28,0.2857142857142857,0.7142857142857143
India,2020-07-06,-0.13089166770926447,0.0,0.30500503398318485,49,0.3877551020408163,0.5714285714285714
India,2020-07-07,-0.0935887148054319,0.0,0.38958504511947223,31,0.3870967741935484,0.6129032258064516
India,2020-07-08,-0.07716867946622954,0.0,0.3552706312135308,33,0.48484848484848486,0.48484848484848486
India,2020-07-09,-0.08044625789809826,0.0,0.3628811571843395,33,0.3939393939393939,0.5757575757575758
India,2020-07-10,-0.050847262356523905,0.0,0.31748125192977594,30,0.4666666666666667,0.5333333333333333
India,2020-07-11,-0.11929266262043564,0.0,0.2903473703418607,29,0.3448275862068966,0.6551724137931034
India,2020-07-12,-0.1590156563256443,0.0,0.3121753315554919,24,0.25,0.6666666666666666
India,2020-07-13,-0.042678661516861095,0.0,0.2606630289744889,46,0.43478260869565216,0.5434782608695652
India,2020-07-14,-0.14793681494723543,0.0,0.2894281511252921,34,0.23529411764705882,0.6470588235294118
India,2020-07-15,-0.1040321752277557,0.0,0.32138527744975226,34,0.35294117647058826,0.6176470588235294
India,2020-07-16,-0.11972750008303223,0.0,0.2763284644014047,39,0.3333333333333333,0.6666666666666666
India,2020-07-17,-0.1614998515264309,0.0,0.3144358859107891,33,0.30303030303030304,0.696969696969697
India,2020-07-18,-0.07022948543798442,0.0,0.265142563099303,22,0.4090909090909091,0.5909090909090909
India,2020-07-19,-0.25552384150329444,0.0,0.3342648036882138,21,0.23809523809523808,0.7619047619047619
India,2020-07-20,-0.11912565237668607,0.0,0.35888632187803676,38,0.42105263157894735,0.5789473684210527
India,2020-07-21,-0.023245006062746685,0.0,0.2977438967673135,49,0.3673469387755102,0.5510204081632653
India,2020-07-22,-0.05749554878883682,0.0,0.33751881579838294,30,0.36666666666666664,0.6333333333333333
India,2020-07-23,-0.023174058830102047,0.0,0.3026964266517694,37,0.4594594594594595,0.5405405405405406
India,2020-07-24,-0.18628393839306015,0.0,0.3543702559944287,25,0.24,0.72
India,2020-07-25,-0.09979940743567087,0.0,0.3573223850862159,16,0.3125,0.6875
India,2020-07-26,-0.13092855167205245,0.0,0.3343739653517771,18,0.2777777777777778,0.7222222222222222
India,2020-07-27,-0.16807716147778504,0.0,0.3454171616539689,39,0.3076923076923077,0.6666666666666666
India,2020-07-28,-0.13726459704241706,0.0,0.30816217541799873,43,0.2558139534883721,0.6976744186046512
India,2020-07-29,-0.12054375018862198,0.0,0.2660102986758495,31,0.3548387096774194,0.5483870967741935
India,2020-07-30,-0.12370875362571179,0.0,0.23264334767674955,38,0.23684210526315788,0.6578947368421053
India,2020-07-31,-0.02065630146263913,0.0,0.31699377457082106,32,0.5,0.40625
India,2020-08-01,-0.028190528807451834,0.0,0.2901605715281663,30,0.26666666666666666,0.6333333333333333
India,2020-08-02,-0.22782091030392987,0.0,0.22798507630546103,20,0.15,0.85
India,2020-08-03,-0.14324906975001203,0.0,0.3447794662923859,31,0.2903225806451613,0.6774193548387096
India,2020-08-04,-0.1049302580581588,0.0,0.340731352662059,35,0.42857142857142855,0.5714285714285714
India,2020-08-05,-0.07488501068293832,0.0,0.24228381589397532,43,0.4418604651162791,0.5348837209302325
India,2020-08-06,-0.1559283877758465,0.0,0.38101692143178373,27,0.2962962962962963,0.7037037037037037
India,2020-08-07,-0.19564262268459875,0.0,0.3725116077126217,32,0.34375,0.65625
India,2020-08-08,-0.18643586413423324,0.0,0.34744604549256924,31,0.22580645161290322,0.7741935483870968
India,2020-08-09,-0.026151665233530744,0.0,0.2586807145701679,22,0.45454545454545453,0.45454545454545453
India,2020-08-10,-0.12574238741040714,0.0,0.3575278546383287,44,0.3409090909090909,0.6590909090909091
India,2020-08-11,-0.04612086994010628,0.0,0.35988307530217784,42,0.3333333333333333,0.6190476190476191
India,2020-08-12,-0.07960455962843321,0.0,0.28765929097243703,44,0.38636363636363635,0.5909090909090909
India,2020-08-13,-0.1151102109991237,0.0,0.2887129720923217,41,0.2682926829268293,0.7073170731707317
India,2020-08-14,-0.07030292002152304,0.0,0.3363245972159693,32,0.375,0.625
India,2020-08-15,-0.0925702354249255,0.0,0.20322220811058428,24,0.2916666666666667,0.7083333333333334
India,2020-08-16,-0.10077875372497169,0.0,0.2505498330886082,27,0.37037037037037035,0.6296296296296297
India,2020-08-17,-0.006788011914085459,0.0,0.32400349413280055,38,0.42105263157894735,0.5526315789473685
India,2020-08-18,0.00223666969103941,0.0,0.3279640051298074,33,0.42424242424242425,0.5454545454545454
India,2020-08-19,-0.05826696770816747,0.0,0.2618382396113501,33,0.42424242424242425,0.5454545454545454
India,2020-08-20,-0.07626881724951771,0.0,0.35824449564117944,43,0.37209302325581395,0.6046511627906976
India,2020-08-21,-0.041399193908819305,0.0,0.45988526195510854,48,0.3958333333333333,0.5625
India,2020-08-22,-0.14227028451643656,0.0,0.35101209874105904,24,0.4166666666666667,0.5833333333333334
India,2020-08-23,-0.06549081174635316,0.0,0.49322892912623584,13,0.38461538461538464,0.6153846153846154
India,2020-08-24,-0.005333760390939948,0.0,0.2889297085674403,26,0.46153846153846156,0.5
India,2020-08-25,0.000253204564062699,0.0,0.272715150083917,50,0.5,0.46
India,2020-08-26,-0.09554683290559905,0.0,0.33348083823537306,25,0.32,0.64
India,2020-08-27,-0.11565595332181032,0.0,0.3068609755088122,24,0.3333333333333333,0.5833333333333334
India,2020-08-28,-0.12605970497163543,0.0,0.33819696842218216,38,0.23684210526315788,0.7631578947368421
India,2020-08-29,-0.16095357852144276,0.0,0.31690383229711444,22,0.36363636363636365,0.5454545454545454
India,2020-08-30,-0.20218369452539034,0.0,0.30864962230002396,18,0.2777777777777778,0.7222222222222222
India,2020-08-31,-0.042756903285505056,0.0,0.35268421195630145,40,0.375,0.6
India,2020-09-01,-0.06780037387103499,0.0,0.3516608978766145,32,0.40625,0.53125
India,2020-09-02,-0.16525870303504028,0.0,0.28680248841319844,38,0.34210526315789475,0.6578947368421053
India,2020-09-03,-0.07686817592560236,0.0,0.3276201703497949,44,0.36363636363636365,0.5909090909090909
India,2020-09-04,-0.08915918313455003,0.0,0.28354264090620873,41,0.4146341463414634,0.5609756097560976
India,2020-09-05,-0.11351943632056555,0.0,0.3066312198479927,29,0.3793103448275862,0.6206896551724138
India,2020-09-06,-0.05538421580435577,0.0,0.36996634397432315,31,0.3870967741935484,0.5806451612903226
India,2020-09-07,-0.10314279496204702,0.0,0.2590908839145482,37,0.35135135135135137,0.6486486486486487
India,2020-09-08,-0.13421622563455,0.0,0.3354500218330104,40,0.325,0.675
India,2020-09-09,-0.2105427059781149,0.0,0.36965935002243994,57,0.2982456140350877,0.7017543859649122
India,2020-09-10,-0.04267510959768895,0.0,0.3803342071002813,51,0.43137254901960786,0.5098039215686274
India,2020-09-11,-0.0954887422836147,0.0,0.32613364684394613,27,0.4074074074074074,0.5925925925925926
India,2020-09-12,-0.1609713886039393,0.0,0.40682824627518355,22,0.36363636363636365,0.6363636363636364
India,2020-09-13,-0.17145452707206157,0.0,0.2814584531679068,34,0.29411764705882354,0.6764705882352942
India,2020-09-14,-0.18046543120672934,0.0,0.38506864653973855,33,0.3939393939393939,0.6060606060606061
India,2020-09-15,-0.006848546338668925,0.0,0.342768235350431,36,0.5277777777777778,0.4722222222222222
India,2020-09-16,-0.07512619509909525,0.0,0.22665446216915228,35,0.37142857142857144,0.5714285714285714
India,2020-09-17,0.04533447900548359,0.0,0.387008130300952,36,0.4722222222222222,0.4722222222222222
India,2020-09-18,-0.10785580074846236,0.0,0.2810282494823249,35,0.4,0.5428571428571428
India,2020-09-19,-0.30153680968827784,0.0,0.2400416363085341,14,0.07142857142857142,0.9285714285714286
India,2020-09-20,-0.16321658845262776,0.0,0.30317039537589513,13,0.38461538461538464,0.6153846153846154
India,2020-09-21,-0.10998534186166133,0.0,0.2819843865447281,34,0.4411764705882353,0.5588235294117647
India,2020-09-22,-0.07333932091485955,0.0,0.3312682850459924,39,0.41025641025641024,0.5641025641025641
India,2020-09-23,-0.12302110921499042,0.0,0.2834460660604606,45,0.4,0.5777777777777777
India,2020-09-24,-0.009567935953490182,0.0,0.3074518877284722,32,0.4375,0.5
India,2020-09-25,-0.09732765874299963,0.0,0.3820855247332507,26,0.38461538461538464,0.6153846153846154
India,2020-09-26,-0.17299586218132254,0.0,0.3897186828820183,19,0.2631578947368421,0.6842105263157895
India,2020-09-27,-0.09639358314938684,0.0,0.3131803755190997,24,0.2916666666666667,0.7083333333333334
India,2020-09-28,-0.023530644423078104,0.0,0.3717129185139926,31,0.45161290322580644,0.5161290322580645
India,2020-09-29,-0.1764415198584499,0.0,0.36922140125829267,38,0.3684210526315789,0.631578947368421
India,2020-09-30,-0.04609790568597515,0.0,0.3399453551561188,27,0.4074074074074074,0.5555555555555556
India,2020-10-01,-0.1338411996748306,0.0,0.29446685991217236,67,0.373134328358209,0.5671641791044776
India,2020-10-02,-0.10608862366733021,0.0,0.37060455218565014,50,0.38,0.6
India,2020-10-03,-0.1972719804333743,0.0,0.400249447106742,17,0.4117647058823529,0.5882352941176471
India,2020-10-04,-0.04798539184305583,0.0,0.3693173082871749,21,0.6190476190476191,0.3333333333333333
India,2020-10-05,0.040096662742159,0.0,0.30678151000226483,35,0.5714285714285714,0.42857142857142855
India,2020-10-06,-0.09001289951410137,0.0,0.37125164275262745,42,0.3333333333333333,0.6428571428571429
India,2020-10-07,-0.06831874774925344,0.0,0.3773684489539178,34,0.4411764705882353,0.5
India,2020-10-08,-0.1224713242161154,0.0,0.3419836891938998,46,0.34782608695652173,0.6304347826086957
India,2020-10-09,0.002702399553583891,0.0,0.317908442409976,19,0.47368421052631576,0.47368421052631576
India,2020-10-10,-0.04527979783008048,0.0,0.2633588127896502,35,0.42857142857142855,0.5714285714285714
India,2020-10-11,-0.11383037755819836,0.0,0.35221212275837466,40,0.45,0.55
India,2020-10-12,-0.0010193726342559606,0.0,0.3780878891765257,40,0.45,0.5
India,2020-10-13,-0.06960106758999077,0.0,0.32739118289518404,42,0.4523809523809524,0.5476190476190477
India,2020-10-14,-0.10919898566188146,0.0,0.35754902987189063,42,0.38095238095238093,0.5476190476190477
India,2020-10-15,-0.15145542937166823,0.0,0.31940681440244023,55,0.41818181818181815,0.5818181818181818
India,2020-10-16,-0.18648909331034277,0.0,0.40713823032670077,13,0.38461538461538464,0.6153846153846154
India,2020-10-17,-0.08882742443922455,0.0,0.35153118502583003,35,0.37142857142857144,0.6
India,2020-10-18,-0.194075582931972,0.0,0.3010351152635724,30,0.26666666666666666,0.7
India,2020-10-19,-0.10922281155854616,0.0,0.3365420270456704,32,0.34375,0.59375
India,2020-10-20,-0.07411260876031749,0.0,0.3678647106725076,41,0.36585365853658536,0.5853658536585366
India,2020-10-21,-0.05025172142423588,0.0,0.30232621020466266,37,0.5135135135135135,0.4864864864864865
India,2020-10-22,-0.05443899657184337,0.0,0.38358772102421973,30,0.4666666666666667,0.5333333333333333
India,2020-10-23,-0.15015904091590584,0.0,0.358292495259406,12,0.4166666666666667,0.5833333333333334
India,2020-10-24,-0.26651368678479637,0.0,0.45229092320427294,17,0.23529411764705882,0.7647058823529411
India,2020-10-25,-0.055959966574343836,0.0,0.3530870819613061,22,0.36363636363636365,0.5909090909090909
India,2020-10-26,-0.026517232661666418,0.0,0.4019096468875216,21,0.5238095238095238,0.47619047619047616
India,2020-10-27,-0.048192728932139245,0.0,0.303825637724243,36,0.4722222222222222,0.5277777777777778
India,2020-10-28,-0.028488834461668402,0.0,0.3406733343317668,32,0.53125,0.4375
India,2020-10-29,-0.13047404602360888,0.0,0.31925197219827167,31,0.3225806451612903,0.6451612903225806
India,2020-10-30,-0.03211065118282703,0.0,0.4559726059664669,15,0.4666666666666667,0.4666666666666667
India,2020-10-31,-0.11389033215587291,0.0,0.36679638022253325,11,0.2727272727272727,0.6363636363636364
India,2020-11-01,-0.037390151125336474,0.0,0.3571282169737761,25,0.48,0.52
India,2020-11-02,-0.05042994767694907,0.0,0.2942022659713357,37,0.5135135135135135,0.3783783783783784
India,2020-11-03,-0.07973081510767345,0.0,0.2765432878951383,32,0.40625,0.5625
India,2020-11-04,-0.14805881543052798,0.0,0.38224009679729354,35,0.37142857142857144,0.6
India,2020-11-05,0.06337493977382277,0.0,0.3076635728825703,27,0.48148148148148145,0.48148148148148145
India,2020-11-06,-0.1601766788961984,0.0,0.3455442943042772,16,0.3125,0.5625
India,2020-11-07,-0.06183161009672087,0.0,0.2728523831902685,3,0.6666666666666666,0.3333333333333333
India,2020-11-08,-0.09237083197313069,0.0,0.2825548791378917,22,0.45454545454545453,0.5454545454545454
India,2020-11-09,-0.13048489333740082,0.0,0.32389106313935634,32,0.375,0.625
India,2020-11-10,0.07951024819433401,0.0,0.20389221462998672,18,0.6111111111111112,0.3333333333333333
India,2020-11-11,-0.05123880092505711,0.0,0.28269722445697965,22,0.3181818181818182,0.6363636363636364
India,2020-11-12,-0.021738380187768,0.0,0.3003872837734194,21,0.6190476190476191,0.38095238095238093
India,2020-11-13,0.1228689080045208,0.0,0.3558145865934902,14,0.5714285714285714,0.42857142857142855
India,2020-11-14,-0.14518410355039565,0.0,0.4706999664412954,4,0.75,0.25
India,2020-11-15,-0.15636932550773724,0.0,0.43127144524987227,9,0.3333333333333333,0.5555555555555556
India,2020-11-16,-0.12949182093130077,0.0,0.32466889815309846,20,0.3,0.7
India,2020-11-17,0.0021033989826933427,0.0,0.3971694421557489,20,0.6,0.35
India,2020-11-18,0.01858822728749393,0.0,0.2985285058582932,55,0.4727272727272727,0.4909090909090909
India,2020-11-19,0.006500160591640494,0.0,0.31532617375100735,74,0.5,0.44594594594594594
India,2020-11-20,-0.006574445080699906,0.0,0.3162198886178326,72,0.4583333333333333,0.4444444444444444
India,2020-11-21,-0.09998230946794052,0.0,0.3073562402590018,41,0.36585365853658536,0.6341463414634146
India,2020-11-22,-0.08481736818980241,0.0,0.2660025194936911,41,0.3902439024390244,0.5853658536585366
India,2020-11-23,-0.07841980520740403,0.0,0.34039284259323843,53,0.41509433962264153,0.5471698113207547
India,2020-11-24,-0.033847695759487574,0.0,0.2948870189351241,53,0.4716981132075472,0.5094339622641509
India,2020-11-25,-0.07378978795974746,0.0,0.38253748703861723,39,0.41025641025641024,0.5641025641025641
India,2020-11-26,-0.004398977835007964,0.0,0.3464175434514264,41,0.5365853658536586,0.43902439024390244
India,2020-11-27,0.018964302417663968,0.0,0.2831516915619656,37,0.4594594594594595,0.5135135135135135
India,2020-11-28,-0.0920880719584376,0.0,0.3484677349972542,43,0.27906976744186046,0.6976744186046512
India,2020-11-29,0.003878606609413637,0.0,0.33163437401788914,28,0.5357142857142857,0.4642857142857143
India,2020-11-30,-0.01261385490471209,0.0,0.28878945207744877,66,0.4090909090909091,0.5151515151515151
India,2020-12-01,-0.011206601371061104,0.0,0.3915282255613437,21,0.42857142857142855,0.5714285714285714
India,2020-12-02,0.020862126232939752,0.0,0.23890485853096283,44,0.5454545454545454,0.4318181818181818
India,2020-12-03,-0.0010199294366034766,0.0,0.35471299415430313,51,0.37254901960784315,0.5490196078431373
India,2020-12-04,-0.03623517473806488,0.0,0.3101218450775852,37,0.40540540540540543,0.5135135135135135
India,2020-12-05,-0.11933168216898253,0.0,0.39191613398420916,23,0.34782608695652173,0.6086956521739131
India,2020-12-06,-0.0693930907411266,0.0,0.2934171824180481,24,0.375,0.5416666666666666
India,2020-12-07,-0.03757347384740162,0.0,0.2661436828117743,40,0.4,0.55
India,2020-12-08,-0.14774372425528157,0.0,0.38163981728616625,48,0.3958333333333333,0.6041666666666666
India,2020-12-09,-0.0613608042797249,0.0,0.3352939099710946,44,0.45454545454545453,0.5
India,2020-12-10,-0.10276851149235426,0.0,0.3766149854355998,43,0.3953488372093023,0.5813953488372093
India,2020-12-11,-0.1436371289805113,0.0,0.3844912446632731,26,0.38461538461538464,0.5769230769230769
India,2020-12-12,-0.05129295734829258,0.0,0.3559257796882373,37,0.3783783783783784,0.6216216216216216
India,2020-12-13,-0.16645058310846372,0.0,0.265015702734388,19,0.2631578947368421,0.6842105263157895
India,2020-12-14,-0.11176527154807489,0.0,0.33489641535219034,30,0.3333333333333333,0.6
India,2020-12-15,-0.04304694702482415,0.0,0.37242990937166043,32,0.34375,0.65625
India,2020-12-16,0.03062764598605483,0.0,0.33205916095197957,33,0.48484848484848486,0.5151515151515151
India,2020-12-17,0.005488955906304686,0.0,0.2985498796245345,39,0.4358974358974359,0.5384615384615384
India,2020-12-18,-0.10112483592518806,0.0,0.2949212971047778,35,0.34285714285714286,0.6285714285714286
India,2020-12-19,-0.032595056703579976,0.0,0.21904404319715193,20,0.35,0.6
India,2020-12-20,-0.11641407343071744,0.0,0.3153235943335526,20,0.35,0.6
India,2020-12-21,-0.12085026703168968,0.0,0.33853399596933714,39,0.38461538461538464,0.5641025641025641
India,2020-12-22,-0.05380423465130255,0.0,0.29991261090867244,35,0.45714285714285713,0.5142857142857142
India,2020-12-23,-0.12809816934105206,0.0,0.3377454166814322,27,0.3333333333333333,0.6666666666666666
India,2020-12-24,-0.0010310823390362336,0.0,0.26057367240832585,40,0.625,0.35
India,2020-12-25,-0.19323478541690334,0.0,0.35932396042577847,21,0.2857142857142857,0.7142857142857143
India,2020-12-26,0.03197068809048496,0.0,0.29907084694205877,19,0.47368421052631576,0.5263157894736842
India,2020-12-27,-0.10881668167815257,0.0,0.36796462141729935,20,0.4,0.6
India,2020-12-28,0.03617613165158296,0.0,0.4257374709495988,30,0.5666666666666667,0.4
India,2020-12-29,-0.16513037760569074,0.0,0.24474810155767415,30,0.2,0.6666666666666666
India,2020-12-30,-0.12392239444281261,0.0,0.26635446090610626,35,0.3142857142857143,0.6857142857142857
India,2020-12-31,-0.14957883259764504,0.0,0.2575154768006366,38,0.23684210526315788,0.7631578947368421
India,2021-01-01,-0.10073525263651872,0.0,0.30921016359746156,16,0.3125,0.625
India,2021-01-02,-0.08319312707056725,0.0,0.32690925186556513,28,0.32142857142857145,0.6428571428571429
India,2021-01-03,-0.13068429274011498,0.0,0.3855005262441756,33,0.3333333333333333,0.6363636363636364
India,2021-01-04,-0.11329499605989604,0.0,0.2830874837846272,35,0.3142857142857143,0.6571428571428571
India,2021-01-05,-0.08525373174040318,0.0,0.31934538444598815,48,0.4166666666666667,0.5833333333333334
India,2021-01-06,-0.14469116826478715,0.0,0.2790177910910231,41,0.2682926829268293,0.6829268292682927
India,2021-01-07,-0.07456958453712982,0.0,0.2877853155007746,27,0.4074074074074074,0.5185185185185185
India,2021-01-08,-0.07765908807494216,0.0,0.3940806625164592,40,0.4,0.575
India,2021-01-09,-0.2015129750808833,0.0,0.4165937370450999,26,0.2692307692307692,0.6538461538461539
India,2021-01-10,-0.14877544037666857,0.0,0.37401103182010376,28,0.39285714285714285,0.6071428571428571
India,2021-01-11,-0.1412659824610628,0.0,0.3064277029809852,40,0.35,0.625
India,2021-01-12,-0.08573317942141712,0.0,0.2995382257466206,30,0.43333333333333335,0.5
India,2021-01-13,-0.018568223462460787,0.0,0.3517836742983786,36,0.4444444444444444,0.5277777777777778
India,2021-01-14,-0.09302047338705123,0.0,0.31244571251029685,35,0.45714285714285713,0.5142857142857142
India,2021-01-15,0.0636413665928563,0.0,0.3474728597585352,26,0.5769230769230769,0.34615384615384615
India,2021-01-16,-0.021482364054248592,0.0,0.3659089066134732,27,0.5185185185185185,0.48148148148148145
India,2021-01-17,-0.13179447681711415,0.0,0.2472239369580337,25,0.36,0.6
India,2021-01-18,0.02965172627596778,0.0,0.31182870555244974,34,0.4117647058823529,0.47058823529411764
India,2021-01-19,-0.04481763491896445,0.0,0.3769273899685454,34,0.38235294117647056,0.5294117647058824
India,2021-01-20,-0.06507307407550715,0.0,0.3077499825489207,40,0.45,0.55
India,2021-01-21,-0.07096944185469264,0.0,0.38270033685044624,36,0.4166666666666667,0.5
India,2021-01-22,-0.09410387882970972,0.0,0.3884055508197698,43,0.37209302325581395,0.6046511627906976
India,2021-01-23,-0.14388457295043594,0.0,0.34954841419827365,20,0.3,0.65
India,2021-01-24,-0.19122405250979607,0.0,0.3347533069570527,23,0.2608695652173913,0.7391304347826086
India,2021-01-25,-0.07031398670757916,0.0,0.2919233487636036,34,0.47058823529411764,0.5294117647058824
India,2021-01-26,-0.15160016223208567,0.0,0.23771674013360344,34,0.20588235294117646,0.7647058823529411
India,2021-01-27,-0.016596030496217516,0.0,0.3339679588016694,38,0.47368421052631576,0.5263157894736842
India,2021-01-28,-0.08427393527828418,0.0,0.34924388861577693,43,0.4418604651162791,0.5581395348837209
India,2021-01-29,-0.048323348545651665,0.0,0.2935016966436598,41,0.3902439024390244,0.5365853658536586
India,2021-01-30,-0.13323214779532513,0.0,0.29684771970771,19,0.3157894736842105,0.6842105263157895
India,2021-01-31,-0.08314280978282561,0.0,0.3838846773007481,20,0.45,0.55
India,2021-02-01,0.004065815509271245,0.0,0.35299629028857277,36,0.5,0.4444444444444444
India,2021-02-02,-0.08950234167300423,0.0,0.2802998252727004,32,0.3125,0.59375
India,2021-02-03,-0.006000629004402626,0.0,0.3127520076835779,40,0.5,0.5
India,2021-02-04,-0.04537971599207618,0.0,0.2358514114070542,51,0.4117647058823529,0.5686274509803921
India,2021-02-05,-0.09593637769156844,0.0,0.3897124845634362,29,0.41379310344827586,0.5517241379310345
India,2021-02-06,-0.11982436432513187,0.0,0.4535529044144493,26,0.34615384615384615,0.5384615384615384
India,2021-02-07,-0.23006182920438328,0.0,0.31204649336270485,47,0.1276595744680851,0.8723404255319149
India,2021-02-08,-0.18116985709278,0.0,0.34885340420446903,63,0.3492063492063492,0.6507936507936508
India,2021-02-09,-0.11399640991109183,0.0,0.3184475905154563,42,0.35714285714285715,0.5952380952380952
India,2021-02-10,-0.05479093940568138,0.0,0.3082181338718706,49,0.42857142857142855,0.4489795918367347
India,2021-02-11,0.003648605905788158,0.0,0.3091364820703919,32,0.40625,0.5
India,2021-02-12,-0.025585399994423372,0.0,0.3737055847256193,26,0.5384615384615384,0.46153846153846156
India,2021-02-13,0.006583656800099293,0.0,0.34647584623443006,21,0.38095238095238093,0.5714285714285714
India,2021-02-14,-0.34039685279176957,0.0,0.3967731664446792,18,0.2222222222222222,0.7777777777777778
India,2021-02-15,-0.0927671832119724,0.0,0.3123184486676332,48,0.3541666666666667,0.625
India,2021-02-16,-0.09623291334619659,0.0,0.343689694849951,46,0.3695652173913043,0.6304347826086957
India,2021-02-17,-0.07915143617879168,0.0,0.29553972191981853,39,0.41025641025641024,0.5641025641025641
India,2021-02-18,-0.11398187546669857,0.0,0.3561015529237068,35,0.4,0.6
India,2021-02-19,-0.00021914976377025513,0.0,0.28303970563286224,47,0.5106382978723404,0.425531914893617
India,2021-02-20,-0.20744875908510144,0.0,0.22732594039378035,24,0.125,0.875
India,2021-02-21,-0.036746860100384,0.0,0.336293069205646,13,0.46153846153846156,0.46153846153846156
India,2021-02-22,-0.12321097031960586,0.0,0.2803071660517109,38,0.2894736842105263,0.7105263157894737
India,2021-02-23,-0.13898262813885887,0.0,0.3535308628348802,42,0.38095238095238093,0.5714285714285714
India,2021-02-24,-0.058228655801601165,0.0,0.3565321331771009,44,0.38636363636363635,0.5909090909090909
India,2021-02-25,0.06781490156624916,0.0,0.3147376711997357,30,0.5666666666666667,0.36666666666666664
India,2021-02-26,-0.057706298333768634,0.0,0.22808117583576393,44,0.3409090909090909,0.5454545454545454
India,2021-02-27,-0.1177620932767568,0.0,0.264621355724629,24,0.4166666666666667,0.5416666666666666
India,2021-02-28,-0.08101636487444083,0.0,0.3567336268774489,14,0.42857142857142855,0.5714285714285714
India,2021-03-01,-0.059158074301510974,0.0,0.3329206095056135,36,0.3611111111111111,0.5555555555555556
India,2021-03-02,-0.07229218192113249,0.0,0.32637801987475507,31,0.45161290322580644,0.5483870967741935
India,2021-03-03,-0.09567164753647164,0.0,0.3376851411128195,27,0.4074074074074074,0.5555555555555556
India,2021-03-04,-0.04975380645838549,0.0,0.256308270203162,31,0.45161290322580644,0.5161290322580645
India,2021-03-05,-0.11666838633185046,0.0,0.3720700889443336,41,0.3902439024390244,0.5853658536585366
India,2021-03-06,0.013377639873311222,0.0,0.2672523866622802,23,0.34782608695652173,0.5652173913043478
India,2021-03-07,-0.028717290270104064,0.0,0.2807944254339467,17,0.5882352941176471,0.4117647058823529
India,2021-03-08,-0.026578901350196145,0.0,0.3350633282122944,39,0.5128205128205128,0.46153846153846156
India,2021-03-09,-0.030351624840181377,0.0,0.32408703630161134,49,0.5102040816326531,0.4489795918367347
India,2021-03-10,-0.08517811507753088,0.0,0.31169429561093265,53,0.39622641509433965,0.5849056603773585
India,2021-03-11,-0.02095475736335635,0.0,0.2769425736491012,32,0.40625,0.5625
India,2021-03-12,-0.19108455043334135,0.0,0.2684816551861885,27,0.2222222222222222,0.7777777777777778
India,2021-03-13,-0.14756983392761308,0.0,0.28628328312843565,21,0.2857142857142857,0.7142857142857143
India,2021-03-14,-0.0016702629376640638,0.0,0.25981830747897083,21,0.47619047619047616,0.5238095238095238
India,2021-03-15,0.03317175645249203,0.0,0.2506764799037851,41,0.5365853658536586,0.3902439024390244
India,2021-03-16,-0.062087162730059105,0.0,0.2754074835046676,39,0.38461538461538464,0.5641025641025641
India,2021-03-17,-0.16196795817784027,0.0,0.36162586921717377,41,0.36585365853658536,0.6097560975609756
India,2021-03-18,0.011940336703410175,0.0,0.30916134536512213,33,0.3333333333333333,0.6363636363636364
India,2021-03-19,-0.09888611822992259,0.0,0.24725806452441582,33,0.36363636363636365,0.5757575757575758
India,2021-03-20,-0.0750514451029401,0.0,0.31833007594842,37,0.40540540540540543,0.5405405405405406
India,2021-03-21,0.0993853731208896,0.0,0.37710364985800965,13,0.6923076923076923,0.3076923076923077
India,2021-03-22,0.0533970810312671,0.0,0.26799877026778374,23,0.5652173913043478,0.391304347826087
India,2021-03-23,-0.07307701835085821,0.0,0.38238620563083664,27,0.37037037037037035,0.5555555555555556
India,2021-03-24,-0.02341963871014733,0.0,0.3794451411571315,35,0.5142857142857142,0.4857142857142857
India,2021-03-25,-0.13942619771188314,0.0,0.3080252155816692,32,0.28125,0.71875
India,2021-03-26,-0.038782141484192754,0.0,0.27572919557468745,45,0.4444444444444444,0.5555555555555556
India,2021-03-27,-0.14626086718407422,0.0,0.27073891840728126,27,0.2962962962962963,0.7037037037037037
India,2021-03-28,-0.007077316641748375,0.0,0.3845455339199344,21,0.3333333333333333,0.6190476190476191
India,2021-03-29,-0.15890514296295224,0.0,0.34959069248336194,29,0.3448275862068966,0.6551724137931034
India,2021-03-30,-0.03779107768855108,0.0,0.19579431147983725,43,0.4186046511627907,0.4883720930232558
India,2021-03-31,0.023236439097051913,0.0,0.20952116489210154,33,0.5151515151515151,0.42424242424242425
India,2021-04-01,-0.09196079865097272,0.0,0.2925035508916956,47,0.44680851063829785,0.48936170212765956
India,2021-04-02,-0.06707586935146075,0.0,0.32793652080125385,23,0.391304347826087,0.6086956521739131
India,2021-04-03,-0.19424474388384513,0.0,0.2557553298223871,18,0.2222222222222222,0.7222222222222222
India,2021-04-04,-0.17473791006877118,0.0,0.38016290207347836,25,0.32,0.64
India,2021-04-05,-0.0294053414004903,0.0,0.39453156384738575,32,0.375,0.59375
India,2021-04-06,-0.015905527971892094,0.0,0.3141324692358099,43,0.4418604651162791,0.4883720930232558
India,2021-04-07,0.14041855741648707,0.0,0.2828774727169687,35,0.7142857142857143,0.2571428571428571
India,2021-04-08,-0.04686163399081948,0.0,0.3021575706165053,29,0.41379310344827586,0.5862068965517241
India,2021-04-09,-0.11412559157589415,0.0,0.3020969239529885,21,0.19047619047619047,0.6190476190476191
India,2021-04-10,-0.02757963838404793,0.0,0.20518989049793326,16,0.375,0.5625
India,2021-04-11,0.048457505728676145,0.0,0.18759819740737452,17,0.5882352941176471,0.4117647058823529
India,2021-04-12,-0.013501314894185903,0.0,0.30710204417302883,32,0.40625,0.59375
India,2021-04-13,0.0004268595240991677,0.0,0.3275641443756238,34,0.5,0.38235294117647056
India,2021-04-14,-0.13677691993522156,0.0,0.2424386811360793,31,0.22580645161290322,0.7419354838709677
India,2021-04-15,0.05662953661225579,0.0,0.31147249092238727,41,0.4634146341463415,0.4634146341463415
India,2021-04-16,-0.027688356197290546,0.0,0.35171909106758387,30,0.4666666666666667,0.4666666666666667
India,2021-04-17,-0.008995994208820886,0.0,0.3117815949842883,15,0.5333333333333333,0.4666666666666667
India,2021-04-18,-0.02658973496467255,0.0,0.2504470267527311,25,0.52,0.48
India,2021-04-19,-0.0773112145753393,0.0,0.2726638463427874,34,0.3235294117647059,0.6176470588235294
India,2021-04-20,-0.07674769384386988,0.0,0.2073391777496585,35,0.3142857142857143,0.6571428571428571
India,2021-04-21,-0.03678878245718123,0.0,0.3200747454344352,42,0.40476190476190477,0.5714285714285714
India,2021-04-22,-0.03712460909814888,0.0,0.24671950886705626,75,0.38666666666666666,0.56
India,2021-04-23,-0.06821238894256072,0.0,0.219812344058384,47,0.3191489361702128,0.6382978723404256
India,2021-04-24,-0.16112077328712135,0.0,0.345209863543403,29,0.3103448275862069,0.6551724137931034
India,2021-04-25,-0.07957596977260135,0.0,0.3156023326165277,23,0.43478260869565216,0.5652173913043478
India,2021-04-26,-0.038198283974679295,0.0,0.28529084160861606,38,0.5,0.47368421052631576
India,2021-04-27,-0.1259130007812983,0.0,0.2720683523293525,33,0.24242424242424243,0.696969696969697
India,2021-04-28,-0.12797022613937367,0.0,0.3201447796498454,52,0.4423076923076923,0.5576923076923077
India,2021-04-29,-0.11118714180220123,0.0,0.343404907770819,44,0.36363636363636365,0.6136363636363636
India,2021-04-30,-0.10926338946127619,0.0,0.24756504087861855,34,0.35294117647058826,0.6176470588235294
India,2021-05-01,-0.02601258954974429,0.0,0.30028394002440545,18,0.5,0.4444444444444444
India,2021-05-02,-0.16368132377307812,0.0,0.23876048682233145,21,0.2857142857142857,0.6666666666666666
India,2021-05-03,-0.09524143643709482,0.0,0.2863258106574013,45,0.4,0.5555555555555556
India,2021-05-04,-0.11802360978130638,0.0,0.32138642221880653,33,0.24242424242424243,0.6666666666666666
India,2021-05-05,-0.060721459348184174,0.0,0.2788580161393415,43,0.4186046511627907,0.5813953488372093
India,2021-05-06,-0.028953477801996648,0.0,0.27255054657112765,29,0.41379310344827586,0.5517241379310345
India,2021-05-07,-0.06634012282171292,0.0,0.2978508600020859,60,0.43333333333333335,0.5666666666666667
India,2021-05-08,0.04880435440164632,0.0,0.3609319113990292,34,0.6764705882352942,0.3235294117647059
India,2021-05-09,-0.17143590138837397,0.0,0.3746572009052462,22,0.4090909090909091,0.5909090909090909
India,2021-05-10,-0.049090402847519504,0.0,0.3559075208766984,42,0.4523809523809524,0.5
India,2021-05-11,-0.0838147050807583,0.0,0.32358096181835116,49,0.32653061224489793,0.6530612244897959
India,2021-05-12,-0.2461885633939282,0.0,0.29925944798213494,34,0.17647058823529413,0.7941176470588235
India,2021-05-13,-0.0027808991190344094,0.0,0.24286031299050956,29,0.5172413793103449,0.4827586206896552
India,2021-05-14,-0.19579685329737076,0.0,0.2932955640408481,39,0.20512820512820512,0.6923076923076923
India,2021-05-15,-0.05385248154078347,0.0,0.27324105237221363,19,0.3684210526315789,0.631578947368421
India,2021-05-16,-0.15394276984534824,0.0,0.2577880605813502,28,0.2857142857142857,0.6785714285714286
India,2021-05-17,-0.0669975779017969,0.0,0.3279074007724234,40,0.325,0.625
India,2021-05-18,-0.1414389144433229,0.0,0.38647339224830535,41,0.3170731707317073,0.6829268292682927
India,2021-05-19,-0.0990604734493213,0.0,0.3285537063994159,39,0.38461538461538464,0.6153846153846154
India,2021-05-20,-0.15695558803109122,0.0,0.26971000523216315,32,0.28125,0.6875
India,2021-05-21,-0.16122464716015442,0.0,0.2406177141377788,34,0.17647058823529413,0.7941176470588235
India,2021-05-22,-0.13699301554520746,0.0,0.2744501788844202,22,0.2727272727272727,0.7272727272727273
India,2021-05-23,-0.08820388787069841,0.0,0.3724121481122621,22,0.4090909090909091,0.5909090909090909
India,2021-05-24,-0.06112694673499274,0.0,0.2635998492073213,27,0.3333333333333333,0.6296296296296297
India,2021-05-25,-0.0994659935053559,0.0,0.3272933992921747,36,0.3611111111111111,0.6111111111111112
India,2021-05-26,-0.021810377673987538,0.0,0.48987019580890556,30,0.5,0.5
India,2021-05-27,-0.16735855875051622,0.0,0.2991170419853412,34,0.3235294117647059,0.6470588235294118
India,2021-05-28,-0.12112166421424679,0.0,0.40805867489002323,25,0.32,0.68
India,2021-05-29,-0.10679657488938878,0.0,0.3297239365662594,22,0.4090909090909091,0.5
India,2021-05-30,-0.15464911341179696,0.0,0.31462683211278647,19,0.2631578947368421,0.6842105263157895
India,2021-05-31,-0.10138893233295837,0.0,0.3567196652608005,32,0.375,0.625
India,2021-06-01,-0.11492294058064231,0.0,0.2509921225413987,44,0.3181818181818182,0.6818181818181818
India,2021-06-02,-0.020879572175304544,0.0,0.24353246326781092,52,0.4423076923076923,0.5
India,2021-06-03,-0.15734502159134786,0.0,0.3614734998424861,36,0.3055555555555556,0.6388888888888888
India,2021-06-04,0.0010019323583625216,0.0,0.2811894084883137,38,0.5263157894736842,0.4473684210526316
India,2021-06-05,-0.13197194380944494,0.0,0.3364099969506865,27,0.37037037037037035,0.6296296296296297
India,2021-06-06,-0.03693413110771665,0.0,0.29661766910183807,28,0.5,0.5
India,2021-06-07,-0.13455201252730675,0.0,0.23291025978312363,34,0.2647058823529412,0.7352941176470589
India,2021-06-08,-0.055845528209253086,0.0,0.32093374267223757,39,0.41025641025641024,0.5641025641025641
India,2021-06-09,-0.07593466626579876,0.0,0.2902504312940927,48,0.375,0.625
India,2021-06-10,-0.042025116608400845,0.0,0.24362514654378567,46,0.3695652173913043,0.5652173913043478
India,2021-06-11,0.025730641063823948,0.0,0.3258339142266151,31,0.5161290322580645,0.4838709677419355
India,2021-06-12,-0.09174240820626424,0.0,0.2663210430985391,27,0.3333333333333333,0.5925925925925926
India,2021-06-13,-0.08457256857533332,0.0,0.24600695244795806,32,0.28125,0.6875
India,2021-06-14,-0.07163833986958802,0.0,0.27052925133348926,35,0.2857142857142857,0.6285714285714286
India,2021-06-15,-0.07453318370948732,0.0,0.3549039897752199,47,0.3404255319148936,0.6170212765957447
India,2021-06-16,-0.030442001839191674,0.0,0.30519246214652324,40,0.45,0.525
India,2021-06-17,-0.08476220568959267,0.0,0.2991499750237783,31,0.2903225806451613,0.7096774193548387
India,2021-06-18,-0.14024209430661103,0.0,0.3322209797529509,24,0.375,0.625
India,2021-06-19,-0.05789965403953595,0.0,0.37288350103647205,21,0.42857142857142855,0.5714285714285714
India,2021-06-20,0.057545185498164446,0.0,0.2990747667828961,17,0.5294117647058824,0.4117647058823529
India,2021-06-21,-0.11501728165486542,0.0,0.31159860975092674,29,0.3103448275862069,0.6206896551724138
India,2021-06-22,0.025659980876000518,0.0,0.3072772957545798,33,0.3939393939393939,0.5757575757575758
India,2021-06-23,-0.012111797219682918,0.0,0.3503525156984103,34,0.5588235294117647,0.4411764705882353
India,2021-06-24,-0.10016263082336337,0.0,0.3535342942564692,37,0.2972972972972973,0.6486486486486487
India,2021-06-25,0.0940117215635177,0.0,0.25057125507311523,17,0.6470588235294118,0.29411764705882354
India,2021-06-26,-0.015282704387467995,0.0,0.32737863305770915,23,0.4782608695652174,0.5217391304347826
India,2021-06-27,-0.2460304601305147,0.0,0.29017605335630703,22,0.18181818181818182,0.7272727272727273
India,2021-06-28,-0.03687894521521033,0.0,0.31032581187978836,41,0.3902439024390244,0.5609756097560976
India,2021-06-29,-0.12453600363701671,0.0,0.29395823863062726,34,0.2647058823529412,0.7058823529411765
India,2021-06-30,-0.06261684703180097,0.0,0.2731049455966243,33,0.45454545454545453,0.5454545454545454
India,2021-07-01,-0.06626312828742027,0.0,0.2926527201171344,39,0.358974358974359,0.6410256410256411
India,2021-07-02,-0.06227093405233768,0.0,0.27799542045746717,44,0.36363636363636365,0.5909090909090909
India,2021-07-03,-0.05430826223392768,0.0,0.388721314526658,18,0.5555555555555556,0.4444444444444444
India,2021-07-04,-0.11351260596937111,0.0,0.358149052577604,19,0.3157894736842105,0.6842105263157895
India,2021-07-05,-0.08070833143690893,0.0,0.267969898765016,29,0.3103448275862069,0.5517241379310345
India,2021-07-06,-0.14575548893058182,0.0,0.2650996457368864,35,0.17142857142857143,0.8
India,2021-07-07,-0.011745369150640856,0.0,0.3960070969203121,36,0.4166666666666667,0.5555555555555556
India,2021-07-08,-0.05552273488776397,0.0,0.29995897967238105,39,0.41025641025641024,0.5384615384615384
India,2021-07-09,-0.17538497873061076,0.0,0.35764296705884496,40,0.25,0.75
India,2021-07-10,-0.027013075439282996,0.0,0.27808939706514124,17,0.47058823529411764,0.5294117647058824
India,2021-07-11,-0.36174579100410065,0.0,0.15639691200311284,23,0.0,1.0
India,2021-07-12,-0.08522042543169671,0.0,0.34707772754389826,28,0.35714285714285715,0.6071428571428571
India,2021-07-13,0.09454086005424106,0.0,0.3335390783516531,36,0.5833333333333334,0.3611111111111111
India,2021-07-14,-0.05737434721701189,0.0,0.37648185003892476,40,0.475,0.5
India,2021-07-15,-0.14232276385335932,0.0,0.34669808496192384,44,0.22727272727272727,0.75
India,2021-07-16,-0.11342740850932209,0.0,0.3513312402933605,32,0.34375,0.59375
India,2021-07-17,-0.161162236145883,0.0,0.31006296837399616,18,0.2777777777777778,0.6111111111111112
India,2021-07-18,-0.002222456276577851,0.0,0.37725037894855884,26,0.3076923076923077,0.6153846153846154
India,2021-07-19,-0.17425840065973547,0.0,0.32556382027600256,30,0.26666666666666666,0.6666666666666666
India,2021-07-20,-0.038642543218828034,0.0,0.344297107690543,37,0.3783783783783784,0.6216216216216216
India,2021-07-21,-0.061024771230043066,0.0,0.36150426626238497,51,0.47058823529411764,0.5098039215686274
India,2021-07-22,0.02261254620420684,0.0,0.3117034177870497,36,0.5277777777777778,0.4722222222222222
India,2021-07-23,-0.056151655231227934,0.0,0.3755372088547766,37,0.5135135135135135,0.4594594594594595
India,2021-07-24,-0.12913274028301283,0.0,0.46000371595861816,29,0.41379310344827586,0.5862068965517241
India,2021-07-25,-0.14998279460862277,0.0,0.4313404560995844,32,0.4375,0.5625
India,2021-07-26,-0.09848407477359684,0.0,0.28731235254855253,30,0.3333333333333333,0.5666666666666667
India,2021-07-27,0.04936426676201882,0.0,0.2998842172095044,33,0.5757575757575758,0.42424242424242425
India,2021-07-28,-0.10016431635424138,0.0,0.3226932781689094,43,0.37209302325581395,0.5813953488372093
India,2021-07-29,-0.10273679222844574,0.0,0.3996863932774268,32,0.40625,0.5625
India,2021-07-30,-0.14436004736810382,0.0,0.2516701947160852,30,0.26666666666666666,0.6666666666666666
India,2021-07-31,-0.08912481946189134,0.0,0.39472566643170653,17,0.47058823529411764,0.47058823529411764
India,2021-08-01,-0.272195360948136,0.0,0.35464793341202033,20,0.2,0.8
India,2021-08-02,0.008781725355925767,0.0,0.2883047770224504,25,0.44,0.56
India,2021-08-03,-0.14290035347479801,0.0,0.38777946108805755,29,0.41379310344827586,0.5862068965517241
India,2021-08-04,-0.18019045017970212,0.0,0.33124320763275056,50,0.3,0.68
India,2021-08-05,-0.06578340779397,0.0,0.43217664955732343,40,0.475,0.525
India,2021-08-06,-0.045923032043508866,0.0,0.3453827815280566,31,0.5161290322580645,0.45161290322580644
India,2021-08-07,0.02450325980477812,0.0,0.4185570951315258,32,0.4375,0.53125
India,2021-08-08,-0.03066998997957567,0.0,0.34860210648413886,13,0.46153846153846156,0.46153846153846156
India,2021-08-09,-0.07654899647292014,0.0,0.27016318162751773,55,0.38181818181818183,0.5636363636363636
India,2021-08-10,-0.07423572851463425,0.0,0.3544671391685864,39,0.46153846153846156,0.5128205128205128
India,2021-08-11,-0.07026029523427692,0.0,0.38289769774061416,29,0.41379310344827586,0.5862068965517241
India,2021-08-12,-0.0689400175488827,0.0,0.3229409998924525,30,0.43333333333333335,0.5333333333333333
India,2021-08-13,-0.1547311945942033,0.0,0.3798305774577615,24,0.3333333333333333,0.6666666666666666
India,2021-08-14,0.08406711842153458,0.0,0.41779957717883426,22,0.6818181818181818,0.3181818181818182
India,2021-08-15,-0.03332983001475691,0.0,0.22452919254867057,7,0.42857142857142855,0.5714285714285714
India,2021-08-16,-0.09833293088490296,0.0,0.25805702070682796,26,0.34615384615384615,0.6538461538461539
India,2021-08-17,-0.054895725342223166,0.0,0.2461754692449708,27,0.3333333333333333,0.6666666666666666
India,2021-08-18,-0.020958056565151612,0.0,0.23448504392970135,25,0.44,0.52
India,2021-08-19,-0.04859925349893432,0.0,0.3412912190973326,35,0.4,0.5714285714285714
India,2021-08-20,-0.1129186149880736,0.0,0.32288996944356246,48,0.3125,0.6041666666666666
India,2021-08-21,-0.19034549421628758,0.0,0.3970448421186226,24,0.3333333333333333,0.6666666666666666
India,2021-08-22,-0.13711525884471762,0.0,0.33522063346158015,27,0.3333333333333333,0.6666666666666666
India,2021-08-23,-0.10016165367242323,0.0,0.33794314276540316,56,0.4107142857142857,0.5892857142857143
India,2021-08-24,-0.09948835022957139,0.0,0.3390065858204649,52,0.36538461538461536,0.5961538461538461
India,2021-08-25,-0.051859677846230794,0.0,0.40829771263862313,35,0.4857142857142857,0.5142857142857142
India,2021-08-26,-0.09816751791180053,0.0,0.35571929896755444,35,0.45714285714285713,0.5428571428571428
India,2021-08-27,-0.03395943964988868,0.0,0.2831843565908182,47,0.46808510638297873,0.44680851063829785
India,2021-08-28,-0.08605591140127374,0.0,0.28541476465593024,24,0.2916666666666667,0.625
India,2021-08-29,0.06139005197411026,0.0,0.2955699435572324,17,0.6470588235294118,0.35294117647058826
India,2021-08-30,-0.04227156313351509,0.0,0.28165530033350367,44,0.5,0.45454545454545453
India,2021-08-31,0.004328887904004437,0.0,0.31607747419004656,32,0.53125,0.46875
India,2021-09-01,-0.05535018344210018,0.0,0.3233638322534435,37,0.40540540540540543,0.5675675675675675
India,2021-09-02,-0.06399611177336391,0.0,0.4070250424291803,43,0.3953488372093023,0.6046511627906976
India,2021-09-03,-0.06737685957322845,0.0,0.3738893843464504,30,0.36666666666666664,0.5666666666666667
India,2021-09-04,-0.029742428875204847,0.0,0.3603877679192298,16,0.5,0.4375
India,2021-09-05,-0.10765743557159346,0.0,0.33966753900138696,25,0.36,0.64
India,2021-09-06,-0.09234637232584043,0.0,0.38835310181868965,34,0.38235294117647056,0.5588235294117647
India,2021-09-07,-0.13067888486022844,0.0,0.4292638442890057,32,0.4375,0.5625
India,2021-09-08,-0.029678061188488553,0.0,0.31450743638657236,36,0.5277777777777778,0.4166666666666667
India,2021-09-09,0.022622531583713922,0.0,0.26403819813398793,30,0.4,0.5666666666666667
India,2021-09-10,0.032935101812351014,0.0,0.287481024687378,26,0.6153846153846154,0.34615384615384615
India,2021-09-11,-0.08735642071434926,0.0,0.2935180782873597,18,0.3888888888888889,0.6111111111111112
India,2021-09-12,-0.11017921309973261,0.0,0.32657480198615996,16,0.4375,0.5
India,2021-09-13,0.0010985723680018013,0.0,0.23152002469614721,32,0.46875,0.53125
India,2021-09-14,0.09180521664297044,0.0,0.2840622051860415,36,0.6111111111111112,0.3333333333333333
India,2021-09-15,-0.08478697362916926,0.0,0.32452906035521967,35,0.37142857142857144,0.5428571428571428
India,2021-09-16,-0.007247191089491786,0.0,0.29257758393493205,47,0.425531914893617,0.5319148936170213
India,2021-09-17,0.013160768791219458,0.0,0.35207287349297456,45,0.4666666666666667,0.5111111111111111
India,2021-09-18,-0.07537305216757507,0.0,0.29749526572544016,32,0.46875,0.4375
India,2021-09-19,0.02713356339142107,0.0,0.29136726800488455,22,0.6363636363636364,0.36363636363636365
India,2021-09-20,0.04744196402771606,0.0,0.32798226256178864,27,0.5555555555555556,0.37037037037037035
India,2021-09-21,-0.04407525524039664,0.0,0.268947150424043,42,0.40476190476190477,0.5714285714285714
India,2021-09-22,-0.10092955059347317,0.0,0.2900873984066392,47,0.3191489361702128,0.6382978723404256
India,2021-09-23,-0.026269935223560838,0.0,0.41251776963536346,34,0.4411764705882353,0.5294117647058824
India,2021-09-24,0.10443403019212069,0.0,0.2658581156640088,42,0.5714285714285714,0.3333333333333333
India,2021-09-25,-0.06133289767702751,0.0,0.3163373008279282,41,0.4634146341463415,0.5365853658536586
India,2021-09-26,-0.11807977047334726,0.0,0.29376827583998194,27,0.2962962962962963,0.6296296296296297
India,2021-09-27,0.08942909307160689,0.0,0.3534589457920118,39,0.6153846153846154,0.38461538461538464
India,2021-09-28,-0.024376337214331,0.0,0.4179961652276293,34,0.38235294117647056,0.5588235294117647
India,2021-09-29,-0.0027758371337678967,0.0,0.2777337304819937,35,0.4857142857142857,0.5142857142857142
India,2021-09-30,0.014341899010628734,0.0,0.402585277528832,40,0.525,0.475
India,2021-10-01,-0.08311799229342061,0.0,0.30890563620670297,21,0.38095238095238093,0.6190476190476191
India,2021-10-02,0.04368803370727116,0.0,0.3511580554575368,28,0.5714285714285714,0.42857142857142855
India,2021-10-03,-0.109454983634444,0.0,0.36974009700612614,22,0.2727272727272727,0.6363636363636364
India,2021-10-04,-0.11708188682685886,0.0,0.3165253523992975,27,0.25925925925925924,0.6666666666666666
India,2021-10-05,-0.09508170493993802,0.0,0.34080202054880254,33,0.3939393939393939,0.5151515151515151
India,2021-10-06,-0.07731518224409926,0.0,0.3187972006240028,30,0.4,0.5666666666666667
India,2021-10-07,0.011923480135607213,0.0,0.31389500821299593,35,0.5142857142857142,0.4857142857142857
India,2021-10-08,0.005779062030498103,0.0,0.30412170018004236,44,0.45454545454545453,0.5227272727272727
India,2021-10-09,0.04511771989885468,0.0,0.33937406620051,32,0.4375,0.5
India,2021-10-10,-0.10740422860236062,0.0,0.3493962421184814,23,0.391304347826087,0.4782608695652174
India,2021-10-11,-0.19579377861926275,0.0,0.3764757417377253,44,0.29545454545454547,0.7045454545454546
India,2021-10-12,-0.0977931711568722,0.0,0.32221760219646506,54,0.3333333333333333,0.6296296296296297
India,2021-10-13,-0.015172197297597907,0.0,0.3212881982747749,39,0.48717948717948717,0.48717948717948717
India,2021-10-14,-0.07365903748232049,0.0,0.35170288642538905,37,0.3783783783783784,0.6216216216216216
India,2021-10-15,-0.10999594114059254,0.0,0.31007008421076837,37,0.32432432432432434,0.6486486486486487
India,2021-10-16,0.0035758201035214526,0.0,0.26347439424459906,21,0.5714285714285714,0.38095238095238093
India,2021-10-17,0.15409351636389287,0.0,0.365624672046561,22,0.6818181818181818,0.3181818181818182
India,2021-10-18,0.017368442378205076,0.0,0.2757283438071362,38,0.4473684210526316,0.5526315789473685
India,2021-10-19,0.015168296814753755,0.0,0.31464502524577304,33,0.48484848484848486,0.45454545454545453
India,2021-10-20,-0.06307446042925514,0.0,0.4881533262774129,32,0.5,0.5
India,2021-10-21,0.011665201027087374,0.0,0.2688087873001594,38,0.5,0.47368421052631576
India,2021-10-22,-0.02896367881273351,0.0,0.32035843734413855,32,0.4375,0.53125
India,2021-10-23,-0.13380163305316312,0.0,0.3519735128447269,20,0.25,0.65
India,2021-10-24,-0.1346744052155443,0.0,0.3228872712226915,18,0.3333333333333333,0.6666666666666666
India,2021-10-25,-0.03576676903157041,0.0,0.3204132146752046,39,0.358974358974359,0.5641025641025641
India,2021-10-26,0.01752267697000666,0.0,0.3473088709743901,29,0.4482758620689655,0.5172413793103449
India,2021-10-27,-0.008748907043351302,0.0,0.3210571745880808,44,0.2727272727272727,0.6363636363636364
India,2021-10-28,-0.023259226469621138,0.0,0.31647974867635503,33,0.42424242424242425,0.5454545454545454
India,2021-10-29,-0.017639228805681632,0.0,0.35504731207413737,28,0.35714285714285715,0.6071428571428571
India,2021-10-30,0.035625038654012245,0.0,0.2921815390958703,29,0.5172413793103449,0.4482758620689655
India,2021-10-31,0.03528934933609222,0.0,0.2695579764626929,38,0.5789473684210527,0.42105263157894735
India,2021-11-01,-0.11792341161121773,0.0,0.2149838298412195,48,0.25,0.7083333333333334
India,2021-11-02,0.09550688957502682,0.0,0.26874464760717953,53,0.5849056603773585,0.37735849056603776
India,2021-11-03,-0.02456240753343419,0.0,0.3494832078101508,35,0.4857142857142857,0.5142857142857142
India,2021-11-04,-0.08284432157475642,0.0,0.2557921973809606,53,0.3018867924528302,0.6415094339622641
India,2021-11-05,0.004761430260685649,0.0,0.30966783687592536,39,0.4358974358974359,0.5384615384615384
India,2021-11-06,-0.07337981881907642,0.0,0.2853534259150397,28,0.39285714285714285,0.5357142857142857
India,2021-11-07,0.0532308734451608,0.0,0.33994768559074656,23,0.5217391304347826,0.43478260869565216
India,2021-11-08,-0.093319537803612,0.0,0.28145074328143216,26,0.2692307692307692,0.6923076923076923
India,2021-11-09,-0.07593611816354502,0.0,0.3024910419142708,45,0.4888888888888889,0.5111111111111111
India,2021-11-10,-0.04897294538130877,0.0,0.25000195137683234,42,0.42857142857142855,0.5476190476190477
India,2021-11-11,0.012648399264578138,0.0,0.3323201802054429,33,0.48484848484848486,0.5151515151515151
India,2021-11-12,-0.18449229046828394,0.0,0.25567288365605195,21,0.23809523809523808,0.7619047619047619
India,2021-11-13,-0.16959008582181176,0.0,0.34993969090871546,48,0.25,0.75
India,2021-11-14,-0.1606467017609359,0.0,0.25961479070373716,44,0.29545454545454547,0.6363636363636364
India,2021-11-15,-0.0854925835197046,0.0,0.2982231878099948,37,0.3783783783783784,0.6216216216216216
India,2021-11-16,-0.08774626483630468,0.0,0.3278173639819453,34,0.3235294117647059,0.6764705882352942
India,2021-11-17,-0.0875183411771671,0.0,0.3775876109660498,49,0.3673469387755102,0.6122448979591837
India,2021-11-18,0.020608754033290728,0.0,0.3098488693682462,40,0.5,0.45
India,2021-11-19,-0.05599177673106009,0.0,0.3380640586728398,30,0.36666666666666664,0.6
India,2021-11-20,-0.17118732915117782,0.0,0.40284022475617637,17,0.4117647058823529,0.5882352941176471
India,2021-11-21,-0.10694750632287589,0.0,0.3168116544732316,11,0.36363636363636365,0.6363636363636364
India,2021-11-22,-0.08345485475935953,0.0,0.3047522772461221,24,0.4166666666666667,0.5833333333333334
India,2021-11-23,-0.0029563997347137306,0.0,0.2799919121233974,39,0.358974358974359,0.5641025641025641
India,2021-11-24,-0.06948350913914259,0.0,0.27626404887334427,45,0.4666666666666667,0.5333333333333333
India,2021-11-25,-0.038692867261593863,0.0,0.24831191778394887,30,0.4,0.6
India,2021-11-26,-0.13894708456241542,0.0,0.3326947964082149,31,0.3548387096774194,0.6451612903225806
India,2021-11-27,-0.17264408185380556,0.0,0.3762696082136336,20,0.35,0.55
India,2021-11-28,-0.1482080858423634,0.0,0.3212006399512815,12,0.3333333333333333,0.6666666666666666
India,2021-11-29,0.08232708076391104,0.0,0.3269787101635154,19,0.5263157894736842,0.42105263157894735
India,2021-11-30,-0.03946441446526274,0.0,0.24535060724329988,24,0.4583333333333333,0.5
India,2021-12-01,-0.007745549329434854,0.0,0.3237666027709016,43,0.5348837209302325,0.4418604651162791
India,2021-12-02,0.010257576389564212,0.0,0.2598310090798612,43,0.46511627906976744,0.4418604651162791
India,2021-12-03,-0.07242056812366929,0.0,0.2923123283039082,35,0.37142857142857144,0.6
India,2021-12-04,0.0702052385167756,0.0,0.2927207947777398,26,0.5769230769230769,0.4230769230769231
India,2021-12-05,-0.010950505213569918,0.0,0.29277787625963525,21,0.42857142857142855,0.5238095238095238
India,2021-12-06,-0.051973428915024086,0.0,0.35825879708618014,40,0.475,0.5
India,2021-12-07,-0.014886124872074318,0.0,0.3467854603087771,34,0.5882352941176471,0.4117647058823529
India,2021-12-08,-0.08091866456811617,0.0,0.3272978470561005,55,0.43636363636363634,0.5272727272727272
India,2021-12-09,-0.06277446746777869,0.0,0.3086934984755542,44,0.4090909090909091,0.5909090909090909
India,2021-12-10,-0.10773969197953447,0.0,0.33936236470027875,28,0.42857142857142855,0.5
India,2021-12-11,0.03555440272998624,0.0,0.2816097883294783,30,0.5666666666666667,0.4
India,2021-12-12,-0.012829137437995668,0.0,0.33543625370504626,18,0.3888888888888889,0.6111111111111112
India,2021-12-13,-0.1029263341369448,0.0,0.30368602088335106,36,0.4166666666666667,0.5833333333333334
India,2021-12-14,-0.06295039951786302,0.0,0.3433238453997868,33,0.42424242424242425,0.5757575757575758
India,2021-12-15,0.06650343750392465,0.0,0.3321086884418932,41,0.5609756097560976,0.4146341463414634
India,2021-12-16,0.0016257110971434707,0.0,0.3110545175579189,36,0.5555555555555556,0.4444444444444444
India,2021-12-17,0.079437833084231,0.0,0.42805468589872614,30,0.5333333333333333,0.43333333333333335
India,2021-12-18,-0.12483564450971082,0.0,0.45180265886823834,29,0.3103448275862069,0.6551724137931034
India,2021-12-19,-0.17784988806471344,0.0,0.38062138275316515,25,0.2,0.68
India,2021-12-20,-0.05782409012131014,0.0,0.370455813022555,31,0.4838709677419355,0.45161290322580644
India,2021-12-21,-0.0012053418147643133,0.0,0.3566984087297319,28,0.4642857142857143,0.5357142857142857
India,2021-12-22,-0.07460227901509825,0.0,0.3384297599395501,30,0.43333333333333335,0.5
India,2021-12-23,0.16136232063179598,0.0,0.325685005006625,30,0.6666666666666666,0.26666666666666666
India,2021-12-24,-0.017279224950092945,0.0,0.24279355571268624,23,0.391304347826087,0.5652173913043478
India,2021-12-25,-0.05320763630498389,0.0,0.4485134371598598,14,0.35714285714285715,0.6428571428571429
India,2021-12-26,-0.21397024189106334,0.0,0.3676187986819116,16,0.25,0.6875
India,2021-12-27,-0.141061214219253,0.0,0.2929966390039907,45,0.3111111111111111,0.6888888888888889
India,2021-12-28,-0.023226675872062553,0.0,0.2896545594872676,34,0.4411764705882353,0.5588235294117647
India,2021-12-29,-0.06736204923436795,0.0,0.3402405983684075,34,0.38235294117647056,0.5882352941176471
India,2021-12-30,-0.032102240745978027,0.0,0.33220124878728097,35,0.5714285714285714,0.42857142857142855
India,2021-12-31,-0.16872751454911736,0.0,0.3631955869981782,33,0.36363636363636365,0.6060606060606061
India,2022-01-01,-0.0036786502735774466,0.0,0.39127609955947656,22,0.5,0.45454545454545453
India,2022-01-02,-0.05474503083339988,0.0,0.41141239697919113,22,0.45454545454545453,0.5
India,2022-01-03,-0.09900486738821195,0.0,0.2898104037868663,32,0.40625,0.5625
India,2022-01-04,-0.04290656716579544,0.0,0.3530240763002556,34,0.47058823529411764,0.4117647058823529
India,2022-01-05,0.001325304064411607,0.0,0.29347978603776964,45,0.4444444444444444,0.5111111111111111
India,2022-01-06,-0.01596279284618584,0.0,0.33232219328217655,33,0.5454545454545454,0.45454545454545453
India,2022-01-07,-0.10848038590898856,0.0,0.34232376726873337,39,0.358974358974359,0.6410256410256411
India,2022-01-08,-0.06398943762766997,0.0,0.2505735663087691,35,0.4857142857142857,0.4857142857142857
India,2022-01-09,-0.25801213089934943,0.0,0.23417214778403686,16,0.125,0.75
India,2022-01-10,0.009940484144135,0.0,0.3135286420275993,35,0.45714285714285713,0.4857142857142857
India,2022-01-11,-0.05081849843520814,0.0,0.32168554705837127,35,0.4,0.5428571428571428
India,2022-01-12,0.04023893161612149,0.0,0.3834911933499989,30,0.5666666666666667,0.43333333333333335
India,2022-01-13,-0.1646582685028987,0.0,0.4349147737622043,25,0.32,0.68
India,2022-01-14,-0.04594150837772067,0.0,0.4024243392512864,35,0.45714285714285713,0.5142857142857142
India,2022-01-15,-0.010197702466502239,0.0,0.35713214190887527,22,0.5,0.5
India,2022-01-16,0.043886298144343645,0.0,0.37355795524861024,27,0.48148148148148145,0.5185185185185185
India,2022-01-17,-0.023419172744553737,0.0,0.3875029385174532,39,0.5384615384615384,0.41025641025641024
India,2022-01-18,-0.026884313784468306,0.0,0.3002124282458801,31,0.4838709677419355,0.4838709677419355
India,2022-01-19,0.0037559977041571,0.0,0.371323276316656,46,0.5,0.4782608695652174
India,2022-01-20,-0.009328691448888921,0.0,0.2962898395709475,65,0.4307692307692308,0.5384615384615384
India,2022-01-21,-0.053689639409487414,0.0,0.31068687258330613,32,0.5,0.46875
India,2022-01-22,-0.020931966147343176,0.0,0.2750648978946951,29,0.5172413793103449,0.41379310344827586
India,2022-01-23,-0.1512736755640231,0.0,0.3958471941238922,22,0.45454545454545453,0.5
India,2022-01-24,0.005570709480868463,0.0,0.342512880827249,30,0.5333333333333333,0.4666666666666667
India,2022-01-25,-0.11965486891453354,0.0,0.3207777951252522,33,0.3939393939393939,0.5757575757575758
India,2022-01-26,-0.0655964784590819,0.0,0.3130208180622977,32,0.5,0.5
India,2022-01-27,-0.051937196493610595,0.0,0.3204649182950823,32,0.5,0.5
India,2022-01-28,-0.15201384676937396,0.0,0.3758805383442235,36,0.3055555555555556,0.6666666666666666
India,2022-01-29,0.027620291999898145,0.0,0.34485173057321933,28,0.5,0.4642857142857143
India,2022-01-30,-0.0010151992882155628,0.0,0.30569980599752883,26,0.5,0.46153846153846156
India,2022-01-31,-0.01559530575043907,0.0,0.25376795070264324,32,0.4375,0.53125
India,2022-02-01,0.018837741475702878,0.0,0.2813769528404708,42,0.5952380952380952,0.3333333333333333
India,2022-02-02,0.0038658239316578307,0.0,0.3063971748466326,36,0.5833333333333334,0.3888888888888889
India,2022-02-03,-0.07042064473227666,0.0,0.4039956679331314,30,0.4,0.5666666666666667
India,2022-02-04,0.00877641018372941,0.0,0.4097578180690604,30,0.4666666666666667,0.5333333333333333
India,2022-02-05,-0.01867223846374088,0.0,0.2913350356592387,34,0.5,0.47058823529411764
India,2022-02-06,0.15858904610581123,0.0,0.28290245833087124,16,0.6875,0.3125
India,2022-02-07,-0.06876660510301918,0.0,0.3304151262614467,44,0.38636363636363635,0.6136363636363636
India,2022-02-08,-0.054218741648276406,0.0,0.35601534362194587,42,0.40476190476190477,0.5714285714285714
India,2022-02-09,-0.03395440292577433,0.0,0.3127605813639963,38,0.39473684210526316,0.5263157894736842
India,2022-02-10,-0.016627662436902065,0.0,0.352512085724022,47,0.574468085106383,0.40425531914893614
India,2022-02-11,0.0009849508360054195,0.0,0.34292982955005497,32,0.53125,0.4375
India,2022-02-12,-0.036408160735088,0.0,0.31018275176723015,20,0.4,0.55
India,2022-02-13,-0.12750940631184976,0.0,0.28420956436294803,25,0.24,0.76
India,2022-02-14,0.039565746616295645,0.0,0.32747682353733076,36,0.6111111111111112,0.3888888888888889
India,2022-02-15,-0.06505884833366432,0.0,0.2841322217737404,35,0.4,0.5142857142857142
India,2022-02-16,-0.08461644336965397,0.0,0.2687109780547645,26,0.46153846153846156,0.5
India,2022-02-17,0.04068593532138332,0.0,0.32838947487833275,44,0.5681818181818182,0.4318181818181818
India,2022-02-18,0.0830117918824216,0.0,0.3535239366456399,34,0.6470588235294118,0.35294117647058826
India,2022-02-19,-0.02219228890165155,0.0,0.3241666759035406,26,0.5384615384615384,0.46153846153846156
India,2022-02-20,0.018956623398312313,0.0,0.4180324808414517,29,0.5517241379310345,0.41379310344827586
India,2022-02-21,-0.01727832710404178,0.0,0.3796187074501713,37,0.4864864864864865,0.5135135135135135
India,2022-02-22,-0.10821872932298703,0.0,0.36870215736611134,39,0.46153846153846156,0.5384615384615384
India,2022-02-23,-0.07302191624606973,0.0,0.35890865679465944,49,0.42857142857142855,0.5102040816326531
India,2022-02-24,-0.11111837684866743,0.0,0.36399250323874377,57,0.42105263157894735,0.5789473684210527
India,2022-02-25,-0.14777260783564153,0.0,0.29072178031181706,44,0.29545454545454547,0.7045454545454546
India,2022-02-26,-0.07311899583888305,0.0,0.3116934219440123,38,0.5,0.5
India,2022-02-27,-0.09136369629654335,0.0,0.3282240714602208,19,0.3157894736842105,0.6842105263157895
India,2022-02-28,-0.12381619464016162,0.0,0.3390717583088158,51,0.29411764705882354,0.6666666666666666
India,2022-03-01,-0.20117479975455577,0.0,0.24700932990245608,36,0.16666666666666666,0.7777777777777778
India,2022-03-02,-0.18517269650948157,0.0,0.3257302781450596,39,0.1794871794871795,0.7692307692307693
India,2022-03-03,-0.06210245447989159,0.0,0.35115705383629375,48,0.3958333333333333,0.5833333333333334
India,2022-03-04,-0.18667947198647852,0.0,0.35849873491271655,29,0.3448275862068966,0.6206896551724138
India,2022-03-05,-0.220509039562878,0.0,0.30947433310069056,31,0.22580645161290322,0.7419354838709677
India,2022-03-06,-0.26201570254422335,0.0,0.333326817513203,18,0.16666666666666666,0.6666666666666666
India,2022-03-07,-0.09936342731855395,0.0,0.27740633202886344,30,0.3333333333333333,0.6666666666666666
India,2022-03-08,-0.09769269757560094,0.0,0.3164326119798962,49,0.3469387755102041,0.6326530612244898
India,2022-03-09,-0.1359769858611545,0.0,0.27505726702722305,29,0.27586206896551724,0.6896551724137931
India,2022-03-10,-0.06367353503776839,0.0,0.2645793910321316,33,0.3939393939393939,0.6060606060606061
India,2022-03-11,-0.10372033355599082,0.0,0.34681398073472464,38,0.39473684210526316,0.5789473684210527
India,2022-03-12,0.01950608581622514,0.0,0.3424018883291337,22,0.3181818181818182,0.5
India,2022-03-13,0.057887722732499924,0.0,0.43323234067663796,10,0.5,0.5
India,2022-03-14,-0.08075508302595981,0.0,0.3758734930433597,30,0.26666666666666666,0.5666666666666667
India,2022-03-15,-0.08129565611335836,0.0,0.34952052503811537,39,0.358974358974359,0.6410256410256411
India,2022-03-16,-0.037069394891165744,0.0,0.4078729858410719,28,0.39285714285714285,0.6071428571428571
India,2022-03-17,-0.04532913296105835,0.0,0.41356860714575144,28,0.4642857142857143,0.5357142857142857
India,2022-03-18,-0.1751821900036917,0.0,0.3090381735174379,39,0.3076923076923077,0.6923076923076923
India,2022-03-19,-0.1334096536075044,0.0,0.4701794910197664,18,0.2777777777777778,0.7222222222222222
India,2022-03-20,0.03900930727860424,0.0,0.4005100293924363,24,0.5,0.4583333333333333
India,2022-03-21,-0.01877628773006527,0.0,0.2523537963559105,32,0.5,0.5
India,2022-03-22,-0.07021156203308677,0.0,0.3974708586723253,54,0.4074074074074074,0.5740740740740741
India,2022-03-23,-0.10380368287221323,0.0,0.3284082828043587,34,0.38235294117647056,0.5882352941176471
India,2022-03-24,-0.07291068104538448,0.0,0.3136435256469618,37,0.3783783783783784,0.5675675675675675
India,2022-03-25,-0.06448744576238088,0.0,0.36620944700025115,34,0.38235294117647056,0.5882352941176471
India,2022-03-26,-0.04308211647433175,0.0,0.34166565505157553,26,0.5384615384615384,0.4230769230769231
India,2022-03-27,-0.10951384553656235,0.0,0.2888355945644757,17,0.35294117647058826,0.5882352941176471
India,2022-03-28,-0.0613607100857447,0.0,0.4173824341958266,32,0.28125,0.6875
India,2022-03-29,-0.02891235664899502,0.0,0.2995886928009366,28,0.42857142857142855,0.5714285714285714
India,2022-03-30,-0.07219269107382606,0.0,0.3165573109933385,39,0.41025641025641024,0.5384615384615384
India,2022-03-31,-0.08207328154358884,0.0,0.32395061185774054,49,0.3877551020408163,0.5510204081632653
India,2022-04-01,-0.0968169107204461,0.0,0.27938436881053097,45,0.3333333333333333,0.6444444444444445
India,2022-04-02,-0.013320496675022024,0.0,0.343414729261787,25,0.52,0.48
India,2022-04-03,0.03486927067469317,0.0,0.3304494564221783,19,0.5789473684210527,0.42105263157894735
India,2022-04-04,-0.1321928580292847,0.0,0.31252579362329647,31,0.2903225806451613,0.7096774193548387
India,2022-04-05,-0.027908297103687398,0.0,0.329758501007394,37,0.4864864864864865,0.4864864864864865
India,2022-04-06,-0.08577856638019131,0.0,0.243146289244504,42,0.2857142857142857,0.6428571428571429
India,2022-04-07,-0.1233555669194209,0.0,0.2892982075827479,47,0.2765957446808511,0.6808510638297872
India,2022-04-08,-0.09807763552649439,0.0,0.31852545819992995,36,0.3333333333333333,0.6666666666666666
India,2022-04-09,-0.11480211731931347,0.0,0.24930257174875226,30,0.26666666666666666,0.7333333333333333
India,2022-04-10,-0.22725770184984842,0.0,0.32518567841452006,30,0.26666666666666666,0.7
India,2022-04-11,-0.12595307058505556,0.0,0.30227308926837815,35,0.3142857142857143,0.6285714285714286
India,2022-04-12,-0.04067218978451603,0.0,0.3447701810044859,39,0.38461538461538464,0.5897435897435898
India,2022-04-13,-0.11004917072291312,0.0,0.3581270196774004,36,0.4444444444444444,0.5555555555555556
India,2022-04-14,-0.024760369948212718,0.0,0.3267176727322067,40,0.5,0.45
India,2022-04-15,-0.05977315786233999,0.0,0.3384637233171042,19,0.5789473684210527,0.42105263157894735
India,2022-04-16,-0.06877457106511685,0.0,0.33185812971319284,27,0.4074074074074074,0.5185185185185185
India,2022-04-17,-0.1316199740024012,0.0,0.18203758543264684,14,0.2857142857142857,0.7142857142857143
India,2022-04-18,-0.02560479246052582,0.0,0.44060908819167677,39,0.48717948717948717,0.5128205128205128
India,2022-04-19,-0.025654367508796794,0.0,0.3842372188746459,35,0.42857142857142855,0.5428571428571428
India,2022-04-20,-0.11464137006290098,0.0,0.4401325239782227,40,0.475,0.525
India,2022-04-21,-0.017372396119746534,0.0,0.30848367579073566,30,0.5,0.4666666666666667
India,2022-04-22,-0.041218132761931474,0.0,0.34457812878258126,43,0.37209302325581395,0.5348837209302325
India,2022-04-23,0.029164484385525626,0.0,0.2637399602911697,21,0.47619047619047616,0.3333333333333333
India,2022-04-24,-0.15088794391760207,0.0,0.17563218902689048,11,0.09090909090909091,0.7272727272727273
India,2022-04-25,-0.0030362849581862493,0.0,0.2638064971135511,31,0.5161290322580645,0.4838709677419355
India,2022-04-26,-0.04677998869909952,0.0,0.3574929346444304,33,0.45454545454545453,0.5454545454545454
India,2022-04-27,-0.08448114384725684,0.0,0.3527997437957519,51,0.37254901960784315,0.5882352941176471
India,2022-04-28,-0.14576216520439714,0.0,0.3106184376277747,42,0.3333333333333333,0.6428571428571429
India,2022-04-29,-0.14207078623930236,0.0,0.36048755658105586,43,0.27906976744186046,0.6744186046511628
India,2022-04-30,-0.11102622972258777,0.0,0.40678260589071846,29,0.3793103448275862,0.6206896551724138
India,2022-05-01,-0.21862124579759937,0.0,0.30980547617351917,24,0.16666666666666666,0.8333333333333334
India,2022-05-02,-0.08114603556090241,0.0,0.27594362554923857,29,0.3448275862068966,0.6206896551724138
India,2022-05-03,-0.08596103580966931,0.0,0.32265267375241585,34,0.35294117647058826,0.6470588235294118
India,2022-05-04,-0.023313678106398884,0.0,0.413650351730373,42,0.5238095238095238,0.47619047619047616
India,2022-05-05,-0.1357890914225798,0.0,0.31532968046516485,43,0.3023255813953488,0.627906976744186
India,2022-05-06,-0.08993909643815076,0.0,0.33932718256500444,31,0.41935483870967744,0.5161290322580645
India,2022-05-07,-0.08466494165581763,0.0,0.3621362347602158,22,0.22727272727272727,0.6363636363636364
India,2022-05-08,-0.02817854947468234,0.0,0.3874808726319233,21,0.5714285714285714,0.38095238095238093
India,2022-05-09,-0.15591300540730693,0.0,0.30453895444303836,27,0.25925925925925924,0.7037037037037037
India,2022-05-10,-0.044679658645690366,0.0,0.33925929649391146,37,0.43243243243243246,0.5405405405405406
India,2022-05-11,0.020655721098190166,0.0,0.2995828265741383,34,0.5294117647058824,0.4411764705882353
India,2022-05-12,-0.13746939546298742,0.0,0.32635978102342433,36,0.3333333333333333,0.6388888888888888
India,2022-05-13,-0.03044740128770958,0.0,0.2851327788378441,26,0.46153846153846156,0.5384615384615384
India,2022-05-14,-0.11055711436285093,0.0,0.30030718903617953,26,0.34615384615384615,0.5384615384615384
India,2022-05-15,-0.04818935100450114,0.0,0.3848495443003081,26,0.4230769230769231,0.46153846153846156
India,2022-05-16,-0.07077244064575801,0.0,0.2893611226494719,44,0.3409090909090909,0.6590909090909091
India,2022-05-17,-0.1219176814420179,0.0,0.3615678988126634,41,0.3170731707317073,0.6097560975609756
India,2022-05-18,-0.07409339514931843,0.0,0.40417425337303015,34,0.47058823529411764,0.5
India,2022-05-19,-0.11166259329603465,0.0,0.4520197250765944,34,0.38235294117647056,0.5588235294117647
India,2022-05-20,-0.1635657984595299,0.0,0.3163159375506477,33,0.24242424242424243,0.6363636363636364
India,2022-05-21,-0.0474411092957631,0.0,0.45972887275572666,23,0.43478260869565216,0.4782608695652174
India,2022-05-22,-0.1737455753511013,0.0,0.3280124975319274,30,0.3,0.6333333333333333
India,2022-05-23,-0.07654827550900106,0.0,0.3705456412077331,41,0.36585365853658536,0.5365853658536586
India,2022-05-24,-0.11539571771783796,0.0,0.36374383585801867,60,0.43333333333333335,0.5666666666666667
India,2022-05-25,-0.16928586161081224,0.0,0.31112896691321934,35,0.2571428571428571,0.7142857142857143
India,2022-05-26,0.029961072832352695,0.0,0.2930295059789834,28,0.5714285714285714,0.42857142857142855
India,2022-05-27,-0.07965796908086392,0.0,0.26432239507242794,32,0.25,0.65625
India,2022-05-28,-0.13074621388232704,0.0,0.33279280758072455,14,0.2857142857142857,0.7142857142857143
India,2022-05-29,-0.044941150455377304,0.0,0.3470441873444948,26,0.5384615384615384,0.4230769230769231
India,2022-05-30,-0.011241927961034225,0.0,0.3007916974516218,31,0.45161290322580644,0.5161290322580645
India,2022-05-31,-0.06337219019928414,0.0,0.24877409348133386,36,0.4444444444444444,0.5555555555555556
India,2022-06-01,-0.14703217991302367,0.0,0.34437490029610096,40,0.35,0.625
India,2022-06-02,-0.0616688506212922,0.0,0.27594861299541046,30,0.4666666666666667,0.5
India,2022-06-03,-0.14707802732662698,0.0,0.29824351404099364,31,0.2903225806451613,0.6774193548387096
India,2022-06-04,-0.20273784341722614,0.0,0.30123942682597454,24,0.20833333333333334,0.7916666666666666
India,2022-06-05,0.05914949409689147,0.0,0.31288516082350215,19,0.631578947368421,0.3684210526315789
India,2022-06-06,-0.0795700565828999,0.0,0.2632130996484195,41,0.3170731707317073,0.5609756097560976
India,2022-06-07,-0.041301968286102816,0.0,0.3982124550820652,31,0.4838709677419355,0.5161290322580645
India,2022-06-08,-0.12042324778723781,0.0,0.33927803096085996,28,0.32142857142857145,0.6071428571428571
India,2022-06-09,-0.08795183612431957,0.0,0.2807661441631063,32,0.40625,0.59375
India,2022-06-10,-0.09578182506700345,0.0,0.2876894740064754,31,0.3225806451612903,0.6451612903225806
India,2022-06-11,-0.22980601353136504,0.0,0.37648200554955713,29,0.3448275862068966,0.6551724137931034
India,2022-06-12,-0.2291244321742634,0.0,0.3007667210157414,22,0.2727272727272727,0.7272727272727273
India,2022-06-13,-0.1769706866619377,0.0,0.28428615007701213,43,0.20930232558139536,0.7209302325581395
India,2022-06-14,-0.12413137640868954,0.0,0.38130509467969653,37,0.2972972972972973,0.6756756756756757
India,2022-06-15,-0.06633106544668341,0.0,0.2980933800598784,32,0.46875,0.46875
India,2022-06-16,-0.10082020146006392,0.0,0.2628190526997386,38,0.34210526315789475,0.6052631578947368
India,2022-06-17,-0.09823212356304059,0.0,0.29774689237817276,35,0.4,0.5428571428571428
India,2022-06-18,-0.35208843804216294,0.0,0.367638233680006,31,0.1935483870967742,0.7741935483870968
India,2022-06-19,-0.1546692164046365,0.0,0.3216187434884083,18,0.2777777777777778,0.6666666666666666
India,2022-06-20,-0.11526252190166487,0.0,0.3764169150239524,39,0.28205128205128205,0.6923076923076923
India,2022-06-21,-0.13214667901511157,0.0,0.3672728266978375,42,0.3333333333333333,0.6666666666666666
India,2022-06-22,-0.11512311628726865,0.0,0.37055103280502333,37,0.32432432432432434,0.5675675675675675
India,2022-06-23,-0.03269139734605779,0.0,0.314353282346509,35,0.5142857142857142,0.4857142857142857
India,2022-06-24,-0.09078072383671049,0.0,0.3126270122924357,41,0.3902439024390244,0.5853658536585366
India,2022-06-25,0.04973035524529143,0.0,0.34603537186493616,19,0.631578947368421,0.3684210526315789
India,2022-06-26,-0.11219799080841565,0.0,0.28925764332156595,39,0.3076923076923077,0.6923076923076923
India,2022-06-27,-0.07168871269177704,0.0,0.3015595885737584,46,0.41304347826086957,0.5869565217391305
India,2022-06-28,-0.13703469542446034,0.0,0.29986736991910345,45,0.3333333333333333,0.6444444444444445
India,2022-06-29,-0.08683906877665078,0.0,0.3173555663594844,33,0.42424242424242425,0.5454545454545454
India,2022-06-30,-0.08268809705355706,0.0,0.2832062386155261,32,0.375,0.5
India,2022-07-01,-0.015211745387030701,0.0,0.33540139967965904,40,0.45,0.55
India,2022-07-02,-0.12919125425616446,0.0,0.3186848657207209,29,0.27586206896551724,0.6896551724137931
India,2022-07-03,-0.1988621820688348,0.0,0.32564828366155785,12,0.3333333333333333,0.5833333333333334
India,2022-07-04,-0.16721759938503034,0.0,0.3372534188037953,30,0.26666666666666666,0.7
India,2022-07-05,-0.026210207991453415,0.0,0.303850628657723,36,0.4444444444444444,0.4722222222222222
India,2022-07-06,0.04844408580628505,0.0,0.2820171543850663,35,0.6,0.4
India,2022-07-07,-0.060020913757244346,0.0,0.3556784498165641,37,0.4594594594594595,0.5405405405405406
India,2022-07-08,-0.08598549661912794,0.0,0.3806683466999129,36,0.4444444444444444,0.5277777777777778
India,2022-07-09,-0.274163743727751,0.0,0.33875163547994314,28,0.21428571428571427,0.75
India,2022-07-10,-0.2630675847787793,0.0,0.25139171062072896,20,0.15,0.8
India,2022-07-11,-0.05263864964337944,0.0,0.286834568868594,36,0.4166666666666667,0.5833333333333334
India,2022-07-12,-0.07505838570414754,0.0,0.35740233964306395,33,0.3333333333333333,0.6060606060606061
India,2022-07-13,-0.15050354849017145,0.0,0.3124808090844595,40,0.275,0.675
India,2022-07-14,-0.10625053353646235,0.0,0.37805891816867293,47,0.40425531914893614,0.5531914893617021
India,2022-07-15,-0.06648675096083755,0.0,0.34557143916770555,48,0.3541666666666667,0.5833333333333334
India,2022-07-16,-0.10488340217439508,0.0,0.40003940950799044,17,0.23529411764705882,0.6470588235294118
India,2022-07-17,-0.009194301206748223,0.0,0.3250230578083604,23,0.43478260869565216,0.5652173913043478
India,2022-07-18,-0.11008883991830383,0.0,0.3901068233723075,40,0.325,0.675
India,2022-07-19,-0.13201139178127247,0.0,0.3482927538184977,38,0.34210526315789475,0.6578947368421053
India,2022-07-20,-0.026910475452611004,0.0,0.40502158673000654,40,0.375,0.575
India,2022-07-21,-0.09252643667951764,0.0,0.3241179962806639,45,0.4,0.6
India,2022-07-22,-0.07168344027752936,0.0,0.34830425933400844,30,0.36666666666666664,0.6333333333333333
India,2022-07-23,-0.03258175586572608,0.0,0.38170736595322446,22,0.4090909090909091,0.5909090909090909
India,2022-07-24,0.027811617547021775,0.0,0.3031798306655256,24,0.5416666666666666,0.4583333333333333
India,2022-07-25,-0.13012176052690938,0.0,0.2827045319935728,28,0.35714285714285715,0.6071428571428571
India,2022-07-26,-0.13817814603907166,0.0,0.33817004982623866,33,0.3333333333333333,0.6666666666666666
India,2022-07-27,-0.13708377388859921,0.0,0.32518618893326456,40,0.325,0.625
India,2022-07-28,-0.11790130903617227,0.0,0.40546904365090164,31,0.41935483870967744,0.5161290322580645
India,2022-07-29,-0.09877148070379937,0.0,0.3014323735303138,35,0.45714285714285713,0.5428571428571428
India,2022-07-30,-0.09478010715027585,0.0,0.5046875859768587,21,0.42857142857142855,0.5238095238095238
India,2022-07-31,-0.04744678838098832,0.0,0.3067542142750507,26,0.5,0.4230769230769231
India,2022-08-01,-0.13177682546531852,0.0,0.3187234125948232,36,0.3333333333333333,0.6388888888888888
India,2022-08-02,-0.11626188425470303,0.0,0.38400945791979474,31,0.41935483870967744,0.5806451612903226
India,2022-08-03,-0.22574946145846675,0.0,0.3987380001719499,39,0.3076923076923077,0.6410256410256411
India,2022-08-04,-0.011126999375374385,0.0,0.36277718608141174,41,0.3902439024390244,0.5853658536585366
India,2022-08-05,-0.11624968789823817,0.0,0.37623778577262224,32,0.40625,0.59375
India,2022-08-06,-0.13439635205776557,0.0,0.32299249810254244,25,0.36,0.6
India,2022-08-07,-0.010951718892184568,0.0,0.2557261629672574,16,0.4375,0.5625
India,2022-08-08,0.002181425632973509,0.0,0.30774745648915497,22,0.45454545454545453,0.5454545454545454
India,2022-08-09,0.00031571606275247787,0.0,0.31028293730992973,31,0.5483870967741935,0.41935483870967744
India,2022-08-10,-0.01600590397594702,0.0,0.32804391054108284,32,0.46875,0.53125
India,2022-08-11,-0.046537241736679204,0.0,0.26819180056392444,31,0.2903225806451613,0.6129032258064516
India,2022-08-12,-0.07608225095835672,0.0,0.3016343898596945,32,0.40625,0.5625
India,2022-08-13,-0.09395043752939454,0.0,0.3340871689368705,30,0.3,0.6666666666666666
India,2022-08-14,-0.04212279561413155,0.0,0.28556824579878665,24,0.4583333333333333,0.4166666666666667
India,2022-08-15,0.01619201341754348,0.0,0.32725676773053797,39,0.5128205128205128,0.48717948717948717
India,2022-08-16,-0.02833635507564879,0.0,0.352725398956176,35,0.42857142857142855,0.5142857142857142
India,2022-08-17,0.056115289268068184,0.0,0.32655543483913785,33,0.5151515151515151,0.45454545454545453
India,2022-08-18,0.0377966152288647,0.0,0.37739841929776846,36,0.5833333333333334,0.3611111111111111
India,2022-08-19,-0.046895306620014156,0.0,0.31378418620785403,47,0.425531914893617,0.5531914893617021
India,2022-08-20,-0.1878183714367275,0.0,0.31904279586037615,33,0.24242424242424243,0.696969696969697
India,2022-08-21,-0.07453046365231968,0.0,0.3374912582618524,12,0.5,0.5
India,2022-08-22,-0.06498772057364761,0.0,0.2886660270714527,28,0.5,0.5
India,2022-08-23,-0.04185888854904965,0.0,0.3456482916161013,33,0.45454545454545453,0.5151515151515151
India,2022-08-24,-0.015049941734237321,0.0,0.29372071111691966,37,0.5135135135135135,0.4864864864864865
India,2022-08-25,-0.12973788123171356,0.0,0.30590220080372144,37,0.24324324324324326,0.7567567567567568
India,2022-08-26,-0.028022539722072904,0.0,0.3493652837536493,37,0.3783783783783784,0.5405405405405406
India,2022-08-27,-0.12658521191637384,0.0,0.32562628440365327,26,0.34615384615384615,0.5769230769230769
India,2022-08-28,-0.1695134731398805,0.0,0.3382076499993362,15,0.4,0.6
India,2022-08-29,-0.06835233131231333,0.0,0.36145776509388955,40,0.35,0.6
India,2022-08-30,-0.031619823014549506,0.0,0.33528479144821466,51,0.47058823529411764,0.49019607843137253
India,2022-08-31,-0.039562535209898324,0.0,0.381843744868439,39,0.3333333333333333,0.5128205128205128
India,2022-09-01,-0.08239888652632497,0.0,0.32338421311234217,36,0.4166666666666667,0.5833333333333334
India,2022-09-02,0.005667439534044366,0.0,0.37022328096242874,33,0.45454545454545453,0.5151515151515151
India,2022-09-03,-0.17484200202645583,0.0,0.29949733023227704,17,0.17647058823529413,0.8235294117647058
India,2022-09-04,0.002648013886548233,0.0,0.293734342386638,23,0.5217391304347826,0.4782608695652174
India,2022-09-05,-0.01010893844518737,0.0,0.2892350469961793,34,0.5,0.47058823529411764
India,2022-09-06,-0.08818309871814319,0.0,0.3291331405710867,27,0.4074074074074074,0.5185185185185185
India,2022-09-07,-0.014255336472576048,0.0,0.33579979379102,44,0.5681818181818182,0.4318181818181818
India,2022-09-08,0.005884684779384491,0.0,0.4623492239132465,30,0.6,0.4
India,2022-09-09,-0.034066191586919786,0.0,0.3393045234528626,30,0.43333333333333335,0.5333333333333333
India,2022-09-10,-0.01965827842321632,0.0,0.3770872146832468,21,0.5238095238095238,0.47619047619047616
India,2022-09-11,-0.09734191873973679,0.0,0.3169636034811405,24,0.3333333333333333,0.6666666666666666
India,2022-09-12,-0.0914158627103029,0.0,0.35668413694101164,32,0.375,0.5625
India,2022-09-13,-0.03818955596713626,0.0,0.3438736283323277,33,0.42424242424242425,0.48484848484848486
India,2022-09-14,-0.03305522759828912,0.0,0.32600609269320563,30,0.43333333333333335,0.5333333333333333
India,2022-09-15,-0.0692388614589871,0.0,0.2670422770443299,41,0.34146341463414637,0.6097560975609756
India,2022-09-16,-0.13829760547365705,0.0,0.3308914543298268,42,0.38095238095238093,0.5714285714285714
India,2022-09-17,-0.07978531551788541,0.0,0.3028465940530541,35,0.34285714285714286,0.6571428571428571
India,2022-09-18,-0.12798710077958095,0.0,0.2452202476635191,17,0.35294117647058826,0.5294117647058824
India,2022-09-19,-0.0314189353254607,0.0,0.2790579972371862,45,0.4888888888888889,0.4666666666666667
India,2022-09-20,-0.09234039732608065,0.0,0.3691748696849736,39,0.3333333333333333,0.6410256410256411
India,2022-09-21,0.05314724997521635,0.0,0.3443768129944463,36,0.5833333333333334,0.3611111111111111
India,2022-09-22,0.02781818190568902,0.0,0.366205246479357,49,0.4897959183673469,0.4489795918367347
India,2022-09-23,-0.14136958538711755,0.0,0.3140480934464584,45,0.3333333333333333,0.6222222222222222
India,2022-09-24,-0.15374067047692241,0.0,0.31916981738553096,33,0.30303030303030304,0.696969696969697
India,2022-09-25,-0.0629508114037771,0.0,0.2573336682096179,19,0.3684210526315789,0.631578947368421
India,2022-09-26,0.028870601739288612,0.0,0.302713860121473,32,0.46875,0.5
India,2022-09-27,-0.007766470478517847,0.0,0.3241910528926973,30,0.43333333333333335,0.5333333333333333
India,2022-09-28,-0.01207613714934928,0.0,0.36357345747525,35,0.45714285714285713,0.5142857142857142
India,2022-09-29,-0.07572681814664435,0.0,0.31961107685610873,45,0.4222222222222222,0.5777777777777777
India,2022-09-30,-0.08182060631527048,0.0,0.28076773756534185,43,0.4186046511627907,0.5348837209302325
India,2022-10-01,-0.123218598715371,0.0,0.2970578606771128,19,0.3157894736842105,0.5789473684210527
India,2022-10-02,0.028127163134473988,0.0,0.40022954359275326,24,0.5833333333333334,0.4166666666666667
India,2022-10-03,0.005778890851460963,0.0,0.4088562011297632,27,0.5185185185185185,0.48148148148148145
India,2022-10-04,-0.005462900730423256,0.0,0.3654474602751784,24,0.375,0.625
India,2022-10-05,-0.022564914134664715,0.0,0.265206253150725,32,0.40625,0.5
India,2022-10-06,-0.07741767898123024,0.0,0.38981060623533,46,0.34782608695652173,0.6086956521739131
India,2022-10-07,-0.09326057813329534,0.0,0.3195137589365269,40,0.3,0.625
India,2022-10-08,-0.11501561644618567,0.0,0.3594472232016925,21,0.2857142857142857,0.6666666666666666
India,2022-10-09,-0.16714211133794676,0.0,0.27558408882759045,22,0.36363636363636365,0.6363636363636364
India,2022-10-10,0.08224732463593709,0.0,0.3352308150530241,37,0.5675675675675675,0.40540540540540543
India,2022-10-11,-0.08906996024095087,0.0,0.29389501949024155,31,0.41935483870967744,0.5161290322580645
India,2022-10-12,-0.007711044061223471,0.0,0.35218519566095885,50,0.46,0.46
India,2022-10-13,0.007825183261029305,0.0,0.27229371349155224,49,0.4897959183673469,0.46938775510204084
India,2022-10-14,-0.1349016242604185,0.0,0.35191726669113155,48,0.375,0.5833333333333334
India,2022-10-15,0.0771638134641512,0.0,0.4377347720842758,21,0.5714285714285714,0.42857142857142855
India,2022-10-16,-0.03897861576009465,0.0,0.2971263756335311,24,0.5,0.4583333333333333
India,2022-10-17,0.05073696216096629,0.0,0.35048400405069513,34,0.47058823529411764,0.47058823529411764
India,2022-10-18,-0.054168231074608,0.0,0.4433200574713487,35,0.45714285714285713,0.5428571428571428
India,2022-10-19,0.0057156209026351075,0.0,0.32719319286518633,42,0.5238095238095238,0.47619047619047616
India,2022-10-20,-0.028547543884939543,0.0,0.38076893451515503,26,0.5,0.46153846153846156
India,2022-10-21,0.007156265862488138,0.0,0.38659542504635,39,0.6153846153846154,0.3333333333333333
India,2022-10-22,-0.007147705365087333,0.0,0.37544374041836903,24,0.4583333333333333,0.4583333333333333
India,2022-10-23,-0.01257774782406274,0.0,0.3403922197377252,19,0.47368421052631576,0.5263157894736842
India,2022-10-24,-0.0938124578843058,0.0,0.3661942797527145,33,0.3939393939393939,0.5454545454545454
India,2022-10-25,-0.07347787054872261,0.0,0.24996080931031664,36,0.3611111111111111,0.6388888888888888
India,2022-10-26,-0.13401959630157845,0.0,0.422346554428204,28,0.42857142857142855,0.5714285714285714
India,2022-10-27,-0.0720563605165944,0.0,0.3325007731244177,39,0.38461538461538464,0.5897435897435898
India,2022-10-28,0.026419163510394653,0.0,0.2983527327179776,34,0.5,0.5
India,2022-10-29,-0.14933124743422224,0.0,0.37142648799402583,27,0.3333333333333333,0.5925925925925926
India,2022-10-30,-0.13857957763168574,0.0,0.2411375863861911,23,0.34782608695652173,0.6086956521739131
India,2022-10-31,-0.06877703564591904,0.0,0.3969240726274825,46,0.45652173913043476,0.5217391304347826
India,2022-11-01,-0.05449064384218167,0.0,0.356147987285132,38,0.39473684210526316,0.5789473684210527
India,2022-11-02,-0.11592091310292765,0.0,0.2726671181256435,40,0.225,0.65
India,2022-11-03,-0.12380800829001345,0.0,0.32373201342314034,30,0.26666666666666666,0.7
India,2022-11-04,-0.062079750647496164,0.0,0.32366341004547994,37,0.43243243243243246,0.5675675675675675
India,2022-11-05,-0.033027306933939245,0.0,0.5016340968350864,19,0.42105263157894735,0.5263157894736842
India,2022-11-06,-0.07491802708559332,0.0,0.3753689959742594,23,0.391304347826087,0.5652173913043478
India,2022-11-07,-0.09871639544895819,0.0,0.27257926711078334,53,0.32075471698113206,0.6415094339622641
India,2022-11-08,0.02975776694065856,0.0,0.3656475731878566,41,0.4878048780487805,0.4634146341463415
India,2022-11-09,-0.13272797602245115,0.0,0.3417539714141629,42,0.40476190476190477,0.5714285714285714
India,2022-11-10,-0.08269189202134453,0.0,0.3998228226570055,34,0.4411764705882353,0.5294117647058824
India,2022-11-11,0.058953340954681896,0.0,0.3987967543069752,8,0.625,0.375
India,2022-11-12,-0.04650847048380647,0.0,0.3950729043049858,34,0.4411764705882353,0.5588235294117647
India,2022-11-13,0.09493253655524397,0.0,0.36434997765644894,21,0.7142857142857143,0.2857142857142857
India,2022-11-14,-0.05226064825798601,0.0,0.2675241826814116,53,0.37735849056603776,0.5849056603773585
India,2022-11-15,-0.08641843023931706,0.0,0.2683305556590995,54,0.35185185185185186,0.6296296296296297
India,2022-11-16,-0.06263755968971038,0.0,0.33233830027919914,53,0.39622641509433965,0.5849056603773585
India,2022-11-17,-0.05391718235784303,0.0,0.36708742498544455,39,0.46153846153846156,0.5384615384615384
India,2022-11-18,-0.11702523542961245,0.0,0.324269584814762,38,0.34210526315789475,0.6578947368421053
India,2022-11-19,-0.13303924513689247,0.0,0.2875521718453683,23,0.34782608695652173,0.6521739130434783
India,2022-11-20,-0.18846280168468646,0.0,0.35827846446411316,17,0.23529411764705882,0.7647058823529411
India,2022-11-21,-0.0012590787526444954,0.0,0.2965491714826975,29,0.3793103448275862,0.5862068965517241
India,2022-11-22,-0.05489397488997718,0.0,0.4171547564759477,33,0.45454545454545453,0.5151515151515151
India,2022-11-23,-0.04118627579703722,0.0,0.29416581120497287,31,0.5806451612903226,0.3870967741935484
India,2022-11-24,-0.002170754523486337,0.0,0.3794815915028087,29,0.41379310344827586,0.5517241379310345
India,2022-11-25,-0.04321017306721048,0.0,0.35473735633514974,25,0.4,0.56
India,2022-11-26,0.029216845191798065,0.0,0.23307525509127885,22,0.5,0.5
India,2022-11-27,-0.041733826371369,0.0,0.38698471798368284,24,0.5,0.5
India,2022-11-28,-0.008001477793507841,0.0,0.3683686550027799,38,0.5789473684210527,0.39473684210526316
India,2022-11-29,-0.0029195573877682035,0.0,0.40012639032074343,45,0.4444444444444444,0.4888888888888889
India,2022-11-30,-0.0053137314411514985,0.0,0.32519798464332134,27,0.5555555555555556,0.4444444444444444
India,2022-12-01,0.058352004848980774,0.0,0.36103871698156004,27,0.7407407407407407,0.2222222222222222
India,2022-12-02,-0.09825328638518929,0.0,0.26754492652749956,40,0.25,0.725
India,2022-12-03,-0.11259900214976289,0.0,0.3288931748262113,31,0.2903225806451613,0.6774193548387096
India,2022-12-04,-0.09293388553781916,0.0,0.2866808383921415,26,0.3076923076923077,0.6153846153846154
India,2022-12-05,-0.04463739655062618,0.0,0.3448307942723665,46,0.43478260869565216,0.5652173913043478
India,2022-12-06,-0.19921178360902347,0.0,0.3175489155018779,41,0.21951219512195122,0.7560975609756098
India,2022-12-07,-0.031835131975728674,0.0,0.3473111911420914,56,0.42857142857142855,0.5714285714285714
India,2022-12-08,-0.06744391250986602,0.0,0.31952885668686276,34,0.4411764705882353,0.5294117647058824
India,2022-12-09,0.03223099796375805,0.0,0.2871264059235273,32,0.5,0.46875
India,2022-12-10,-0.07895656930486147,0.0,0.36683966793199785,20,0.4,0.5
India,2022-12-11,-0.14174954651609176,0.0,0.28236023055657716,23,0.34782608695652173,0.6521739130434783
India,2022-12-12,-0.06829426792498003,0.0,0.3186547501878854,41,0.4146341463414634,0.5121951219512195
India,2022-12-13,-0.040821116033210945,0.0,0.32270115220521217,40,0.5,0.5
India,2022-12-14,-0.04748619101182634,0.0,0.3296403222525236,30,0.43333333333333335,0.5333333333333333
India,2022-12-15,0.01831267463717376,0.0,0.2818907443284317,42,0.40476190476190477,0.5
India,2022-12-16,0.0532401576870372,0.0,0.3003510214959058,37,0.4864864864864865,0.43243243243243246
India,2022-12-17,-0.02247933522551143,0.0,0.4534919197800117,24,0.375,0.625
India,2022-12-18,0.0046577540118181585,0.0,0.3308781288914766,19,0.47368421052631576,0.3684210526315789
India,2022-12-19,-0.007496295482280999,0.0,0.30670483685686806,31,0.3548387096774194,0.6451612903225806
India,2022-12-20,0.12485174818773007,0.0,0.37308444575324773,32,0.65625,0.34375
India,2022-12-21,-0.04658239042198468,0.0,0.25572195486694754,39,0.48717948717948717,0.4358974358974359
India,2022-12-22,-0.016916095394421057,0.0,0.3348142075326862,46,0.41304347826086957,0.5434782608695652
India,2022-12-23,-0.06330635280727524,0.0,0.35888923852101845,27,0.3333333333333333,0.6666666666666666
India,2022-12-24,-0.2008439991513549,0.0,0.2425120989581679,13,0.23076923076923078,0.7692307692307693
India,2022-12-25,-0.03304667454402634,0.0,0.24682782811560086,22,0.5,0.45454545454545453
India,2022-12-26,-0.1295363743558571,0.0,0.3610406829959105,18,0.2777777777777778,0.6666666666666666
India,2022-12-27,-0.15624802027189472,0.0,0.3302135888505949,37,0.35135135135135137,0.6216216216216216
India,2022-12-28,-0.16647674940880036,0.0,0.3287462175273954,41,0.34146341463414637,0.6341463414634146
India,2022-12-29,-0.04395926586917676,0.0,0.4093718981362302,23,0.34782608695652173,0.6086956521739131
India,2022-12-30,-0.08501171204081784,0.0,0.33792030854331556,33,0.42424242424242425,0.5757575757575758
India,2022-12-31,-0.05850140631217656,0.0,0.39999972084598023,29,0.3793103448275862,0.5517241379310345
India,2023-01-01,-0.07977593668526294,0.0,0.323527591335963,17,0.5294117647058824,0.47058823529411764
India,2023-01-02,-0.03248887874716329,0.0,0.255167236903505,17,0.4117647058823529,0.5294117647058824
India,2023-01-03,-0.024371960702678955,0.0,0.3949080716316286,33,0.5454545454545454,0.3939393939393939
India,2023-01-04,-0.09494246859812346,0.0,0.3896841359948707,42,0.3333333333333333,0.6666666666666666
India,2023-01-05,-0.11332286126258641,0.0,0.2882239448021475,25,0.36,0.6
India,2023-01-06,-0.12921581856887396,0.0,0.3259852546679705,31,0.3870967741935484,0.6129032258064516
India,2023-01-07,-0.012988245481403857,0.0,0.2810613955175819,16,0.5625,0.4375
India,2023-01-08,-0.1252484552883772,0.0,0.39241397996509386,14,0.2857142857142857,0.6428571428571429
India,2023-01-09,-0.06983735743963165,0.0,0.3561166564846361,37,0.40540540540540543,0.5945945945945946
India,2023-01-10,-0.1508620327658092,0.0,0.3592365978642924,48,0.3333333333333333,0.625
India,2023-01-11,-0.09928609948286703,0.0,0.3971726771895945,35,0.37142857142857144,0.5714285714285714
India,2023-01-12,0.06405034651503794,0.0,0.2952143681850063,31,0.4838709677419355,0.5161290322580645
India,2023-01-13,-0.07122450597866417,0.0,0.3746632384386162,32,0.46875,0.46875
India,2023-01-14,0.14604187389768747,0.0,0.3073502262176287,26,0.6923076923076923,0.3076923076923077
India,2023-01-15,-0.03592589883511306,0.0,0.4588395861483327,24,0.5416666666666666,0.4166666666666667
India,2023-01-16,-0.10317084662355841,0.0,0.28290677342195386,36,0.3611111111111111,0.5833333333333334
India,2023-01-17,-0.08212612199976115,0.0,0.320374272299002,42,0.2857142857142857,0.6904761904761905
India,2023-01-18,-0.052892945376168815,0.0,0.28751205558388193,43,0.4418604651162791,0.5348837209302325
India,2023-01-19,-0.07475723894335275,0.0,0.3340660139361097,29,0.4827586206896552,0.5172413793103449
India,2023-01-20,0.030926993548705102,0.0,0.3023434932553932,30,0.5666666666666667,0.36666666666666664
India,2023-01-21,-0.0412919753275044,0.0,0.3447925587855011,23,0.34782608695652173,0.6086956521739131
India,2023-01-22,-0.1564949235953157,0.0,0.3690773088497547,19,0.2631578947368421,0.6842105263157895
India,2023-01-23,0.04266785563800602,0.0,0.3529440880736398,45,0.5111111111111111,0.4888888888888889
India,2023-01-24,-0.04409479971292847,0.0,0.3585003694198533,49,0.4489795918367347,0.5306122448979592
India,2023-01-25,0.03368188472424215,0.0,0.42038580356940974,43,0.5813953488372093,0.4186046511627907
India,2023-01-26,-0.11136285879562438,0.0,0.3120008873222639,37,0.35135135135135137,0.6486486486486487
India,2023-01-27,-0.0026225754266357574,0.0,0.3182664054900646,36,0.5,0.5
India,2023-01-28,-0.07145463813464689,0.0,0.3505041347575986,28,0.35714285714285715,0.6428571428571429
India,2023-01-29,-0.04341234631468955,0.0,0.37393533789004746,26,0.34615384615384615,0.6153846153846154
India,2023-01-30,-0.09404262242463858,0.0,0.28717474998439163,42,0.35714285714285715,0.5952380952380952
India,2023-01-31,0.010299822758857878,0.0,0.3326536354173707,44,0.5,0.45454545454545453
India,2023-02-01,-0.0933279484653523,0.0,0.3636593628838367,38,0.39473684210526316,0.6052631578947368
India,2023-02-02,-0.049918393747321516,0.0,0.2878899253908121,48,0.4791666666666667,0.5
India,2023-02-03,-0.08624190848310252,0.0,0.28905089153000324,32,0.34375,0.65625
India,2023-02-04,-0.23744303345337733,0.0,0.3958497642645924,19,0.42105263157894735,0.5789473684210527
India,2023-02-05,-0.0642770091533482,0.0,0.232167787359251,26,0.34615384615384615,0.6153846153846154
India,2023-02-06,-0.025573147961358504,0.0,0.36088611369674634,38,0.42105263157894735,0.5789473684210527
India,2023-02-07,-0.17227380982818633,0.0,0.3468831243284415,48,0.375,0.6041666666666666
India,2023-02-08,-0.060763751961792144,0.0,0.29268593187178193,46,0.43478260869565216,0.5
India,2023-02-09,-0.039546462635501996,0.0,0.323450679620648,50,0.46,0.48
India,2023-02-10,-0.003240478574290096,0.0,0.3433657442165603,45,0.5111111111111111,0.4
India,2023-02-11,0.01018292851044039,0.0,0.3738914767661054,29,0.41379310344827586,0.5517241379310345
India,2023-02-12,-0.11647512930628856,0.0,0.24081908108639785,21,0.38095238095238093,0.5238095238095238
India,2023-02-13,-0.027021957438875522,0.0,0.35575264473864754,44,0.5454545454545454,0.4318181818181818
India,2023-02-14,-0.12188504951323896,0.0,0.40072755206922445,29,0.3793103448275862,0.5862068965517241
India,2023-02-15,-0.12002322912109945,0.0,0.3241130922873043,32,0.40625,0.5625
India,2023-02-16,-0.09143612137935722,0.0,0.37816782940588917,32,0.375,0.53125
India,2023-02-17,-0.0459992285941111,0.0,0.3882494897604657,48,0.4583333333333333,0.5416666666666666
India,2023-02-18,-0.14211516275363767,0.0,0.3841494248280712,34,0.3235294117647059,0.6764705882352942
India,2023-02-19,-0.029912944386435037,0.0,0.30404181113714845,15,0.26666666666666666,0.6
India,2023-02-20,-0.07364464576106443,0.0,0.34176331701090024,37,0.35135135135135137,0.5945945945945946
India,2023-02-21,-0.07325146497075993,0.0,0.37984163679697125,37,0.3783783783783784,0.6216216216216216
India,2023-02-22,-0.09772137040816385,0.0,0.31762749573464677,40,0.4,0.6
India,2023-02-23,-0.057169542447825,0.0,0.3602732396261012,41,0.4146341463414634,0.5609756097560976
India,2023-02-24,-0.15542872326205714,0.0,0.3051491714633102,39,0.23076923076923078,0.6923076923076923
India,2023-02-25,-0.035906627174318466,0.0,0.2992201265188827,43,0.4186046511627907,0.5813953488372093
India,2023-02-26,-0.03353256678528919,0.0,0.24785520783318793,21,0.42857142857142855,0.47619047619047616
India,2023-02-27,-0.17657847790872605,0.0,0.3760079908643005,25,0.24,0.72
India,2023-02-28,-0.06670129507521713,0.0,0.4005510742747089,43,0.32558139534883723,0.6511627906976745
India,2023-03-01,-0.046617572309352415,0.0,0.3399223654900353,36,0.4166666666666667,0.5277777777777778
India,2023-03-02,-0.06271350860371705,0.0,0.35292129266028693,35,0.42857142857142855,0.5714285714285714
India,2023-03-03,-0.08450542180556025,0.0,0.30140135889564823,33,0.3333333333333333,0.6363636363636364
India,2023-03-04,-0.04880661231066552,0.0,0.3246414339681342,18,0.3888888888888889,0.6111111111111112
India,2023-03-05,0.05978019698356955,0.0,0.3446041249051569,28,0.5357142857142857,0.42857142857142855
India,2023-03-06,-0.024515242341679594,0.0,0.2949740603265699,25,0.48,0.52
India,2023-03-07,-0.040727235798690135,0.0,0.4384318399108083,33,0.3939393939393939,0.6060606060606061
India,2023-03-08,-0.08821500184247308,0.0,0.38103984320383416,21,0.42857142857142855,0.47619047619047616
India,2023-03-09,0.03776279097036944,0.0,0.4108495001691659,36,0.4166666666666667,0.5555555555555556
India,2023-03-10,0.06831998845698732,0.0,0.36329774724744957,28,0.6071428571428571,0.35714285714285715
India,2023-03-11,-0.04729921575334577,0.0,0.4188751627194869,22,0.3181818181818182,0.6363636363636364
India,2023-03-12,0.02435116744711269,0.0,0.27413681505745213,23,0.5217391304347826,0.43478260869565216
India,2023-03-13,0.00318481880949584,0.0,0.24245886552671891,21,0.47619047619047616,0.5238095238095238
India,2023-03-14,-0.09105384112096614,0.0,0.4442978839209795,27,0.5185185185185185,0.4444444444444444
India,2023-03-15,-0.03037412846032221,0.0,0.39909151037732643,51,0.49019607843137253,0.49019607843137253
India,2023-03-16,-0.03827522382497307,0.0,0.4364383006484961,34,0.5,0.5
India,2023-03-17,-0.03216712233572237,0.0,0.3360474502090958,45,0.5111111111111111,0.4888888888888889
India,2023-03-18,-0.06032695855848146,0.0,0.33081444640527324,26,0.4230769230769231,0.5384615384615384
India,2023-03-19,0.03039834254028871,0.0,0.24341639032041834,17,0.5882352941176471,0.4117647058823529
India,2023-03-20,-0.05955012070826271,0.0,0.29924193493652274,39,0.38461538461538464,0.5641025641025641
India,2023-03-21,-0.07787828676319494,0.0,0.3494123304796466,29,0.5172413793103449,0.4827586206896552
India,2023-03-22,-0.0981228792518682,0.0,0.2847513328363441,8,0.375,0.625
India,2023-03-23,0.12279257240705707,0.0,0.18681748954841004,10,0.8,0.2
India,2023-03-24,-0.09286042982963424,0.0,0.32463616345041374,50,0.34,0.6
India,2023-03-25,-0.03545701978436991,0.0,0.258325669631713,26,0.4230769230769231,0.5769230769230769
India,2023-03-26,-0.07201627770063368,0.0,0.3612608606633887,30,0.5,0.4666666666666667
India,2023-03-27,0.026373617142642705,0.0,0.31011936305597315,49,0.5306122448979592,0.42857142857142855
India,2023-03-28,-0.04177487924802718,0.0,0.3210330940642156,47,0.40425531914893614,0.5106382978723404
India,2023-03-29,-0.026440934226246254,0.0,0.3643051625677374,52,0.4230769230769231,0.5192307692307693
India,2023-03-30,-0.06469592113893613,0.0,0.32218821731025155,53,0.37735849056603776,0.6037735849056604
India,2023-03-31,0.0542789727172592,0.0,0.405374685625252,48,0.5416666666666666,0.4583333333333333
India,2023-04-01,-0.03726639466955481,0.0,0.31541105794385943,16,0.375,0.5625
India,2023-04-02,-0.1355416005991509,0.0,0.36383470225751713,25,0.4,0.6
India,2023-04-03,-0.12130441086309206,0.0,0.37609944256796585,48,0.375,0.6041666666666666
India,2023-04-04,-0.10098193700862672,0.0,0.33553700846550055,46,0.3695652173913043,0.6086956521739131
India,2023-04-05,-0.02270699088446118,0.0,0.3249580406863284,36,0.3611111111111111,0.6111111111111112
India,2023-04-06,-0.0329600726709612,0.0,0.36273580224835167,36,0.4444444444444444,0.5555555555555556
India,2023-04-07,-0.03712042584702867,0.0,0.34357219556134494,29,0.4482758620689655,0.5517241379310345
India,2023-04-08,-0.0652878232495638,0.0,0.4378286063254745,19,0.3684210526315789,0.5789473684210527
India,2023-04-09,-0.052769606719160776,0.0,0.26936948180098547,21,0.42857142857142855,0.5714285714285714
India,2023-04-10,-0.10801904472012815,0.0,0.34594301726059695,37,0.40540540540540543,0.5405405405405406
India,2023-04-11,-0.0024191551833187552,0.0,0.3896145763418018,42,0.42857142857142855,0.5714285714285714
India,2023-04-12,-0.0550232214279416,0.0,0.36783624900018663,41,0.4634146341463415,0.4878048780487805
India,2023-04-13,-0.06059182521718301,0.0,0.23875793052499367,43,0.3488372093023256,0.5813953488372093
India,2023-04-14,0.09686267715272483,0.0,0.31657227016572453,41,0.6341463414634146,0.2682926829268293
India,2023-04-15,0.01289666880465657,0.0,0.3091196588082759,25,0.52,0.44
India,2023-04-16,-0.07670747980143924,0.0,0.2911784721393718,20,0.45,0.45
India,2023-04-17,-0.03520822004307286,0.0,0.3177554287123977,37,0.3783783783783784,0.5675675675675675
India,2023-04-18,0.003302371711099575,0.0,0.3659370879903155,35,0.4857142857142857,0.4857142857142857
India,2023-04-19,0.03294981645218541,0.0,0.21457507012867896,39,0.5641025641025641,0.4358974358974359
India,2023-04-20,0.026670709734273088,0.0,0.2966502061076901,47,0.46808510638297873,0.5106382978723404
India,2023-04-21,0.0392707334352793,0.0,0.28127295267354285,33,0.6060606060606061,0.3939393939393939
India,2023-04-22,-0.12799838394356544,0.0,0.40963497566680684,33,0.3333333333333333,0.6666666666666666
India,2023-04-23,-0.04774937720958173,0.0,0.3252959626813139,19,0.47368421052631576,0.5263157894736842
India,2023-04-24,0.009803762954873885,0.0,0.2610212703904944,37,0.4594594594594595,0.43243243243243246
India,2023-04-25,-0.003811717146779022,0.0,0.3138074619913096,34,0.4411764705882353,0.47058823529411764
India,2023-04-26,-0.09039223698705655,0.0,0.36545530444551777,36,0.4166666666666667,0.5833333333333334
India,2023-04-27,-0.03368181677749315,0.0,0.39143562415994404,37,0.4594594594594595,0.5135135135135135
India,2023-04-28,0.036072892678195884,0.0,0.31796917979667977,31,0.5806451612903226,0.3870967741935484
India,2023-04-29,-0.08246410797157637,0.0,0.35134007206969836,27,0.3333333333333333,0.5185185185185185
India,2023-04-30,-0.17317623441337554,0.0,0.4051637391927491,30,0.23333333333333334,0.7666666666666667
India,2023-05-01,-0.02982047394140169,0.0,0.29015273871050856,22,0.45454545454545453,0.5454545454545454
India,2023-05-02,-0.10493486921943633,0.0,0.33751755519094395,43,0.4418604651162791,0.5581395348837209
India,2023-05-03,0.05305123250852426,0.0,0.24353549291651824,38,0.5789473684210527,0.39473684210526316
India,2023-05-04,-0.039081713565063264,0.0,0.37963182719909644,32,0.40625,0.46875
India,2023-05-05,-0.10851482606645363,0.0,0.3616059798716439,45,0.37777777777777777,0.6
India,2023-05-06,-0.06920482103109397,0.0,0.39781754885670584,32,0.46875,0.53125
India,2023-05-07,-0.20108217854615418,0.0,0.4022193272799765,17,0.35294117647058826,0.6470588235294118
India,2023-05-08,-0.1464768930853173,0.0,0.35679125359478975,41,0.34146341463414637,0.6585365853658537
India,2023-05-09,-0.06297987873161814,0.0,0.3408608035434775,34,0.4117647058823529,0.5882352941176471
India,2023-05-10,0.04134455632211029,0.0,0.30092443499987936,43,0.6046511627906976,0.3953488372093023
India,2023-05-11,-0.007867229818703633,0.0,0.3551008994838845,35,0.42857142857142855,0.5142857142857142
India,2023-05-12,-0.05615264205005168,0.0,0.24242753460433297,27,0.4074074074074074,0.5185185185185185
India,2023-05-13,-0.14802034354623128,0.0,0.32586528789437513,24,0.3333333333333333,0.6666666666666666
India,2023-05-14,-0.0024276151470920986,0.0,0.3640595035699427,21,0.42857142857142855,0.47619047619047616
India,2023-05-15,-0.02738042939342217,0.0,0.309312327996729,28,0.5357142857142857,0.4642857142857143
India,2023-05-16,-0.02373052082339839,0.0,0.33357277464818336,40,0.525,0.45
India,2023-05-17,-0.10642391478720847,0.0,0.30081782334051604,38,0.3684210526315789,0.631578947368421
India,2023-05-18,-0.03528347030892282,0.0,0.2919473969447169,44,0.4090909090909091,0.5227272727272727
India,2023-05-19,-0.09084522426665151,0.0,0.30036422080149083,40,0.3,0.675
India,2023-05-20,-0.022675097199124795,0.0,0.2560394891308729,29,0.5172413793103449,0.4827586206896552
India,2023-05-21,0.02942609047469553,0.0,0.35897164911719426,22,0.45454545454545453,0.5454545454545454
India,2023-05-22,0.00204936317528486,0.0,0.31986749551556076,33,0.3939393939393939,0.5454545454545454
India,2023-05-23,0.020671724244443555,0.0,0.3280096634005224,30,0.5333333333333333,0.36666666666666664
India,2023-05-24,-0.00844908481477347,0.0,0.3373106929091261,43,0.4883720930232558,0.46511627906976744
India,2023-05-25,0.015543857111910768,0.0,0.3666879942137461,27,0.5185185185185185,0.48148148148148145
India,2023-05-26,0.07122515920662827,0.0,0.3348737606362672,33,0.696969696969697,0.30303030303030304
India,2023-05-27,-0.05330552776394656,0.0,0.35489497742095094,23,0.43478260869565216,0.5652173913043478
India,2023-05-28,-0.09877138881987965,0.0,0.37293903785598637,18,0.4444444444444444,0.5
India,2023-05-29,0.01985057589571493,0.0,0.3370575989874133,37,0.5135135135135135,0.43243243243243246
India,2023-05-30,0.0033234617360507995,0.0,0.2980104558756502,26,0.46153846153846156,0.5384615384615384
India,2023-05-31,-0.08911038069485185,0.0,0.259989320310618,35,0.3142857142857143,0.6857142857142857
India,2023-06-01,-0.0861300958614278,0.0,0.329878149129859,37,0.2972972972972973,0.6216216216216216
India,2023-06-02,-0.08366973249463285,0.0,0.38033572203732974,30,0.3333333333333333,0.6666666666666666
India,2023-06-03,-0.12292953441399908,0.0,0.44861053753454605,33,0.36363636363636365,0.6363636363636364
India,2023-06-04,-0.1362813024059545,0.0,0.34801612741378574,31,0.3225806451612903,0.5806451612903226
India,2023-06-05,-0.03423754774719254,0.0,0.3408135109253549,48,0.5,0.4166666666666667
India,2023-06-06,-0.025405850364272946,0.0,0.3706485594470044,47,0.46808510638297873,0.5106382978723404
India,2023-06-07,0.03938967075016195,0.0,0.4228186353252397,46,0.5869565217391305,0.41304347826086957
India,2023-06-08,-0.07869280070773993,0.0,0.31174858113600706,39,0.41025641025641024,0.5641025641025641
India,2023-06-09,0.04426601498932445,0.0,0.3643834850520424,40,0.55,0.425
India,2023-06-10,0.07082604629783519,0.0,0.21545567162193507,24,0.5416666666666666,0.4583333333333333
India,2023-06-11,0.02207717935979256,0.0,0.3572034129036811,17,0.47058823529411764,0.4117647058823529
India,2023-06-12,-0.08653813279480056,0.0,0.37540743679754623,47,0.2765957446808511,0.6808510638297872
India,2023-06-13,-0.05011053787770286,0.0,0.37601170493545716,42,0.4523809523809524,0.5238095238095238
India,2023-06-14,-0.07760840567136877,0.0,0.3362104428502368,27,0.48148148148148145,0.4444444444444444
India,2023-06-15,-0.10157890737774401,0.0,0.3729669321633033,32,0.40625,0.59375
India,2023-06-16,-0.15981345813431583,0.0,0.3918948994638058,42,0.3333333333333333,0.6428571428571429
India,2023-06-17,-0.12551310279427408,0.0,0.3463174025889654,27,0.3333333333333333,0.6296296296296297
India,2023-06-18,-0.09148211703109942,0.0,0.391114335992651,28,0.35714285714285715,0.6071428571428571
India,2023-06-19,-0.08633657791998618,0.0,0.3171725113158676,34,0.47058823529411764,0.5294117647058824
India,2023-06-20,0.007155311175933083,0.0,0.3576969423325939,42,0.47619047619047616,0.5
India,2023-06-21,0.09745674858663794,0.0,0.4172817281257318,25,0.6,0.36
India,2023-06-22,-0.018517293113732045,0.0,0.2561538174486907,44,0.4318181818181818,0.5
India,2023-06-23,0.02576544408008876,0.0,0.2730606092243023,30,0.5666666666666667,0.4
India,2023-06-24,-0.09597498976319246,0.0,0.44243463032129754,31,0.3870967741935484,0.6129032258064516
India,2023-06-25,-0.03210938071425441,0.0,0.2725093526731888,21,0.5238095238095238,0.42857142857142855
India,2023-06-26,-0.02268994981406918,0.0,0.4092066525037811,32,0.53125,0.46875
India,2023-06-27,-0.1238380006236981,0.0,0.2759051702853581,26,0.38461538461538464,0.5769230769230769
India,2023-06-28,-0.1251142080487866,0.0,0.37595835367409625,35,0.37142857142857144,0.6
India,2023-06-29,-0.04301799568463401,0.0,0.2599913984605134,22,0.4090909090909091,0.5454545454545454
India,2023-06-30,0.10283033763067402,0.0,0.3119201160768879,21,0.6666666666666666,0.3333333333333333
India,2023-07-01,-0.1290396115549741,0.0,0.3181174210188603,36,0.3888888888888889,0.6111111111111112
India,2023-07-02,0.0905741971264845,0.0,0.33644218497756856,9,0.6666666666666666,0.3333333333333333
India,2023-07-03,-0.06243457549297419,0.0,0.34285351421216026,34,0.4117647058823529,0.5
India,2023-07-04,-0.005013603967940617,0.0,0.39002253359369576,34,0.5294117647058824,0.4117647058823529
India,2023-07-05,-0.06867499110657958,0.0,0.364522153772785,46,0.43478260869565216,0.5434782608695652
India,2023-07-06,-0.03443459815699823,0.0,0.37418264780882915,36,0.4722222222222222,0.5277777777777778
India,2023-07-07,-0.030264586308895974,0.0,0.38420049674088913,38,0.47368421052631576,0.4473684210526316
India,2023-07-08,0.03192412670988027,0.0,0.2938448746233125,21,0.5714285714285714,0.42857142857142855
India,2023-07-09,-0.19985005026899308,0.0,0.37491068571995206,16,0.1875,0.8125
India,2023-07-10,-0.09468159134888973,0.0,0.3513603945054926,30,0.36666666666666664,0.5666666666666667
India,2023-07-11,3.8371899734118294e-05,0.0,0.33457878530551216,41,0.43902439024390244,0.5365853658536586
India,2023-07-12,-0.083039627357778,0.0,0.3598484365133153,42,0.47619047619047616,0.5238095238095238
India,2023-07-13,-0.05900657117464739,0.0,0.44293666839094287,38,0.5263157894736842,0.4473684210526316
India,2023-07-14,-0.05543520075007013,0.0,0.35750343647398536,44,0.4772727272727273,0.5227272727272727
India,2023-07-15,-0.2531480782366561,0.0,0.4390515117304411,26,0.38461538461538464,0.6153846153846154
India,2023-07-16,-0.12929119581143578,0.0,0.33271608467603864,27,0.4074074074074074,0.5555555555555556
India,2023-07-17,-0.125050275712157,0.0,0.3476885872204957,37,0.2972972972972973,0.6756756756756757
India,2023-07-18,0.07229033510662361,0.0,0.3973698104119395,32,0.625,0.3125
India,2023-07-19,-0.14743953614556943,0.0,0.3847983565207044,33,0.42424242424242425,0.5454545454545454
India,2023-07-20,-0.06398721779280106,0.0,0.43545963978222224,33,0.5454545454545454,0.45454545454545453
India,2023-07-21,-0.15905448536551697,0.0,0.3811124834878863,34,0.47058823529411764,0.5
India,2023-07-22,0.013556758230968401,0.0,0.4092824890884491,18,0.5555555555555556,0.4444444444444444
India,2023-07-23,-0.12395968099157212,0.0,0.28271309249415266,41,0.36585365853658536,0.6097560975609756
India,2023-07-24,-0.07175893436899426,0.0,0.3822872069864766,30,0.36666666666666664,0.6
India,2023-07-25,0.028263050450258377,0.0,0.34491486223091494,34,0.5882352941176471,0.4117647058823529
India,2023-07-26,-0.11355685012872274,0.0,0.3446081226614748,43,0.4186046511627907,0.5348837209302325
India,2023-07-27,-0.03617827825699197,0.0,0.3494306010122752,38,0.42105263157894735,0.5263157894736842
India,2023-07-28,0.026521486386310113,0.0,0.2846020191683061,30,0.5333333333333333,0.4
India,2023-07-29,-0.03143402594366888,0.0,0.22540268028998262,21,0.42857142857142855,0.5714285714285714
India,2023-07-30,-0.043591746011039045,0.0,0.35584153157528126,20,0.45,0.5
India,2023-07-31,-0.10045589058121784,0.0,0.31936657749203534,38,0.39473684210526316,0.6052631578947368
India,2023-08-01,-0.010505402458131056,0.0,0.397806378931434,25,0.52,0.44
India,2023-08-02,0.027229931662497243,0.0,0.3134453518033816,46,0.5,0.4782608695652174
India,2023-08-03,-0.05379512607418538,0.0,0.35947464611617697,35,0.45714285714285713,0.5142857142857142
India,2023-08-04,0.01990459063083879,0.0,0.361378769842667,38,0.47368421052631576,0.47368421052631576
India,2023-08-05,-0.08637986446347097,0.0,0.4852035954353477,23,0.391304347826087,0.5652173913043478
India,2023-08-06,0.055582831572204006,0.0,0.3641978630950809,20,0.45,0.45
India,2023-08-07,-0.05507191701072263,0.0,0.3625444799157529,35,0.45714285714285713,0.5428571428571428
India,2023-08-08,-0.041612892411419806,0.0,0.31590859862103776,27,0.5185185185185185,0.4444444444444444
India,2023-08-09,0.028178531840194723,0.0,0.4650893987289598,22,0.5,0.5
India,2023-08-10,0.029083646204541107,0.0,0.3457826243740673,36,0.5277777777777778,0.4166666666666667
India,2023-08-11,0.04797530215623915,0.0,0.34114950195655785,39,0.46153846153846156,0.46153846153846156
India,2023-08-12,-0.07683190949634545,0.0,0.3787054497316838,27,0.37037037037037035,0.5925925925925926
India,2023-08-13,-0.025612212098306063,0.0,0.2940541419519849,24,0.4583333333333333,0.5416666666666666
India,2023-08-14,-0.08807581289126258,0.0,0.27518167666684556,35,0.2857142857142857,0.6285714285714286
India,2023-08-15,0.04503951521118645,0.0,0.408957810256332,28,0.6071428571428571,0.39285714285714285
India,2023-08-16,-0.0044430300804134465,0.0,0.3802062217246434,22,0.5454545454545454,0.4090909090909091
India,2023-08-17,-0.12045180206882183,0.0,0.4579753244376725,27,0.4444444444444444,0.5185185185185185
India,2023-08-18,-0.05358540730147917,0.0,0.3234907770825519,39,0.38461538461538464,0.5897435897435898
India,2023-08-19,0.0556692780491434,0.0,0.326527950211618,24,0.625,0.375
India,2023-08-20,0.003582262062365139,0.0,0.2668010785048116,26,0.5384615384615384,0.46153846153846156
India,2023-08-21,0.06449335491103872,0.0,0.36151997616502535,42,0.6190476190476191,0.35714285714285715
India,2023-08-22,-0.01425786708830508,0.0,0.2647450693595731,27,0.48148148148148145,0.48148148148148145
India,2023-08-23,0.005933152797132282,0.0,0.33042706629036944,60,0.5666666666666667,0.4
India,2023-08-24,0.06119983454139343,0.0,0.33494083891537335,34,0.47058823529411764,0.4411764705882353
India,2023-08-25,0.0872236103061421,0.0,0.3316924207492008,46,0.5217391304347826,0.4782608695652174
India,2023-08-26,0.06899181689152493,0.0,0.37883315246057786,30,0.6,0.36666666666666664
India,2023-08-27,-0.13551630023334454,0.0,0.3408829947572295,22,0.45454545454545453,0.5454545454545454
India,2023-08-28,0.0705613173516673,0.0,0.41482290268445765,31,0.4838709677419355,0.5161290322580645
India,2023-08-29,0.042885602781878494,0.0,0.32326574490444787,32,0.5,0.4375
India,2023-08-30,-0.08635756458071611,0.0,0.3884787094902717,40,0.325,0.65
India,2023-08-31,-0.012152531620848865,0.0,0.4225759093472435,38,0.5263157894736842,0.39473684210526316
India,2023-09-01,-0.01634665242614218,0.0,0.29176198004705806,34,0.5294117647058824,0.47058823529411764
India,2023-09-02,-0.03052646121693468,0.0,0.28374795271357767,32,0.4375,0.53125
India,2023-09-03,-0.016893953010582777,0.0,0.3856615518140015,29,0.41379310344827586,0.5517241379310345
India,2023-09-04,0.12092165368063365,0.0,0.37606952015040535,31,0.6129032258064516,0.2903225806451613
India,2023-09-05,-0.05099435131815106,0.0,0.3522658108573849,41,0.4634146341463415,0.43902439024390244
India,2023-09-06,-0.0007659250519076112,0.0,0.3292273587909696,45,0.4444444444444444,0.5555555555555556
India,2023-09-07,0.03283593389929664,0.0,0.2728477742024323,42,0.4523809523809524,0.42857142857142855
India,2023-09-08,-0.033623467185569515,0.0,0.25349597789400535,47,0.46808510638297873,0.5106382978723404
India,2023-09-09,-0.1199961336891067,0.0,0.31413706137621805,45,0.4,0.5555555555555556
India,2023-09-10,0.03413389213449293,0.0,0.2964564391290032,53,0.4716981132075472,0.5094339622641509
India,2023-09-11,0.030415992694851703,0.0,0.3302667586988647,42,0.4523809523809524,0.5
India,2023-09-12,0.044182686595744224,0.0,0.3803974273765476,45,0.4666666666666667,0.4444444444444444
India,2023-09-13,0.0521855647236263,0.0,0.41983370304763884,33,0.5757575757575758,0.42424242424242425
India,2023-09-14,0.04718410270347306,0.0,0.2806047439477194,41,0.6097560975609756,0.36585365853658536
India,2023-09-15,-0.0319283488872255,0.0,0.3566221044385264,30,0.3333333333333333,0.6
India,2023-09-16,-0.1313691974872298,0.0,0.41491079822380544,20,0.25,0.7
India,2023-09-17,-0.032251298393503956,0.0,0.4280515208723164,27,0.5925925925925926,0.4074074074074074
India,2023-09-18,-0.018171986030000354,0.0,0.37715194905407345,37,0.4594594594594595,0.4864864864864865
India,2023-09-19,-0.1391965700780552,0.0,0.3992064789053505,34,0.3235294117647059,0.6764705882352942
India,2023-09-20,-0.14579976081811521,0.0,0.31946842444416323,26,0.19230769230769232,0.7692307692307693
India,2023-09-21,-0.1422888499154806,0.0,0.3829489006115216,34,0.29411764705882354,0.6470588235294118
India,2023-09-22,0.06939337201718783,0.0,0.35635508592010867,33,0.6060606060606061,0.36363636363636365
India,2023-09-23,-0.05575362990289122,0.0,0.375280209876756,23,0.391304347826087,0.5652173913043478
India,2023-09-24,-0.12576983332075997,0.0,0.20502112869732225,21,0.2857142857142857,0.7142857142857143
India,2023-09-25,0.06898916249451695,0.0,0.3948360119864637,26,0.5,0.46153846153846156
India,2023-09-26,-0.006392389902822426,0.0,0.36465971043178746,23,0.4782608695652174,0.5217391304347826
India,2023-09-27,0.005841105189898123,0.0,0.32999568907226845,29,0.4482758620689655,0.5517241379310345
India,2023-09-28,-0.18156488013689367,0.0,0.3456758577415798,21,0.3333333333333333,0.6666666666666666
India,2023-09-29,-0.12583116289168633,0.0,0.352442455852991,40,0.375,0.625
India,2023-09-30,-0.10731363840562178,0.0,0.36413100793404557,16,0.3125,0.6875
India,2023-10-01,0.022064697958619147,0.0,0.30672874526894583,23,0.6086956521739131,0.391304347826087
India,2023-10-02,0.027471451363943626,0.0,0.3468633138027729,21,0.47619047619047616,0.5238095238095238
India,2023-10-03,0.02461528628932109,0.0,0.4352443657921338,38,0.5,0.47368421052631576
India,2023-10-04,0.08920988483045515,0.0,0.2814323046711548,34,0.6176470588235294,0.35294117647058826
India,2023-10-05,-0.11518823082993078,0.0,0.4271423125035518,48,0.4583333333333333,0.5208333333333334
India,2023-10-06,-0.10887060039204222,0.0,0.37646910830539504,47,0.40425531914893614,0.5319148936170213
India,2023-10-07,-0.28961362772309857,0.0,0.4140490107777423,25,0.2,0.8
India,2023-10-08,0.06798037362849849,0.0,0.32481428791248995,26,0.5384615384615384,0.46153846153846156
India,2023-10-09,-0.048495384397919436,0.0,0.39154909795303067,43,0.4186046511627907,0.5581395348837209
India,2023-10-10,-0.0591754574830009,0.0,0.3504538829028027,38,0.3684210526315789,0.6052631578947368
India,2023-10-11,-0.0026544004630536227,0.0,0.27041915126046656,44,0.5227272727272727,0.45454545454545453
India,2023-10-12,-0.007700580704433446,0.0,0.3154218871815618,42,0.5,0.47619047619047616
India,2023-10-13,-0.08405417543014708,0.0,0.268734450826941,21,0.47619047619047616,0.5238095238095238
India,2023-10-14,-0.03916036005059242,0.0,0.37530536110548496,22,0.5,0.45454545454545453
India,2023-10-15,-0.07948938368536385,0.0,0.35982747368388057,18,0.3888888888888889,0.6111111111111112
India,2023-10-16,0.007688724524101759,0.0,0.33307121452127547,46,0.5,0.45652173913043476
India,2023-10-17,-0.07592409273940548,0.0,0.33176354382575657,32,0.375,0.53125
India,2023-10-18,-0.04380527324512978,0.0,0.30211298061609226,38,0.47368421052631576,0.5263157894736842
India,2023-10-19,0.0315417611599897,0.0,0.27272238458173165,39,0.5384615384615384,0.41025641025641024
India,2023-10-20,-0.021633869985948517,0.0,0.3037482413130721,46,0.5217391304347826,0.4782608695652174
India,2023-10-21,-0.05773303182894423,0.0,0.37200673820673175,28,0.35714285714285715,0.6428571428571429
India,2023-10-22,-0.05787868708477824,0.0,0.4477730497666534,27,0.4444444444444444,0.5555555555555556
India,2023-10-23,-0.0698066318681568,0.0,0.3755965549180355,30,0.5333333333333333,0.4
India,2023-10-24,-0.005017873481587244,0.0,0.3766440355548291,28,0.4642857142857143,0.5
India,2023-10-25,-0.1327782236999688,0.0,0.432105358984119,27,0.3333333333333333,0.6666666666666666
India,2023-10-26,-0.04936138117998091,0.0,0.3334374889977502,24,0.4166666666666667,0.5833333333333334
India,2023-10-27,-0.012932522187941524,0.0,0.32028957666598395,32,0.59375,0.375
India,2023-10-28,-0.11672054545795077,0.0,0.35922182261814883,28,0.39285714285714285,0.6071428571428571
India,2023-10-29,0.008734633572875532,0.0,0.3521972853619756,17,0.5294117647058824,0.47058823529411764
India,2023-10-30,-0.0983901644269811,0.0,0.31234216499556344,32,0.3125,0.625
India,2023-10-31,0.09630977412333147,0.0,0.4006380270006394,36,0.6388888888888888,0.3611111111111111
India,2023-11-01,-0.04974883307769327,0.0,0.38509267773633393,38,0.4473684210526316,0.5526315789473685
India,2023-11-02,0.03762112553058238,0.0,0.3128187342888274,46,0.5652173913043478,0.43478260869565216
India,2023-11-03,-0.16680524674965175,0.0,0.2946682703024432,39,0.3076923076923077,0.6923076923076923
India,2023-11-04,-0.22604837438388775,0.0,0.41093857078589807,40,0.3,0.65
India,2023-11-05,-0.2551411183568995,0.0,0.38791340440205585,27,0.25925925925925924,0.7407407407407407
India,2023-11-06,-0.07965171226720348,0.0,0.3465075378848564,33,0.42424242424242425,0.5757575757575758
India,2023-11-07,-0.13914627315108014,0.0,0.3121816030009911,35,0.37142857142857144,0.6285714285714286
India,2023-11-08,-0.024467986780254487,0.0,0.4144623479828654,46,0.4782608695652174,0.5217391304347826
India,2023-11-09,0.006996689588997861,0.0,0.3473675693586768,42,0.5,0.47619047619047616
India,2023-11-10,-0.03159745907828958,0.0,0.37225706585130885,33,0.3939393939393939,0.6060606060606061
India,2023-11-11,-0.056916423143044986,0.0,0.44785003821674163,24,0.4166666666666667,0.5833333333333334
India,2023-11-12,-0.09320908815251203,0.0,0.38133887325329363,23,0.391304347826087,0.6086956521739131
India,2023-11-13,-0.18444767481272054,0.0,0.4022019588986496,37,0.35135135135135137,0.6216216216216216
India,2023-11-14,-0.041050682691308106,0.0,0.34843537018646537,37,0.4594594594594595,0.5135135135135135
India,2023-11-15,0.048956691054799606,0.0,0.3664116855556995,37,0.5405405405405406,0.40540540540540543
India,2023-11-16,0.10985406998214028,0.0,0.30453661140765204,35,0.6285714285714286,0.2857142857142857
India,2023-11-17,-0.006110986303176005,0.0,0.3316966046812081,31,0.5161290322580645,0.45161290322580644
India,2023-11-18,0.15716130021578228,0.0,0.4574720445615792,23,0.5652173913043478,0.43478260869565216
India,2023-11-19,-0.008117985857709155,0.0,0.3480840764017972,18,0.4444444444444444,0.5
India,2023-11-20,-0.04521857283687145,0.0,0.26855402978304416,30,0.4,0.4666666666666667
India,2023-11-21,0.04415269071614292,0.0,0.3467039199582339,40,0.55,0.45
India,2023-11-22,-0.0667362615188043,0.0,0.34285962418170945,50,0.44,0.52
India,2023-11-23,-0.03102381593141342,0.0,0.4105986281329934,39,0.5128205128205128,0.46153846153846156
India,2023-11-24,-0.004934255738624762,0.0,0.3332227889898054,28,0.5714285714285714,0.39285714285714285
India,2023-11-25,-0.02326716782779722,0.0,0.2963083054301945,25,0.44,0.52
India,2023-11-26,-0.06646772137430479,0.0,0.2981809849042363,17,0.47058823529411764,0.47058823529411764
India,2023-11-27,0.06504930158140095,0.0,0.3428825673924654,24,0.5416666666666666,0.4166666666666667
India,2023-11-28,0.013836626462971686,0.0,0.2604942614002038,36,0.5,0.4166666666666667
India,2023-11-29,0.07999263265048613,0.0,0.2844318371130051,31,0.6451612903225806,0.3548387096774194
India,2023-11-30,0.05729385746968304,0.0,0.3298845296794427,36,0.5,0.4444444444444444
India,2023-12-01,0.0032606426336326652,0.0,0.3154941828239124,52,0.4807692307692308,0.4423076923076923
India,2023-12-02,0.0772342365387022,0.0,0.39587950873320527,26,0.5769230769230769,0.34615384615384615
India,2023-12-03,0.010693777851073321,0.0,0.2458092400160457,33,0.5151515151515151,0.48484848484848486
India,2023-12-04,-0.050769069538238266,0.0,0.3061557891591731,36,0.3611111111111111,0.5833333333333334
India,2023-12-05,-0.043398666614389264,0.0,0.3980534061880514,43,0.3953488372093023,0.5813953488372093
India,2023-12-06,-0.057269266711663526,0.0,0.41621843005592984,31,0.41935483870967744,0.5483870967741935
India,2023-12-07,0.006004359941702009,0.0,0.36310364019302016,39,0.4358974358974359,0.5641025641025641
India,2023-12-08,-0.034605582196665735,0.0,0.3251966732894876,36,0.5,0.4444444444444444
India,2023-12-09,-0.062959690213967,0.0,0.29083957345309186,35,0.37142857142857144,0.6285714285714286
India,2023-12-10,-0.14253016799639068,0.0,0.33347531964454236,23,0.21739130434782608,0.6956521739130435
India,2023-12-11,0.10547028166390028,0.0,0.3070536668949556,31,0.6451612903225806,0.3225806451612903
India,2023-12-12,0.02353039003113122,0.0,0.2629050236854712,30,0.5333333333333333,0.4666666666666667
India,2023-12-13,-0.06612416134981962,0.0,0.37624232259235346,32,0.40625,0.5
India,2023-12-14,-0.08179180325275939,0.0,0.3021661725337279,30,0.5,0.5
India,2023-12-15,0.009165916411936245,0.0,0.42042810097421773,42,0.47619047619047616,0.47619047619047616
India,2023-12-16,0.03551954362919377,0.0,0.3686443907150518,23,0.4782608695652174,0.4782608695652174
India,2023-12-17,-0.1316102949468636,0.0,0.4661321901527457,25,0.48,0.52
India,2023-12-18,-0.031086633759660403,0.0,0.39762200449475815,33,0.48484848484848486,0.5151515151515151
India,2023-12-19,0.11357720869834162,0.0,0.3172598969403262,34,0.6176470588235294,0.3235294117647059
India,2023-12-20,-0.02256668347325913,0.0,0.2998465771933953,36,0.4722222222222222,0.5
India,2023-12-21,-0.06344436581736383,0.0,0.2968948610636903,24,0.4166666666666667,0.5833333333333334
India,2023-12-22,-0.09376372786128244,0.0,0.4251522456268228,25,0.48,0.52
India,2023-12-23,-0.21520789691700407,0.0,0.3391634406433676,25,0.28,0.72
India,2023-12-24,-0.25146216871025234,0.0,0.3612922347706792,32,0.3125,0.6875
India,2023-12-25,-0.018395471102661678,0.0,0.369362289119934,21,0.47619047619047616,0.38095238095238093
India,2023-12-26,-0.15210999378631243,0.0,0.35327348416203974,44,0.3409090909090909,0.6363636363636364
India,2023-12-27,-0.03365591783914518,0.0,0.2693749155121779,50,0.44,0.52
India,2023-12-28,-0.06718249705457596,0.0,0.3461103066780687,38,0.42105263157894735,0.5263157894736842
India,2023-12-29,-0.03805370750678663,0.0,0.29549807643572695,32,0.40625,0.5
India,2023-12-30,-0.20511697573267187,0.0,0.3515625238001905,16,0.25,0.6875
India,2023-12-31,-0.03862752201192317,0.0,0.3452445253471316,23,0.4782608695652174,0.4782608695652174
India,2024-01-01,-0.14557097523573448,0.0,0.23829533735956937,21,0.19047619047619047,0.8095238095238095
India,2024-01-02,-0.09104571482704074,0.0,0.3174039417793902,29,0.3448275862068966,0.6551724137931034
India,2024-01-03,-0.07206724179864524,0.0,0.40315410628996035,28,0.4642857142857143,0.4642857142857143
India,2024-01-04,-0.012129203823596684,0.0,0.38103497846568596,31,0.45161290322580644,0.5161290322580645
India,2024-01-05,-0.1125731267499763,0.0,0.3848319027167311,33,0.3939393939393939,0.5757575757575758
India,2024-01-06,-0.0601075261489374,0.0,0.2935908700806014,29,0.3793103448275862,0.6206896551724138
India,2024-01-07,-0.012117197551552954,0.0,0.35741930814787387,26,0.5769230769230769,0.4230769230769231
India,2024-01-08,0.04176507455992439,0.0,0.35340995216641213,44,0.5909090909090909,0.38636363636363635
India,2024-01-09,-0.035134051757951826,0.0,0.34975006083880816,31,0.41935483870967744,0.5806451612903226
India,2024-01-10,-0.021634764782239576,0.0,0.33748922814850424,49,0.4897959183673469,0.4897959183673469
India,2024-01-11,0.06637055062076498,0.0,0.36971380148106986,37,0.5945945945945946,0.3783783783783784
India,2024-01-12,-0.11829480691075207,0.0,0.4203678520711376,45,0.37777777777777777,0.6
India,2024-01-13,-0.023376259047923943,0.0,0.28689554899156466,25,0.44,0.52
India,2024-01-14,-0.08550796482243338,0.0,0.3196774883353329,22,0.4090909090909091,0.5909090909090909
India,2024-01-15,0.07972305334582612,0.0,0.37017551856720504,38,0.6578947368421053,0.34210526315789475
India,2024-01-16,-0.05665360285595482,0.0,0.38821389428406355,42,0.42857142857142855,0.5714285714285714
India,2024-01-17,-0.03564489688751827,0.0,0.35589883846088194,24,0.375,0.5833333333333334
India,2024-01-18,-0.014772667851102941,0.0,0.299906432067729,35,0.42857142857142855,0.5428571428571428
India,2024-01-19,-0.03616436103056541,0.0,0.2532412739583383,39,0.5128205128205128,0.46153846153846156
India,2024-01-20,-0.12521100067422053,0.0,0.3119368743185447,25,0.48,0.52
India,2024-01-21,0.07056108046073137,0.0,0.3109788823131194,22,0.5909090909090909,0.4090909090909091
India,2024-01-22,-0.006656431080363408,0.0,0.40603424854348535,40,0.475,0.525
India,2024-01-23,0.07066661303069145,0.0,0.32470889155784033,39,0.5128205128205128,0.48717948717948717
India,2024-01-24,0.026481505063891526,0.0,0.3871247805537214,36,0.4722222222222222,0.4444444444444444
India,2024-01-25,0.1055424420873233,0.0,0.38815428759053605,26,0.6923076923076923,0.3076923076923077
India,2024-01-26,-0.05553132885939731,0.0,0.3609054882094304,28,0.42857142857142855,0.5714285714285714
India,2024-01-27,-0.014293602799266376,0.0,0.4419341814741085,27,0.5185185185185185,0.48148148148148145
India,2024-01-28,-0.08571047743601323,0.0,0.4731369987366352,23,0.391304347826087,0.6086956521739131
India,2024-01-29,-0.0030400781046109084,0.0,0.37330336140144865,32,0.59375,0.40625
India,2024-01-30,0.009472509965983443,0.0,0.3713332871917258,41,0.4146341463414634,0.5365853658536586
India,2024-01-31,-0.09010776536733885,0.0,0.2979332299315947,33,0.36363636363636365,0.5454545454545454
India,2024-02-01,0.09629417091850052,0.0,0.31282423415704425,40,0.7,0.275
India,2024-02-02,0.02557055683410095,0.0,0.3543420998521516,28,0.4642857142857143,0.4642857142857143
India,2024-02-03,-0.03894278344109302,0.0,0.3324743948368957,16,0.5,0.5
India,2024-02-04,0.10849770558021359,0.0,0.3390330014960152,20,0.55,0.45
India,2024-02-05,-0.06676532711663104,0.0,0.24813638503604074,36,0.3888888888888889,0.5833333333333334
India,2024-02-06,-0.1087628150452203,0.0,0.2718416360403294,40,0.325,0.65
India,2024-02-07,-0.013357810449655259,0.0,0.29366485595672687,43,0.4186046511627907,0.5116279069767442
India,2024-02-08,-0.017778415270963695,0.0,0.3994536500858942,40,0.425,0.525
India,2024-02-09,0.01406945115303678,0.0,0.4428018641574356,36,0.5555555555555556,0.4444444444444444
India,2024-02-10,-0.08309239377148143,0.0,0.3098696260904905,15,0.3333333333333333,0.6666666666666666
India,2024-02-11,-0.06277450447668088,0.0,0.2572498849892249,19,0.42105263157894735,0.5789473684210527
India,2024-02-12,0.025341251808711027,0.0,0.35925109823433626,29,0.5517241379310345,0.41379310344827586
India,2024-02-13,0.015502438821994912,0.0,0.3781232657422535,36,0.5277777777777778,0.4722222222222222
India,2024-02-14,-0.12204276166847113,0.0,0.4229854448312391,34,0.47058823529411764,0.5294117647058824
India,2024-02-15,-0.019534297066878852,0.0,0.3361757435149904,41,0.3902439024390244,0.5853658536585366
India,2024-02-16,0.07429944060718845,0.0,0.38986221969923945,33,0.48484848484848486,0.48484848484848486
India,2024-02-17,-0.15608342058624206,0.0,0.4524691071365287,31,0.3870967741935484,0.6129032258064516
India,2024-02-18,-0.08557231873598888,0.0,0.37655682945741775,24,0.4166666666666667,0.5833333333333334
India,2024-02-19,-0.04279037364394317,0.0,0.4215034812747082,34,0.5,0.5
India,2024-02-20,0.02170857121388843,0.0,0.36784325232567533,49,0.5510204081632653,0.4489795918367347
India,2024-02-21,-0.0012833203382009977,0.0,0.3206106044002979,51,0.49019607843137253,0.45098039215686275
India,2024-02-22,0.022607826930697652,0.0,0.32383031117038447,48,0.6041666666666666,0.3541666666666667
India,2024-02-23,0.08621763494021939,0.0,0.3549048665813822,43,0.5348837209302325,0.4418604651162791
India,2024-02-24,-0.025343046876744154,0.0,0.4046046980881982,31,0.45161290322580644,0.5483870967741935
India,2024-02-25,0.032096416433862,0.0,0.3258295347440903,25,0.56,0.44
India,2024-02-26,-0.005712451697145509,0.0,0.40130556743186807,45,0.5111111111111111,0.4888888888888889
India,2024-02-27,-0.08561654409158652,0.0,0.44122709411505046,41,0.4146341463414634,0.5609756097560976
India,2024-02-28,0.028503334130939514,0.0,0.3732489977526698,32,0.5,0.46875
India,2024-02-29,-0.004502751009367667,0.0,0.29488814464954677,40,0.45,0.45
India,2024-03-01,0.07576860235867439,0.0,0.31785967298850376,50,0.52,0.44
India,2024-03-02,-0.04467889922474377,0.0,0.35301023720211433,24,0.4166666666666667,0.5416666666666666
India,2024-03-03,-0.0394331133574065,0.0,0.38982742691398453,25,0.44,0.56
India,2024-03-04,-0.06127717598851977,0.0,0.3954886618812912,38,0.3684210526315789,0.6052631578947368
India,2024-03-05,-0.11802760617663628,0.0,0.4490941927635232,46,0.43478260869565216,0.5217391304347826
India,2024-03-06,-0.1286228232502329,0.0,0.39634211605481323,51,0.43137254901960786,0.5490196078431373
India,2024-03-07,-0.01585186136081096,0.0,0.3621142768965994,37,0.40540540540540543,0.5405405405405406
India,2024-03-08,0.09925218220649694,0.0,0.3002387545681897,38,0.6052631578947368,0.3684210526315789
India,2024-03-09,-0.1674631610128113,0.0,0.3434735546233887,37,0.35135135135135137,0.6486486486486487
India,2024-03-10,-0.07062938340123151,0.0,0.3183966519606186,26,0.46153846153846156,0.5
India,2024-03-11,0.10345648693345988,0.0,0.30556348846616166,29,0.6551724137931034,0.3103448275862069
India,2024-03-12,-0.04218535262303841,0.0,0.4473437725871159,40,0.425,0.525
India,2024-03-13,-0.0039051549967752367,0.0,0.3413510530865378,38,0.5,0.47368421052631576
India,2024-03-14,0.02966625338167328,0.0,0.36292915863089587,33,0.48484848484848486,0.48484848484848486
India,2024-03-15,-0.046934423539474066,0.0,0.32378989227824206,36,0.4722222222222222,0.5277777777777778
India,2024-03-16,0.03243784398186095,0.0,0.27498184864326863,25,0.52,0.4
India,2024-03-17,-0.14799986503462728,0.0,0.390840950693828,23,0.391304347826087,0.6086956521739131
India,2024-03-18,-0.015860675137548883,0.0,0.39121289230467016,27,0.4444444444444444,0.48148148148148145
India,2024-03-19,-0.012611650957099962,0.0,0.303160530561543,41,0.43902439024390244,0.5365853658536586
India,2024-03-20,0.009964838751722589,0.0,0.3884114291591734,37,0.5405405405405406,0.43243243243243246
India,2024-03-21,-0.04679176818130725,0.0,0.29111440782465636,57,0.42105263157894735,0.5614035087719298
India,2024-03-22,-0.01675333592952207,0.0,0.29257853365162245,38,0.5526315789473685,0.4473684210526316
India,2024-03-23,-0.07998025120283578,0.0,0.41832996704015113,20,0.45,0.55
India,2024-03-24,-0.16341680828312283,0.0,0.34223682804966893,19,0.3684210526315789,0.631578947368421
India,2024-03-25,0.034041128603212886,0.0,0.28468140945124004,25,0.52,0.48
India,2024-03-26,0.08014590734561065,0.0,0.31917579096248655,22,0.5454545454545454,0.45454545454545453
India,2024-03-27,0.038052344659331376,0.0,0.28903532591931913,24,0.5416666666666666,0.4583333333333333
India,2024-03-28,0.004492501680520767,0.0,0.3155511373462316,28,0.5357142857142857,0.39285714285714285
India,2024-03-29,-0.0315661393206918,0.0,0.3804578923010545,24,0.375,0.5833333333333334
India,2024-03-30,-0.16572773647591374,0.0,0.40103278910238743,23,0.21739130434782608,0.6086956521739131
India,2024-03-31,-0.16885833042283516,0.0,0.41778366607803147,19,0.3157894736842105,0.6842105263157895
India,2024-04-01,-0.04733313999423185,0.0,0.2946198908835906,28,0.5,0.5
India,2024-04-02,0.05658417653365667,0.0,0.3852025979839614,26,0.46153846153846156,0.46153846153846156
India,2024-04-03,-0.033622363406047656,0.0,0.2914645252333059,37,0.43243243243243246,0.5135135135135135
India,2024-04-04,-0.014910988335310063,0.0,0.3904460521426641,36,0.4166666666666667,0.5277777777777778
India,2024-04-05,-0.0719709040034381,0.0,0.3377704483076192,43,0.5348837209302325,0.4418604651162791
India,2024-04-06,-0.012443753142269464,0.0,0.3753784969677325,26,0.4230769230769231,0.5769230769230769
India,2024-04-07,0.0793472240641597,0.0,0.3577543261709519,36,0.5833333333333334,0.4166666666666667
India,2024-04-08,-0.05784512544279873,0.0,0.3650243840620527,43,0.4418604651162791,0.5348837209302325
India,2024-04-09,-0.012894835925577561,0.0,0.36409688896845505,43,0.5581395348837209,0.4186046511627907
India,2024-04-10,0.03501076940442792,0.0,0.3660735811133154,58,0.5344827586206896,0.43103448275862066
India,2024-04-11,-0.0053716156873187555,0.0,0.3513530801340577,37,0.40540540540540543,0.5945945945945946
India,2024-04-12,0.07435021194076373,0.0,0.3788765075550107,34,0.5882352941176471,0.4117647058823529
India,2024-04-13,-0.005781474119131319,0.0,0.3857216035100172,26,0.4230769230769231,0.5
India,2024-04-14,-0.1608256060581757,0.0,0.4331031520346423,21,0.2857142857142857,0.6190476190476191
India,2024-04-15,-0.03375603925563945,0.0,0.38432127180363196,31,0.41935483870967744,0.5483870967741935
India,2024-04-16,-0.13412684575329495,0.0,0.2995841723090549,39,0.2564102564102564,0.7435897435897436
India,2024-04-17,-0.11164223747946983,0.0,0.39927604120963145,33,0.3939393939393939,0.6060606060606061
India,2024-04-18,-0.0607901067349256,0.0,0.3396065178223026,36,0.4166666666666667,0.5555555555555556
India,2024-04-19,-0.09808116099458816,0.0,0.3101083008314979,35,0.34285714285714286,0.6285714285714286
India,2024-04-20,-0.10983628855353453,0.0,0.3445292295693405,23,0.34782608695652173,0.6521739130434783
India,2024-04-21,-0.023954709023129704,0.0,0.3335136763681379,25,0.52,0.48
India,2024-04-22,-0.04695070643706946,0.0,0.3789898239582129,35,0.45714285714285713,0.5142857142857142
India,2024-04-23,0.037545794228982333,0.0,0.30936191806283925,45,0.4666666666666667,0.5111111111111111
India,2024-04-24,-0.049378552011809074,0.0,0.36057785464380104,37,0.43243243243243246,0.5675675675675675
India,2024-04-25,-0.05572812567166495,0.0,0.3252367925818473,41,0.3902439024390244,0.5853658536585366
India,2024-04-26,-0.03187425546920252,0.0,0.3437451565485401,26,0.46153846153846156,0.5384615384615384
India,2024-04-27,-0.05405257109428897,0.0,0.2579904307462897,19,0.3684210526315789,0.631578947368421
India,2024-04-28,-0.1066915680071647,0.0,0.3621284758380616,20,0.35,0.6
India,2024-04-29,0.04235445059807551,0.0,0.4117800048239815,29,0.5172413793103449,0.4827586206896552
India,2024-04-30,0.06912934486274458,0.0,0.4539800183743162,32,0.5,0.46875
India,2024-05-01,0.09960336898680305,0.0,0.3304034402785808,29,0.5517241379310345,0.41379310344827586
India,2024-05-02,-0.04540745894840064,0.0,0.2898640741887553,35,0.37142857142857144,0.5714285714285714
India,2024-05-03,-0.01922131225020122,0.0,0.42803571189253103,28,0.5,0.5
India,2024-05-04,-0.12626151078764253,0.0,0.32800897586422306,18,0.3888888888888889,0.6111111111111112
India,2024-05-05,-0.22607973064893994,0.0,0.3921790463132529,19,0.3157894736842105,0.6842105263157895
India,2024-05-06,-0.11388930172963126,0.0,0.27815660283470883,32,0.3125,0.5625
India,2024-05-07,-0.011270433769887626,0.0,0.3947481485804091,41,0.5121951219512195,0.4878048780487805
India,2024-05-08,-0.014897029854924792,0.0,0.2718989788999905,45,0.4666666666666667,0.5111111111111111
India,2024-05-09,-0.008789396969192842,0.0,0.29451361141787336,36,0.5,0.4722222222222222
India,2024-05-10,-0.03675163234690695,0.0,0.3126492512812833,38,0.39473684210526316,0.5
India,2024-05-11,-0.061791537884072316,0.0,0.40545856188752283,13,0.38461538461538464,0.6153846153846154
India,2024-05-12,-0.17124290864626335,0.0,0.40292322882324716,19,0.3684210526315789,0.5789473684210527
India,2024-05-13,0.034679515884807825,0.0,0.4912313394399623,35,0.5428571428571428,0.45714285714285713
India,2024-05-14,-0.0374475772641922,0.0,0.42866321864700974,55,0.5272727272727272,0.4727272727272727
India,2024-05-15,-0.06623094808418171,0.0,0.38747371181465834,41,0.43902439024390244,0.5365853658536586
India,2024-05-16,-0.025729273215748822,0.0,0.28397035698596645,35,0.42857142857142855,0.5428571428571428
India,2024-05-17,0.01030173497991911,0.0,0.49277935818473606,33,0.5151515151515151,0.45454545454545453
India,2024-05-18,-0.025917750721095496,0.0,0.4281445174952395,25,0.44,0.56
India,2024-05-19,-0.07114805187513182,0.0,0.3682648651733704,21,0.42857142857142855,0.5714285714285714
India,2024-05-20,-0.23587200401283556,0.0,0.392969792896148,43,0.3488372093023256,0.627906976744186
India,2024-05-21,0.06324416642966157,0.0,0.37134763471115717,20,0.45,0.5
India,2024-05-22,-0.07657656297120718,0.0,0.3751878408447978,37,0.40540540540540543,0.5945945945945946
India,2024-05-23,-0.05009983968773957,0.0,0.46152882322824135,45,0.4222222222222222,0.5777777777777777
India,2024-05-24,-0.06787356812934885,0.0,0.3756181260820083,29,0.5172413793103449,0.4827586206896552
India,2024-05-25,-0.14920607867835892,0.0,0.29736540647693627,24,0.3333333333333333,0.625
India,2024-05-26,-0.22621855371681301,0.0,0.5039713353277732,11,0.36363636363636365,0.6363636363636364
India,2024-05-27,-0.13044780079159368,0.0,0.43282490273172064,26,0.4230769230769231,0.5769230769230769
India,2024-05-28,-0.074895080151238,0.0,0.37844931657467795,40,0.4,0.525
India,2024-05-29,-0.16810680296479605,0.0,0.38240000061578494,39,0.28205128205128205,0.6666666666666666
India,2024-05-30,-0.003741350469196115,0.0,0.394345773023073,39,0.46153846153846156,0.5384615384615384
India,2024-05-31,-0.12544254990220913,0.0,0.3679645447010527,49,0.3877551020408163,0.5918367346938775
India,2024-06-01,-0.05451526905989763,0.0,0.3510861837611299,21,0.3333333333333333,0.6190476190476191
India,2024-06-02,-0.07319238713070714,0.0,0.33163572999466795,19,0.5263157894736842,0.47368421052631576
India,2024-06-03,-0.09641746385242426,0.0,0.3327547065467805,42,0.30952380952380953,0.6904761904761905
India,2024-06-04,0.00810576001253388,0.0,0.3035467582436265,50,0.54,0.4
India,2024-06-05,0.039869147600416856,0.0,0.28444902275958356,39,0.6153846153846154,0.3076923076923077
India,2024-06-06,0.05395510912118824,0.0,0.340898969554035,32,0.5625,0.40625
India,2024-06-07,-0.02169647042732013,0.0,0.35376762832755765,28,0.4642857142857143,0.4642857142857143
India,2024-06-08,-0.011770333636327701,0.0,0.36028557760807245,25,0.48,0.52
India,2024-06-09,0.1313234663753037,0.0,0.43060629479643464,14,0.7142857142857143,0.2857142857142857
India,2024-06-10,0.10058601758620454,0.0,0.36342954950623535,31,0.6451612903225806,0.2903225806451613
India,2024-06-11,-0.1301583965472329,0.0,0.3256170035764033,32,0.375,0.5625
India,2024-06-12,-0.06951314114683574,0.0,0.4315705255670593,39,0.48717948717948717,0.46153846153846156
India,2024-06-13,-0.0910173310005187,0.0,0.3358228869183614,39,0.4358974358974359,0.5641025641025641
India,2024-06-14,-0.03910181828189013,0.0,0.33697300971599997,50,0.4,0.6
India,2024-06-15,0.021392959044300164,0.0,0.2873173662387286,18,0.6666666666666666,0.2777777777777778
India,2024-06-16,-0.10889875632352261,0.0,0.23516802822053087,36,0.3611111111111111,0.6388888888888888
India,2024-06-17,-0.17970759374103726,0.0,0.35147497735686706,38,0.21052631578947367,0.7894736842105263
India,2024-06-18,0.016738318619607326,0.0,0.3969537947293787,25,0.48,0.48
India,2024-06-19,-0.06300625678826687,0.0,0.36329471966330346,35,0.45714285714285713,0.5428571428571428
India,2024-06-20,-0.0665294090847872,0.0,0.44240511746992983,35,0.45714285714285713,0.4857142857142857
India,2024-06-21,-0.09102384880847415,0.0,0.4161449466207867,42,0.5,0.47619047619047616
India,2024-06-22,-0.09900317977094068,0.0,0.4389063027957149,27,0.4444444444444444,0.5555555555555556
India,2024-06-23,0.032221339825342185,0.0,0.4399582300367116,31,0.45161290322580644,0.5161290322580645
India,2024-06-24,-0.11610071547063153,0.0,0.36125057069289584,32,0.375,0.59375
India,2024-06-25,-0.032426544173679114,0.0,0.40075080177798433,32,0.53125,0.46875
India,2024-06-26,-0.0499531234595504,0.0,0.3909065563156368,41,0.4634146341463415,0.5365853658536586
India,2024-06-27,0.021766262910795,0.0,0.311539404219306,46,0.5869565217391305,0.34782608695652173
India,2024-06-28,-0.035190878720397736,0.0,0.3994947959722861,40,0.475,0.5
India,2024-06-29,0.0954016139348695,0.0,0.3731515044458278,29,0.6551724137931034,0.3448275862068966
India,2024-06-30,-0.1332122247434502,0.0,0.3531989650125874,32,0.375,0.625
India,2024-07-01,-0.08066982488155514,0.0,0.4368271139698468,22,0.5454545454545454,0.4090909090909091
India,2024-07-02,-0.07470329564644984,0.0,0.3601884439125232,39,0.38461538461538464,0.48717948717948717
India,2024-07-03,-0.015447001322250813,0.0,0.35290638256869916,41,0.4634146341463415,0.5121951219512195
India,2024-07-04,0.00013617331321379774,0.0,0.3464437801513234,36,0.4444444444444444,0.5
India,2024-07-05,-0.09643160845453125,0.0,0.27229262275474775,32,0.34375,0.625
India,2024-07-06,-0.008260976566338112,0.0,0.3307128798821517,26,0.5,0.5
India,2024-07-07,-0.07030211860071979,0.0,0.38526741169127,23,0.30434782608695654,0.6956521739130435
India,2024-07-08,-0.020490167431412267,0.0,0.35882591114568385,39,0.4358974358974359,0.5384615384615384
India,2024-07-09,-0.0504850463503544,0.0,0.36848515932849235,35,0.45714285714285713,0.4857142857142857
India,2024-07-10,-0.0010713954879864966,0.0,0.32001920776779613,48,0.5,0.5
India,2024-07-11,-0.12517958106016663,0.0,0.39672166287761607,26,0.2692307692307692,0.6538461538461539
India,2024-07-12,0.1844358404132033,0.0,0.4112741134449866,34,0.6470588235294118,0.29411764705882354
India,2024-07-13,-0.08059424356998621,0.0,0.4793144035647241,25,0.44,0.56
India,2024-07-14,0.10882594352249142,0.0,0.44616502852192025,20,0.65,0.35
India,2024-07-15,0.10895266931006244,0.0,0.3345269498112464,33,0.5757575757575758,0.42424242424242425
India,2024-07-16,-0.0823752941718566,0.0,0.3636992082292637,30,0.43333333333333335,0.5333333333333333
India,2024-07-17,0.0019799180222040136,0.0,0.4401484178960299,26,0.5,0.46153846153846156
India,2024-07-18,0.007413575988012097,0.0,0.45794015739440236,37,0.5135135135135135,0.4864864864864865
India,2024-07-19,0.0066098025740222435,0.0,0.35635313458125484,29,0.5517241379310345,0.4482758620689655
India,2024-07-20,-0.20451438190065493,0.0,0.37520288744854624,28,0.2857142857142857,0.6428571428571429
India,2024-07-21,-0.013740913114408254,0.0,0.34669519660617276,12,0.6666666666666666,0.3333333333333333
India,2024-07-22,-0.08014505620579065,0.0,0.368411472847597,36,0.3611111111111111,0.6111111111111112
India,2024-07-23,0.02416611599024936,0.0,0.3627007086000287,34,0.5588235294117647,0.4411764705882353
India,2024-07-24,0.042837145365986484,0.0,0.3568354939307727,39,0.5641025641025641,0.4358974358974359
India,2024-07-25,0.02256866618894743,0.0,0.2841081993030817,34,0.4411764705882353,0.5588235294117647
India,2024-07-26,-0.0012606401503842534,0.0,0.29176656447378535,37,0.5135135135135135,0.4864864864864865
India,2024-07-27,0.09723454679348917,0.0,0.3827412697895629,25,0.48,0.48
India,2024-07-28,-0.05390524312866933,0.0,0.3612733136652928,27,0.4444444444444444,0.5555555555555556
India,2024-07-29,-0.01896953461094321,0.0,0.2766768600433035,47,0.425531914893617,0.48936170212765956
India,2024-07-30,-0.20732080727294955,0.0,0.4823586934997026,47,0.3617021276595745,0.6170212765957447
India,2024-07-31,0.01504960158314477,0.0,0.4382899284729959,33,0.5151515151515151,0.48484848484848486
India,2024-08-01,-0.06089640015152048,0.0,0.47860591340178005,41,0.5121951219512195,0.4878048780487805
India,2024-08-02,-0.08585065013010662,0.0,0.3640018280337432,46,0.41304347826086957,0.5652173913043478
India,2024-08-03,-0.08150684189898778,0.0,0.30515465012557,17,0.35294117647058826,0.5882352941176471
India,2024-08-04,-0.09103264630578702,0.0,0.30123217572230526,14,0.42857142857142855,0.42857142857142855
India,2024-08-05,-0.06602313220133088,0.0,0.3875861724560923,41,0.4878048780487805,0.4634146341463415
India,2024-08-06,-0.13544321569545004,0.0,0.30120909586452715,36,0.3055555555555556,0.6944444444444444
India,2024-08-07,0.09648260709002156,0.0,0.3939618448780848,30,0.7,0.26666666666666666
India,2024-08-08,-0.047269245403657574,0.0,0.37580504773244516,43,0.4186046511627907,0.5348837209302325
India,2024-08-09,0.011580965331408021,0.0,0.37211657136765575,39,0.4358974358974359,0.5128205128205128
India,2024-08-10,-0.01162934408488141,0.0,0.4267753627458658,27,0.4074074074074074,0.5925925925925926
India,2024-08-11,-0.07585943426421835,0.0,0.4511730699709995,27,0.37037037037037035,0.5555555555555556
India,2024-08-12,-0.026321821545413626,0.0,0.4299478655819091,36,0.5555555555555556,0.4444444444444444
India,2024-08-13,0.05915148093607104,0.0,0.3854546216264497,41,0.5365853658536586,0.4634146341463415
India,2024-08-14,0.11729280688797611,0.0,0.3943044959642334,31,0.5806451612903226,0.41935483870967744
India,2024-08-15,-0.07200131019005185,0.0,0.38868075901650123,45,0.37777777777777777,0.5777777777777777
India,2024-08-16,-0.1345180161104534,0.0,0.37406082176764766,31,0.2903225806451613,0.6129032258064516
India,2024-08-17,-0.18304344147026758,0.0,0.4642414490396396,27,0.3333333333333333,0.6666666666666666
India,2024-08-18,-0.02436663412649318,0.0,0.5049446499948519,19,0.47368421052631576,0.47368421052631576
India,2024-08-19,-0.029753719075198724,0.0,0.36226657293644926,24,0.4583333333333333,0.4583333333333333
India,2024-08-20,0.016274361099400825,0.0,0.36057255904046565,28,0.5357142857142857,0.4642857142857143
India,2024-08-21,-0.04115063372889665,0.0,0.3579959533100469,34,0.4117647058823529,0.5294117647058824
India,2024-08-22,-0.0258593034775339,0.0,0.3423220636627388,33,0.42424242424242425,0.5757575757575758
India,2024-08-23,0.0028038143055368185,0.0,0.3332636503028454,40,0.45,0.525
India,2024-08-24,-0.004472323520898584,0.0,0.4851862097307056,18,0.6111111111111112,0.3888888888888889
India,2024-08-25,-0.011419157623101528,0.0,0.4310654238785387,26,0.4230769230769231,0.5384615384615384
India,2024-08-26,-0.1590104413794499,0.0,0.4848759122545467,33,0.3333333333333333,0.6363636363636364
India,2024-08-27,-0.04245017982003063,0.0,0.40210703789244945,39,0.48717948717948717,0.5128205128205128
India,2024-08-28,-0.11531502898724755,0.0,0.37593619685978547,40,0.4,0.575
India,2024-08-29,-0.21969271381398023,0.0,0.40565701726362796,30,0.26666666666666666,0.7
India,2024-08-30,-0.1377252249084748,0.0,0.3925102936807492,44,0.3409090909090909,0.6136363636363636
India,2024-08-31,-0.05957742208768031,0.0,0.37693876852212393,20,0.35,0.55
India,2024-09-01,-0.024949546943512348,0.0,0.36067294815741924,23,0.43478260869565216,0.5652173913043478
India,2024-09-02,-0.020568799230713912,0.0,0.40774024616041876,47,0.46808510638297873,0.5106382978723404
India,2024-09-03,-0.017245925791778582,0.0,0.4137860757872333,35,0.5142857142857142,0.4857142857142857
India,2024-09-04,0.04643451715843434,0.0,0.3895000862130638,47,0.48936170212765956,0.44680851063829785
India,2024-09-05,0.009530252279490954,0.0,0.39149750387249704,34,0.5882352941176471,0.38235294117647056
India,2024-09-06,-0.05102508254850281,0.0,0.27552710933943386,35,0.42857142857142855,0.5714285714285714
India,2024-09-07,0.03538115135646497,0.0,0.5144203005015227,20,0.55,0.45
India,2024-09-08,0.0726806376199531,0.0,0.39932535508282785,19,0.7894736842105263,0.21052631578947367
India,2024-09-09,-0.06975711724089127,0.0,0.4093042578136356,36,0.4722222222222222,0.5
India,2024-09-10,0.021677649807818455,0.0,0.352919477738025,37,0.43243243243243246,0.5675675675675675
India,2024-09-11,0.004653388604915583,0.0,0.36851100481283133,36,0.5555555555555556,0.4444444444444444
India,2024-09-12,-0.08318092115907573,0.0,0.2812229067119609,33,0.45454545454545453,0.5454545454545454
India,2024-09-13,-0.056715519108412535,0.0,0.42536513039630264,30,0.4,0.5666666666666667
India,2024-09-14,0.0738877027601355,0.0,0.39630752799876645,27,0.7037037037037037,0.2962962962962963
India,2024-09-15,0.003531000219088198,0.0,0.3320238419225723,23,0.4782608695652174,0.5217391304347826
India,2024-09-16,0.1276219605421832,0.0,0.3930694044181894,41,0.5609756097560976,0.36585365853658536
India,2024-09-17,-0.009382056133990268,0.0,0.3336397006313468,27,0.4444444444444444,0.5185185185185185
India,2024-09-18,-0.03044900538247505,0.0,0.2889110491192091,37,0.3783783783783784,0.5675675675675675
India,2024-09-19,-0.017577683212404726,0.0,0.3488817069112377,29,0.5862068965517241,0.3793103448275862
India,2024-09-20,0.021775748667829827,0.0,0.34484493607226646,48,0.4791666666666667,0.4791666666666667
India,2024-09-21,0.07911215328653234,0.0,0.29838817459741157,25,0.6,0.36
India,2024-09-22,0.055152449510466224,0.0,0.35552130600560167,22,0.5,0.5
India,2024-09-23,0.21147493940724577,0.0,0.3607108020420129,33,0.6666666666666666,0.30303030303030304
India,2024-09-24,0.005300031953356054,0.0,0.30597547148549487,41,0.5121951219512195,0.4878048780487805
India,2024-09-25,0.043962049731901646,0.0,0.3586619110126563,41,0.5365853658536586,0.43902439024390244
India,2024-09-26,-0.01033820117193484,0.0,0.36227267866181934,46,0.5217391304347826,0.4782608695652174
India,2024-09-27,-0.06724484934225212,0.0,0.32371769994233146,45,0.4222222222222222,0.5333333333333333
India,2024-09-28,0.03192602366694628,0.0,0.37066759759502554,18,0.6111111111111112,0.3333333333333333
India,2024-09-29,-0.035507002286257375,0.0,0.3504463982736595,24,0.375,0.625
India,2024-09-30,-0.04619128348061893,0.0,0.28710283535745035,41,0.4146341463414634,0.5609756097560976
India,2024-10-01,-0.030201084257953186,0.0,0.34054724146718496,35,0.5142857142857142,0.4857142857142857
India,2024-10-02,0.08290607945359112,0.0,0.34026243674063444,35,0.6,0.37142857142857144
India,2024-10-03,-0.04791369352094181,0.0,0.3736907325600041,31,0.4838709677419355,0.5161290322580645
India,2024-10-04,-0.01690032524861076,0.0,0.38681311119799633,31,0.5161290322580645,0.45161290322580644
India,2024-10-05,-0.10315181349679829,0.0,0.3658591338711345,26,0.46153846153846156,0.5384615384615384
India,2024-10-06,-0.12497405577042676,0.0,0.40595923115897886,23,0.391304347826087,0.6086956521739131
India,2024-10-07,0.005020254864835541,0.0,0.41433245736571767,38,0.5,0.5
India,2024-10-08,0.03478153371348357,0.0,0.40563015251659,32,0.4375,0.5625
India,2024-10-09,-0.06414814514210049,0.0,0.44512918957856795,36,0.4166666666666667,0.5555555555555556
India,2024-10-10,0.04667456133863277,0.0,0.3934965564069745,47,0.574468085106383,0.3829787234042553
India,2024-10-11,0.15897682534345944,0.0,0.31847769890315286,29,0.7241379310344828,0.27586206896551724
India,2024-10-12,-0.07896495782185298,0.0,0.41146668490862265,18,0.4444444444444444,0.5555555555555556
India,2024-10-13,0.010822277538008629,0.0,0.32133747405438823,22,0.6818181818181818,0.3181818181818182
India,2024-10-14,0.030876287652157237,0.0,0.423313101199561,33,0.42424242424242425,0.5454545454545454
India,2024-10-15,-0.03543284060573031,0.0,0.44233394015135735,31,0.4838709677419355,0.4838709677419355
India,2024-10-16,0.005087467486720847,0.0,0.338227380630541,48,0.5208333333333334,0.4583333333333333
India,2024-10-17,-0.04368737137810757,0.0,0.43220850777166614,34,0.4117647058823529,0.5294117647058824
India,2024-10-18,0.11195515145137805,0.0,0.2548683115691956,27,0.6296296296296297,0.3333333333333333
India,2024-10-19,-0.041201725797333826,0.0,0.32457259525901616,24,0.4166666666666667,0.5833333333333334
India,2024-10-20,-0.022858926337110556,0.0,0.3962335966180904,20,0.35,0.6
India,2024-10-21,-0.07109046124455606,0.0,0.43528577851805306,37,0.43243243243243246,0.5135135135135135
India,2024-10-22,0.041731080807514434,0.0,0.3851008255885013,34,0.5294117647058824,0.4411764705882353
India,2024-10-23,-0.06882816385915912,0.0,0.3406494298892944,45,0.4,0.5555555555555556
India,2024-10-24,0.036057090015320245,0.0,0.3656767548120105,41,0.5609756097560976,0.43902439024390244
India,2024-10-25,0.025064815354089703,0.0,0.365772585513075,39,0.5384615384615384,0.4358974358974359
India,2024-10-26,0.03755035857972895,0.0,0.430108143966604,22,0.5,0.4090909090909091
India,2024-10-27,0.07870112663419776,0.0,0.480395970543378,19,0.631578947368421,0.3684210526315789
India,2024-10-28,-0.0602678906590946,0.0,0.40455329964398434,40,0.375,0.6
India,2024-10-29,-0.06761106374446835,0.0,0.41061803139721725,34,0.4411764705882353,0.5588235294117647
India,2024-10-30,0.05014487144453165,0.0,0.45454863218578756,36,0.5833333333333334,0.3888888888888889
India,2024-10-31,-0.00573083401698842,0.0,0.5188381070954953,33,0.45454545454545453,0.5454545454545454
India,2024-11-01,0.0006350249344810401,0.0,0.37894055403668586,28,0.4642857142857143,0.4642857142857143
India,2024-11-02,-0.13865534115910752,0.0,0.2685473968998531,23,0.21739130434782608,0.6521739130434783
India,2024-11-03,-0.12728516255860892,0.0,0.40095278175257587,24,0.375,0.5833333333333334
India,2024-11-04,-0.11085367062244911,0.0,0.34278909862835344,29,0.3793103448275862,0.5862068965517241
India,2024-11-05,0.04824247307856372,0.0,0.3987200052411338,43,0.5116279069767442,0.46511627906976744
India,2024-11-06,0.00010454196696685758,0.0,0.36012766436095467,27,0.5185185185185185,0.48148148148148145
India,2024-11-07,0.044535306795457585,0.0,0.3585232791450355,39,0.5128205128205128,0.48717948717948717
India,2024-11-08,-0.04317862734031916,0.0,0.3780113666187054,33,0.42424242424242425,0.5454545454545454
India,2024-11-09,-0.18540100581575336,0.0,0.4298166580163295,22,0.36363636363636365,0.5
India,2024-11-10,0.059951527397740616,0.0,0.355424826921497,22,0.6363636363636364,0.3181818181818182
India,2024-11-11,-0.027935688246428007,0.0,0.3109822235592813,27,0.37037037037037035,0.5555555555555556
India,2024-11-12,-0.010227432693971953,0.0,0.4284095528406859,51,0.43137254901960786,0.5490196078431373
India,2024-11-13,0.0064598833399443,0.0,0.34247896987885446,40,0.4,0.6
India,2024-11-14,0.0031311260236726477,0.0,0.39289690924609894,39,0.5128205128205128,0.48717948717948717
India,2024-11-15,-0.02870408616832296,0.0,0.37529277107510484,32,0.53125,0.46875
India,2024-11-16,0.04203893052151368,0.0,0.3851924274244863,25,0.56,0.44
India,2024-11-17,-0.13159378463592694,0.0,0.4111688446772127,25,0.28,0.72
India,2024-11-18,-0.16229790833282767,0.0,0.4231100892631716,41,0.36585365853658536,0.6341463414634146
India,2024-11-19,0.06798786622635634,0.0,0.3403250335706065,56,0.5,0.48214285714285715
India,2024-11-20,-0.01839428628955822,0.0,0.3927819160635368,31,0.5483870967741935,0.45161290322580644
India,2024-11-21,-0.1522620878073277,0.0,0.46966598441303126,45,0.37777777777777777,0.6
India,2024-11-22,-0.10889102099514536,0.0,0.44691076387191697,40,0.375,0.575
India,2024-11-23,-0.10822088212802942,0.0,0.37135299137267286,20,0.4,0.6
India,2024-11-24,0.020432389783443413,0.0,0.3068216450598794,33,0.5454545454545454,0.45454545454545453
India,2024-11-25,-0.043371590375689384,0.0,0.385973146842178,48,0.4583333333333333,0.5208333333333334
India,2024-11-26,0.04375042928328506,0.0,0.4294349086057351,38,0.39473684210526316,0.6052631578947368
India,2024-11-27,-0.002959957571772845,0.0,0.4602938307961283,34,0.6176470588235294,0.38235294117647056
India,2024-11-28,-0.13480289514839586,0.0,0.3354847200358326,35,0.4,0.6
India,2024-11-29,-0.10218858702980935,0.0,0.45945842203818044,28,0.35714285714285715,0.6071428571428571
India,2024-11-30,-0.2367330922490444,0.0,0.544463766339522,22,0.3181818181818182,0.6818181818181818
India,2024-12-01,-0.2003786609262495,0.0,0.33261161397130645,20,0.15,0.85
India,2024-12-02,-0.10264501540823032,0.0,0.3716289194644729,42,0.35714285714285715,0.6428571428571429
India,2024-12-03,0.003351044049255457,0.0,0.3177812308881904,46,0.4782608695652174,0.4782608695652174
India,2024-12-04,0.08163603646333038,0.0,0.4016047918875411,40,0.55,0.425
India,2024-12-05,-0.06333753836330522,0.0,0.44451266210413026,40,0.475,0.525
India,2024-12-06,-0.10485389496308274,0.0,0.40670212684667245,41,0.4146341463414634,0.5609756097560976
India,2024-12-07,-0.062382303944548405,0.0,0.34210447630028235,23,0.391304347826087,0.5652173913043478
India,2024-12-08,-0.014023346633109517,0.0,0.35245031533741417,21,0.5238095238095238,0.38095238095238093
India,2024-12-09,0.018673463469016088,0.0,0.43586355594396203,34,0.5294117647058824,0.47058823529411764
India,2024-12-10,-0.05211471138025139,0.0,0.32547631767726726,37,0.4594594594594595,0.4864864864864865
India,2024-12-11,-0.004017379810903499,0.0,0.30595673767648135,33,0.5151515151515151,0.45454545454545453
India,2024-12-12,0.01000144121117013,0.0,0.4136859651348526,45,0.5111111111111111,0.4666666666666667
India,2024-12-13,-0.09409911569625953,0.0,0.44213197813725746,30,0.4666666666666667,0.5333333333333333
India,2024-12-14,0.058932687270438856,0.0,0.4127898145236121,28,0.5714285714285714,0.39285714285714285
India,2024-12-15,-0.22839781361032255,0.0,0.3537725492520326,18,0.2222222222222222,0.7777777777777778
India,2024-12-16,-0.005451633371746256,0.0,0.3518537102078329,38,0.5263157894736842,0.47368421052631576
India,2024-12-17,0.05828328306038895,0.0,0.3695491234953107,22,0.5454545454545454,0.45454545454545453
India,2024-12-18,0.00048169108408752684,0.0,0.4256887620123607,43,0.46511627906976744,0.4883720930232558
India,2024-12-19,-0.013921401508523775,0.0,0.39964674924720084,30,0.5,0.5
India,2024-12-20,-0.09956566988283354,0.0,0.37435757400307884,57,0.42105263157894735,0.5789473684210527
India,2024-12-21,-0.045494774660359394,0.0,0.47352487372090324,27,0.37037037037037035,0.5185185185185185
India,2024-12-22,-0.05779929843348878,0.0,0.3961384514109096,24,0.4166666666666667,0.5416666666666666
India,2024-12-23,-0.00783777271543348,0.0,0.3030017361658821,29,0.5172413793103449,0.4482758620689655
India,2024-12-24,-0.07399422802747531,0.0,0.34883159165556316,31,0.4838709677419355,0.4838709677419355
India,2024-12-25,0.05349638919792117,0.0,0.35272608952306544,9,0.4444444444444444,0.5555555555555556
India,2024-12-26,-0.04752512048112914,0.0,0.4486431993719598,31,0.45161290322580644,0.5161290322580645
India,2024-12-27,-0.038929115090285814,0.0,0.3733724877675403,43,0.5116279069767442,0.4418604651162791
India,2024-12-28,-0.012244762973974888,0.0,0.4035532432797251,24,0.5,0.4583333333333333
India,2024-12-29,-0.08314729292770996,0.0,0.31442590758576067,28,0.39285714285714285,0.6071428571428571
India,2024-12-30,-0.012694068506876472,0.0,0.37712014685078904,27,0.4074074074074074,0.5925925925925926
India,2024-12-31,-0.08496125358239313,0.0,0.4405896813294503,39,0.38461538461538464,0.6153846153846154
Indonesia,2020-01-01,-0.16089207102003455,0.0,0.4683189127216345,32,0.34375,0.625
Indonesia,2020-01-02,-0.285276722245667,0.0,0.48728080059445256,46,0.21739130434782608,0.7608695652173914
Indonesia,2020-01-03,-0.24638998195733786,0.0,0.34874344417383063,39,0.20512820512820512,0.7435897435897436
Indonesia,2020-01-04,-0.34317296662465097,0.0,0.4137898138874462,31,0.25806451612903225,0.7419354838709677
Indonesia,2020-01-05,-0.31605583179761715,0.0,0.39470356307526167,21,0.2857142857142857,0.7142857142857143
Indonesia,2020-01-06,-0.2368897596119735,0.0,0.42208327833439957,45,0.26666666666666666,0.6666666666666666
Indonesia,2020-01-07,-0.21117702612082506,0.0,0.4535638445282341,44,0.29545454545454547,0.6590909090909091
Indonesia,2020-01-08,-0.20690674095948475,0.0,0.41716200452047325,44,0.20454545454545456,0.7727272727272727
Indonesia,2020-01-09,-0.1655659694189488,0.0,0.4758630677325517,45,0.3333333333333333,0.6444444444444445
Indonesia,2020-01-10,-0.18448349925527177,0.0,0.3623646000300824,46,0.2608695652173913,0.6521739130434783
Indonesia,2020-01-11,-0.14419798681393162,0.0,0.4111964807081133,29,0.3448275862068966,0.6551724137931034
Indonesia,2020-01-12,-0.1816033387794043,0.0,0.430081329774712,19,0.3157894736842105,0.631578947368421
Indonesia,2020-01-13,-0.058157352342049946,0.0,0.40423919789027457,38,0.5,0.47368421052631576
Indonesia,2020-01-14,-0.1668394728862823,0.0,0.3837451026840596,27,0.37037037037037035,0.6296296296296297
Indonesia,2020-01-15,-0.18632057075317493,0.0,0.4642156964860924,32,0.34375,0.625
Indonesia,2020-01-16,-0.2259523689965863,0.0,0.41319225970894874,39,0.20512820512820512,0.7692307692307693
Indonesia,2020-01-17,-0.2653817172075925,0.0,0.3699262428803435,29,0.20689655172413793,0.7586206896551724
Indonesia,2020-01-18,-0.27840109875084723,0.0,0.48122100902711257,15,0.2,0.8
Indonesia,2020-01-19,-0.25205800888297114,0.0,0.42896209753516,17,0.23529411764705882,0.7647058823529411
Indonesia,2020-01-20,-0.270770185813817,0.0,0.3727405850758241,36,0.25,0.7222222222222222
Indonesia,2020-01-21,-0.17313247647356791,0.0,0.38387524888484786,36,0.2777777777777778,0.6388888888888888
Indonesia,2020-01-22,-0.18010058571102971,0.0,0.3198218231871989,39,0.23076923076923078,0.7692307692307693
Indonesia,2020-01-23,-0.20041792278226234,0.0,0.3226103065318357,36,0.2222222222222222,0.7777777777777778
Indonesia,2020-01-24,-0.13162843999647278,0.0,0.43647877011878417,21,0.3333333333333333,0.6190476190476191
Indonesia,2020-01-25,0.025027249605408197,0.0,0.5671515242072396,18,0.6111111111111112,0.3888888888888889
Indonesia,2020-01-26,0.06435500437976367,0.0,0.4644890134422907,15,0.5333333333333333,0.4666666666666667
Indonesia,2020-01-27,-0.13735909505544702,0.0,0.3221103985837588,40,0.3,0.6
Indonesia,2020-01-28,-0.2583761004368261,0.0,0.3463042565151738,31,0.22580645161290322,0.7419354838709677
Indonesia,2020-01-29,-0.2946042233840013,0.0,0.4449738702476218,32,0.15625,0.8125
Indonesia,2020-01-30,-0.21839109764851775,0.0,0.47266622554757376,23,0.391304347826087,0.6086956521739131
Indonesia,2020-01-31,-0.24795440603530483,0.0,0.3618761153778333,35,0.2571428571428571,0.7428571428571429
Indonesia,2020-02-01,-0.10144451508630825,0.0,0.42810034787974294,17,0.35294117647058826,0.6470588235294118
Indonesia,2020-02-02,-0.33100250318014846,0.0,0.3408342071784823,25,0.2,0.8
Indonesia,2020-02-03,-0.2186023078017207,0.0,0.3730394386982713,52,0.3076923076923077,0.6730769230769231
Indonesia,2020-02-04,-0.27186766513726324,0.0,0.38903248084847075,51,0.2549019607843137,0.6862745098039216
Indonesia,2020-02-05,-0.25418874676278774,0.0,0.46111955247368014,45,0.28888888888888886,0.6444444444444445
Indonesia,2020-02-06,-0.19533505982962693,0.0,0.39734471558974904,38,0.34210526315789475,0.631578947368421
Indonesia,2020-02-07,-0.06962355556550208,0.0,0.3792013749277178,31,0.3548387096774194,0.5806451612903226
Indonesia,2020-02-08,-0.31928628462827474,0.0,0.39229212598572955,18,0.16666666666666666,0.7222222222222222
Indonesia,2020-02-09,-0.17155004088518316,0.0,0.4039513448106131,15,0.26666666666666666,0.6
Indonesia,2020-02-10,-0.26864951085121247,0.0,0.36193450480750666,47,0.2553191489361702,0.7021276595744681
Indonesia,2020-02-11,-0.20625195927869958,0.0,0.3997093200527981,44,0.3181818181818182,0.6590909090909091
Indonesia,2020-02-12,-0.12453209841722275,0.0,0.35435135088290337,62,0.25806451612903225,0.6774193548387096
Indonesia,2020-02-13,-0.2590246095388222,0.0,0.3940543479936888,28,0.21428571428571427,0.7142857142857143
Indonesia,2020-02-14,-0.1709935586849718,0.0,0.4489872234852076,38,0.39473684210526316,0.5789473684210527
Indonesia,2020-02-15,-0.08237674952588346,0.0,0.3870311395355557,14,0.2857142857142857,0.5714285714285714
Indonesia,2020-02-16,-0.13222135334802573,0.0,0.30073483631079573,28,0.25,0.6428571428571429
Indonesia,2020-02-17,-0.15978201085651522,0.0,0.37422430519619126,35,0.3142857142857143,0.6571428571428571
Indonesia,2020-02-18,-0.11741123118349912,0.0,0.36626260986362646,29,0.3448275862068966,0.6206896551724138
Indonesia,2020-02-19,-0.15436925225830841,0.0,0.32678827146593425,41,0.3170731707317073,0.6341463414634146
Indonesia,2020-02-20,-0.1750399072029573,0.0,0.42913625309115205,35,0.34285714285714286,0.6
Indonesia,2020-02-21,-0.07233832356531582,0.0,0.45959334744874586,38,0.4473684210526316,0.5263157894736842
Indonesia,2020-02-22,-0.1716553041103263,0.0,0.34796224585820706,23,0.43478260869565216,0.5652173913043478
Indonesia,2020-02-23,-0.28756804834005334,0.0,0.5008206632407977,22,0.3181818181818182,0.6818181818181818
Indonesia,2020-02-24,-0.3469516674859091,0.0,0.35622961266884295,42,0.11904761904761904,0.8571428571428571
Indonesia,2020-02-25,-0.1389139982266994,0.0,0.4352872777681839,37,0.40540540540540543,0.5405405405405406
Indonesia,2020-02-26,-0.24471236696862778,0.0,0.40363430686022844,49,0.2857142857142857,0.6938775510204082
Indonesia,2020-02-27,-0.22318021059592127,0.0,0.35335509692216005,33,0.2727272727272727,0.7272727272727273
Indonesia,2020-02-28,-0.1248931009575837,0.0,0.3761447983352246,37,0.3783783783783784,0.5945945945945946
Indonesia,2020-02-29,-0.30890573166258195,0.0,0.3683015952296819,26,0.19230769230769232,0.7307692307692307
Indonesia,2020-03-01,-0.3322215964707797,0.0,0.41464726420230336,21,0.23809523809523808,0.7142857142857143
Indonesia,2020-03-02,-0.2967820803625979,0.0,0.3869188590801628,33,0.2727272727272727,0.7272727272727273
Indonesia,2020-03-03,-0.295615677526013,0.0,0.34356902174172,33,0.18181818181818182,0.8181818181818182
Indonesia,2020-03-04,-0.230256199800107,0.0,0.332385794003542,48,0.3125,0.6666666666666666
Indonesia,2020-03-05,-0.18753173906220613,0.0,0.3963417696449974,52,0.2692307692307692,0.6923076923076923
Indonesia,2020-03-06,-0.12089766914535838,0.0,0.4238063527535124,35,0.3142857142857143,0.6571428571428571
Indonesia,2020-03-07,0.027099026513550173,0.0,0.3633699761189757,10,0.7,0.3
Indonesia,2020-03-08,-0.18813887964808268,0.0,0.4382036869994815,20,0.25,0.7
Indonesia,2020-03-09,-0.1818684961611836,0.0,0.4487785453961171,48,0.25,0.75
Indonesia,2020-03-10,-0.24788088304219724,0.0,0.3616117785792166,53,0.22641509433962265,0.7358490566037735
Indonesia,2020-03-11,-0.08421676225135812,0.0,0.47589076188766444,52,0.38461538461538464,0.5576923076923077
Indonesia,2020-03-12,-0.18716607510559377,0.0,0.34670799174673295,43,0.27906976744186046,0.6744186046511628
Indonesia,2020-03-13,-0.29039645292833155,0.0,0.37067561982458097,29,0.1724137931034483,0.7931034482758621
Indonesia,2020-03-14,-0.254732910170854,0.0,0.4071721423106281,18,0.2222222222222222,0.7222222222222222
Indonesia,2020-03-15,-0.24130291745281032,0.0,0.33891706475359556,24,0.20833333333333334,0.75
Indonesia,2020-03-16,-0.19228347249417715,0.0,0.37035725418105025,36,0.2777777777777778,0.6944444444444444
Indonesia,2020-03-17,-0.2378698452761681,0.0,0.35776129382210875,40,0.275,0.725
Indonesia,2020-03-18,-0.11175454051310672,0.0,0.3496865408844898,29,0.27586206896551724,0.6896551724137931
Indonesia,2020-03-19,-0.24810611009110864,0.0,0.2958568987263768,53,0.1320754716981132,0.8301886792452831
Indonesia,2020-03-20,-0.21011458545150483,0.0,0.3330791678198783,40,0.225,0.75
Indonesia,2020-03-21,-0.1901904866962051,0.0,0.32024308011200714,21,0.19047619047619047,0.8095238095238095
Indonesia,2020-03-22,-0.23358748328773807,0.0,0.39188124271287783,24,0.2916666666666667,0.6666666666666666
Indonesia,2020-03-23,-0.09352323735658441,0.0,0.3349976604569202,35,0.37142857142857144,0.5714285714285714
Indonesia,2020-03-24,-0.3472144547869959,0.0,0.2976925180269179,28,0.10714285714285714,0.8571428571428571
Indonesia,2020-03-25,-0.06985889512423259,0.0,0.2562101175500988,17,0.29411764705882354,0.6470588235294118
Indonesia,2020-03-26,-0.17943574120726705,0.0,0.331890156974292,27,0.2222222222222222,0.7037037037037037
Indonesia,2020-03-27,-0.17250199381966175,0.0,0.38858974753059683,33,0.24242424242424243,0.6666666666666666
Indonesia,2020-03-28,-0.32172507765994324,0.0,0.3953801064226403,18,0.2777777777777778,0.6666666666666666
Indonesia,2020-03-29,-0.3975363021039337,0.0,0.36737133537100947,15,0.2,0.8
Indonesia,2020-03-30,-0.2631539467928235,0.0,0.3641519587159604,30,0.2,0.8
Indonesia,2020-03-31,-0.3014218785520417,0.0,0.32474157440806706,35,0.14285714285714285,0.8571428571428571
Indonesia,2020-04-01,-0.2572493137963439,0.0,0.34225736868546713,42,0.14285714285714285,0.7857142857142857
Indonesia,2020-04-02,-0.25666697374083564,0.0,0.2865898976987549,26,0.11538461538461539,0.8076923076923077
Indonesia,2020-04-03,-0.23952092644161205,0.0,0.4084143270569964,35,0.2857142857142857,0.6285714285714286
Indonesia,2020-04-04,-0.36584322903370037,0.0,0.3778689805318531,25,0.12,0.72
Indonesia,2020-04-05,-0.3195484822434569,0.0,0.27274426342916364,8,0.125,0.875
Indonesia,2020-04-06,-0.27716567841945167,0.0,0.270940268097242,31,0.16129032258064516,0.8064516129032258
Indonesia,2020-04-07,-0.19896683936147327,0.0,0.35263881666415015,35,0.2,0.7428571428571429
Indonesia,2020-04-08,-0.14842396644033934,0.0,0.37128047563351835,46,0.2826086956521739,0.6304347826086957
Indonesia,2020-04-09,-0.23633716830758428,0.0,0.3126238679167925,43,0.2558139534883721,0.7209302325581395
Indonesia,2020-04-10,-0.1995191692548747,0.0,0.43307846947425443,26,0.3076923076923077,0.6923076923076923
Indonesia,2020-04-11,-0.23428640927661842,0.0,0.3951629307340968,18,0.2777777777777778,0.6666666666666666
Indonesia,2020-04-12,-0.255934834416134,0.0,0.29547707737841133,20,0.15,0.75
Indonesia,2020-04-13,-0.24091704984512552,0.0,0.3948058422957031,32,0.3125,0.6875
Indonesia,2020-04-14,-0.10361384355309372,0.0,0.38293385375806066,45,0.28888888888888886,0.6888888888888889
Indonesia,2020-04-15,-0.16128192650277412,0.0,0.30636218776701585,47,0.2553191489361702,0.723404255319149
Indonesia,2020-04-16,-0.16909523802225165,0.0,0.34870655897998704,44,0.29545454545454547,0.6818181818181818
Indonesia,2020-04-17,-0.27241155038417286,0.0,0.34657469676413866,43,0.16279069767441862,0.813953488372093
Indonesia,2020-04-18,-0.29533997065986184,0.0,0.44748146338780237,20,0.25,0.75
Indonesia,2020-04-19,-0.26034843433792776,0.0,0.4070568441922778,28,0.17857142857142858,0.6071428571428571
Indonesia,2020-04-20,-0.16641771648846554,0.0,0.30909873073165733,33,0.2727272727272727,0.696969696969697
Indonesia,2020-04-21,-0.2401007317212274,0.0,0.31909502238085585,44,0.20454545454545456,0.7727272727272727
Indonesia,2020-04-22,-0.20155999172505928,0.0,0.28811099603925017,44,0.29545454545454547,0.6818181818181818
Indonesia,2020-04-23,-0.09458817975393319,0.0,0.37533196920673395,45,0.37777777777777777,0.6
Indonesia,2020-04-24,-0.13365118712188134,0.0,0.31683989481025193,35,0.2571428571428571,0.7428571428571429
Indonesia,2020-04-25,-0.2661887749520878,0.0,0.32372576348795035,15,0.13333333333333333,0.8666666666666667
Indonesia,2020-04-26,-0.24583625586531158,0.0,0.349947309882278,28,0.17857142857142858,0.8214285714285714
Indonesia,2020-04-27,-0.12333463953700953,0.0,0.36161198043496384,44,0.36363636363636365,0.5909090909090909
Indonesia,2020-04-28,-0.20802564737088988,0.0,0.40052168232218915,37,0.1891891891891892,0.8108108108108109
Indonesia,2020-04-29,-0.23694502693027022,0.0,0.30161483282691476,26,0.15384615384615385,0.7692307692307693
Indonesia,2020-04-30,-0.09409982369673164,0.0,0.434214174678086,35,0.42857142857142855,0.5428571428571428
Indonesia,2020-05-01,-0.2567167268643163,0.0,0.3358493194679612,26,0.19230769230769232,0.7692307692307693
Indonesia,2020-05-02,-0.2048491027922008,0.0,0.35684329510651824,27,0.25925925925925924,0.6296296296296297
Indonesia,2020-05-03,-0.1625385849439173,0.0,0.34459317118071664,18,0.2222222222222222,0.7777777777777778
Indonesia,2020-05-04,-0.13742700918420245,0.0,0.37843040470337813,40,0.325,0.65
Indonesia,2020-05-05,-0.11686816263149695,0.0,0.3306963245358537,50,0.32,0.6
Indonesia,2020-05-06,-0.1138927762382426,0.0,0.3957138275206813,46,0.32608695652173914,0.6086956521739131
Indonesia,2020-05-07,-0.21397102457667563,0.0,0.3296315036695468,33,0.18181818181818182,0.8181818181818182
Indonesia,2020-05-08,-0.18367326405024081,0.0,0.3427497741131232,39,0.28205128205128205,0.6666666666666666
Indonesia,2020-05-09,-0.23542006763484125,0.0,0.41261545933043114,25,0.24,0.76
Indonesia,2020-05-10,-0.16298799430928593,0.0,0.34272891787026316,23,0.2608695652173913,0.6956521739130435
Indonesia,2020-05-11,-0.16945101247734587,0.0,0.2953299000824614,45,0.24444444444444444,0.7333333333333333
Indonesia,2020-05-12,-0.2014721804824024,0.0,0.37663763333443634,56,0.25,0.7142857142857143
Indonesia,2020-05-13,-0.1893606357028885,0.0,0.32745170087056613,30,0.26666666666666666,0.6666666666666666
Indonesia,2020-05-14,-0.14551370383561615,0.0,0.4501247059893829,37,0.40540540540540543,0.5945945945945946
Indonesia,2020-05-15,-0.21897880871890202,0.0,0.3983519134788041,40,0.275,0.7
Indonesia,2020-05-16,-0.13858319905767225,0.0,0.33337517343075657,21,0.3333333333333333,0.6190476190476191
Indonesia,2020-05-17,-0.15304305315062053,0.0,0.33354499970526147,28,0.42857142857142855,0.5714285714285714
Indonesia,2020-05-18,-0.2029755807706512,0.0,0.36837637861868205,31,0.22580645161290322,0.6774193548387096
Indonesia,2020-05-19,-0.2104864411643838,0.0,0.3620269888521506,40,0.25,0.7
Indonesia,2020-05-20,-0.09271776161521056,0.0,0.36214769021045556,30,0.3333333333333333,0.6
Indonesia,2020-05-21,-0.16902099509844457,0.0,0.3711683536251092,26,0.2692307692307692,0.6538461538461539
Indonesia,2020-05-22,-0.15841353738756195,0.0,0.3934626026995404,38,0.3157894736842105,0.6578947368421053
Indonesia,2020-05-23,-0.15623065343861545,0.0,0.3273932471134048,19,0.2631578947368421,0.6842105263157895
Indonesia,2020-05-24,-0.2370925004091229,0.0,0.3640574237278911,26,0.23076923076923078,0.7307692307692307
Indonesia,2020-05-25,-0.16969996997809125,0.0,0.34898246365829805,23,0.30434782608695654,0.5652173913043478
Indonesia,2020-05-26,-0.10664789081526142,0.0,0.18520141679398647,29,0.20689655172413793,0.6896551724137931
Indonesia,2020-05-27,-0.07373407962158139,0.0,0.2669371235785623,28,0.35714285714285715,0.5714285714285714
Indonesia,2020-05-28,-0.17749143359372999,0.0,0.3314436786223534,39,0.3333333333333333,0.6666666666666666
Indonesia,2020-05-29,-0.14441640214838258,0.0,0.31035406051086983,43,0.2558139534883721,0.7209302325581395
Indonesia,2020-05-30,-0.15428502449394405,0.0,0.3983141091148571,22,0.3181818181818182,0.6363636363636364
Indonesia,2020-05-31,-0.1924811222044733,0.0,0.40150967118998704,22,0.2727272727272727,0.7272727272727273
Indonesia,2020-06-01,-0.15007008865200688,0.0,0.3332541228137222,30,0.3,0.6666666666666666
Indonesia,2020-06-02,-0.15982190483402298,0.0,0.3631087306731581,41,0.34146341463414637,0.6097560975609756
Indonesia,2020-06-03,-0.18239918665279037,0.0,0.3584394644418017,31,0.2903225806451613,0.6774193548387096
Indonesia,2020-06-04,-0.05272828020881593,0.0,0.3273052753488652,34,0.47058823529411764,0.5
Indonesia,2020-06-05,0.04481065050487585,0.0,0.417123501476949,37,0.6216216216216216,0.32432432432432434
Indonesia,2020-06-06,-0.03943896868851338,0.0,0.3910136203760571,24,0.4583333333333333,0.5
Indonesia,2020-06-07,-0.12126691110819421,0.0,0.39273638346431455,21,0.3333333333333333,0.5714285714285714
Indonesia,2020-06-08,-0.08119501825341119,0.0,0.35796148125522903,35,0.4857142857142857,0.4857142857142857
Indonesia,2020-06-09,-0.1655362500319339,0.0,0.3989808320633577,44,0.3181818181818182,0.6363636363636364
Indonesia,2020-06-10,-0.16020074296573591,0.0,0.3669278275871102,39,0.3076923076923077,0.6410256410256411
Indonesia,2020-06-11,-0.14308829128025513,0.0,0.453675956599899,38,0.2631578947368421,0.7105263157894737
Indonesia,2020-06-12,-0.19282644137060767,0.0,0.35729830142234437,26,0.4230769230769231,0.5384615384615384
Indonesia,2020-06-13,-0.19461806839513776,0.0,0.3663304724136103,23,0.30434782608695654,0.6521739130434783
Indonesia,2020-06-14,-0.04974294003565165,0.0,0.347689967756651,22,0.45454545454545453,0.5
Indonesia,2020-06-15,-0.12806187044817474,0.0,0.23731018472987722,36,0.2777777777777778,0.7222222222222222
Indonesia,2020-06-16,-0.17268035337166557,0.0,0.37319570696855286,40,0.35,0.6
Indonesia,2020-06-17,-0.049366955189562196,0.0,0.35933873194767735,30,0.5,0.4666666666666667
Indonesia,2020-06-18,-0.09125984599899073,0.0,0.4043804437567158,43,0.3953488372093023,0.5581395348837209
Indonesia,2020-06-19,-0.13278036286517136,0.0,0.34817604519420553,36,0.3611111111111111,0.6111111111111112
Indonesia,2020-06-20,0.0045045182613813965,0.0,0.41876530120631067,22,0.5454545454545454,0.36363636363636365
Indonesia,2020-06-21,-0.11434237032391059,0.0,0.35941273465547274,30,0.36666666666666664,0.5333333333333333
Indonesia,2020-06-22,-0.17453436911210496,0.0,0.43315875151781696,46,0.32608695652173914,0.6086956521739131
Indonesia,2020-06-23,-0.09557166233405345,0.0,0.37983920475860683,54,0.37037037037037035,0.5925925925925926
Indonesia,2020-06-24,-0.1255821081106522,0.0,0.2902477238303121,41,0.2682926829268293,0.6097560975609756
Indonesia,2020-06-25,-0.14125958235958314,0.0,0.45839781395627466,41,0.4634146341463415,0.5365853658536586
Indonesia,2020-06-26,-0.2756075945074639,0.0,0.3769413754675982,18,0.2777777777777778,0.7222222222222222
Indonesia,2020-06-27,-0.08153262116184574,0.0,0.3210347566723946,21,0.42857142857142855,0.5714285714285714
Indonesia,2020-06-28,0.006258554731890819,0.0,0.38172728372181286,26,0.38461538461538464,0.6153846153846154
Indonesia,2020-06-29,-0.1253651916701703,0.0,0.35307510048610913,37,0.2972972972972973,0.6216216216216216
Indonesia,2020-06-30,-0.14585817765010842,0.0,0.4915110471219778,34,0.4117647058823529,0.5882352941176471
Indonesia,2020-07-01,-0.054616450424119854,0.0,0.31559574690614167,39,0.358974358974359,0.6153846153846154
Indonesia,2020-07-02,-0.1025805803082269,0.0,0.3450655740272271,22,0.4090909090909091,0.5
Indonesia,2020-07-03,-0.028374764121937575,0.0,0.27526608603431646,28,0.32142857142857145,0.5714285714285714
Indonesia,2020-07-04,-0.09989849201782512,0.0,0.37511296018532436,13,0.46153846153846156,0.46153846153846156
Indonesia,2020-07-05,-0.15591773925917687,0.0,0.3885888522821903,23,0.391304347826087,0.5652173913043478
Indonesia,2020-07-06,-0.1242457021368659,0.0,0.41345408160613184,35,0.37142857142857144,0.5714285714285714
Indonesia,2020-07-07,-0.11931348077010326,0.0,0.3268827066596912,39,0.4358974358974359,0.5641025641025641
Indonesia,2020-07-08,-0.23594119852559844,0.0,0.3873999528264027,39,0.1794871794871795,0.7692307692307693
Indonesia,2020-07-09,-0.12254936699323393,0.0,0.41369957357723164,48,0.4166666666666667,0.5625
Indonesia,2020-07-10,-0.1074936803166293,0.0,0.39013525991010367,50,0.4,0.58
Indonesia,2020-07-11,-0.26827063767165693,0.0,0.36503463989240886,26,0.2692307692307692,0.7307692307692307
Indonesia,2020-07-12,-0.17078842433441863,0.0,0.41048047446133223,20,0.4,0.55
Indonesia,2020-07-13,-0.24141551152740406,0.0,0.40895343650106214,29,0.3103448275862069,0.6551724137931034
Indonesia,2020-07-14,-0.21755271230081813,0.0,0.3186833365230223,40,0.225,0.775
Indonesia,2020-07-15,-0.36309382460103184,0.0,0.32847524505807757,24,0.125,0.8333333333333334
Indonesia,2020-07-16,-0.22562573802171643,0.0,0.31511528895081015,39,0.23076923076923078,0.6923076923076923
Indonesia,2020-07-17,-0.15743422917056607,0.0,0.3613841795989932,39,0.23076923076923078,0.717948717948718
Indonesia,2020-07-18,-0.0979851079534568,0.0,0.3755535539770478,20,0.55,0.45
Indonesia,2020-07-19,-0.16499466720053949,0.0,0.43278584453109104,16,0.4375,0.5625
Indonesia,2020-07-20,-0.17609971234291044,0.0,0.3895247456239256,55,0.34545454545454546,0.5818181818181818
Indonesia,2020-07-21,-0.09966104705273297,0.0,0.36678856198417586,40,0.4,0.6
Indonesia,2020-07-22,-0.09958697375897134,0.0,0.3805245517902801,26,0.3076923076923077,0.6538461538461539
Indonesia,2020-07-23,-0.0827700416829908,0.0,0.42630806719591696,42,0.40476190476190477,0.5714285714285714
Indonesia,2020-07-24,-0.09343829363363579,0.0,0.3245499365573331,32,0.40625,0.5625
Indonesia,2020-07-25,-0.13244322106543127,0.0,0.4585594325650025,23,0.30434782608695654,0.6521739130434783
Indonesia,2020-07-26,-0.17857490443599247,0.0,0.3678861292380963,22,0.3181818181818182,0.5909090909090909
Indonesia,2020-07-27,-0.11366633499196885,0.0,0.45359552233476,40,0.3,0.7
Indonesia,2020-07-28,-0.05207034047509998,0.0,0.4657492132068884,32,0.40625,0.53125
Indonesia,2020-07-29,-0.022108234254507985,0.0,0.42534789903847636,43,0.4186046511627907,0.46511627906976744
Indonesia,2020-07-30,0.06205390027341388,0.0,0.4406315294803833,30,0.5333333333333333,0.43333333333333335
Indonesia,2020-07-31,-0.19927109141030497,0.0,0.3045640505306915,26,0.23076923076923078,0.7692307692307693
Indonesia,2020-08-01,-0.17208350865221939,0.0,0.45268196119743476,17,0.35294117647058826,0.6470588235294118
Indonesia,2020-08-02,-0.1870377878823701,0.0,0.398241585535526,19,0.2631578947368421,0.5789473684210527
Indonesia,2020-08-03,-0.16010550302427348,0.0,0.5405053900958907,25,0.36,0.64
Indonesia,2020-08-04,-0.053808322003547966,0.0,0.4127744595579928,37,0.4594594594594595,0.4594594594594595
Indonesia,2020-08-05,-0.18981376065905198,0.0,0.4310306659723222,29,0.27586206896551724,0.6896551724137931
Indonesia,2020-08-06,-0.16550098073691427,0.0,0.41802248810226633,50,0.24,0.74
Indonesia,2020-08-07,-0.20987732137165804,0.0,0.38176250481959484,29,0.3448275862068966,0.6551724137931034
Indonesia,2020-08-08,-0.10098168021865507,0.0,0.37148632485009764,23,0.30434782608695654,0.6956521739130435
Indonesia,2020-08-09,-0.3038197467227139,0.0,0.41484542435720373,21,0.19047619047619047,0.6666666666666666
Indonesia,2020-08-10,-0.11117774426155005,0.0,0.3930974668850978,50,0.4,0.58
Indonesia,2020-08-11,-0.1905616205498706,0.0,0.4110876687006794,47,0.2553191489361702,0.6808510638297872
Indonesia,2020-08-12,-0.08381682201549083,0.0,0.39498523978528205,35,0.34285714285714286,0.6
Indonesia,2020-08-13,-0.1333142599100681,0.0,0.3051668588276944,29,0.41379310344827586,0.5517241379310345
Indonesia,2020-08-14,-0.11491857110928293,0.0,0.45227467975489716,31,0.3548387096774194,0.5806451612903226
Indonesia,2020-08-15,-0.07170752005148517,0.0,0.46129174848049376,16,0.5,0.4375
Indonesia,2020-08-16,-0.29847080739838655,0.0,0.4321802437967318,31,0.25806451612903225,0.7096774193548387
Indonesia,2020-08-17,-0.16768817193923366,0.0,0.5421316679477199,23,0.34782608695652173,0.6521739130434783
Indonesia,2020-08-18,-0.14479078112297372,0.0,0.3770403381703244,32,0.25,0.6875
Indonesia,2020-08-19,-0.2142632206382115,0.0,0.46585512926914163,44,0.3409090909090909,0.6363636363636364
Indonesia,2020-08-20,-0.05697239170260252,0.0,0.37440104218919984,21,0.3333333333333333,0.5714285714285714
Indonesia,2020-08-21,-0.2524422736476579,0.0,0.42065612099925304,39,0.28205128205128205,0.6923076923076923
Indonesia,2020-08-22,-0.24353613855133452,0.0,0.45991914845208903,20,0.25,0.75
Indonesia,2020-08-23,-0.3347811537627543,0.0,0.5059437483260887,25,0.28,0.72
Indonesia,2020-08-24,-0.0781911720595853,0.0,0.4238988289225902,39,0.3333333333333333,0.6153846153846154
Indonesia,2020-08-25,-0.13250552987489153,0.0,0.40967829312978493,44,0.3409090909090909,0.6136363636363636
Indonesia,2020-08-26,-0.06558695261495863,0.0,0.4065811561096912,58,0.43103448275862066,0.5172413793103449
Indonesia,2020-08-27,-0.006294612967730043,0.0,0.4142938205424791,40,0.5,0.475
Indonesia,2020-08-28,-0.1394132534174109,0.0,0.4066406450914412,41,0.3902439024390244,0.6097560975609756
Indonesia,2020-08-29,-0.11100615913361743,0.0,0.5396292792082608,15,0.4666666666666667,0.5333333333333333
Indonesia,2020-08-30,-0.08431919213186566,0.0,0.3894591049543255,26,0.5,0.46153846153846156
Indonesia,2020-08-31,-0.1216812670609786,0.0,0.42649662712073233,44,0.3409090909090909,0.6363636363636364
Indonesia,2020-09-01,-0.12423398192403601,0.0,0.35973750495311463,42,0.30952380952380953,0.5952380952380952
Indonesia,2020-09-02,-0.08997247961072273,0.0,0.4450065887986485,44,0.45454545454545453,0.5
Indonesia,2020-09-03,-0.2540488903873307,0.0,0.4340080851503169,41,0.24390243902439024,0.7560975609756098
Indonesia,2020-09-04,-0.1577528850756655,0.0,0.46470646828214274,44,0.36363636363636365,0.6363636363636364
Indonesia,2020-09-05,-0.11307355579870795,0.0,0.4862067280948054,26,0.34615384615384615,0.6153846153846154
Indonesia,2020-09-06,-0.08965061648385587,0.0,0.43004809123359056,29,0.3448275862068966,0.5862068965517241
Indonesia,2020-09-07,0.06386630218174108,0.0,0.39894304564619526,35,0.5714285714285714,0.4
Indonesia,2020-09-08,-0.03886676288513389,0.0,0.422138133820152,35,0.45714285714285713,0.5142857142857142
Indonesia,2020-09-09,-0.1976202374378487,0.0,0.4594089474047853,28,0.42857142857142855,0.5714285714285714
Indonesia,2020-09-10,-0.11057369930661123,0.0,0.39284508543108115,34,0.38235294117647056,0.6176470588235294
Indonesia,2020-09-11,-0.11946651422726408,0.0,0.3983566938433078,54,0.2777777777777778,0.5740740740740741
Indonesia,2020-09-12,-0.21643291514358973,0.0,0.4494191568703232,23,0.34782608695652173,0.6521739130434783
Indonesia,2020-09-13,0.013490636861481112,0.0,0.24045135452988484,19,0.5789473684210527,0.42105263157894735
Indonesia,2020-09-14,-0.18869402993557935,0.0,0.4088504179440058,36,0.3055555555555556,0.6111111111111112
Indonesia,2020-09-15,-0.24767774149191274,0.0,0.4244334631384336,41,0.2926829268292683,0.7073170731707317
Indonesia,2020-09-16,-0.23109680255032017,0.0,0.4665614062558571,40,0.25,0.725
Indonesia,2020-09-17,-0.13174810901925751,0.0,0.38036067612341684,46,0.32608695652173914,0.6739130434782609
Indonesia,2020-09-18,-0.19629026917497394,0.0,0.3244889172941357,28,0.21428571428571427,0.7142857142857143
Indonesia,2020-09-19,-0.04394174773188503,0.0,0.4767667971690295,23,0.43478260869565216,0.5652173913043478
Indonesia,2020-09-20,-0.40835696366931545,0.0,0.3790431506839685,23,0.17391304347826086,0.8260869565217391
Indonesia,2020-09-21,-0.0933836325658984,0.0,0.38988330169279123,36,0.3333333333333333,0.6666666666666666
Indonesia,2020-09-22,-0.18376643754549254,0.0,0.4111996803898901,54,0.35185185185185186,0.5925925925925926
Indonesia,2020-09-23,-0.12792150476313222,0.0,0.34986152231505513,35,0.3142857142857143,0.6571428571428571
Indonesia,2020-09-24,-0.3177672371937605,0.0,0.4175322034821987,23,0.17391304347826086,0.8260869565217391
Indonesia,2020-09-25,-0.17319269593285155,0.0,0.427225383705349,38,0.34210526315789475,0.6052631578947368
Indonesia,2020-09-26,-0.2750018251542598,0.0,0.37171068646999506,15,0.26666666666666666,0.6666666666666666
Indonesia,2020-09-27,-0.24447950632932428,0.0,0.46440771876640935,15,0.26666666666666666,0.7333333333333333
Indonesia,2020-09-28,-0.18038465420364172,0.0,0.415008643182076,25,0.36,0.6
Indonesia,2020-09-29,-0.06361591086517654,0.0,0.278892046461136,31,0.3870967741935484,0.5483870967741935
Indonesia,2020-09-30,-0.21274968972907385,0.0,0.40775651699181914,37,0.2702702702702703,0.7027027027027027
Indonesia,2020-10-01,-0.06151844362582305,0.0,0.44846149928210116,51,0.43137254901960786,0.5490196078431373
Indonesia,2020-10-02,-0.12895582152418006,0.0,0.3910123550305361,54,0.3148148148148148,0.6666666666666666
Indonesia,2020-10-03,-0.3963735057868829,0.0,0.4117699410549649,45,0.17777777777777778,0.7777777777777778
Indonesia,2020-10-04,-0.241988639896368,0.0,0.44348653746620625,25,0.28,0.68
Indonesia,2020-10-05,-0.11056025022173295,0.0,0.35218644700127477,33,0.36363636363636365,0.48484848484848486
Indonesia,2020-10-06,-0.08390742201506213,0.0,0.42764089923445303,29,0.3793103448275862,0.5172413793103449
Indonesia,2020-10-07,-0.12667724447222273,0.0,0.40247166768295234,33,0.3333333333333333,0.6060606060606061
Indonesia,2020-10-08,-0.14393637134511944,0.0,0.3699530239561751,23,0.30434782608695654,0.5217391304347826
Indonesia,2020-10-09,-0.29951662734565687,0.0,0.3977533274563919,14,0.35714285714285715,0.6428571428571429
Indonesia,2020-10-10,-0.2211185106777767,0.0,0.47105079591476906,27,0.2962962962962963,0.6666666666666666
Indonesia,2020-10-11,-0.16857844521372126,0.0,0.4034190813651378,30,0.3,0.6333333333333333
Indonesia,2020-10-12,-0.1447521727493079,0.0,0.4374289899336049,46,0.2826086956521739,0.6304347826086957
Indonesia,2020-10-13,-0.01670333165896259,0.0,0.5012362081652962,33,0.48484848484848486,0.5151515151515151
Indonesia,2020-10-14,0.0013592418502481691,0.0,0.29500545798683175,26,0.5769230769230769,0.38461538461538464
Indonesia,2020-10-15,-0.029603379540561154,0.0,0.32534279111384834,35,0.4,0.5714285714285714
Indonesia,2020-10-16,-0.08338398443734182,0.0,0.41504954094770047,29,0.4827586206896552,0.4827586206896552
Indonesia,2020-10-17,-0.11033237828771832,0.0,0.5316984429778631,23,0.4782608695652174,0.43478260869565216
Indonesia,2020-10-18,-0.16365338900128873,0.0,0.404952424661753,31,0.25806451612903225,0.6451612903225806
Indonesia,2020-10-19,-0.15990723142220664,0.0,0.4252433958800459,42,0.30952380952380953,0.6428571428571429
Indonesia,2020-10-20,-0.06378121029630626,0.0,0.3658219567638199,38,0.3684210526315789,0.5789473684210527
Indonesia,2020-10-21,-0.1607264799771969,0.0,0.368536569655971,42,0.38095238095238093,0.5952380952380952
Indonesia,2020-10-22,-0.09656064316487455,0.0,0.38697649109460713,31,0.3225806451612903,0.6451612903225806
Indonesia,2020-10-23,-0.14638829650091914,0.0,0.3648090560761748,27,0.3333333333333333,0.6296296296296297
Indonesia,2020-10-24,-0.25973823119825906,0.0,0.35151865171786223,18,0.2222222222222222,0.7777777777777778
Indonesia,2020-10-25,-0.038837533897446194,0.0,0.37118171408752426,25,0.52,0.48
Indonesia,2020-10-26,0.00038334012180645297,0.0,0.424026393539085,43,0.4883720930232558,0.4418604651162791
Indonesia,2020-10-27,-0.14008264532342093,0.0,0.45775506397389887,50,0.36,0.64
Indonesia,2020-10-28,-0.16866349151404517,0.0,0.34051052616249367,36,0.4166666666666667,0.5833333333333334
Indonesia,2020-10-29,-0.15317390826450855,0.0,0.5097553029761339,33,0.3333333333333333,0.6363636363636364
Indonesia,2020-10-30,0.01938464534044704,0.0,0.4751851288501819,22,0.5,0.45454545454545453
Indonesia,2020-10-31,0.0523992868397245,0.0,0.3696271359915977,6,0.5,0.5
Indonesia,2020-11-01,-0.13460556689203743,0.0,0.40323396041038123,24,0.375,0.625
Indonesia,2020-11-02,-0.10710378491041307,0.0,0.44395088105549524,27,0.4074074074074074,0.5555555555555556
Indonesia,2020-11-03,-0.03812289306432893,0.0,0.4989654390976068,22,0.5,0.5
Indonesia,2020-11-04,-0.041361238076897816,0.0,0.3465236565668528,32,0.5,0.4375
Indonesia,2020-11-05,-0.14285241622170544,0.0,0.3089685115630918,19,0.3157894736842105,0.6842105263157895
Indonesia,2020-11-06,-0.2851784931503541,0.0,0.3503271192973785,15,0.2,0.8
Indonesia,2020-11-07,-0.3971973430107317,0.0,0.41543280632957585,9,0.1111111111111111,0.8888888888888888
Indonesia,2020-11-08,0.3293426375429074,0.0,0.4739138822912036,5,0.8,0.2
Indonesia,2020-11-09,-0.0002846213626164218,0.0,0.3815619640309608,26,0.5384615384615384,0.46153846153846156
Indonesia,2020-11-10,-0.05822229986585512,0.0,0.3134037458056281,28,0.35714285714285715,0.6428571428571429
Indonesia,2020-11-11,-0.007855433506935938,0.0,0.43485305895071896,28,0.4642857142857143,0.5357142857142857
Indonesia,2020-11-12,-0.15575347110251703,0.0,0.4077374579949506,24,0.2916666666666667,0.625
Indonesia,2020-11-13,-0.033905964304078245,0.0,0.21958003645080185,6,0.5,0.5
Indonesia,2020-11-15,-0.47471958887871274,0.0,0.39419369884830796,3,0.0,1.0
Indonesia,2020-11-16,0.014729382050605396,0.0,0.397379279062696,34,0.5294117647058824,0.47058823529411764
Indonesia,2020-11-17,-0.12415044964370286,0.0,0.35615334173596525,26,0.3076923076923077,0.6923076923076923
Indonesia,2020-11-18,-0.059917457308452014,0.0,0.3019197688127006,75,0.3333333333333333,0.5866666666666667
Indonesia,2020-11-19,-0.06701957366686406,0.0,0.47258763941090215,68,0.4117647058823529,0.5441176470588235
Indonesia,2020-11-20,-0.1379849151492578,0.0,0.39416868450612574,52,0.4423076923076923,0.5384615384615384
Indonesia,2020-11-21,-0.1302006220032178,0.0,0.502290302557776,38,0.34210526315789475,0.631578947368421
Indonesia,2020-11-22,-0.11926040714265984,0.0,0.4156282077484212,23,0.34782608695652173,0.6521739130434783
Indonesia,2020-11-23,-0.06327756898658182,0.0,0.378079756654981,61,0.4098360655737705,0.5245901639344263
Indonesia,2020-11-24,-0.07756254717166847,0.0,0.3653788623968962,58,0.43103448275862066,0.5344827586206896
Indonesia,2020-11-25,-0.11407567759298069,0.0,0.3744376823928262,72,0.3888888888888889,0.5833333333333334
Indonesia,2020-11-26,-0.12016857383998857,0.0,0.4279042576569759,60,0.4,0.55
Indonesia,2020-11-27,-0.11097901205319094,0.0,0.42950660622189574,50,0.38,0.6
Indonesia,2020-11-28,0.10063708560982805,0.0,0.3456339295982758,28,0.6428571428571429,0.32142857142857145
Indonesia,2020-11-29,-0.12542905402386337,0.0,0.4483479174551665,32,0.34375,0.625
Indonesia,2020-11-30,-0.12908569263330652,0.0,0.506101319047472,55,0.41818181818181815,0.5454545454545454
Indonesia,2020-12-01,-0.09241900189512955,0.0,0.38805626861588083,36,0.3611111111111111,0.6388888888888888
Indonesia,2020-12-02,-0.17572919393491082,0.0,0.3838470003985282,37,0.32432432432432434,0.6486486486486487
Indonesia,2020-12-03,-0.13654376279126512,0.0,0.3952211803147985,49,0.3877551020408163,0.5714285714285714
Indonesia,2020-12-04,-0.15687077179983988,0.0,0.4246338497724071,55,0.2727272727272727,0.6727272727272727
Indonesia,2020-12-05,-0.16477375395042945,0.0,0.4361350366024569,29,0.3103448275862069,0.6551724137931034
Indonesia,2020-12-06,-0.28688325772076323,0.0,0.4264876576968483,31,0.22580645161290322,0.7419354838709677
Indonesia,2020-12-07,-0.17402942951526842,0.0,0.3901313090588662,50,0.32,0.66
Indonesia,2020-12-08,-0.09576425445579458,0.0,0.402581589743947,32,0.40625,0.53125
Indonesia,2020-12-09,-0.04651815619964025,0.0,0.32016429791732837,30,0.43333333333333335,0.5666666666666667
Indonesia,2020-12-10,-0.11925077964976964,0.0,0.39515249838945027,35,0.4,0.5714285714285714
Indonesia,2020-12-11,-0.09631050318310692,0.0,0.4532662765290247,27,0.4074074074074074,0.5925925925925926
Indonesia,2020-12-12,-0.020860958198013795,0.0,0.4134968005782744,41,0.5609756097560976,0.43902439024390244
Indonesia,2020-12-13,0.06271782783892521,0.0,0.41572417103347264,17,0.5294117647058824,0.47058823529411764
Indonesia,2020-12-14,-0.17773244521727508,0.0,0.45090473382704505,26,0.46153846153846156,0.5384615384615384
Indonesia,2020-12-15,-0.12917595926619013,0.0,0.4976569392539407,30,0.43333333333333335,0.5
Indonesia,2020-12-16,-0.02358142622355975,0.0,0.3931126984038979,37,0.5135135135135135,0.43243243243243246
Indonesia,2020-12-17,-0.08720508422442384,0.0,0.4451806410262162,45,0.4444444444444444,0.5333333333333333
Indonesia,2020-12-18,-0.05275844832923483,0.0,0.4471948878876286,41,0.43902439024390244,0.5365853658536586
Indonesia,2020-12-19,-0.057598375686944946,0.0,0.40868660959441894,24,0.5833333333333334,0.4166666666666667
Indonesia,2020-12-20,-0.020628884539380183,0.0,0.4072496874474224,25,0.56,0.44
Indonesia,2020-12-21,-0.01093131445721632,0.0,0.38046123038447704,37,0.43243243243243246,0.5135135135135135
Indonesia,2020-12-22,-0.11349884590541016,0.0,0.45486874334337163,44,0.38636363636363635,0.6136363636363636
Indonesia,2020-12-23,-0.05797356780217198,0.0,0.33459956192874873,42,0.4523809523809524,0.47619047619047616
Indonesia,2020-12-24,-0.0602538403481182,0.0,0.34582657233701963,24,0.2916666666666667,0.7083333333333334
Indonesia,2020-12-25,-0.14478430465308492,0.0,0.44759232485883926,15,0.3333333333333333,0.6
Indonesia,2020-12-26,-0.20421494424767367,0.0,0.48099803741924607,16,0.375,0.5625
Indonesia,2020-12-27,-0.04183030548107962,0.0,0.3443570181444085,10,0.6,0.4
Indonesia,2020-12-28,-0.0591255373095441,0.0,0.3900408328232806,28,0.39285714285714285,0.5357142857142857
Indonesia,2020-12-29,-0.21614913285829798,0.0,0.31993227478334524,31,0.22580645161290322,0.7419354838709677
Indonesia,2020-12-30,-0.28406687929751095,0.0,0.41341059369581745,27,0.2962962962962963,0.6666666666666666
Indonesia,2020-12-31,-0.0850592740704652,0.0,0.27839562324912864,29,0.3793103448275862,0.5517241379310345
Indonesia,2021-01-01,-0.023947423816320503,0.0,0.4907155453711649,14,0.42857142857142855,0.5714285714285714
Indonesia,2021-01-02,-0.05588022525673978,0.0,0.3877216524133213,17,0.4117647058823529,0.5882352941176471
Indonesia,2021-01-03,-0.1889515864376271,0.0,0.4276604787784542,21,0.3333333333333333,0.6190476190476191
Indonesia,2021-01-04,-0.21286309163617426,0.0,0.36006467139984444,56,0.26785714285714285,0.7142857142857143
Indonesia,2021-01-05,-0.24261165408109256,0.0,0.35066626627095093,45,0.2,0.7777777777777778
Indonesia,2021-01-06,-0.11999639153404523,0.0,0.4280735512908648,30,0.3,0.7
Indonesia,2021-01-07,-0.21208346230770755,0.0,0.4329378081778478,32,0.34375,0.65625
Indonesia,2021-01-08,-0.023974431964546104,0.0,0.3414354809696188,34,0.5588235294117647,0.4411764705882353
Indonesia,2021-01-09,-0.100014784349383,0.0,0.3935526034719397,23,0.34782608695652173,0.6086956521739131
Indonesia,2021-01-10,-0.24812759819893324,0.0,0.31327547597938754,29,0.2413793103448276,0.7241379310344828
Indonesia,2021-01-11,-0.07800518640960491,0.0,0.2370281115344175,35,0.3142857142857143,0.6285714285714286
Indonesia,2021-01-12,-0.17960863461079798,0.0,0.39959332415700316,28,0.35714285714285715,0.6428571428571429
Indonesia,2021-01-13,-0.057689963027464576,0.0,0.3426703134033472,38,0.42105263157894735,0.5526315789473685
Indonesia,2021-01-14,-0.09329232185753135,0.0,0.3727942969170509,36,0.3333333333333333,0.6111111111111112
Indonesia,2021-01-15,-0.23880465116107918,0.0,0.3933292539648243,55,0.2545454545454545,0.7272727272727273
Indonesia,2021-01-16,-0.3287455401377125,0.0,0.2685500532065687,23,0.08695652173913043,0.8260869565217391
Indonesia,2021-01-17,-0.058037526772546276,0.0,0.43653428059253074,25,0.48,0.48
Indonesia,2021-01-18,-0.11247271484548764,0.0,0.43872524720184786,49,0.40816326530612246,0.5714285714285714
Indonesia,2021-01-19,-0.3131266018812401,0.0,0.4138977559426794,40,0.175,0.775
Indonesia,2021-01-20,-0.12868438592459547,0.0,0.385995840273092,32,0.46875,0.53125
Indonesia,2021-01-21,-0.006199278944702977,0.0,0.3970140434111649,44,0.4090909090909091,0.5454545454545454
Indonesia,2021-01-22,-0.15942886965990602,0.0,0.3942349402487949,36,0.3611111111111111,0.6111111111111112
Indonesia,2021-01-23,-0.21088993800637798,0.0,0.4954433158838589,24,0.2916666666666667,0.6666666666666666
Indonesia,2021-01-24,-0.37127056590168656,0.0,0.4455755671294881,25,0.24,0.76
Indonesia,2021-01-25,-0.218117144382167,0.0,0.3433732936934112,42,0.23809523809523808,0.6666666666666666
Indonesia,2021-01-26,-0.17983791468795812,0.0,0.43301887182081616,41,0.36585365853658536,0.6341463414634146
Indonesia,2021-01-27,-0.22535627700800492,0.0,0.34489830182818976,35,0.2,0.7428571428571429
Indonesia,2021-01-28,-0.17291894163160557,0.0,0.42392089253075876,26,0.2692307692307692,0.7307692307692307
Indonesia,2021-01-29,-0.06946688526060087,0.0,0.4186293042452984,31,0.41935483870967744,0.5806451612903226
Indonesia,2021-01-30,-0.22209269352378805,0.0,0.5034300055748157,20,0.3,0.7
Indonesia,2021-01-31,0.050728950167966205,0.0,0.4697276504005054,14,0.5714285714285714,0.35714285714285715
Indonesia,2021-02-01,-0.24905489443787202,0.0,0.4450722132578361,41,0.2926829268292683,0.7073170731707317
Indonesia,2021-02-02,-0.09878682158456574,0.0,0.3142619935161647,34,0.35294117647058826,0.6470588235294118
Indonesia,2021-02-03,-0.13497210294020526,0.0,0.43596035180905296,44,0.38636363636363635,0.5909090909090909
Indonesia,2021-02-04,-0.06881461229109709,0.0,0.4430085988491708,35,0.4,0.5428571428571428
Indonesia,2021-02-05,-0.05893882463518107,0.0,0.3646669996107301,33,0.45454545454545453,0.5151515151515151
Indonesia,2021-02-06,-0.11339242829274085,0.0,0.40186782290820955,19,0.3157894736842105,0.5789473684210527
Indonesia,2021-02-07,-0.07135124768977871,0.0,0.31412225729962767,22,0.22727272727272727,0.5909090909090909
Indonesia,2021-02-08,-0.19433019073515986,0.0,0.41586735323617247,41,0.2682926829268293,0.7317073170731707
Indonesia,2021-02-09,-0.148219490698338,0.0,0.450293045974183,40,0.375,0.625
Indonesia,2021-02-10,-0.22563619397815393,0.0,0.4497775160552279,48,0.3333333333333333,0.625
Indonesia,2021-02-11,-0.14080446751294162,0.0,0.47067102209362716,32,0.4375,0.5625
Indonesia,2021-02-12,-0.1466014020429234,0.0,0.3219895375736907,23,0.391304347826087,0.5652173913043478
Indonesia,2021-02-13,-0.08532359918976334,0.0,0.38015963202122066,29,0.41379310344827586,0.5172413793103449
Indonesia,2021-02-14,-0.11124878581291223,0.0,0.27578481668688526,23,0.391304347826087,0.5217391304347826
Indonesia,2021-02-15,-0.24174718239123744,0.0,0.3892335966973089,53,0.2830188679245283,0.6981132075471698
Indonesia,2021-02-16,-0.24252791393063533,0.0,0.4194200857158063,41,0.2682926829268293,0.7317073170731707
Indonesia,2021-02-17,-0.14601014296525053,0.0,0.38512751781025856,47,0.3617021276595745,0.6382978723404256
Indonesia,2021-02-18,-0.23005790890188893,0.0,0.44793783932596604,42,0.2619047619047619,0.7142857142857143
Indonesia,2021-02-19,-0.23543244886357795,0.0,0.4935492465230748,24,0.2916666666666667,0.625
Indonesia,2021-02-20,-0.1493510519062257,0.0,0.3226136841116686,21,0.2857142857142857,0.6666666666666666
Indonesia,2021-02-21,-0.3326836813982575,0.0,0.42262775161653143,19,0.21052631578947367,0.7894736842105263
Indonesia,2021-02-22,-0.24461002313561106,0.0,0.45703189047332626,37,0.2972972972972973,0.7027027027027027
Indonesia,2021-02-23,-0.06852479964630584,0.0,0.42760055754910264,53,0.4716981132075472,0.5094339622641509
Indonesia,2021-02-24,-0.030373874091135473,0.0,0.42784215254233726,48,0.5416666666666666,0.4375
Indonesia,2021-02-25,-0.17542023697048043,0.0,0.46262167125037107,51,0.37254901960784315,0.6078431372549019
Indonesia,2021-02-26,-0.23469717695602174,0.0,0.44872753486813477,33,0.30303030303030304,0.6666666666666666
Indonesia,2021-02-27,-0.17926524523425832,0.0,0.3499367411388161,40,0.3,0.65
Indonesia,2021-02-28,-0.053784883946856744,0.0,0.30839487423093315,27,0.3333333333333333,0.5925925925925926
Indonesia,2021-03-01,-0.27380954069307306,0.0,0.3746141547548871,30,0.23333333333333334,0.7
Indonesia,2021-03-02,-0.1693831577148647,0.0,0.3054142481937401,34,0.29411764705882354,0.6470588235294118
Indonesia,2021-03-03,-0.2561469106065427,0.0,0.3527677351984196,35,0.2,0.7428571428571429
Indonesia,2021-03-04,-0.12079637854981784,0.0,0.4024287196723326,37,0.32432432432432434,0.6486486486486487
Indonesia,2021-03-05,-0.04457064831003972,0.0,0.4948239055886898,32,0.4375,0.5625
Indonesia,2021-03-06,-0.1611047408973064,0.0,0.3627027152589084,24,0.2916666666666667,0.7083333333333334
Indonesia,2021-03-07,-0.2192988586258744,0.0,0.4636096754396286,34,0.29411764705882354,0.6764705882352942
Indonesia,2021-03-08,-0.02450359229492932,0.0,0.39273327008679504,43,0.5348837209302325,0.46511627906976744
Indonesia,2021-03-09,-0.13711423583416057,0.0,0.4141955749825359,43,0.3953488372093023,0.5348837209302325
Indonesia,2021-03-10,-0.2091458525791457,0.0,0.4387333494171663,41,0.3170731707317073,0.6585365853658537
Indonesia,2021-03-11,-0.3666176543401954,0.0,0.4239894034998372,23,0.21739130434782608,0.782608695652174
Indonesia,2021-03-12,-0.2314043301749959,0.0,0.39720042659128485,39,0.2564102564102564,0.717948717948718
Indonesia,2021-03-13,-0.2803365855314788,0.0,0.5426663708255802,13,0.3076923076923077,0.6923076923076923
Indonesia,2021-03-14,-0.17574503823140092,0.0,0.38955977033228917,15,0.26666666666666666,0.6666666666666666
Indonesia,2021-03-15,-0.1591165652094634,0.0,0.3450202015876737,25,0.28,0.68
Indonesia,2021-03-16,-0.1627273951500141,0.0,0.34068242626082856,31,0.3225806451612903,0.6129032258064516
Indonesia,2021-03-17,-0.1337472893201902,0.0,0.46577940422513686,41,0.3902439024390244,0.5853658536585366
Indonesia,2021-03-18,-0.12463468385428934,0.0,0.3617047579814807,26,0.2692307692307692,0.6538461538461539
Indonesia,2021-03-19,-0.04878995523859369,0.0,0.3750379211891027,31,0.3870967741935484,0.5161290322580645
Indonesia,2021-03-20,-0.31024223522053,0.0,0.37396886174419847,28,0.17857142857142858,0.7857142857142857
Indonesia,2021-03-21,-0.05950821599296293,0.0,0.35919938010166624,16,0.4375,0.5625
Indonesia,2021-03-22,-0.2457490555229424,0.0,0.4395683503291078,32,0.3125,0.65625
Indonesia,2021-03-23,-0.11775531853605148,0.0,0.372962134131803,39,0.358974358974359,0.6153846153846154
Indonesia,2021-03-24,-0.17288159647681178,0.0,0.34752799065185364,45,0.3333333333333333,0.6666666666666666
Indonesia,2021-03-25,-0.0666237219042528,0.0,0.261452199195495,33,0.3333333333333333,0.6666666666666666
Indonesia,2021-03-26,-0.12390974626157046,0.0,0.38846572139017665,32,0.34375,0.59375
Indonesia,2021-03-27,-0.020385973266053747,0.0,0.3851601451654134,19,0.42105263157894735,0.47368421052631576
Indonesia,2021-03-28,-0.3873559835375372,0.0,0.39578631085826815,20,0.15,0.75
Indonesia,2021-03-29,-0.34318836939575614,0.0,0.42288728824824695,54,0.18518518518518517,0.7962962962962963
Indonesia,2021-03-30,-0.25489885233099174,0.0,0.3800431648036457,49,0.2857142857142857,0.6938775510204082
Indonesia,2021-03-31,-0.1571905337585147,0.0,0.36370799537024806,36,0.3333333333333333,0.6388888888888888
Indonesia,2021-04-01,-0.07027597263791241,0.0,0.45530524991080723,39,0.38461538461538464,0.5641025641025641
Indonesia,2021-04-02,-0.06619835305441006,0.0,0.4426061690619348,32,0.375,0.53125
Indonesia,2021-04-03,-0.18420276459575674,0.0,0.4018878941466131,16,0.375,0.625
Indonesia,2021-04-04,-0.3642921841526981,0.0,0.28531212647860404,25,0.08,0.88
Indonesia,2021-04-05,-0.3380020482954988,0.0,0.3761850763483302,46,0.2608695652173913,0.717391304347826
Indonesia,2021-04-06,-0.2726621968324026,0.0,0.3972643651595731,39,0.3076923076923077,0.6923076923076923
Indonesia,2021-04-07,-0.17219029327096302,0.0,0.4382542033226188,50,0.38,0.6
Indonesia,2021-04-08,-0.22492515763259854,0.0,0.42412441137600015,39,0.3333333333333333,0.6153846153846154
Indonesia,2021-04-09,-0.06545035415621951,0.0,0.45366716188578676,32,0.46875,0.53125
Indonesia,2021-04-10,-0.2758919867016195,0.0,0.45001623933638707,21,0.3333333333333333,0.6190476190476191
Indonesia,2021-04-11,-0.2411668341761639,0.0,0.30838818634981713,20,0.15,0.8
Indonesia,2021-04-12,-0.04223566755988319,0.0,0.40038180285367914,31,0.41935483870967744,0.5483870967741935
Indonesia,2021-04-13,-0.12606789165026722,0.0,0.43846364252801795,33,0.30303030303030304,0.6666666666666666
Indonesia,2021-04-14,-0.22387275425578773,0.0,0.3758776886804968,40,0.3,0.6
Indonesia,2021-04-15,-0.22310912152086537,0.0,0.4378451507595391,38,0.3684210526315789,0.631578947368421
Indonesia,2021-04-16,-0.12349989081660107,0.0,0.32516953921340197,20,0.45,0.5
Indonesia,2021-04-17,-0.12672706592907942,0.0,0.476544215156358,23,0.391304347826087,0.5217391304347826
Indonesia,2021-04-18,-0.09126269499556941,0.0,0.48303841528597613,17,0.35294117647058826,0.6470588235294118
Indonesia,2021-04-19,0.05214212189684343,0.0,0.36671953056137757,19,0.5263157894736842,0.42105263157894735
Indonesia,2021-04-20,-0.18069542506409464,0.0,0.39658909537753356,26,0.3076923076923077,0.6153846153846154
Indonesia,2021-04-21,-0.1670432470316009,0.0,0.3800860783038934,32,0.28125,0.71875
Indonesia,2021-04-22,-0.09377676057551526,0.0,0.446468702983483,57,0.3333333333333333,0.6491228070175439
Indonesia,2021-04-23,-0.19464630736529234,0.0,0.29530987840084527,47,0.19148936170212766,0.7872340425531915
Indonesia,2021-04-24,-0.14331450581829194,0.0,0.25941856099083255,50,0.18,0.78
Indonesia,2021-04-25,-0.20716803229593567,0.0,0.3277980907461696,34,0.23529411764705882,0.7352941176470589
Indonesia,2021-04-26,-0.14969679248024595,0.0,0.2636514352457402,32,0.21875,0.75
Indonesia,2021-04-27,-0.09335729154579248,0.0,0.3948888795720805,37,0.43243243243243246,0.5405405405405406
Indonesia,2021-04-28,-0.22937586169629332,0.0,0.438194173060691,35,0.2857142857142857,0.6857142857142857
Indonesia,2021-04-29,-0.12942279403695536,0.0,0.4234860471826834,28,0.4642857142857143,0.5357142857142857
Indonesia,2021-04-30,-0.20097564074062704,0.0,0.37526413117537133,42,0.21428571428571427,0.6666666666666666
Indonesia,2021-05-01,-0.3160050559676628,0.0,0.3897144445536188,27,0.2222222222222222,0.7407407407407407
Indonesia,2021-05-02,-0.09548941029874983,0.0,0.3363019239349155,17,0.4117647058823529,0.5294117647058824
Indonesia,2021-05-03,-0.11224120230058453,0.0,0.41480431975927995,33,0.3939393939393939,0.5757575757575758
Indonesia,2021-05-04,-0.12422747152479391,0.0,0.36175764788537484,37,0.40540540540540543,0.5675675675675675
Indonesia,2021-05-05,-0.20129909344379085,0.0,0.36176088665639844,35,0.2857142857142857,0.6857142857142857
Indonesia,2021-05-06,-0.1621461775716871,0.0,0.418188337865161,39,0.3076923076923077,0.6666666666666666
Indonesia,2021-05-07,-0.07430418181130605,0.0,0.3512981402313986,39,0.48717948717948717,0.46153846153846156
Indonesia,2021-05-08,-0.004567796977108668,0.0,0.2955947341532002,24,0.5833333333333334,0.4166666666666667
Indonesia,2021-05-09,-0.20135105393795205,0.0,0.3897056489954147,21,0.2857142857142857,0.6666666666666666
Indonesia,2021-05-10,-0.22338272340332485,0.0,0.3239549126635645,40,0.175,0.825
Indonesia,2021-05-11,-0.13744477664278282,0.0,0.4167846968493352,46,0.30434782608695654,0.6521739130434783
Indonesia,2021-05-12,-0.10917421511278477,0.0,0.41911869011638964,27,0.4444444444444444,0.5555555555555556
Indonesia,2021-05-13,-0.21392150783679229,0.0,0.2368538024705706,15,0.06666666666666667,0.8
Indonesia,2021-05-14,-0.17142254633630197,0.0,0.3125737989667542,23,0.30434782608695654,0.6956521739130435
Indonesia,2021-05-15,-0.30023462633776604,0.0,0.30674684131730606,23,0.13043478260869565,0.8695652173913043
Indonesia,2021-05-16,-0.1972991004989271,0.0,0.37601861929023345,21,0.19047619047619047,0.8095238095238095
Indonesia,2021-05-17,-0.1686055988372769,0.0,0.4054618555768687,38,0.2631578947368421,0.7368421052631579
Indonesia,2021-05-18,-0.031115245561130787,0.0,0.33499251619473336,46,0.5,0.43478260869565216
Indonesia,2021-05-19,-0.2208532771577703,0.0,0.36952077555259294,36,0.3055555555555556,0.6666666666666666
Indonesia,2021-05-20,-0.16357720669291953,0.0,0.37932536943543277,49,0.32653061224489793,0.6326530612244898
Indonesia,2021-05-21,-0.20912972943501368,0.0,0.33925042939700567,40,0.2,0.8
Indonesia,2021-05-22,-0.16988839069023545,0.0,0.46224681402131057,35,0.4,0.6
Indonesia,2021-05-23,-0.09240071618845552,0.0,0.3854379657453905,18,0.3888888888888889,0.6111111111111112
Indonesia,2021-05-24,-0.2773434186586483,0.0,0.4288041987383302,39,0.20512820512820512,0.7692307692307693
Indonesia,2021-05-25,-0.13205757478932217,0.0,0.40009431865220013,39,0.358974358974359,0.6153846153846154
Indonesia,2021-05-26,-0.027862699235305217,0.0,0.3507913659301754,27,0.5185185185185185,0.4074074074074074
Indonesia,2021-05-27,-0.08304215689650875,0.0,0.435355968167548,43,0.46511627906976744,0.4883720930232558
Indonesia,2021-05-28,-0.06427730386511367,0.0,0.42200381852586394,38,0.4473684210526316,0.5
Indonesia,2021-05-29,-0.03065086211683832,0.0,0.3626745648533633,25,0.44,0.56
Indonesia,2021-05-30,0.08645316023197426,0.0,0.32042094612275307,22,0.6363636363636364,0.3181818181818182
Indonesia,2021-05-31,-0.23774274379432742,0.0,0.3812747955926481,38,0.23684210526315788,0.7105263157894737
Indonesia,2021-06-01,-0.05771974894133798,0.0,0.3977229980954767,28,0.4642857142857143,0.5
Indonesia,2021-06-02,-0.19664113690771282,0.0,0.3481068728977636,28,0.2857142857142857,0.7142857142857143
Indonesia,2021-06-03,-0.10987669518428518,0.0,0.39566628679192883,35,0.4,0.5714285714285714
Indonesia,2021-06-04,-0.15196477007662582,0.0,0.36892627762533436,33,0.36363636363636365,0.6363636363636364
Indonesia,2021-06-05,-0.10857379511666954,0.0,0.35888004153797054,23,0.2608695652173913,0.6086956521739131
Indonesia,2021-06-06,-0.1704148939975333,0.0,0.4572432644813979,25,0.4,0.6
Indonesia,2021-06-07,-0.1119521984684407,0.0,0.35712313263864104,50,0.34,0.6
Indonesia,2021-06-08,-0.1389297189728536,0.0,0.33091381694422894,36,0.4166666666666667,0.5833333333333334
Indonesia,2021-06-09,-0.12162774664676791,0.0,0.3369508939919697,38,0.3157894736842105,0.6052631578947368
Indonesia,2021-06-10,-0.053622973414366455,0.0,0.4241118974249722,38,0.4473684210526316,0.5
Indonesia,2021-06-11,-0.25641884075143173,0.0,0.5022233616088272,53,0.3018867924528302,0.6415094339622641
Indonesia,2021-06-12,-0.1057356781378155,0.0,0.3214300715314257,30,0.3333333333333333,0.6666666666666666
Indonesia,2021-06-13,-0.12808572301222254,0.0,0.3990572606223389,20,0.25,0.65
Indonesia,2021-06-14,-0.11779684174291745,0.0,0.47826571712200355,37,0.32432432432432434,0.6486486486486487
Indonesia,2021-06-15,-0.08821924741245041,0.0,0.3476321648064228,45,0.35555555555555557,0.5777777777777777
Indonesia,2021-06-16,-0.03667348927591046,0.0,0.47154887422852065,43,0.4883720930232558,0.46511627906976744
Indonesia,2021-06-17,-0.12024964570854628,0.0,0.41383629613187495,39,0.41025641025641024,0.5641025641025641
Indonesia,2021-06-18,-0.11139839486781315,0.0,0.4284455165774997,31,0.3870967741935484,0.5161290322580645
Indonesia,2021-06-19,-0.16580180987005202,0.0,0.40239142272540507,25,0.32,0.64
Indonesia,2021-06-20,-0.08720903400238389,0.0,0.34131813108234815,21,0.3333333333333333,0.6666666666666666
Indonesia,2021-06-21,-0.14753906617751053,0.0,0.3986954210027155,48,0.3958333333333333,0.5833333333333334
Indonesia,2021-06-22,-0.22875733326733355,0.0,0.33396059751324403,26,0.23076923076923078,0.7692307692307693
Indonesia,2021-06-23,-0.16581016774972906,0.0,0.39920818952890796,29,0.3448275862068966,0.5517241379310345
Indonesia,2021-06-24,-0.07068590458728738,0.0,0.4732214861898109,36,0.3611111111111111,0.5833333333333334
Indonesia,2021-06-25,-0.05709480461796883,0.0,0.5228640731242753,26,0.4230769230769231,0.5
Indonesia,2021-06-26,-0.21656535804532476,0.0,0.38194159588068477,14,0.2857142857142857,0.7142857142857143
Indonesia,2021-06-27,-0.11994345587334077,0.0,0.3585354175487584,18,0.4444444444444444,0.5555555555555556
Indonesia,2021-06-28,-0.11261690642727677,0.0,0.35635956382956946,34,0.29411764705882354,0.6470588235294118
Indonesia,2021-06-29,-0.04565383531116905,0.0,0.4152394106940518,43,0.3953488372093023,0.5581395348837209
Indonesia,2021-06-30,-0.09739584081762603,0.0,0.41378342777825755,48,0.3958333333333333,0.6041666666666666
Indonesia,2021-07-01,-0.13128915672163607,0.0,0.4453951181753435,41,0.43902439024390244,0.5365853658536586
Indonesia,2021-07-02,-0.22653508566749916,0.0,0.311881669034259,28,0.17857142857142858,0.7142857142857143
Indonesia,2021-07-03,-0.08044445264423349,0.0,0.37985044127568746,14,0.42857142857142855,0.5714285714285714
Indonesia,2021-07-04,-0.2511869513870383,0.0,0.43288073319115994,24,0.20833333333333334,0.7916666666666666
Indonesia,2021-07-05,-0.1973249873516169,0.0,0.3380852981618535,49,0.24489795918367346,0.6938775510204082
Indonesia,2021-07-06,-0.21792049549275358,0.0,0.35497299514322833,35,0.2571428571428571,0.6857142857142857
Indonesia,2021-07-07,-0.2077501357342065,0.0,0.3976487354726031,43,0.32558139534883723,0.6511627906976745
Indonesia,2021-07-08,-0.14766904181858226,0.0,0.401360514463421,48,0.375,0.625
Indonesia,2021-07-09,-0.1590624668710539,0.0,0.3882719723722449,40,0.375,0.625
Indonesia,2021-07-10,-0.22886130657966064,0.0,0.36262586233951705,25,0.32,0.68
Indonesia,2021-07-11,-0.3786827454349691,0.0,0.4027652575827432,24,0.16666666666666666,0.8333333333333334
Indonesia,2021-07-12,-0.27762619110021747,0.0,0.38227246880404603,35,0.2857142857142857,0.7142857142857143
Indonesia,2021-07-13,-0.24142608355001355,0.0,0.4205713615848956,43,0.3023255813953488,0.6511627906976745
Indonesia,2021-07-14,-0.14748275157331475,0.0,0.3937992530644617,34,0.4411764705882353,0.5294117647058824
Indonesia,2021-07-15,-0.11081363549208856,0.0,0.4612071512258112,42,0.40476190476190477,0.5714285714285714
Indonesia,2021-07-16,-0.2364099301430979,0.0,0.4378362068934246,29,0.3103448275862069,0.6896551724137931
Indonesia,2021-07-17,-0.19480673718854213,0.0,0.3940023378133952,22,0.3181818181818182,0.6363636363636364
Indonesia,2021-07-18,-0.17726182358501072,0.0,0.25375072012625066,18,0.2222222222222222,0.6666666666666666
Indonesia,2021-07-19,-0.09564075474324757,0.0,0.44534232902740434,42,0.3333333333333333,0.6428571428571429
Indonesia,2021-07-20,-0.09310066730339905,0.0,0.32798475075320926,29,0.2413793103448276,0.7241379310344828
Indonesia,2021-07-21,-0.13607195652781656,0.0,0.3495859377734847,37,0.3783783783783784,0.6216216216216216
Indonesia,2021-07-22,-0.1869058331532594,0.0,0.3619782792206971,44,0.3181818181818182,0.6818181818181818
Indonesia,2021-07-23,-0.17395408349125396,0.0,0.3999736154571483,31,0.3548387096774194,0.6451612903225806
Indonesia,2021-07-24,0.013868878787374703,0.0,0.4180434597690627,31,0.4838709677419355,0.4838709677419355
Indonesia,2021-07-25,-0.08283398401382115,0.0,0.38490859153679413,18,0.3888888888888889,0.5
Indonesia,2021-07-26,-0.1463386876323656,0.0,0.3889496956847761,35,0.37142857142857144,0.5428571428571428
Indonesia,2021-07-27,-0.05924866418688586,0.0,0.45858237334500634,39,0.38461538461538464,0.5384615384615384
Indonesia,2021-07-28,-0.1845624101895659,0.0,0.432871059967655,43,0.37209302325581395,0.5813953488372093
Indonesia,2021-07-29,-0.21858904096980983,0.0,0.4191120951952228,27,0.2962962962962963,0.7037037037037037
Indonesia,2021-07-30,-0.14707946221755874,0.0,0.4204670353662702,22,0.45454545454545453,0.5454545454545454
Indonesia,2021-07-31,-0.030206518780994503,0.0,0.5051714846770405,8,0.5,0.375
Indonesia,2021-08-01,-0.30254109538970053,0.0,0.20577831435301927,24,0.08333333333333333,0.9166666666666666
Indonesia,2021-08-02,-0.18047556096181663,0.0,0.4242327983454247,47,0.2765957446808511,0.6808510638297872
Indonesia,2021-08-03,-0.03154059686123297,0.0,0.31834817951672584,43,0.37209302325581395,0.5581395348837209
Indonesia,2021-08-04,0.040727553746099855,0.0,0.4285468216768447,37,0.4594594594594595,0.4864864864864865
Indonesia,2021-08-05,-0.10431438353828537,0.0,0.33994002649945365,51,0.37254901960784315,0.5490196078431373
Indonesia,2021-08-06,-0.014445980823894386,0.0,0.4011784212924182,46,0.5,0.4782608695652174
Indonesia,2021-08-07,0.03022526915671917,0.0,0.41602936199493645,17,0.4117647058823529,0.5882352941176471
Indonesia,2021-08-08,-0.12866314070623594,0.0,0.38977403181924375,24,0.3333333333333333,0.5833333333333334
Indonesia,2021-08-09,-0.109612783222849,0.0,0.4131055845054034,36,0.3611111111111111,0.5833333333333334
Indonesia,2021-08-10,-0.11869282535268857,0.0,0.39881454107608244,26,0.38461538461538464,0.6153846153846154
Indonesia,2021-08-11,-0.06332842396983943,0.0,0.40485418315016014,17,0.5294117647058824,0.4117647058823529
Indonesia,2021-08-12,-0.14164343791331593,0.0,0.39996394601196106,27,0.3333333333333333,0.6666666666666666
Indonesia,2021-08-13,-0.10526944076548446,0.0,0.4140889948711304,37,0.32432432432432434,0.6756756756756757
Indonesia,2021-08-14,0.03175152433986149,0.0,0.43463101934185117,12,0.6666666666666666,0.3333333333333333
Indonesia,2021-08-15,0.2704478765176576,0.0,0.5341643907130569,13,0.6923076923076923,0.3076923076923077
Indonesia,2021-08-16,-0.14085424121852133,0.0,0.3246718642294278,18,0.2777777777777778,0.6666666666666666
Indonesia,2021-08-17,-0.09048896199369977,0.0,0.4480062326043613,22,0.5,0.45454545454545453
Indonesia,2021-08-18,-0.10658991694101713,0.0,0.41961506086985045,27,0.3333333333333333,0.6296296296296297
Indonesia,2021-08-19,-0.09676104146354776,0.0,0.40075744631899846,46,0.41304347826086957,0.5434782608695652
Indonesia,2021-08-20,-0.03409611078875875,0.0,0.42048471269985016,24,0.4166666666666667,0.5416666666666666
Indonesia,2021-08-21,-0.22919607497500724,0.0,0.4681776297387598,22,0.36363636363636365,0.6363636363636364
Indonesia,2021-08-22,-0.3005327272113017,0.0,0.43642704038474117,32,0.1875,0.8125
Indonesia,2021-08-23,-0.19890963051203372,0.0,0.457155367021989,50,0.34,0.62
Indonesia,2021-08-24,-0.07213415127738128,0.0,0.4043728175618411,40,0.425,0.575
Indonesia,2021-08-25,-0.032132089190365434,0.0,0.41310534285302264,52,0.40384615384615385,0.5769230769230769
Indonesia,2021-08-26,-0.08673919959213805,0.0,0.39266710982884634,50,0.34,0.62
Indonesia,2021-08-27,-0.02457642321040162,0.0,0.4858487886391091,30,0.5,0.4666666666666667
Indonesia,2021-08-28,-0.14995989715857175,0.0,0.4710563019482298,27,0.4444444444444444,0.5185185185185185
Indonesia,2021-08-29,-0.17470816732906783,0.0,0.384837049799981,22,0.36363636363636365,0.6363636363636364
Indonesia,2021-08-30,-0.12526838536199905,0.0,0.4458642049060628,47,0.3191489361702128,0.5957446808510638
Indonesia,2021-08-31,0.056543940085500476,0.0,0.36179531264161174,34,0.5588235294117647,0.35294117647058826
Indonesia,2021-09-01,-0.1283712667436983,0.0,0.4099097144372891,46,0.391304347826087,0.5869565217391305
Indonesia,2021-09-02,-0.005246740094926267,0.0,0.5114121170531425,26,0.6538461538461539,0.34615384615384615
Indonesia,2021-09-03,-0.08421708070416599,0.0,0.4942614272013869,31,0.3870967741935484,0.5806451612903226
Indonesia,2021-09-04,-0.14721508787326296,0.0,0.4133032137160161,30,0.36666666666666664,0.6
Indonesia,2021-09-05,-0.2987155354248077,0.0,0.4339398296378885,29,0.2413793103448276,0.7241379310344828
Indonesia,2021-09-06,-0.2845233405144643,0.0,0.46353183812723175,32,0.28125,0.6875
Indonesia,2021-09-07,-0.15445397818327647,0.0,0.45093671319751816,36,0.3888888888888889,0.6111111111111112
Indonesia,2021-09-08,-0.16935372829503975,0.0,0.41310515416220234,46,0.34782608695652173,0.6304347826086957
Indonesia,2021-09-09,-0.28229012348942,0.0,0.4292920180426347,36,0.2222222222222222,0.75
Indonesia,2021-09-10,-0.11542702308240324,0.0,0.553077026646151,37,0.40540540540540543,0.5675675675675675
Indonesia,2021-09-11,-0.16500657155281678,0.0,0.4936473247944351,15,0.4,0.6
Indonesia,2021-09-12,-0.1403113903654777,0.0,0.4482181316671539,18,0.3888888888888889,0.5555555555555556
Indonesia,2021-09-13,-0.06988021274068462,0.0,0.4171016675434024,36,0.4444444444444444,0.5277777777777778
Indonesia,2021-09-14,-0.15670586146652168,0.0,0.47837040078722176,38,0.2894736842105263,0.631578947368421
Indonesia,2021-09-15,-0.06634496215798812,0.0,0.3027765003182634,33,0.3939393939393939,0.5454545454545454
Indonesia,2021-09-16,-0.18400598841407845,0.0,0.41157834643850993,49,0.32653061224489793,0.6326530612244898
Indonesia,2021-09-17,-0.17644168148406328,0.0,0.4894774638574311,30,0.43333333333333335,0.5666666666666667
Indonesia,2021-09-18,0.018340309611495874,0.0,0.4475060934479379,19,0.47368421052631576,0.47368421052631576
Indonesia,2021-09-19,-0.19509201087584274,0.0,0.45081422871371274,17,0.4117647058823529,0.5882352941176471
Indonesia,2021-09-20,-0.22244430383388808,0.0,0.43077001218088046,31,0.3870967741935484,0.6129032258064516
Indonesia,2021-09-21,-0.2467049548765223,0.0,0.39714681116410605,45,0.2222222222222222,0.7555555555555555
Indonesia,2021-09-22,-0.26513435605327623,0.0,0.44795872447692064,46,0.34782608695652173,0.6304347826086957
Indonesia,2021-09-23,-0.07489064048918789,0.0,0.44716022571821246,29,0.4482758620689655,0.5172413793103449
Indonesia,2021-09-24,-0.017267943445187974,0.0,0.42884529410367017,45,0.4,0.5555555555555556
Indonesia,2021-09-25,-0.11731945948668572,0.0,0.3855815165495231,24,0.3333333333333333,0.6666666666666666
Indonesia,2021-09-26,-0.07647525221751518,0.0,0.33507111688663394,24,0.3333333333333333,0.625
Indonesia,2021-09-27,0.024900211109615197,0.0,0.4083802230164966,35,0.5428571428571428,0.45714285714285713
Indonesia,2021-09-28,-0.18837327074710014,0.0,0.38331515222133083,39,0.4358974358974359,0.5384615384615384
Indonesia,2021-09-29,-0.13305768602761567,0.0,0.4012398883325209,43,0.3953488372093023,0.6046511627906976
Indonesia,2021-09-30,-0.10015985950658694,0.0,0.41556138997711817,35,0.42857142857142855,0.4857142857142857
Indonesia,2021-10-01,-0.03894358009432234,0.0,0.4502962301164188,28,0.5357142857142857,0.4642857142857143
Indonesia,2021-10-02,-0.12757494502309621,0.0,0.3119851904773883,19,0.3157894736842105,0.5263157894736842
Indonesia,2021-10-03,0.2959186787968444,0.0,0.4991173031504058,12,0.75,0.25
Indonesia,2021-10-04,-0.17529951499874824,0.0,0.3455109984916331,40,0.35,0.65
Indonesia,2021-10-05,0.026649502013033424,0.0,0.440829465076548,29,0.5172413793103449,0.4482758620689655
Indonesia,2021-10-06,-0.12284728260226474,0.0,0.4766574841405799,24,0.4583333333333333,0.5416666666666666
Indonesia,2021-10-07,-0.06504359495954604,0.0,0.3883708904123015,34,0.38235294117647056,0.5294117647058824
Indonesia,2021-10-08,-0.10017844611021766,0.0,0.48597854388046596,39,0.3333333333333333,0.6153846153846154
Indonesia,2021-10-09,-0.029201797073890423,0.0,0.17399611629092096,12,0.4166666666666667,0.4166666666666667
Indonesia,2021-10-10,-0.17126720402986534,0.0,0.3767183282823193,22,0.2727272727272727,0.7272727272727273
Indonesia,2021-10-11,-0.11523194639678155,0.0,0.43161370779425123,23,0.34782608695652173,0.6086956521739131
Indonesia,2021-10-12,0.05114679666314585,0.0,0.4371046890983993,34,0.5294117647058824,0.38235294117647056
Indonesia,2021-10-13,-0.12036399245647726,0.0,0.45464928169712004,43,0.37209302325581395,0.5813953488372093
Indonesia,2021-10-14,-0.15240859007382238,0.0,0.4400794976966707,60,0.36666666666666664,0.5666666666666667
Indonesia,2021-10-15,-0.13857493345564714,0.0,0.3870272715879578,37,0.40540540540540543,0.5405405405405406
Indonesia,2021-10-16,-0.10176519687864558,0.0,0.3605156191193459,37,0.3783783783783784,0.5405405405405406
Indonesia,2021-10-17,-0.07481494722065374,0.0,0.5010778424026118,19,0.47368421052631576,0.5263157894736842
Indonesia,2021-10-18,-0.19186651857883857,0.0,0.4873288695678798,41,0.36585365853658536,0.6341463414634146
Indonesia,2021-10-19,-0.01375663664476331,0.0,0.39938952593385973,40,0.525,0.425
Indonesia,2021-10-20,-0.17491399210017866,0.0,0.4121318813051557,25,0.36,0.6
Indonesia,2021-10-21,0.02732025113387105,0.0,0.3698226654567257,37,0.5405405405405406,0.4594594594594595
Indonesia,2021-10-22,-0.09304242732162904,0.0,0.41836180943003476,47,0.40425531914893614,0.44680851063829785
Indonesia,2021-10-23,0.01488024357542522,0.0,0.43130059927318376,19,0.5263157894736842,0.47368421052631576
Indonesia,2021-10-24,0.05082602329618743,0.0,0.39402898694087246,17,0.5882352941176471,0.4117647058823529
Indonesia,2021-10-25,-0.03974645222742451,0.0,0.39849007279417575,32,0.375,0.5625
Indonesia,2021-10-26,-0.08412428352843335,0.0,0.4166977963062683,45,0.4222222222222222,0.5111111111111111
Indonesia,2021-10-27,-0.01683499448770929,0.0,0.3406456313236392,43,0.5116279069767442,0.46511627906976744
Indonesia,2021-10-28,-0.08790929234399882,0.0,0.4086096288998451,54,0.42592592592592593,0.5
Indonesia,2021-10-29,-0.10747070197524804,0.0,0.3675137231141661,48,0.25,0.7083333333333334
Indonesia,2021-10-30,0.01650544050669322,0.0,0.4052430350230193,20,0.55,0.4
Indonesia,2021-10-31,-0.0759540130264775,0.0,0.4933032793257702,20,0.3,0.65
Indonesia,2021-11-01,-0.0736444321675506,0.0,0.48325613917148796,40,0.375,0.55
Indonesia,2021-11-02,-0.03733693219325204,0.0,0.28999948044261287,69,0.4492753623188406,0.5362318840579711
Indonesia,2021-11-03,-0.07741270438552156,0.0,0.3539138428934287,35,0.4,0.5714285714285714
Indonesia,2021-11-04,-0.040768675279362065,0.0,0.31477052544431067,35,0.4857142857142857,0.5142857142857142
Indonesia,2021-11-05,-0.06921855248356948,0.0,0.43023532125554187,42,0.38095238095238093,0.5952380952380952
Indonesia,2021-11-06,0.1141088962324037,0.0,0.4141327939990722,20,0.6,0.35
Indonesia,2021-11-07,-0.0958175606813786,0.0,0.3433823833626846,26,0.5,0.4230769230769231
Indonesia,2021-11-08,-0.05952793983771127,0.0,0.403749748664325,43,0.37209302325581395,0.5116279069767442
Indonesia,2021-11-09,-0.04126401216906908,0.0,0.39063540448666373,37,0.4864864864864865,0.43243243243243246
Indonesia,2021-11-10,0.03596727135240213,0.0,0.28276635041209985,26,0.5,0.5
Indonesia,2021-11-11,-0.11328353976501193,0.0,0.460173952851771,46,0.3695652173913043,0.5652173913043478
Indonesia,2021-11-12,-0.029683421415635958,0.0,0.3648556652514323,32,0.4375,0.5
Indonesia,2021-11-13,-0.07168698951741867,0.0,0.31428447725286207,28,0.35714285714285715,0.6071428571428571
Indonesia,2021-11-14,-0.14469397176731952,0.0,0.43036962822116676,22,0.36363636363636365,0.5909090909090909
Indonesia,2021-11-15,-0.24381619295639453,0.0,0.42452693038376416,36,0.2777777777777778,0.6944444444444444
Indonesia,2021-11-16,-0.0964521677205212,0.0,0.44396151367679704,32,0.5,0.5
Indonesia,2021-11-17,-0.10618711614274108,0.0,0.46232821061357426,24,0.375,0.5833333333333334
Indonesia,2021-11-18,-0.03667564444803493,0.0,0.41385877233598095,37,0.4594594594594595,0.5405405405405406
Indonesia,2021-11-19,-0.1048488710866963,0.0,0.40419070687219233,47,0.3404255319148936,0.6170212765957447
Indonesia,2021-11-20,0.038663159541820376,0.0,0.44187143827368125,11,0.6363636363636364,0.36363636363636365
Indonesia,2021-11-21,0.07916168002771455,0.0,0.25682523587016004,23,0.6521739130434783,0.34782608695652173
Indonesia,2021-11-22,-0.10641782823541683,0.0,0.35594273301934687,32,0.375,0.59375
Indonesia,2021-11-23,-0.028682412437836795,0.0,0.390320508624963,40,0.55,0.425
Indonesia,2021-11-24,0.008514193970224763,0.0,0.41537430647894663,41,0.5853658536585366,0.4146341463414634
Indonesia,2021-11-25,-0.03378589270255739,0.0,0.46199846987500576,31,0.41935483870967744,0.5161290322580645
Indonesia,2021-11-26,0.027784352336564226,0.0,0.44719492820236834,33,0.48484848484848486,0.45454545454545453
Indonesia,2021-11-27,-0.18027519660234884,0.0,0.5571864111714377,25,0.44,0.56
Indonesia,2021-11-28,0.0021427951355005364,0.0,0.4392678922668472,18,0.4444444444444444,0.5
Indonesia,2021-11-29,-0.03169864804066305,0.0,0.441316178989253,31,0.45161290322580644,0.4838709677419355
Indonesia,2021-11-30,-0.016136080563685474,0.0,0.42358580934352763,38,0.42105263157894735,0.5263157894736842
Indonesia,2021-12-01,-0.08504626942481676,0.0,0.47888525976536206,52,0.46153846153846156,0.5192307692307693
Indonesia,2021-12-02,-0.019154309318753296,0.0,0.48478488587225105,30,0.4666666666666667,0.5333333333333333
Indonesia,2021-12-03,-0.03936149064126005,0.0,0.34424201640916724,30,0.4,0.5666666666666667
Indonesia,2021-12-04,-0.19979494614502302,0.0,0.4070772696066008,32,0.34375,0.65625
Indonesia,2021-12-05,-0.39083818066838366,0.0,0.42199689836212506,36,0.19444444444444445,0.8055555555555556
Indonesia,2021-12-06,-0.19302706392924962,0.0,0.4017350290596683,41,0.36585365853658536,0.6341463414634146
Indonesia,2021-12-07,-0.3818066661217743,0.0,0.3691645994410607,35,0.14285714285714285,0.8571428571428571
Indonesia,2021-12-08,-0.049489064451449155,0.0,0.4322414417038308,40,0.425,0.45
Indonesia,2021-12-09,-0.0892421376685962,0.0,0.46182092671765806,29,0.4482758620689655,0.4827586206896552
Indonesia,2021-12-10,-0.00882859030760997,0.0,0.3775405542765726,30,0.5333333333333333,0.4
Indonesia,2021-12-11,-0.2153973890504094,0.0,0.47917884687294,11,0.36363636363636365,0.5454545454545454
Indonesia,2021-12-12,-0.1859088627086628,0.0,0.5375600121353631,15,0.4,0.6
Indonesia,2021-12-13,-0.13691104022272582,0.0,0.4326960804979469,46,0.34782608695652173,0.6521739130434783
Indonesia,2021-12-14,-0.17311746608119288,0.0,0.38801529461110074,58,0.27586206896551724,0.6724137931034483
Indonesia,2021-12-15,-0.15064979400697287,0.0,0.48518964429938005,41,0.4146341463414634,0.5609756097560976
Indonesia,2021-12-16,-0.08669486764378201,0.0,0.41017221701624196,40,0.5,0.475
Indonesia,2021-12-17,-0.004559606291356843,0.0,0.43603261156489137,31,0.5161290322580645,0.41935483870967744
Indonesia,2021-12-18,-0.06163578666551153,0.0,0.4089183794336461,18,0.4444444444444444,0.4444444444444444
Indonesia,2021-12-19,-0.024470341101441164,0.0,0.4681336585394707,14,0.5,0.5
Indonesia,2021-12-20,-0.18815530996325322,0.0,0.37268677249967386,31,0.25806451612903225,0.6774193548387096
Indonesia,2021-12-21,-0.0541594916139181,0.0,0.47311895241320373,45,0.4,0.5333333333333333
Indonesia,2021-12-22,-0.08017691356088386,0.0,0.4457670061501581,30,0.43333333333333335,0.5333333333333333
Indonesia,2021-12-23,0.045680679366809966,0.0,0.3701938954481221,42,0.47619047619047616,0.4523809523809524
Indonesia,2021-12-24,-0.059570931812604665,0.0,0.3804436566987389,30,0.4,0.5666666666666667
Indonesia,2021-12-25,-0.03786684090932531,0.0,0.39736148467744814,25,0.4,0.56
Indonesia,2021-12-26,-0.03313204482428925,0.0,0.3311464048516955,14,0.35714285714285715,0.6428571428571429
Indonesia,2021-12-27,0.014639201412584794,0.0,0.44664305044441865,29,0.4827586206896552,0.4827586206896552
Indonesia,2021-12-28,-0.10776751213187166,0.0,0.3263866000889379,29,0.27586206896551724,0.6551724137931034
Indonesia,2021-12-29,0.031131329416903417,0.0,0.45029500620442536,28,0.5,0.4642857142857143
Indonesia,2021-12-30,-0.17730543237512328,0.0,0.46221359415825597,33,0.42424242424242425,0.5757575757575758
Indonesia,2021-12-31,-0.1388862227351734,0.0,0.43778965145009463,35,0.42857142857142855,0.5142857142857142
Indonesia,2022-01-01,-0.11745622443083677,0.0,0.3486728684477711,31,0.3870967741935484,0.5806451612903226
Indonesia,2022-01-02,-0.2590618149639761,0.0,0.5660066987328816,12,0.16666666666666666,0.6666666666666666
Indonesia,2022-01-03,-0.20112445763372402,0.0,0.49021728336028003,31,0.3225806451612903,0.6451612903225806
Indonesia,2022-01-04,-0.23802144847107282,0.0,0.38851852710877116,29,0.20689655172413793,0.7931034482758621
Indonesia,2022-01-05,-0.05031996117993641,0.0,0.38983061291885346,26,0.5384615384615384,0.38461538461538464
Indonesia,2022-01-06,0.007038694794524793,0.0,0.3709437600842278,31,0.4838709677419355,0.4838709677419355
Indonesia,2022-01-07,-0.14604568405341942,0.0,0.3455562658842686,34,0.35294117647058826,0.6470588235294118
Indonesia,2022-01-08,-0.21222847748126952,0.0,0.387205146612145,15,0.3333333333333333,0.6666666666666666
Indonesia,2022-01-09,-0.060002654765262044,0.0,0.394709228376438,27,0.4074074074074074,0.5925925925925926
Indonesia,2022-01-10,-0.18726686841594428,0.0,0.34395985036811805,35,0.22857142857142856,0.7428571428571429
Indonesia,2022-01-11,-0.30605649278919955,0.0,0.4193023801857988,32,0.28125,0.6875
Indonesia,2022-01-12,-0.0923715206405915,0.0,0.4558990009407843,55,0.41818181818181815,0.5818181818181818
Indonesia,2022-01-13,-0.059604315781283106,0.0,0.37762669638208507,46,0.41304347826086957,0.5217391304347826
Indonesia,2022-01-14,-0.10021986095118962,0.0,0.3834404083495619,39,0.38461538461538464,0.5641025641025641
Indonesia,2022-01-15,-0.14445567713729923,0.0,0.39332864615451557,22,0.2727272727272727,0.6363636363636364
Indonesia,2022-01-16,0.0009448037924591838,0.0,0.38101224273628725,17,0.4117647058823529,0.5294117647058824
Indonesia,2022-01-17,-0.22125059016550944,0.0,0.46594141018446344,42,0.38095238095238093,0.5952380952380952
Indonesia,2022-01-18,-0.15684892464394767,0.0,0.3967787533527295,36,0.3333333333333333,0.6388888888888888
Indonesia,2022-01-19,-0.19343061470785342,0.0,0.386643888908474,31,0.22580645161290322,0.7096774193548387
Indonesia,2022-01-20,-0.13439379187906697,0.0,0.41735430570824544,37,0.3783783783783784,0.5945945945945946
Indonesia,2022-01-21,-0.19951396625956694,0.0,0.4126891631219773,47,0.3404255319148936,0.6382978723404256
Indonesia,2022-01-22,-0.2658803209497853,0.0,0.4394465111695064,26,0.23076923076923078,0.7692307692307693
Indonesia,2022-01-23,0.0653169569245697,0.0,0.35088747058077185,29,0.5517241379310345,0.41379310344827586
Indonesia,2022-01-24,-0.0794316964358895,0.0,0.452534737012354,39,0.5128205128205128,0.4358974358974359
Indonesia,2022-01-25,-0.027886728652474418,0.0,0.3814647893414685,41,0.4146341463414634,0.5853658536585366
Indonesia,2022-01-26,-0.06834073803077281,0.0,0.4067072189517904,36,0.4166666666666667,0.5555555555555556
Indonesia,2022-01-27,-0.03359040663777859,0.0,0.41028505246461505,37,0.4594594594594595,0.5135135135135135
Indonesia,2022-01-28,-0.17759936379021518,0.0,0.38346128043170635,40,0.275,0.7
Indonesia,2022-01-29,-0.12778822337321247,0.0,0.5145424362621809,14,0.35714285714285715,0.6428571428571429
Indonesia,2022-01-30,-0.19845084150486186,0.0,0.35907706258329064,25,0.36,0.64
Indonesia,2022-01-31,-0.11539360804214878,0.0,0.4064312718923202,38,0.3684210526315789,0.631578947368421
Indonesia,2022-02-01,-0.06563679815795785,0.0,0.4831323169975662,33,0.3939393939393939,0.5757575757575758
Indonesia,2022-02-02,-0.07619049563822117,0.0,0.4092726839736355,41,0.4146341463414634,0.5609756097560976
Indonesia,2022-02-03,-0.13751420355905264,0.0,0.37811098880360955,45,0.4,0.5777777777777777
Indonesia,2022-02-04,-0.051231986996427434,0.0,0.4105642236219601,30,0.3333333333333333,0.6666666666666666
Indonesia,2022-02-05,-0.061483068955682355,0.0,0.3529106133121454,15,0.4666666666666667,0.5333333333333333
Indonesia,2022-02-06,-0.10614936157797364,0.0,0.426641348778132,21,0.2857142857142857,0.47619047619047616
Indonesia,2022-02-07,-0.2178113909977874,0.0,0.30691842709576633,30,0.2,0.7333333333333333
Indonesia,2022-02-08,0.0140931355564713,0.0,0.37175789762112754,35,0.6,0.4
Indonesia,2022-02-09,-0.07424091654492333,0.0,0.3581732052956086,58,0.3103448275862069,0.6206896551724138
Indonesia,2022-02-10,-0.08118366914004074,0.0,0.32734340550979046,45,0.37777777777777777,0.5777777777777777
Indonesia,2022-02-11,-0.06936479639040197,0.0,0.377032098068336,45,0.4222222222222222,0.4888888888888889
Indonesia,2022-02-12,-0.06715219386229464,0.0,0.4063754417939017,26,0.4230769230769231,0.5769230769230769
Indonesia,2022-02-13,-0.18306987360955332,0.0,0.42624205189110437,24,0.3333333333333333,0.5833333333333334
Indonesia,2022-02-14,-0.1383951559557651,0.0,0.2986198068368663,36,0.19444444444444445,0.75
Indonesia,2022-02-15,-0.1938278655077656,0.0,0.3556616308202712,42,0.30952380952380953,0.6666666666666666
Indonesia,2022-02-16,-0.1980918979488345,0.0,0.49310164304042864,43,0.32558139534883723,0.6511627906976745
Indonesia,2022-02-17,-0.13236926354836434,0.0,0.44161272801928764,52,0.3269230769230769,0.6730769230769231
Indonesia,2022-02-18,-0.11254668414197391,0.0,0.5009026189631629,63,0.4444444444444444,0.5238095238095238
Indonesia,2022-02-19,0.0041657272139089185,0.0,0.36084596867392205,18,0.4444444444444444,0.5
Indonesia,2022-02-20,-0.11673388478184418,0.0,0.34354515771790156,19,0.3684210526315789,0.5789473684210527
Indonesia,2022-02-21,0.011572963092972325,0.0,0.4501850678864478,39,0.5128205128205128,0.4358974358974359
Indonesia,2022-02-22,-0.025649866867298154,0.0,0.3771921742759522,33,0.42424242424242425,0.5151515151515151
Indonesia,2022-02-23,0.048664701111680725,0.0,0.4165256439112969,46,0.5434782608695652,0.43478260869565216
Indonesia,2022-02-24,-0.09687275818126591,0.0,0.4242882002699809,40,0.4,0.6
Indonesia,2022-02-25,-0.13734228140563465,0.0,0.4411344587865437,46,0.32608695652173914,0.6521739130434783
Indonesia,2022-02-26,-0.0186602048560272,0.0,0.2780329866734187,19,0.47368421052631576,0.3684210526315789
Indonesia,2022-02-27,-0.22247007737825306,0.0,0.3809105679690331,30,0.26666666666666666,0.7
Indonesia,2022-02-28,-0.14979928235168066,0.0,0.28243399767541383,26,0.3076923076923077,0.6538461538461539
Indonesia,2022-03-01,-0.1108561072634016,0.0,0.4107796298456669,34,0.38235294117647056,0.5882352941176471
Indonesia,2022-03-02,-0.2585320940772265,0.0,0.5188367922596366,31,0.3870967741935484,0.6129032258064516
Indonesia,2022-03-03,-0.09048391849089732,0.0,0.3756295766757102,24,0.2916666666666667,0.625
Indonesia,2022-03-04,-0.18998783385827858,0.0,0.3770680418971782,32,0.28125,0.65625
Indonesia,2022-03-05,-0.20614378674270614,0.0,0.386423829952237,15,0.26666666666666666,0.7333333333333333
Indonesia,2022-03-06,-0.13063764678459763,0.0,0.467597302431741,17,0.47058823529411764,0.47058823529411764
Indonesia,2022-03-07,-0.16099109980244786,0.0,0.41450630809914457,36,0.3888888888888889,0.5833333333333334
Indonesia,2022-03-08,-0.2296717614701764,0.0,0.40123818198746924,33,0.2727272727272727,0.7272727272727273
Indonesia,2022-03-09,-0.15982056695799451,0.0,0.33586787422434977,50,0.32,0.66
Indonesia,2022-03-10,-0.1595091622588705,0.0,0.4782140342511674,41,0.36585365853658536,0.6097560975609756
Indonesia,2022-03-11,-0.1432844489816255,0.0,0.4109224374264197,35,0.37142857142857144,0.6
Indonesia,2022-03-12,-0.10618184319723303,0.0,0.44513664452086305,20,0.35,0.65
Indonesia,2022-03-13,-0.07033494446717016,0.0,0.3494738167186789,21,0.47619047619047616,0.47619047619047616
Indonesia,2022-03-14,-0.07708485000205019,0.0,0.3847061499518795,49,0.3673469387755102,0.6122448979591837
Indonesia,2022-03-15,-0.055432642292912046,0.0,0.46026811583689403,47,0.48936170212765956,0.46808510638297873
Indonesia,2022-03-16,-0.04011807004029794,0.0,0.3945691782654968,43,0.4418604651162791,0.4883720930232558
Indonesia,2022-03-17,-0.057337686010109835,0.0,0.39817068737491085,30,0.43333333333333335,0.5666666666666667
Indonesia,2022-03-18,-0.12501484569622848,0.0,0.41277274765808364,34,0.29411764705882354,0.6470588235294118
Indonesia,2022-03-19,0.00260157196879293,0.0,0.41163674860278265,22,0.45454545454545453,0.5454545454545454
Indonesia,2022-03-20,-0.0719316674890384,0.0,0.3441781243996583,19,0.42105263157894735,0.5789473684210527
Indonesia,2022-03-21,-0.15537224127204616,0.0,0.2932764797703144,46,0.2826086956521739,0.6956521739130435
Indonesia,2022-03-22,-0.04707173384486279,0.0,0.38205148217167884,43,0.4418604651162791,0.5348837209302325
Indonesia,2022-03-23,-0.17538102227270985,0.0,0.39893836282752293,33,0.30303030303030304,0.696969696969697
Indonesia,2022-03-24,-0.11751729607885203,0.0,0.34349319052147914,45,0.3333333333333333,0.6222222222222222
Indonesia,2022-03-25,-0.15030685235171332,0.0,0.43974545556127687,31,0.3870967741935484,0.6129032258064516
Indonesia,2022-03-26,-0.18034882417408682,0.0,0.35218065597377823,11,0.36363636363636365,0.6363636363636364
Indonesia,2022-03-27,-0.17498930312133354,0.0,0.4353685764358173,26,0.34615384615384615,0.6538461538461539
Indonesia,2022-03-28,-0.23224993142715344,0.0,0.4169675055033156,23,0.34782608695652173,0.6086956521739131
Indonesia,2022-03-29,-0.09248778776263109,0.0,0.28855287893281234,36,0.2777777777777778,0.6388888888888888
Indonesia,2022-03-30,-0.15739336651610888,0.0,0.3848700811721262,32,0.40625,0.59375
Indonesia,2022-03-31,-0.06668800145423326,0.0,0.3396836895698988,41,0.4878048780487805,0.5121951219512195
Indonesia,2022-04-01,-0.09697211750971527,0.0,0.3408687874419262,37,0.32432432432432434,0.5945945945945946
Indonesia,2022-04-02,-0.12373389138991182,0.0,0.45841887686107524,19,0.3684210526315789,0.631578947368421
Indonesia,2022-04-03,0.009528576182524173,0.0,0.3394843574095129,15,0.5333333333333333,0.4666666666666667
Indonesia,2022-04-04,-0.08390197442562079,0.0,0.4364122268869038,34,0.4117647058823529,0.5294117647058824
Indonesia,2022-04-05,-0.19288408174928307,0.0,0.40266748669951025,34,0.35294117647058826,0.6470588235294118
Indonesia,2022-04-06,-0.15465241115128686,0.0,0.3855740048860659,44,0.4318181818181818,0.5454545454545454
Indonesia,2022-04-07,-0.17069377128709454,0.0,0.31911535024685606,46,0.2391304347826087,0.717391304347826
Indonesia,2022-04-08,-0.152464108106769,0.0,0.4864845290756966,29,0.3793103448275862,0.5862068965517241
Indonesia,2022-04-09,-0.25035804385884947,0.0,0.4074179285989188,16,0.25,0.6875
Indonesia,2022-04-10,0.11492973676485028,0.0,0.41984426427552257,14,0.6428571428571429,0.35714285714285715
Indonesia,2022-04-11,-0.06744561485110856,0.0,0.37735607204018223,43,0.4418604651162791,0.5116279069767442
Indonesia,2022-04-12,-0.10033983292637386,0.0,0.40073829226614427,31,0.3225806451612903,0.6129032258064516
Indonesia,2022-04-13,-0.12259347283946234,0.0,0.40858170873293564,44,0.4772727272727273,0.5227272727272727
Indonesia,2022-04-14,-0.03793717253745534,0.0,0.3687494539897521,40,0.45,0.5
Indonesia,2022-04-15,-0.12130282649152183,0.0,0.3972628256241233,23,0.34782608695652173,0.6086956521739131
Indonesia,2022-04-16,-0.17241395578473018,0.0,0.5845515590171811,19,0.42105263157894735,0.5263157894736842
Indonesia,2022-04-17,-0.011113178978626972,0.0,0.4645825935312463,24,0.5833333333333334,0.4166666666666667
Indonesia,2022-04-18,-0.13778478218357654,0.0,0.4737653586844217,35,0.4,0.5714285714285714
Indonesia,2022-04-19,-0.09709878250670981,0.0,0.28194119750538993,36,0.3333333333333333,0.5833333333333334
Indonesia,2022-04-20,-0.157833779519225,0.0,0.3172424811598736,46,0.2826086956521739,0.6956521739130435
Indonesia,2022-04-21,-0.12344197766968244,0.0,0.42681372319999505,49,0.40816326530612246,0.5714285714285714
Indonesia,2022-04-22,-0.09048974802418251,0.0,0.3551755111032483,42,0.42857142857142855,0.5714285714285714
Indonesia,2022-04-23,-0.13184869167061225,0.0,0.3329069892960313,20,0.3,0.65
Indonesia,2022-04-24,-0.14624426670514043,0.0,0.379891100922316,34,0.35294117647058826,0.6176470588235294
Indonesia,2022-04-25,-0.1298890178964124,0.0,0.4878768588248064,36,0.3888888888888889,0.6111111111111112
Indonesia,2022-04-26,-0.08122467575284267,0.0,0.4236851659274135,51,0.39215686274509803,0.5882352941176471
Indonesia,2022-04-27,-0.14001477777929935,0.0,0.3991719724890921,40,0.35,0.6
Indonesia,2022-04-28,-0.1490083771006082,0.0,0.3308637282125823,36,0.2777777777777778,0.6666666666666666
Indonesia,2022-04-29,-0.12079837576270396,0.0,0.35545014117646656,42,0.40476190476190477,0.5714285714285714
Indonesia,2022-04-30,-0.04361445313617105,0.0,0.3339279484097295,21,0.42857142857142855,0.47619047619047616
Indonesia,2022-05-01,0.07955451529270638,0.0,0.2954781945184284,23,0.5217391304347826,0.391304347826087
Indonesia,2022-05-02,-0.07056866265506385,0.0,0.41633446528138224,18,0.3888888888888889,0.5555555555555556
Indonesia,2022-05-03,0.02014113262498071,0.0,0.3338491226063572,24,0.5,0.5
Indonesia,2022-05-04,-0.10424047833290274,0.0,0.40750225835047305,21,0.38095238095238093,0.5714285714285714
Indonesia,2022-05-05,-0.08478730964716506,0.0,0.4628283110041003,14,0.21428571428571427,0.7857142857142857
Indonesia,2022-05-06,-0.08679092885821965,0.0,0.3989019822559917,34,0.3235294117647059,0.6176470588235294
Indonesia,2022-05-07,-0.16616427723718383,0.0,0.31689515908940025,15,0.26666666666666666,0.6
Indonesia,2022-05-08,0.13455456380888245,0.0,0.162021647575655,15,0.7333333333333333,0.13333333333333333
Indonesia,2022-05-09,-0.21326635309162353,0.0,0.3356280494278027,46,0.1956521739130435,0.6956521739130435
Indonesia,2022-05-10,-0.26891898069959663,0.0,0.4575348480597384,36,0.25,0.7222222222222222
Indonesia,2022-05-11,-0.1536537344852188,0.0,0.42082067038365883,33,0.3333333333333333,0.6666666666666666
Indonesia,2022-05-12,-0.1678205397184693,0.0,0.4574359855460366,39,0.41025641025641024,0.5897435897435898
Indonesia,2022-05-13,-0.22355256999153936,0.0,0.39065844932433785,34,0.29411764705882354,0.6764705882352942
Indonesia,2022-05-14,-0.09811398320062571,0.0,0.42348989678083476,23,0.391304347826087,0.5652173913043478
Indonesia,2022-05-15,-0.11806741866958095,0.0,0.44269795666514233,28,0.42857142857142855,0.5357142857142857
Indonesia,2022-05-16,-0.170743204139379,0.0,0.4441296278217345,26,0.4230769230769231,0.5769230769230769
Indonesia,2022-05-17,-0.21809733114002317,0.0,0.40683027463676047,58,0.2413793103448276,0.7413793103448276
Indonesia,2022-05-18,-0.1414833065757867,0.0,0.4093169428235408,53,0.32075471698113206,0.660377358490566
Indonesia,2022-05-19,-0.051155542125801166,0.0,0.3916212887295499,55,0.41818181818181815,0.5818181818181818
Indonesia,2022-05-20,-0.17045560825636258,0.0,0.3790362131154104,44,0.3409090909090909,0.6363636363636364
Indonesia,2022-05-21,-0.22557998921844982,0.0,0.42666289084337705,26,0.2692307692307692,0.6923076923076923
Indonesia,2022-05-22,-0.011436768802214458,0.0,0.40401447771943755,23,0.4782608695652174,0.4782608695652174
Indonesia,2022-05-23,-0.0929316640378661,0.0,0.4235817753576031,39,0.41025641025641024,0.5384615384615384
Indonesia,2022-05-24,-0.053795945996107875,0.0,0.3640946321278927,45,0.4222222222222222,0.5555555555555556
Indonesia,2022-05-25,-0.011414802708400663,0.0,0.39588482263816566,44,0.5,0.45454545454545453
Indonesia,2022-05-26,-0.17299766916236772,0.0,0.3778912739647556,30,0.3,0.6333333333333333
Indonesia,2022-05-27,-0.09356709632332122,0.0,0.3850742622948597,42,0.42857142857142855,0.5476190476190477
Indonesia,2022-05-28,-0.045341558239690126,0.0,0.45043384859648716,23,0.4782608695652174,0.5217391304347826
Indonesia,2022-05-29,0.01442327364872397,0.0,0.20162051349751223,11,0.5454545454545454,0.45454545454545453
Indonesia,2022-05-30,-0.08939749336142097,0.0,0.4338098934060248,34,0.29411764705882354,0.6764705882352942
Indonesia,2022-05-31,-0.032187080479657244,0.0,0.3729053112676807,44,0.4772727272727273,0.5227272727272727
Indonesia,2022-06-01,-0.0056535693579079305,0.0,0.414757078065709,22,0.45454545454545453,0.45454545454545453
Indonesia,2022-06-02,-0.136961625229707,0.0,0.44783811014989466,21,0.38095238095238093,0.6190476190476191
Indonesia,2022-06-03,-0.07951155960241973,0.0,0.44297644135356296,40,0.325,0.675
Indonesia,2022-06-04,-0.04110994431774542,0.0,0.31061436343022397,16,0.4375,0.375
Indonesia,2022-06-05,-0.09154503621815181,0.0,0.41766345406120287,21,0.2857142857142857,0.5714285714285714
Indonesia,2022-06-06,-0.07003163307998082,0.0,0.3803999767979302,42,0.42857142857142855,0.5476190476190477
Indonesia,2022-06-07,-0.21787473420401682,0.0,0.4385879213482813,37,0.35135135135135137,0.5945945945945946
Indonesia,2022-06-08,-0.18965697661230796,0.0,0.3210359784994027,28,0.21428571428571427,0.75
Indonesia,2022-06-09,-0.10658679716378332,0.0,0.4012303414687836,36,0.3333333333333333,0.6388888888888888
Indonesia,2022-06-10,-0.016732096444529658,0.0,0.3084918428268677,30,0.5333333333333333,0.4
Indonesia,2022-06-11,-0.11853429783365584,0.0,0.4024193937555187,20,0.35,0.55
Indonesia,2022-06-12,-0.15968643277234432,0.0,0.3444349114786881,20,0.3,0.6
Indonesia,2022-06-13,-0.15137010800705114,0.0,0.4391835305794996,46,0.45652173913043476,0.5434782608695652
Indonesia,2022-06-14,-0.04283354189633488,0.0,0.38342877969912814,37,0.43243243243243246,0.5135135135135135
Indonesia,2022-06-15,-0.009840817912755977,0.0,0.33266975329723353,43,0.5116279069767442,0.3953488372093023
Indonesia,2022-06-16,-0.09097312611511343,0.0,0.46467174221955615,37,0.43243243243243246,0.4594594594594595
Indonesia,2022-06-17,-0.028918270118149857,0.0,0.44968820713990126,43,0.5116279069767442,0.46511627906976744
Indonesia,2022-06-18,-0.04216280851302839,0.0,0.4311994733415791,32,0.4375,0.5
Indonesia,2022-06-19,-0.0964342166292524,0.0,0.3982387982701905,22,0.36363636363636365,0.5909090909090909
Indonesia,2022-06-20,-0.03284831410190128,0.0,0.3105128149548048,37,0.4864864864864865,0.5135135135135135
Indonesia,2022-06-21,-0.13940829200483332,0.0,0.43830735053700726,38,0.3684210526315789,0.631578947368421
Indonesia,2022-06-22,-0.14007817691090121,0.0,0.3652678079567093,45,0.3333333333333333,0.6666666666666666
Indonesia,2022-06-23,-0.02222244937615818,0.0,0.43059007015727013,41,0.4878048780487805,0.4146341463414634
Indonesia,2022-06-24,-0.1558933501095065,0.0,0.446464000945494,35,0.34285714285714286,0.6571428571428571
Indonesia,2022-06-25,0.049665889056885855,0.0,0.35147793023875856,18,0.5,0.4444444444444444
Indonesia,2022-06-26,-0.1449222020692259,0.0,0.3644283832225296,25,0.36,0.52
Indonesia,2022-06-27,-0.056309163652874354,0.0,0.39569119739555647,34,0.35294117647058826,0.5588235294117647
Indonesia,2022-06-28,-0.10104874287384212,0.0,0.4255537601888601,37,0.35135135135135137,0.6486486486486487
Indonesia,2022-06-29,-0.13829406985023115,0.0,0.2665768292992797,42,0.2857142857142857,0.6666666666666666
Indonesia,2022-06-30,-0.136045125842674,0.0,0.33345947920310304,55,0.2909090909090909,0.6727272727272727
Indonesia,2022-07-01,-0.09634768284064851,0.0,0.3685981980114671,37,0.32432432432432434,0.5675675675675675
Indonesia,2022-07-02,0.06897166128226843,0.0,0.38255937290695696,20,0.5,0.45
Indonesia,2022-07-03,-0.18163482563500583,0.0,0.520748403760528,16,0.375,0.5625
Indonesia,2022-07-04,-0.02027598330863207,0.0,0.3137851695016536,42,0.47619047619047616,0.47619047619047616
Indonesia,2022-07-05,-0.05977239282489978,0.0,0.46652565296474696,41,0.43902439024390244,0.4878048780487805
Indonesia,2022-07-06,-0.11755285597331191,0.0,0.3956318256417816,26,0.3076923076923077,0.5769230769230769
Indonesia,2022-07-07,-0.13181808015020438,0.0,0.30835375839285156,48,0.3125,0.6666666666666666
Indonesia,2022-07-08,-0.15967400539305876,0.0,0.3975082360448178,43,0.3488372093023256,0.6511627906976745
Indonesia,2022-07-09,-0.05642987341218515,0.0,0.3573455110722887,33,0.3333333333333333,0.6060606060606061
Indonesia,2022-07-10,-0.034536466446602875,0.0,0.23947902981167882,22,0.45454545454545453,0.5454545454545454
Indonesia,2022-07-11,-0.18742007009968967,0.0,0.37206280514512496,48,0.2708333333333333,0.7083333333333334
Indonesia,2022-07-12,-0.224364377314128,0.0,0.4207359997338524,40,0.375,0.625
Indonesia,2022-07-13,0.044883147366343704,0.0,0.35007957146776614,25,0.56,0.32
Indonesia,2022-07-14,-0.17796155899123528,0.0,0.2921849745902464,32,0.21875,0.71875
Indonesia,2022-07-15,-0.12874072900106082,0.0,0.3843671441102834,36,0.3055555555555556,0.6388888888888888
Indonesia,2022-07-16,-0.1854132957528008,0.0,0.44724023401573515,22,0.2727272727272727,0.6363636363636364
Indonesia,2022-07-17,-0.22764368792057704,0.0,0.39614996160466026,27,0.2962962962962963,0.6296296296296297
Indonesia,2022-07-18,-0.17192346208485715,0.0,0.3826553663610665,33,0.3333333333333333,0.6666666666666666
Indonesia,2022-07-19,-0.24847639101275565,0.0,0.3943591190460363,40,0.275,0.7
Indonesia,2022-07-20,-0.07511363068912301,0.0,0.38009035071876496,30,0.43333333333333335,0.5333333333333333
Indonesia,2022-07-21,-0.1423306873536977,0.0,0.3624066274284758,42,0.35714285714285715,0.5714285714285714
Indonesia,2022-07-22,-0.2502964085263928,0.0,0.5021872273956262,35,0.2857142857142857,0.7142857142857143
Indonesia,2022-07-23,-0.20356662865635086,0.0,0.36785794281845435,15,0.26666666666666666,0.7333333333333333
Indonesia,2022-07-24,-0.10225334975284381,0.0,0.38332040462521233,23,0.4782608695652174,0.4782608695652174
Indonesia,2022-07-25,-0.22180777176204244,0.0,0.3351762171652827,34,0.23529411764705882,0.7647058823529411
Indonesia,2022-07-26,-0.10068740074584837,0.0,0.4765219654939729,36,0.3888888888888889,0.5555555555555556
Indonesia,2022-07-27,-0.02773510290062792,0.0,0.4187774232966126,52,0.5384615384615384,0.46153846153846156
Indonesia,2022-07-28,0.015840372125244244,0.0,0.4288263330714329,42,0.5,0.42857142857142855
Indonesia,2022-07-29,0.010505366689191557,0.0,0.43991666258730383,29,0.5517241379310345,0.41379310344827586
Indonesia,2022-07-30,0.017920868791616584,0.0,0.36957147994950323,15,0.6,0.4
Indonesia,2022-07-31,-0.06877188847344468,0.0,0.2633224230600006,16,0.4375,0.5
Indonesia,2022-08-01,-0.19250777637113506,0.0,0.39210112501967315,36,0.3055555555555556,0.5555555555555556
Indonesia,2022-08-02,-0.09724276158937685,0.0,0.500861562895405,28,0.39285714285714285,0.6071428571428571
Indonesia,2022-08-03,-0.2237800430913955,0.0,0.42447862040816164,45,0.35555555555555557,0.6222222222222222
Indonesia,2022-08-04,-0.09415062503667489,0.0,0.4308052188966011,41,0.4634146341463415,0.5121951219512195
Indonesia,2022-08-05,-0.12999858711340165,0.0,0.4793697817679976,35,0.4,0.5428571428571428
Indonesia,2022-08-06,-0.028673872576531048,0.0,0.41390266311955803,21,0.42857142857142855,0.5238095238095238
Indonesia,2022-08-07,-0.07413892679811983,0.0,0.4017764681627101,23,0.4782608695652174,0.5217391304347826
Indonesia,2022-08-08,-0.11085496869483426,0.0,0.44849953526041164,46,0.4782608695652174,0.5
Indonesia,2022-08-09,-0.21896344089928474,0.0,0.4317660469759239,34,0.4117647058823529,0.5588235294117647
Indonesia,2022-08-10,0.006052376646116496,0.0,0.39641570405648346,35,0.6285714285714286,0.37142857142857144
Indonesia,2022-08-11,-0.14582475814036666,0.0,0.3201644249697981,28,0.35714285714285715,0.5357142857142857
Indonesia,2022-08-12,-0.13825054911045837,0.0,0.33803334990702133,31,0.3870967741935484,0.5483870967741935
Indonesia,2022-08-13,-0.12212482918619316,0.0,0.4259891488798219,32,0.46875,0.5
Indonesia,2022-08-14,-0.03682195971057645,0.0,0.3733834791473517,22,0.5909090909090909,0.4090909090909091
Indonesia,2022-08-15,-0.058525249319803824,0.0,0.4298320197206292,34,0.4411764705882353,0.5
Indonesia,2022-08-16,0.10141127654250313,0.0,0.3640961676427632,28,0.6071428571428571,0.32142857142857145
Indonesia,2022-08-17,0.05014884836755104,0.0,0.4612999022328165,34,0.4411764705882353,0.47058823529411764
Indonesia,2022-08-18,-0.2297777854596498,0.0,0.5152217007665005,33,0.36363636363636365,0.6060606060606061
Indonesia,2022-08-19,-0.1662614523970056,0.0,0.3897455632183182,45,0.3333333333333333,0.6222222222222222
Indonesia,2022-08-20,-0.210884051256211,0.0,0.5302738052981584,17,0.35294117647058826,0.5294117647058824
Indonesia,2022-08-21,-0.20354736945230212,0.0,0.368876868512378,19,0.2631578947368421,0.7368421052631579
Indonesia,2022-08-22,0.0653426735557731,0.0,0.3659897615100954,30,0.6,0.36666666666666664
Indonesia,2022-08-23,-0.19287244006269708,0.0,0.44383972124055493,36,0.25,0.7222222222222222
Indonesia,2022-08-24,-0.14143738889132748,0.0,0.3760754768001865,38,0.3157894736842105,0.6052631578947368
Indonesia,2022-08-25,0.002522542591407384,0.0,0.3822880388694144,34,0.5882352941176471,0.38235294117647056
Indonesia,2022-08-26,-0.06982369549105505,0.0,0.5060587384587422,27,0.5185185185185185,0.48148148148148145
Indonesia,2022-08-27,-0.21808217097290358,0.0,0.42021070334789185,33,0.30303030303030304,0.6666666666666666
Indonesia,2022-08-28,-0.007702651874287433,0.0,0.4551868842442925,22,0.4090909090909091,0.5909090909090909
Indonesia,2022-08-29,-0.07933893527594699,0.0,0.3978914536582489,44,0.3181818181818182,0.6136363636363636
Indonesia,2022-08-30,-0.1440580136636997,0.0,0.37002764879842975,29,0.27586206896551724,0.7241379310344828
Indonesia,2022-08-31,-0.17267104577895478,0.0,0.4506980464364298,40,0.35,0.6
Indonesia,2022-09-01,-0.025561451247968773,0.0,0.3474330945846946,48,0.4375,0.5208333333333334
Indonesia,2022-09-02,-0.05965035179808245,0.0,0.3997066516972257,39,0.38461538461538464,0.5641025641025641
Indonesia,2022-09-03,-0.03953927941773774,0.0,0.36600784224622185,30,0.43333333333333335,0.4666666666666667
Indonesia,2022-09-04,-0.08753794933775783,0.0,0.23419468190837353,25,0.36,0.6
Indonesia,2022-09-05,-0.12054820088988684,0.0,0.4368946547822064,49,0.3877551020408163,0.5918367346938775
Indonesia,2022-09-06,-0.28345725954408457,0.0,0.4211025869231662,34,0.2647058823529412,0.6470588235294118
Indonesia,2022-09-07,-0.1446877482584083,0.0,0.40287936770910193,45,0.3333333333333333,0.6444444444444445
Indonesia,2022-09-08,-0.17630579189322068,0.0,0.42355504513856695,56,0.32142857142857145,0.6428571428571429
Indonesia,2022-09-09,-0.06730277610854181,0.0,0.3594713128790807,31,0.41935483870967744,0.5806451612903226
Indonesia,2022-09-10,-0.17199148152661256,0.0,0.45931853615168833,16,0.375,0.625
Indonesia,2022-09-11,-0.1815638582308993,0.0,0.3793713773624358,35,0.2857142857142857,0.6857142857142857
Indonesia,2022-09-12,-0.18860539729151873,0.0,0.36699434352054056,33,0.30303030303030304,0.6666666666666666
Indonesia,2022-09-13,-0.028739692909841585,0.0,0.34692386776509604,29,0.5862068965517241,0.41379310344827586
Indonesia,2022-09-14,-0.07805777953010595,0.0,0.4417850996615609,32,0.40625,0.59375
Indonesia,2022-09-15,-0.047366658080866375,0.0,0.3379032650892491,30,0.4666666666666667,0.5
Indonesia,2022-09-16,-0.1803892982633701,0.0,0.38122913166859584,27,0.25925925925925924,0.7407407407407407
Indonesia,2022-09-17,-0.1868473110547837,0.0,0.46043652191070256,18,0.3888888888888889,0.5555555555555556
Indonesia,2022-09-18,-0.039880669824755445,0.0,0.4593142256262136,23,0.5652173913043478,0.43478260869565216
Indonesia,2022-09-19,-0.1431302595016976,0.0,0.3946426321611379,41,0.3902439024390244,0.5853658536585366
Indonesia,2022-09-20,0.03688557015765436,0.0,0.31672972551961115,35,0.5142857142857142,0.4857142857142857
Indonesia,2022-09-21,-0.06654318801803931,0.0,0.4384134226632147,33,0.45454545454545453,0.48484848484848486
Indonesia,2022-09-22,-0.10431845486705288,0.0,0.44218253447381867,27,0.4074074074074074,0.5185185185185185
Indonesia,2022-09-23,-0.10660180211093535,0.0,0.4352672869989675,39,0.4358974358974359,0.5641025641025641
Indonesia,2022-09-24,-0.05770628423097024,0.0,0.33542989820280406,28,0.42857142857142855,0.5357142857142857
Indonesia,2022-09-25,-0.04350975918617663,0.0,0.24207237213292213,20,0.4,0.55
Indonesia,2022-09-26,0.001734835389844619,0.0,0.37572311928120866,40,0.5,0.45
Indonesia,2022-09-27,-0.028623070681441938,0.0,0.4652576429012237,36,0.5,0.4166666666666667
Indonesia,2022-09-28,-0.07699409685379549,0.0,0.36865904894572155,34,0.47058823529411764,0.5
Indonesia,2022-09-29,0.03999088804020735,0.0,0.35378468870468177,35,0.6857142857142857,0.3142857142857143
Indonesia,2022-09-30,-0.0732916584638094,0.0,0.41177160971867266,32,0.375,0.5
Indonesia,2022-10-01,-0.22303476072190717,0.0,0.41144042555679555,19,0.21052631578947367,0.7368421052631579
Indonesia,2022-10-02,0.1589526658800729,0.0,0.34468698036817147,13,0.6923076923076923,0.3076923076923077
Indonesia,2022-10-03,0.0054177197326654904,0.0,0.3760714570303124,37,0.4594594594594595,0.4864864864864865
Indonesia,2022-10-04,0.07385588635343646,0.0,0.38154378186755517,37,0.5945945945945946,0.32432432432432434
Indonesia,2022-10-05,-0.032497983503329005,0.0,0.3754400790986225,31,0.4838709677419355,0.4838709677419355
Indonesia,2022-10-06,-0.18737786028444178,0.0,0.4077379731236906,47,0.3404255319148936,0.5957446808510638
Indonesia,2022-10-07,-0.007222404002476251,0.0,0.38193140262061026,36,0.4444444444444444,0.5555555555555556
Indonesia,2022-10-08,-0.11543670540814636,0.0,0.4207759169817312,24,0.4166666666666667,0.5833333333333334
Indonesia,2022-10-09,-0.06522598455935992,0.0,0.38873655660009787,15,0.4666666666666667,0.5333333333333333
Indonesia,2022-10-10,-0.20353580030813012,0.0,0.4739820780809894,48,0.2916666666666667,0.6666666666666666
Indonesia,2022-10-11,-0.06058124611166007,0.0,0.43075055572117976,31,0.45161290322580644,0.5161290322580645
Indonesia,2022-10-12,-0.07370892313773698,0.0,0.36829736981824296,50,0.34,0.6
Indonesia,2022-10-13,-0.2181568916633995,0.0,0.41471526117944335,48,0.3541666666666667,0.625
Indonesia,2022-10-14,-0.08319284992356668,0.0,0.407126545086907,34,0.4411764705882353,0.5588235294117647
Indonesia,2022-10-15,-0.1968126116267372,0.0,0.34740377822017854,21,0.19047619047619047,0.7142857142857143
Indonesia,2022-10-16,-0.03790769674917517,0.0,0.3400000417340304,21,0.42857142857142855,0.5714285714285714
Indonesia,2022-10-17,-0.010922745740262224,0.0,0.4086898518812127,51,0.5490196078431373,0.43137254901960786
Indonesia,2022-10-18,0.08573311994710492,0.0,0.4249032148942157,43,0.627906976744186,0.37209302325581395
Indonesia,2022-10-19,-0.08444436680814205,0.0,0.4271628364467474,38,0.39473684210526316,0.5789473684210527
Indonesia,2022-10-20,-0.30003454473949553,0.0,0.4772394771214522,28,0.17857142857142858,0.8214285714285714
Indonesia,2022-10-21,-0.04402434478912563,0.0,0.3506511665712021,36,0.4444444444444444,0.5277777777777778
Indonesia,2022-10-22,-0.02017203143299364,0.0,0.4784939641942346,16,0.4375,0.5625
Indonesia,2022-10-23,-0.0029821408684702535,0.0,0.3008721366927618,19,0.47368421052631576,0.47368421052631576
Indonesia,2022-10-24,-0.030844327252134172,0.0,0.30838725681857004,43,0.3953488372093023,0.5581395348837209
Indonesia,2022-10-25,-0.11562014364296373,0.0,0.3702952704103001,46,0.32608695652173914,0.6739130434782609
Indonesia,2022-10-26,-0.11228281631634772,0.0,0.4508181611054741,36,0.4722222222222222,0.5277777777777778
Indonesia,2022-10-27,-0.08401412647704382,0.0,0.4260034987921116,40,0.35,0.6
Indonesia,2022-10-28,0.03107116505568386,0.0,0.41004083534921304,29,0.5172413793103449,0.4827586206896552
Indonesia,2022-10-29,0.002879782529284695,0.0,0.3376649699093875,15,0.6,0.4
Indonesia,2022-10-30,0.12220941462707277,0.0,0.32860555326323754,13,0.6153846153846154,0.38461538461538464
Indonesia,2022-10-31,-0.21809975536234627,0.0,0.5189420098634093,35,0.3142857142857143,0.6857142857142857
Indonesia,2022-11-01,-0.0685829529808219,0.0,0.47323766560837754,23,0.5652173913043478,0.43478260869565216
Indonesia,2022-11-02,-0.050328368504499475,0.0,0.3791713620550153,19,0.5263157894736842,0.47368421052631576
Indonesia,2022-11-03,-0.048821230899788716,0.0,0.33451577321302006,24,0.4166666666666667,0.4583333333333333
Indonesia,2022-11-04,0.03769078775739276,0.0,0.2693832155162244,28,0.6428571428571429,0.35714285714285715
Indonesia,2022-11-05,0.06867267757171511,0.0,0.25199254021878814,14,0.6428571428571429,0.2857142857142857
Indonesia,2022-11-06,-0.1600683566353834,0.0,0.2666037421135357,18,0.16666666666666666,0.7777777777777778
Indonesia,2022-11-07,-0.06162781009171406,0.0,0.416257836324337,30,0.4,0.5333333333333333
Indonesia,2022-11-08,-0.16411415130150564,0.0,0.30697891250588455,20,0.3,0.7
Indonesia,2022-11-09,0.11950215698691864,0.0,0.2822111747914752,18,0.6666666666666666,0.3333333333333333
Indonesia,2022-11-10,-0.1521079561890095,0.0,0.4113130326369598,34,0.3235294117647059,0.6764705882352942
Indonesia,2022-11-11,-0.06599308057163633,0.0,0.2998545735024018,6,0.3333333333333333,0.6666666666666666
Indonesia,2022-11-12,-0.19836870949551116,0.0,0.3852135992228911,27,0.2222222222222222,0.7037037037037037
Indonesia,2022-11-13,-0.007610893772394602,0.0,0.4066157614839399,33,0.5151515151515151,0.42424242424242425
Indonesia,2022-11-14,-0.12517630740978916,0.0,0.2956245755893294,85,0.32941176470588235,0.6470588235294118
Indonesia,2022-11-15,-0.057556193740206325,0.0,0.32510000625417956,104,0.375,0.5961538461538461
Indonesia,2022-11-16,-0.11672509889076563,0.0,0.32279054150703546,93,0.3763440860215054,0.6129032258064516
Indonesia,2022-11-17,0.014693958659151353,0.0,0.3946771073205927,51,0.5098039215686274,0.45098039215686275
Indonesia,2022-11-18,0.05434304495656275,0.0,0.3598476985943031,48,0.5416666666666666,0.4583333333333333
Indonesia,2022-11-19,0.059263596064735566,0.0,0.3796725653342962,20,0.55,0.45
Indonesia,2022-11-20,-0.0065691836887710065,0.0,0.3639870341822986,16,0.625,0.375
Indonesia,2022-11-21,-0.30160848376739796,0.0,0.44415202209524357,45,0.2222222222222222,0.7333333333333333
Indonesia,2022-11-22,-0.18967302217894513,0.0,0.3742814810303293,38,0.42105263157894735,0.5789473684210527
Indonesia,2022-11-23,-0.05738762242623725,0.0,0.4491898796609616,26,0.5,0.4230769230769231
Indonesia,2022-11-24,-0.03692523719355823,0.0,0.4025111051354272,28,0.5,0.42857142857142855
Indonesia,2022-11-25,-0.09739390547533457,0.0,0.34420685024711567,30,0.4,0.5
Indonesia,2022-11-26,0.1502767638488244,0.0,0.38714273484260087,15,0.6,0.4
Indonesia,2022-11-27,-0.14586273781898754,0.0,0.33168384529522493,19,0.3157894736842105,0.6842105263157895
Indonesia,2022-11-28,0.029849100681740334,0.0,0.4232864349389925,27,0.5185185185185185,0.48148148148148145
Indonesia,2022-11-29,-0.20470423795521145,0.0,0.44791270936650274,33,0.30303030303030304,0.6363636363636364
Indonesia,2022-11-30,-0.1550075150929077,0.0,0.437641959793509,28,0.35714285714285715,0.6428571428571429
Indonesia,2022-12-01,-0.08657323395272933,0.0,0.30271905767837987,37,0.3783783783783784,0.5675675675675675
Indonesia,2022-12-02,-0.046819147178659024,0.0,0.3821115294596799,32,0.4375,0.53125
Indonesia,2022-12-03,-0.0037431946359629286,0.0,0.41196022759939727,24,0.4583333333333333,0.4583333333333333
Indonesia,2022-12-04,-0.16513927352770366,0.0,0.5648093261928088,12,0.4166666666666667,0.5833333333333334
Indonesia,2022-12-05,-0.15765872078067403,0.0,0.4366328159227318,54,0.3333333333333333,0.6666666666666666
Indonesia,2022-12-06,-0.006596664441596136,0.0,0.5190651767962315,39,0.5128205128205128,0.48717948717948717
Indonesia,2022-12-07,-0.19203750510008813,0.0,0.39508741301561184,42,0.38095238095238093,0.5714285714285714
Indonesia,2022-12-08,-0.19333602748289372,0.0,0.40634852848961606,50,0.38,0.58
Indonesia,2022-12-09,-0.2049756436270986,0.0,0.4702713064837776,35,0.42857142857142855,0.5428571428571428
Indonesia,2022-12-10,0.02352699101703341,0.0,0.47515102152617644,30,0.5,0.4666666666666667
Indonesia,2022-12-11,0.014633278855836325,0.0,0.33865294754724884,18,0.6111111111111112,0.3888888888888889
Indonesia,2022-12-12,-0.19839053006003712,0.0,0.4212371027362743,40,0.375,0.6
Indonesia,2022-12-13,-0.13081349009997964,0.0,0.4087861287349344,36,0.4166666666666667,0.5555555555555556
Indonesia,2022-12-14,-0.10541443401029996,0.0,0.38038370994843956,37,0.43243243243243246,0.4594594594594595
Indonesia,2022-12-15,0.04578808258635731,0.0,0.3681245563113514,37,0.5675675675675675,0.3783783783783784
Indonesia,2022-12-16,0.025062615445402916,0.0,0.4701372708187596,29,0.5172413793103449,0.4827586206896552
Indonesia,2022-12-17,0.010100301213062893,0.0,0.4559896989923672,27,0.5555555555555556,0.4074074074074074
Indonesia,2022-12-18,-0.1746323735448861,0.0,0.4013643687893889,13,0.46153846153846156,0.5384615384615384
Indonesia,2022-12-19,-0.1451214126652801,0.0,0.4730247458499199,42,0.38095238095238093,0.6190476190476191
Indonesia,2022-12-20,0.04789861027366907,0.0,0.38569330285219167,22,0.5,0.45454545454545453
Indonesia,2022-12-21,-0.10090040538111555,0.0,0.44012638462388887,43,0.4418604651162791,0.5348837209302325
Indonesia,2022-12-22,-0.053103557990978816,0.0,0.4092314003820056,44,0.45454545454545453,0.5227272727272727
Indonesia,2022-12-23,-0.09209961447068295,0.0,0.32281425046077056,25,0.36,0.6
Indonesia,2022-12-24,-0.02013842150015597,0.0,0.37587936070401684,17,0.35294117647058826,0.5882352941176471
Indonesia,2022-12-25,-0.07467131426653302,0.0,0.48983099301930916,13,0.5384615384615384,0.46153846153846156
Indonesia,2022-12-26,-0.09414631991227587,0.0,0.3998673714770856,28,0.39285714285714285,0.5357142857142857
Indonesia,2022-12-27,-0.1061681549522906,0.0,0.37359682867812866,47,0.3617021276595745,0.6170212765957447
Indonesia,2022-12-28,-0.14421436801497142,0.0,0.39241849983795385,30,0.26666666666666666,0.7
Indonesia,2022-12-29,-0.06531178441795164,0.0,0.4516817797147627,38,0.4473684210526316,0.5263157894736842
Indonesia,2022-12-30,0.016034015051759744,0.0,0.42924451256991003,35,0.5428571428571428,0.42857142857142855
Indonesia,2022-12-31,-0.07768685486964862,0.0,0.3330315784444734,24,0.4583333333333333,0.5416666666666666
Indonesia,2023-01-01,-0.15468741280946388,0.0,0.4132934228997043,17,0.47058823529411764,0.5294117647058824
Indonesia,2023-01-02,-0.1555594178324938,0.0,0.4571857684607198,38,0.3157894736842105,0.6052631578947368
Indonesia,2023-01-03,-0.20952338448189467,0.0,0.4026423304140476,49,0.2653061224489796,0.7346938775510204
Indonesia,2023-01-04,-0.1549086881049229,0.0,0.4612796614473798,30,0.3333333333333333,0.6333333333333333
Indonesia,2023-01-05,-0.2941098534185204,0.0,0.40436874256417904,36,0.19444444444444445,0.75
Indonesia,2023-01-06,-0.15821962338781564,0.0,0.3969989841841464,31,0.3225806451612903,0.6451612903225806
Indonesia,2023-01-07,-0.0577030485913141,0.0,0.3594465144725523,20,0.45,0.55
Indonesia,2023-01-08,-0.22396798313224905,0.0,0.3730336576087694,17,0.4117647058823529,0.5882352941176471
Indonesia,2023-01-09,-0.22245880661112777,0.0,0.39738581295848574,39,0.3076923076923077,0.6923076923076923
Indonesia,2023-01-10,-0.22425435126293705,0.0,0.4023456265019434,39,0.2564102564102564,0.6666666666666666
Indonesia,2023-01-11,0.051870693456579055,0.0,0.3989448756016156,37,0.5675675675675675,0.3783783783783784
Indonesia,2023-01-12,-0.22232714284898972,0.0,0.4116076091139692,50,0.4,0.6
Indonesia,2023-01-13,-0.18298638078271737,0.0,0.4190786893220214,24,0.4166666666666667,0.5416666666666666
Indonesia,2023-01-14,-0.08212979482979185,0.0,0.37066089834891575,20,0.45,0.5
Indonesia,2023-01-15,-0.10967431128407679,0.0,0.353433465333348,23,0.391304347826087,0.5652173913043478
Indonesia,2023-01-16,-0.18377044093993325,0.0,0.41766938603335874,38,0.2894736842105263,0.631578947368421
Indonesia,2023-01-17,-0.030142939991092008,0.0,0.4022017891549567,38,0.4473684210526316,0.5263157894736842
Indonesia,2023-01-18,-0.1938502425613273,0.0,0.4178614095953761,43,0.27906976744186046,0.6511627906976745
Indonesia,2023-01-19,-0.19626220803539512,0.0,0.4898549101817693,37,0.32432432432432434,0.6486486486486487
Indonesia,2023-01-20,-0.059812416128775435,0.0,0.4501927158924665,44,0.45454545454545453,0.5454545454545454
Indonesia,2023-01-21,-0.04742441544716541,0.0,0.2894334225018793,12,0.25,0.75
Indonesia,2023-01-22,0.14272749190633202,0.0,0.4695639951390697,15,0.5333333333333333,0.4666666666666667
Indonesia,2023-01-23,-0.16179625524880292,0.0,0.5037599370096018,26,0.34615384615384615,0.5769230769230769
Indonesia,2023-01-24,-0.1728382012628747,0.0,0.4478257245202845,42,0.3333333333333333,0.5952380952380952
Indonesia,2023-01-25,-0.11335581959624297,0.0,0.3870178102870791,36,0.4722222222222222,0.5277777777777778
Indonesia,2023-01-26,-0.09938474650304105,0.0,0.5165165827110297,32,0.4375,0.5
Indonesia,2023-01-27,-0.040068842741074584,0.0,0.4267451895925857,39,0.5384615384615384,0.46153846153846156
Indonesia,2023-01-28,-0.11634750174899929,0.0,0.3606092101938308,29,0.3448275862068966,0.5172413793103449
Indonesia,2023-01-29,0.04034213631133879,0.0,0.3506149983755519,22,0.5909090909090909,0.36363636363636365
Indonesia,2023-01-30,-0.05492833002305693,0.0,0.427612901971482,37,0.40540540540540543,0.5675675675675675
Indonesia,2023-01-31,-0.02420619977264472,0.0,0.3447567247948735,40,0.475,0.5
Indonesia,2023-02-01,-0.039466091738066235,0.0,0.33511117176457006,57,0.543859649122807,0.45614035087719296
Indonesia,2023-02-02,-0.05093836651028329,0.0,0.3681107227013167,52,0.38461538461538464,0.5769230769230769
Indonesia,2023-02-03,-0.11793824776006256,0.0,0.4274182246616701,44,0.3181818181818182,0.6590909090909091
Indonesia,2023-02-04,-0.0948721918306428,0.0,0.37060002560745875,27,0.4074074074074074,0.5925925925925926
Indonesia,2023-02-05,-0.009574272033515819,0.0,0.43213757730485397,31,0.4838709677419355,0.4838709677419355
Indonesia,2023-02-06,-0.17091359689910351,0.0,0.3986694396745116,45,0.2222222222222222,0.7777777777777778
Indonesia,2023-02-07,-0.0363192410993212,0.0,0.4008482924086855,56,0.39285714285714285,0.5535714285714286
Indonesia,2023-02-08,-0.018136870632504434,0.0,0.30868986413237426,44,0.45454545454545453,0.5
Indonesia,2023-02-09,-0.04105135839861048,0.0,0.3996357726104688,41,0.4146341463414634,0.5121951219512195
Indonesia,2023-02-10,-0.08224988099027213,0.0,0.4567717167682014,38,0.39473684210526316,0.5263157894736842
Indonesia,2023-02-11,-0.12091341269694401,0.0,0.3457627093278662,23,0.391304347826087,0.5217391304347826
Indonesia,2023-02-12,-0.2071476172435061,0.0,0.43853083994407815,20,0.3,0.65
Indonesia,2023-02-13,-0.23031631030993666,0.0,0.3673956821334815,32,0.28125,0.6875
Indonesia,2023-02-14,-0.16135429442620847,0.0,0.47121455028237486,40,0.5,0.475
Indonesia,2023-02-15,-0.1110524533097495,0.0,0.39545658777470394,44,0.4090909090909091,0.5681818181818182
Indonesia,2023-02-16,-0.22914886386750175,0.0,0.4173672498654042,36,0.3333333333333333,0.6666666666666666
Indonesia,2023-02-17,-0.12006160612338744,0.0,0.4413459743308609,42,0.5,0.5
Indonesia,2023-02-18,0.22695392396181246,0.0,0.34107919492732414,12,0.6666666666666666,0.25
Indonesia,2023-02-19,-0.15878559505434847,0.0,0.337100289594458,19,0.3157894736842105,0.631578947368421
Indonesia,2023-02-20,-0.1141360246157081,0.0,0.4451352274029278,37,0.40540540540540543,0.5675675675675675
Indonesia,2023-02-21,-0.07433859992249674,0.0,0.37647628745526723,39,0.38461538461538464,0.5897435897435898
Indonesia,2023-02-22,-0.0003175846052690987,0.0,0.37472739855993487,33,0.48484848484848486,0.5151515151515151
Indonesia,2023-02-23,0.023284384437060605,0.0,0.41344128169199346,35,0.6,0.34285714285714286
Indonesia,2023-02-24,-0.03596661036448509,0.0,0.41326377088564703,41,0.5609756097560976,0.43902439024390244
Indonesia,2023-02-25,-0.07619084257110906,0.0,0.39431700095701916,20,0.45,0.5
Indonesia,2023-02-26,-0.29251663204745343,0.0,0.4619410792565045,16,0.25,0.75
Indonesia,2023-02-27,-0.08314594937549603,0.0,0.47599704841590734,40,0.45,0.55
Indonesia,2023-02-28,-0.056405123336507,0.0,0.3613739573104698,36,0.4722222222222222,0.5
Indonesia,2023-03-01,-0.1162121048711547,0.0,0.4285270809166679,43,0.46511627906976744,0.5116279069767442
Indonesia,2023-03-02,-0.13577747359640968,0.0,0.4660681983190069,34,0.5,0.5
Indonesia,2023-03-03,0.018318672206849098,0.0,0.3768233703380537,36,0.5277777777777778,0.4166666666666667
Indonesia,2023-03-04,-0.09607273077409335,0.0,0.4685893290853631,25,0.4,0.56
Indonesia,2023-03-05,-0.058484283872111256,0.0,0.373363709278373,14,0.2857142857142857,0.7142857142857143
Indonesia,2023-03-06,-0.008571768351986062,0.0,0.4331640742011677,38,0.47368421052631576,0.5
Indonesia,2023-03-07,-0.10193251504829237,0.0,0.3989449172331802,37,0.5135135135135135,0.4594594594594595
Indonesia,2023-03-08,-0.10709861421396348,0.0,0.36812764469704895,31,0.41935483870967744,0.5483870967741935
Indonesia,2023-03-09,-0.024997104862188653,0.0,0.3379555101603387,38,0.42105263157894735,0.5789473684210527
Indonesia,2023-03-10,-0.002525331578729865,0.0,0.42804235157350573,33,0.6060606060606061,0.3939393939393939
Indonesia,2023-03-11,0.09770070260717462,0.0,0.5403024860612021,19,0.6842105263157895,0.3157894736842105
Indonesia,2023-03-12,-0.07990123248822174,0.0,0.432926854693035,20,0.4,0.5
Indonesia,2023-03-13,-0.11206114467511288,0.0,0.35779740128936327,39,0.48717948717948717,0.48717948717948717
Indonesia,2023-03-14,-0.033432867938371025,0.0,0.28162817154488234,31,0.5161290322580645,0.45161290322580644
Indonesia,2023-03-15,-0.09511443208157844,0.0,0.3025863691642155,34,0.29411764705882354,0.6764705882352942
Indonesia,2023-03-16,-0.004386955778160043,0.0,0.3826915649286191,32,0.46875,0.46875
Indonesia,2023-03-17,0.03058244399178887,0.0,0.3852697168658857,35,0.45714285714285713,0.5142857142857142
Indonesia,2023-03-18,-0.31214674422925043,0.0,0.5020139929564043,15,0.3333333333333333,0.6666666666666666
Indonesia,2023-03-19,0.028821536437501325,0.0,0.18179132263170622,7,0.5714285714285714,0.42857142857142855
Indonesia,2023-03-20,-0.04924776376578038,0.0,0.30919284335671693,36,0.4444444444444444,0.5277777777777778
Indonesia,2023-03-21,-0.07187205572440458,0.0,0.4135016331085366,24,0.4166666666666667,0.5833333333333334
Indonesia,2023-03-22,-0.005728773941499028,0.0,0.5152714894833234,3,0.6666666666666666,0.3333333333333333
Indonesia,2023-03-23,0.0551270411036625,0.0,0.3269186578115437,14,0.5,0.5
Indonesia,2023-03-24,-0.07634053684788836,0.0,0.40513444387369474,34,0.47058823529411764,0.4117647058823529
Indonesia,2023-03-25,0.018349039591092083,0.0,0.35003107295937486,39,0.5384615384615384,0.46153846153846156
Indonesia,2023-03-26,-0.062223922489111634,0.0,0.42777172937864294,31,0.45161290322580644,0.5483870967741935
Indonesia,2023-03-27,-0.10803804603012447,0.0,0.32717268812262096,52,0.3076923076923077,0.6923076923076923
Indonesia,2023-03-28,-0.2078367237055945,0.0,0.37292656625315507,50,0.18,0.76
Indonesia,2023-03-29,-0.09454338801804764,0.0,0.3695870406827353,54,0.37037037037037035,0.5925925925925926
Indonesia,2023-03-30,-0.056482293365733724,0.0,0.3996759427915063,49,0.5510204081632653,0.4489795918367347
Indonesia,2023-03-31,-0.14373022137087255,0.0,0.3357614578765333,53,0.41509433962264153,0.5849056603773585
Indonesia,2023-04-01,-0.10447116349269456,0.0,0.3404047985300213,20,0.3,0.65
Indonesia,2023-04-02,-0.15168082616749662,0.0,0.473571175185165,35,0.3142857142857143,0.6
Indonesia,2023-04-03,-0.26216724089236265,0.0,0.4275741795466929,47,0.23404255319148937,0.7659574468085106
Indonesia,2023-04-04,-0.033440026034362184,0.0,0.37791028117089803,43,0.5116279069767442,0.4186046511627907
Indonesia,2023-04-05,-0.038928656360348604,0.0,0.37547154174823166,51,0.37254901960784315,0.6078431372549019
Indonesia,2023-04-06,-0.039220191703514554,0.0,0.3597117706822851,53,0.4339622641509434,0.5094339622641509
Indonesia,2023-04-07,-0.04746271927319734,0.0,0.33841992903150875,31,0.5483870967741935,0.45161290322580644
Indonesia,2023-04-08,-0.06866147624498135,0.0,0.3751439764021297,22,0.5,0.5
Indonesia,2023-04-09,-0.11652723031930114,0.0,0.351753270365512,18,0.3888888888888889,0.6111111111111112
Indonesia,2023-04-10,-0.1115567777351504,0.0,0.4761171439737979,34,0.38235294117647056,0.5882352941176471
Indonesia,2023-04-11,-0.04917824527055243,0.0,0.4056681112926468,39,0.41025641025641024,0.46153846153846156
Indonesia,2023-04-12,-0.10134332019589543,0.0,0.3754140618869044,38,0.34210526315789475,0.6052631578947368
Indonesia,2023-04-13,-0.22856780437298893,0.0,0.38882209580102134,37,0.21621621621621623,0.7837837837837838
Indonesia,2023-04-14,-0.07882478288307798,0.0,0.379904690844129,45,0.3333333333333333,0.6
Indonesia,2023-04-15,-0.09311639267649024,0.0,0.40905733135473316,34,0.5,0.5
Indonesia,2023-04-16,0.10460330211389099,0.0,0.28216274063650004,15,0.5333333333333333,0.4
Indonesia,2023-04-17,-0.006557484791996969,0.0,0.35298684242825346,39,0.48717948717948717,0.4358974358974359
Indonesia,2023-04-18,-0.031436071189496546,0.0,0.41941674457356015,54,0.5740740740740741,0.3888888888888889
Indonesia,2023-04-19,-0.06670344277977636,0.0,0.346336470258668,36,0.4722222222222222,0.5
Indonesia,2023-04-20,-0.03860377933329387,0.0,0.3345699388879176,54,0.4074074074074074,0.5370370370370371
Indonesia,2023-04-21,0.017626884606774144,0.0,0.25488587170926497,23,0.5217391304347826,0.43478260869565216
Indonesia,2023-04-22,0.020934028441734094,0.0,0.3411588994447443,20,0.45,0.5
Indonesia,2023-04-23,-0.032891447216365485,0.0,0.3477777219408274,13,0.38461538461538464,0.6153846153846154
Indonesia,2023-04-24,-0.06347614039885555,0.0,0.2854385238705449,25,0.32,0.6
Indonesia,2023-04-25,-0.20386927295895854,0.0,0.36068997381915674,28,0.32142857142857145,0.6785714285714286
Indonesia,2023-04-26,-0.017603872184225888,0.0,0.4602077507107389,40,0.5,0.5
Indonesia,2023-04-27,-0.05226493297754013,0.0,0.3937519801224707,31,0.45161290322580644,0.4838709677419355
Indonesia,2023-04-28,-0.1346365946384493,0.0,0.41644285482458643,39,0.38461538461538464,0.5897435897435898
Indonesia,2023-04-29,-0.04951612695422032,0.0,0.4126168974436575,20,0.5,0.4
Indonesia,2023-04-30,-0.20960942658104642,0.0,0.45589666372888543,16,0.375,0.625
Indonesia,2023-05-01,-0.16659396381776195,0.0,0.3896379962597995,30,0.36666666666666664,0.6
Indonesia,2023-05-02,0.030487611596480738,0.0,0.5278955695934698,23,0.4782608695652174,0.43478260869565216
Indonesia,2023-05-03,0.031056228289331526,0.0,0.28805946147580896,31,0.5161290322580645,0.41935483870967744
Indonesia,2023-05-04,-0.1449898907079198,0.0,0.46766097765747283,29,0.41379310344827586,0.5517241379310345
Indonesia,2023-05-05,-0.0025681799637821707,0.0,0.4273008909463972,34,0.5294117647058824,0.4411764705882353
Indonesia,2023-05-06,0.052675495604029746,0.0,0.41520819285572336,30,0.6,0.4
Indonesia,2023-05-07,-0.010236197911510267,0.0,0.4065033309690441,19,0.5789473684210527,0.42105263157894735
Indonesia,2023-05-08,-0.15866777964377896,0.0,0.3846348860784275,45,0.28888888888888886,0.6666666666666666
Indonesia,2023-05-09,-0.09103339104900741,0.0,0.4612841420078044,31,0.45161290322580644,0.5161290322580645
Indonesia,2023-05-10,0.0013129867035657004,0.0,0.38456558149574266,21,0.5714285714285714,0.42857142857142855
Indonesia,2023-05-11,-0.04744265847784786,0.0,0.3480937687039434,29,0.5862068965517241,0.41379310344827586
Indonesia,2023-05-12,-0.07639834287982636,0.0,0.4805841456340879,43,0.4186046511627907,0.5348837209302325
Indonesia,2023-05-13,-0.12021813791423777,0.0,0.23706046244460677,20,0.25,0.7
Indonesia,2023-05-14,-0.03460132201844079,0.0,0.4003798080269189,25,0.48,0.44
Indonesia,2023-05-15,-0.07357548465825624,0.0,0.43792911987618144,46,0.43478260869565216,0.5434782608695652
Indonesia,2023-05-16,-0.032377322374326105,0.0,0.3948886993235591,22,0.5909090909090909,0.36363636363636365
Indonesia,2023-05-17,-0.15570209848347122,0.0,0.4801299876147531,53,0.37735849056603776,0.5849056603773585
Indonesia,2023-05-18,-0.10227471702628922,0.0,0.36800358914125453,28,0.39285714285714285,0.6071428571428571
Indonesia,2023-05-19,-0.1356746810963596,0.0,0.44648247857366047,27,0.4444444444444444,0.5555555555555556
Indonesia,2023-05-20,0.3604388063918619,0.0,0.3429115650340681,27,0.8518518518518519,0.1111111111111111
Indonesia,2023-05-21,-0.11404423955597337,0.0,0.38811982168282355,26,0.34615384615384615,0.5769230769230769
Indonesia,2023-05-22,-0.06548700348241068,0.0,0.3664357473705149,46,0.5,0.5
Indonesia,2023-05-23,0.06035557954495766,0.0,0.2729810689121191,39,0.6153846153846154,0.3333333333333333
Indonesia,2023-05-24,-0.14632951157997906,0.0,0.459262609114931,43,0.3953488372093023,0.5348837209302325
Indonesia,2023-05-25,-0.13173823004575935,0.0,0.47448077275897355,39,0.358974358974359,0.6153846153846154
Indonesia,2023-05-26,0.017048796544132154,0.0,0.4027067581222105,39,0.5128205128205128,0.46153846153846156
Indonesia,2023-05-27,0.02362083858676795,0.0,0.45501354601135524,22,0.45454545454545453,0.45454545454545453
Indonesia,2023-05-28,0.0006826051525404019,0.0,0.5136584268044572,26,0.5,0.46153846153846156
Indonesia,2023-05-29,-0.10127002561900753,0.0,0.511124690467159,33,0.48484848484848486,0.48484848484848486
Indonesia,2023-05-30,-0.11981162917123347,0.0,0.43283567505520476,46,0.391304347826087,0.5434782608695652
Indonesia,2023-05-31,-0.15022349431177484,0.0,0.4057544984466968,28,0.35714285714285715,0.5357142857142857
Indonesia,2023-06-01,-0.03266614709858145,0.0,0.40955476959833403,38,0.47368421052631576,0.4473684210526316
Indonesia,2023-06-02,0.07834897895825166,0.0,0.3337779993863714,26,0.5384615384615384,0.34615384615384615
Indonesia,2023-06-03,0.030431007732245465,0.0,0.5116306175054333,18,0.6111111111111112,0.3333333333333333
Indonesia,2023-06-04,0.018333853860366903,0.0,0.4049430824258816,29,0.6551724137931034,0.3103448275862069
Indonesia,2023-06-05,-0.10089166809720211,0.0,0.4771940435342732,44,0.38636363636363635,0.6136363636363636
Indonesia,2023-06-06,-0.06143399028380893,0.0,0.3802663026632619,49,0.42857142857142855,0.5714285714285714
Indonesia,2023-06-07,-0.10851865817620403,0.0,0.4205222452987331,43,0.4186046511627907,0.5581395348837209
Indonesia,2023-06-08,-0.08673151179765301,0.0,0.32427571492489826,54,0.37037037037037035,0.5925925925925926
Indonesia,2023-06-09,-0.0577301356866219,0.0,0.3859455528225278,35,0.45714285714285713,0.45714285714285713
Indonesia,2023-06-10,0.14047844653011918,0.0,0.32983187948883236,15,0.7333333333333333,0.26666666666666666
Indonesia,2023-06-11,-0.012364191693425801,0.0,0.3785195243143153,27,0.5185185185185185,0.48148148148148145
Indonesia,2023-06-12,-0.08066850990059442,0.0,0.38651626072358236,22,0.36363636363636365,0.5
Indonesia,2023-06-13,-0.17377514708601718,0.0,0.5260796656553691,33,0.36363636363636365,0.6363636363636364
Indonesia,2023-06-14,-0.10600245668642638,0.0,0.33261054267154644,43,0.3953488372093023,0.5116279069767442
Indonesia,2023-06-15,-0.07957413070987078,0.0,0.43145546255975703,38,0.47368421052631576,0.5
Indonesia,2023-06-16,0.026523268419742813,0.0,0.3362048232271368,33,0.5757575757575758,0.42424242424242425
Indonesia,2023-06-17,-0.010394425426529168,0.0,0.4306865913850868,25,0.6,0.36
Indonesia,2023-06-18,0.06601494309706887,0.0,0.3790043240124046,28,0.6071428571428571,0.39285714285714285
Indonesia,2023-06-19,0.009560128278376299,0.0,0.30110159894152333,45,0.6,0.37777777777777777
Indonesia,2023-06-20,-0.11108189515672251,0.0,0.33919687538582916,42,0.3333333333333333,0.5952380952380952
Indonesia,2023-06-21,-0.056522122493696314,0.0,0.46732492671360065,34,0.5588235294117647,0.4117647058823529
Indonesia,2023-06-22,0.04371149102650473,0.0,0.3703746950314304,32,0.65625,0.34375
Indonesia,2023-06-23,-0.04383875867825003,0.0,0.420175629501872,37,0.4594594594594595,0.5405405405405406
Indonesia,2023-06-24,-0.05058471074045442,0.0,0.5115874513007795,20,0.45,0.5
Indonesia,2023-06-25,-0.1590031711832498,0.0,0.42592109291824354,21,0.38095238095238093,0.6190476190476191
Indonesia,2023-06-26,-0.09960713036261108,0.0,0.36860088258586443,28,0.42857142857142855,0.5714285714285714
Indonesia,2023-06-27,-0.09865425795928151,0.0,0.4175301334932679,44,0.45454545454545453,0.5
Indonesia,2023-06-28,-0.0007288875564348667,0.0,0.4488991548904158,35,0.5428571428571428,0.4
Indonesia,2023-06-29,-0.2063492244203342,0.0,0.3668115822854818,24,0.2916666666666667,0.6666666666666666
Indonesia,2023-06-30,-0.17699998502090183,0.0,0.34620649768409845,38,0.3157894736842105,0.6578947368421053
Indonesia,2023-07-01,-0.20349414653696515,0.0,0.48432334569788327,20,0.35,0.55
Indonesia,2023-07-02,-0.2510224903031298,0.0,0.3706060839861537,14,0.2857142857142857,0.6428571428571429
Indonesia,2023-07-03,-0.18077283403099353,0.0,0.34393937068999153,40,0.275,0.65
Indonesia,2023-07-04,-0.08904326179983946,0.0,0.3721457967346028,38,0.34210526315789475,0.5789473684210527
Indonesia,2023-07-05,-0.16290081455460267,0.0,0.4050474753622142,42,0.2857142857142857,0.6904761904761905
Indonesia,2023-07-06,-0.05564478132263793,0.0,0.40527522399023075,33,0.48484848484848486,0.48484848484848486
Indonesia,2023-07-07,-0.058707884767126996,0.0,0.43286383693747665,48,0.4583333333333333,0.5416666666666666
Indonesia,2023-07-08,0.10540393521743202,0.0,0.446710645281766,16,0.5625,0.4375
Indonesia,2023-07-09,0.042667596521905105,0.0,0.4246933883892981,23,0.5217391304347826,0.4782608695652174
Indonesia,2023-07-10,-0.089564610080162,0.0,0.43332456267225333,44,0.4090909090909091,0.5454545454545454
Indonesia,2023-07-11,-0.09354812198523432,0.0,0.4612320177104919,43,0.3953488372093023,0.5813953488372093
Indonesia,2023-07-12,-0.044301122877089115,0.0,0.36988915798862604,42,0.4523809523809524,0.5238095238095238
Indonesia,2023-07-13,-0.049809947022236296,0.0,0.3603467630415101,48,0.5,0.4791666666666667
Indonesia,2023-07-14,-0.016710713539932892,0.0,0.3303947818914105,31,0.41935483870967744,0.5161290322580645
Indonesia,2023-07-15,0.025970753297658845,0.0,0.39788713789343877,22,0.45454545454545453,0.5454545454545454
Indonesia,2023-07-16,-0.010464862012311749,0.0,0.529817220292513,20,0.5,0.45
Indonesia,2023-07-17,-0.10418630311406875,0.0,0.44858319553846343,33,0.45454545454545453,0.5151515151515151
Indonesia,2023-07-18,0.019478218640128164,0.0,0.42593216288151714,33,0.5757575757575758,0.3939393939393939
Indonesia,2023-07-19,-0.05986781093735665,0.0,0.38887296304592356,28,0.39285714285714285,0.5714285714285714
Indonesia,2023-07-20,-0.20049567201887453,0.0,0.4457450891376494,22,0.4090909090909091,0.5454545454545454
Indonesia,2023-07-21,0.09214787855571878,0.0,0.4179208489034111,29,0.4827586206896552,0.4482758620689655
Indonesia,2023-07-22,-0.013543280076353921,0.0,0.45666571589413196,24,0.4583333333333333,0.5
Indonesia,2023-07-23,-0.09447652809824586,0.0,0.4538623580457419,24,0.4166666666666667,0.5
Indonesia,2023-07-24,0.005347704262620272,0.0,0.35740874242163795,39,0.5897435897435898,0.41025641025641024
Indonesia,2023-07-25,-0.07735765370224366,0.0,0.37785800649658835,47,0.40425531914893614,0.5957446808510638
Indonesia,2023-07-26,-0.12230271683673666,0.0,0.44626102820973695,40,0.45,0.525
Indonesia,2023-07-27,-0.07129104590107918,0.0,0.40711757048550096,38,0.5526315789473685,0.4473684210526316
Indonesia,2023-07-28,-0.007644405943892102,0.0,0.3676741030970745,33,0.5151515151515151,0.45454545454545453
Indonesia,2023-07-29,0.05244151143098255,0.0,0.4125343337431482,26,0.5769230769230769,0.38461538461538464
Indonesia,2023-07-30,-0.0527718075849778,0.0,0.47641343548746007,21,0.47619047619047616,0.5238095238095238
Indonesia,2023-07-31,-0.21774554607642957,0.0,0.4204374185269687,39,0.358974358974359,0.6410256410256411
Indonesia,2023-08-01,-0.20593864415548163,0.0,0.4757272543004043,39,0.28205128205128205,0.6923076923076923
Indonesia,2023-08-02,-0.212631632861038,0.0,0.42086586625525235,42,0.35714285714285715,0.5952380952380952
Indonesia,2023-08-03,0.032772380598553225,0.0,0.3325783421014549,42,0.5238095238095238,0.42857142857142855
Indonesia,2023-08-04,-0.1451338652864865,0.0,0.4478146158827839,34,0.4411764705882353,0.5294117647058824
Indonesia,2023-08-05,0.05549379591417973,0.0,0.3677174992868634,20,0.6,0.4
Indonesia,2023-08-06,0.0006377809431954429,0.0,0.3174138481578317,25,0.56,0.44
Indonesia,2023-08-07,-0.1185740808023735,0.0,0.46019669725817325,53,0.4716981132075472,0.49056603773584906
Indonesia,2023-08-08,-0.09257666326019226,0.0,0.4370518890317213,36,0.3888888888888889,0.6111111111111112
Indonesia,2023-08-09,-0.0027396660738323707,0.0,0.39344215861406345,50,0.54,0.46
Indonesia,2023-08-10,-0.021319659829481332,0.0,0.42786013072773055,42,0.47619047619047616,0.4523809523809524
Indonesia,2023-08-11,-0.13636714300317124,0.0,0.45696226898062553,43,0.5348837209302325,0.4418604651162791
Indonesia,2023-08-12,-0.17313411341562454,0.0,0.46365998636053785,22,0.4090909090909091,0.5909090909090909
Indonesia,2023-08-13,-0.1935866143032193,0.0,0.46811517472468933,37,0.2702702702702703,0.7027027027027027
Indonesia,2023-08-14,-0.09236471311170966,0.0,0.43370624880069775,37,0.4594594594594595,0.4864864864864865
Indonesia,2023-08-15,-0.02828465147428432,0.0,0.3871652379432734,31,0.3870967741935484,0.6129032258064516
Indonesia,2023-08-16,0.0011010220275124534,0.0,0.347712762165313,35,0.6,0.4
Indonesia,2023-08-17,0.17421383610384011,0.0,0.40807006765574655,16,0.625,0.375
Indonesia,2023-08-18,-0.03675212104383388,0.0,0.4227661188454377,16,0.5,0.5
Indonesia,2023-08-19,-0.07510371272294507,0.0,0.5398671698421379,19,0.42105263157894735,0.5789473684210527
Indonesia,2023-08-20,0.16125068922984728,0.0,0.3363001075830389,14,0.5714285714285714,0.42857142857142855
Indonesia,2023-08-21,0.015469655355369266,0.0,0.35633860068054696,29,0.4827586206896552,0.4482758620689655
Indonesia,2023-08-22,-0.027137004709267474,0.0,0.36934177926142214,26,0.38461538461538464,0.5769230769230769
Indonesia,2023-08-23,-0.06242705269611723,0.0,0.3589669272312929,34,0.5,0.47058823529411764
Indonesia,2023-08-24,-0.02483832529554968,0.0,0.3749258361803572,38,0.4473684210526316,0.47368421052631576
Indonesia,2023-08-25,-0.03382074412470425,0.0,0.35813916954057823,46,0.5217391304347826,0.4782608695652174
Indonesia,2023-08-26,-6.412692283152069e-05,0.0,0.5127740108459198,16,0.4375,0.5625
Indonesia,2023-08-27,-0.1427838589877622,0.0,0.46608296459524745,18,0.3888888888888889,0.6111111111111112
Indonesia,2023-08-28,-0.19746417650239698,0.0,0.4739238571285141,40,0.3,0.65
Indonesia,2023-08-29,-0.046034635968908756,0.0,0.40596764913661504,37,0.4594594594594595,0.5135135135135135
Indonesia,2023-08-30,-0.2634704975770394,0.0,0.44620822727113063,35,0.2857142857142857,0.7142857142857143
Indonesia,2023-08-31,-0.0891132064967327,0.0,0.39189856968499115,28,0.5,0.5
Indonesia,2023-09-01,0.00797630646965914,0.0,0.3516727494489449,41,0.5365853658536586,0.3902439024390244
Indonesia,2023-09-02,0.009642752960291646,0.0,0.3487518261698931,20,0.45,0.5
Indonesia,2023-09-03,0.05114551146373241,0.0,0.326571341979906,24,0.625,0.375
Indonesia,2023-09-04,0.07347805412062941,0.0,0.4196294421408316,32,0.59375,0.40625
Indonesia,2023-09-05,0.021732265138314236,0.0,0.34855745773147484,41,0.4878048780487805,0.4878048780487805
Indonesia,2023-09-06,0.08018378996142626,0.0,0.42217801917133685,50,0.68,0.3
Indonesia,2023-09-07,0.1517538284756196,0.0,0.4192244717421888,58,0.6551724137931034,0.3103448275862069
Indonesia,2023-09-08,-0.03289993029793448,0.0,0.432536154034598,40,0.5,0.45
Indonesia,2023-09-09,-0.08338908715871839,0.0,0.46755558965178345,18,0.3888888888888889,0.6111111111111112
Indonesia,2023-09-10,0.1417256310864149,0.0,0.5354873501497653,19,0.631578947368421,0.3684210526315789
Indonesia,2023-09-11,-0.11072051616331571,0.0,0.4256713529481352,40,0.425,0.5
Indonesia,2023-09-12,0.06885758026087749,0.0,0.40253892658867946,36,0.5555555555555556,0.4166666666666667
Indonesia,2023-09-13,-0.03584182348295306,0.0,0.4288695874077241,41,0.4146341463414634,0.5121951219512195
Indonesia,2023-09-14,-0.07393876825048341,0.0,0.37907869378841513,32,0.4375,0.53125
Indonesia,2023-09-15,-0.04104390628846267,0.0,0.3044256648935904,41,0.43902439024390244,0.5121951219512195
Indonesia,2023-09-16,-0.09802763295244012,0.0,0.3181793850116197,19,0.42105263157894735,0.47368421052631576
Indonesia,2023-09-17,0.0745678594591866,0.0,0.30274684581230915,24,0.7083333333333334,0.25
Indonesia,2023-09-18,0.00336644409910074,0.0,0.5076929162767729,33,0.5454545454545454,0.3939393939393939
Indonesia,2023-09-19,-0.11108608834990395,0.0,0.3571439808966871,30,0.26666666666666666,0.6666666666666666
Indonesia,2023-09-20,-0.11269350947339313,0.0,0.5243965609437579,38,0.4473684210526316,0.5263157894736842
Indonesia,2023-09-21,0.03053628781347158,0.0,0.4313143977396471,48,0.5416666666666666,0.4375
Indonesia,2023-09-22,-0.0309416726518017,0.0,0.4043823680351973,28,0.42857142857142855,0.5714285714285714
Indonesia,2023-09-23,0.22681216787136854,0.0,0.4818654345268885,18,0.7222222222222222,0.2777777777777778
Indonesia,2023-09-24,-0.0111332079037292,0.0,0.5532194569167295,20,0.55,0.45
Indonesia,2023-09-25,0.07244726901384323,0.0,0.3708418435380445,40,0.475,0.525
Indonesia,2023-09-26,0.10103238957716237,0.0,0.39092694156189367,44,0.6818181818181818,0.2727272727272727
Indonesia,2023-09-27,-0.09935536591315795,0.0,0.3825288922604196,42,0.38095238095238093,0.5714285714285714
Indonesia,2023-09-28,-0.03136216226295991,0.0,0.28996228348536307,32,0.46875,0.5
Indonesia,2023-09-29,0.0749640281196783,0.0,0.37862722920061537,31,0.6129032258064516,0.3548387096774194
Indonesia,2023-09-30,0.08247910876070165,0.0,0.45632103527889417,20,0.6,0.35
Indonesia,2023-10-01,0.10809246877572991,0.0,0.32568705144564636,19,0.6842105263157895,0.3157894736842105
Indonesia,2023-10-02,0.07437947878735696,0.0,0.34817141497534365,25,0.6,0.24
Indonesia,2023-10-03,-0.00624431440332141,0.0,0.31453164241638026,29,0.4827586206896552,0.41379310344827586
Indonesia,2023-10-04,-0.008940846563040747,0.0,0.39865450585616063,45,0.4222222222222222,0.5555555555555556
Indonesia,2023-10-05,0.0050019296778162844,0.0,0.4482925113370234,42,0.5238095238095238,0.47619047619047616
Indonesia,2023-10-06,-0.020642260121007273,0.0,0.35525456641062875,43,0.5116279069767442,0.4883720930232558
Indonesia,2023-10-07,0.04502341190015984,0.0,0.41778696450034314,27,0.6296296296296297,0.3333333333333333
Indonesia,2023-10-08,0.026042478173091015,0.0,0.43229584720302416,21,0.5714285714285714,0.38095238095238093
Indonesia,2023-10-09,-0.087097816019596,0.0,0.38576157256990834,28,0.4642857142857143,0.5357142857142857
Indonesia,2023-10-10,-0.020112349176990486,0.0,0.42331572584702604,43,0.4883720930232558,0.46511627906976744
Indonesia,2023-10-11,0.08686759883622962,0.0,0.3910434788352374,41,0.5853658536585366,0.36585365853658536
Indonesia,2023-10-12,-0.03502176154708136,0.0,0.4150312911979848,38,0.4473684210526316,0.5526315789473685
Indonesia,2023-10-13,-0.05997873567129362,0.0,0.3665843227294617,40,0.5,0.5
Indonesia,2023-10-14,0.1433583751678785,0.0,0.3780020606979198,26,0.7307692307692307,0.2692307692307692
Indonesia,2023-10-15,0.03002031122035958,0.0,0.3962830925341149,26,0.5769230769230769,0.34615384615384615
Indonesia,2023-10-16,-0.06839328230943045,0.0,0.35405555058565175,39,0.41025641025641024,0.5641025641025641
Indonesia,2023-10-17,0.052692810865144185,0.0,0.3739600855616329,39,0.6666666666666666,0.3333333333333333
Indonesia,2023-10-18,0.06390173912181718,0.0,0.30911569053045435,36,0.6388888888888888,0.3611111111111111
Indonesia,2023-10-19,-0.0506765444811325,0.0,0.41364187671404784,37,0.4594594594594595,0.5135135135135135
Indonesia,2023-10-20,0.04477558369063517,0.0,0.3602376031381147,40,0.525,0.425
Indonesia,2023-10-21,0.3577018714103159,0.0,0.29520961892120423,29,0.8620689655172413,0.06896551724137931
Indonesia,2023-10-22,0.20200031124001439,0.0,0.3686602016930526,23,0.6956521739130435,0.30434782608695654
Indonesia,2023-10-23,-0.20329611532099065,0.0,0.3548329831786465,28,0.25,0.7142857142857143
Indonesia,2023-10-24,-0.10537552978503657,0.0,0.35472299515437805,40,0.425,0.575
Indonesia,2023-10-25,0.11513169814193355,0.0,0.5101122730493948,29,0.6896551724137931,0.3103448275862069
Indonesia,2023-10-26,-0.0648045711715202,0.0,0.46038308248761767,38,0.39473684210526316,0.5526315789473685
Indonesia,2023-10-27,0.02584547696121876,0.0,0.47230967696306675,25,0.6,0.32
Indonesia,2023-10-28,0.2400880943178148,0.0,0.36969265210739327,17,0.7058823529411765,0.29411764705882354
Indonesia,2023-10-29,-0.018778002351681186,0.0,0.43051492929602947,25,0.52,0.48
Indonesia,2023-10-30,0.05145092274317815,0.0,0.3563007694407352,26,0.6153846153846154,0.38461538461538464
Indonesia,2023-10-31,-0.1338906746749505,0.0,0.42770315674212755,36,0.25,0.7222222222222222
Indonesia,2023-11-01,-0.0915243284691478,0.0,0.4294407014616549,50,0.4,0.58
Indonesia,2023-11-02,-0.23147927077367816,0.0,0.37028676485993806,43,0.2558139534883721,0.7441860465116279
Indonesia,2023-11-03,-0.11032533781249519,0.0,0.4261261529616899,30,0.5,0.5
Indonesia,2023-11-04,-0.026063361693196008,0.0,0.34320616484834926,27,0.5185185185185185,0.4444444444444444
Indonesia,2023-11-05,0.0024122059402682957,0.0,0.45569610161413604,22,0.5,0.45454545454545453
Indonesia,2023-11-06,0.020522641140495075,0.0,0.3967961907251633,42,0.47619047619047616,0.47619047619047616
Indonesia,2023-11-07,-0.049825025818678266,0.0,0.44755029980330785,39,0.4358974358974359,0.5128205128205128
Indonesia,2023-11-08,-0.12014538427869795,0.0,0.37087037768623854,36,0.3611111111111111,0.6388888888888888
Indonesia,2023-11-09,0.009192254791888099,0.0,0.34888417486470447,40,0.525,0.475
Indonesia,2023-11-10,-0.14225052616534037,0.0,0.3031886221121894,41,0.3170731707317073,0.6341463414634146
Indonesia,2023-11-11,-0.16619629059704444,0.0,0.46894764014019374,17,0.4117647058823529,0.5882352941176471
Indonesia,2023-11-12,0.06562176114294734,0.0,0.4137678894339674,19,0.5263157894736842,0.42105263157894735
Indonesia,2023-11-13,-0.08927422756585879,0.0,0.41097018030827215,34,0.38235294117647056,0.5882352941176471
Indonesia,2023-11-14,-0.02877928443246389,0.0,0.2964388406908558,55,0.4727272727272727,0.4909090909090909
Indonesia,2023-11-15,0.04269077625480878,0.0,0.4486416212496311,45,0.5555555555555556,0.4222222222222222
Indonesia,2023-11-16,-0.09907101644999014,0.0,0.44830404231282944,40,0.35,0.625
Indonesia,2023-11-17,-0.06340233227709917,0.0,0.3507395155820913,33,0.42424242424242425,0.5454545454545454
Indonesia,2023-11-18,-0.057144702516390325,0.0,0.3913280336839753,22,0.3181818181818182,0.6818181818181818
Indonesia,2023-11-19,-0.21205077131752448,0.0,0.44131832805158816,18,0.3888888888888889,0.6111111111111112
Indonesia,2023-11-20,-0.03873572607761334,0.0,0.4343364747740912,29,0.4482758620689655,0.5172413793103449
Indonesia,2023-11-21,-0.23490828697975266,0.0,0.38220721083516285,25,0.28,0.72
Indonesia,2023-11-22,-0.008185918603337776,0.0,0.32018450309280494,36,0.3888888888888889,0.5277777777777778
Indonesia,2023-11-23,-0.07137639515546276,0.0,0.40619382221016803,44,0.5,0.45454545454545453
Indonesia,2023-11-24,0.07921192279846194,0.0,0.4704899480508058,31,0.5483870967741935,0.45161290322580644
Indonesia,2023-11-25,0.1429889130948293,0.0,0.4703047522732595,11,0.7272727272727273,0.2727272727272727
Indonesia,2023-11-26,0.04905602793171842,0.0,0.4979901139812496,15,0.6,0.4
Indonesia,2023-11-27,0.05380845177069628,0.0,0.3572920535963584,39,0.5384615384615384,0.4358974358974359
Indonesia,2023-11-28,-0.005252838129140408,0.0,0.39731070272082103,40,0.425,0.475
Indonesia,2023-11-29,-0.0231626724913897,0.0,0.3067707719841015,39,0.4358974358974359,0.5128205128205128
Indonesia,2023-11-30,-0.10192015916119376,0.0,0.36527741566256366,38,0.34210526315789475,0.6052631578947368
Indonesia,2023-12-01,-0.04519752180830285,0.0,0.43899062034714825,38,0.5526315789473685,0.42105263157894735
Indonesia,2023-12-02,-0.09233336522357392,0.0,0.44799624089413276,30,0.3333333333333333,0.6333333333333333
Indonesia,2023-12-03,0.10694390952450228,0.0,0.5182646783884917,23,0.6956521739130435,0.30434782608695654
Indonesia,2023-12-04,0.017283164979775306,0.0,0.4828806273330328,27,0.5185185185185185,0.48148148148148145
Indonesia,2023-12-05,-0.0997091986369791,0.0,0.4387083290433115,46,0.45652173913043476,0.5
Indonesia,2023-12-06,0.08581061386920341,0.0,0.4192028482222289,42,0.5952380952380952,0.38095238095238093
Indonesia,2023-12-07,-0.04269734650430053,0.0,0.4438525715811446,45,0.5333333333333333,0.4666666666666667
Indonesia,2023-12-08,-0.09591006861770915,0.0,0.40945629648642035,31,0.3548387096774194,0.6129032258064516
Indonesia,2023-12-09,-0.051061107323963746,0.0,0.3929917777384119,24,0.5,0.5
Indonesia,2023-12-10,-0.0907955974925591,0.0,0.4417203159580355,24,0.4583333333333333,0.5
Indonesia,2023-12-11,0.05964660659419983,0.0,0.4258647825028594,43,0.6046511627906976,0.37209302325581395
Indonesia,2023-12-12,-0.017413305567192817,0.0,0.366398376284947,44,0.5227272727272727,0.4772727272727273
Indonesia,2023-12-13,0.09658169047305548,0.0,0.350141577264699,48,0.5833333333333334,0.4166666666666667
Indonesia,2023-12-14,0.012934089609597167,0.0,0.38836351976644,37,0.5135135135135135,0.4594594594594595
Indonesia,2023-12-15,0.0013081910872547746,0.0,0.4405007168888499,39,0.5128205128205128,0.46153846153846156
Indonesia,2023-12-16,0.046528329242202696,0.0,0.2917889754104188,20,0.65,0.25
Indonesia,2023-12-17,0.12568130723888515,0.0,0.2891850862814002,22,0.6818181818181818,0.18181818181818182
Indonesia,2023-12-18,0.02393758642500354,0.0,0.3870838272958124,41,0.4878048780487805,0.4878048780487805
Indonesia,2023-12-19,0.06123838750672821,0.0,0.40261637389530675,28,0.5357142857142857,0.2857142857142857
Indonesia,2023-12-20,0.049675189734888325,0.0,0.48295344335576235,34,0.5588235294117647,0.4117647058823529
Indonesia,2023-12-21,-0.09914630774996301,0.0,0.4950840301535149,33,0.48484848484848486,0.5151515151515151
Indonesia,2023-12-22,-0.03056798242129298,0.0,0.4133265268781208,35,0.45714285714285713,0.5428571428571428
Indonesia,2023-12-23,-0.06031174089254934,0.0,0.4405206709659709,26,0.4230769230769231,0.5769230769230769
Indonesia,2023-12-24,-0.025942574581330674,0.0,0.5107670807365557,33,0.5151515151515151,0.45454545454545453
Indonesia,2023-12-25,-0.22358798005727212,0.0,0.48302278735499626,19,0.42105263157894735,0.5789473684210527
Indonesia,2023-12-26,-0.26672394859076043,0.0,0.42427536585950276,24,0.3333333333333333,0.625
Indonesia,2023-12-27,-0.11206748884522304,0.0,0.38827352370229523,30,0.4,0.5666666666666667
Indonesia,2023-12-28,-0.10253931031666479,0.0,0.5058972564453219,29,0.3793103448275862,0.6206896551724138
Indonesia,2023-12-29,0.01472759133141133,0.0,0.4492081175808957,35,0.5428571428571428,0.42857142857142855
Indonesia,2023-12-30,-0.004893955276101567,0.0,0.5857339051403981,32,0.4375,0.53125
Indonesia,2023-12-31,-0.06521997632728856,0.0,0.4297479099696396,18,0.5,0.4444444444444444
Indonesia,2024-01-01,-0.24121572081279935,0.0,0.3919016413438407,21,0.2857142857142857,0.7142857142857143
Indonesia,2024-01-02,-0.08528732730977925,0.0,0.4527328367241373,23,0.4782608695652174,0.4782608695652174
Indonesia,2024-01-03,-0.12836308780810113,0.0,0.37871340893795713,27,0.2962962962962963,0.5925925925925926
Indonesia,2024-01-04,-0.1566114177788669,0.0,0.40902314819284835,33,0.2727272727272727,0.6666666666666666
Indonesia,2024-01-05,-0.08721163514574833,0.0,0.49439271857515094,23,0.43478260869565216,0.4782608695652174
Indonesia,2024-01-06,-0.11210649709540899,0.0,0.4627676204730965,23,0.34782608695652173,0.6086956521739131
Indonesia,2024-01-07,0.12349105336923806,0.0,0.4946773387988261,17,0.6470588235294118,0.35294117647058826
Indonesia,2024-01-08,-0.040079913538804544,0.0,0.3553848868167652,43,0.4883720930232558,0.4883720930232558
Indonesia,2024-01-09,-0.17218218177635825,0.0,0.36430150148079204,41,0.34146341463414637,0.6341463414634146
Indonesia,2024-01-10,-0.06494651090785271,0.0,0.39405186421307203,42,0.47619047619047616,0.47619047619047616
Indonesia,2024-01-11,-0.12676901892590595,0.0,0.43654218492085867,36,0.3888888888888889,0.5277777777777778
Indonesia,2024-01-12,0.006819313987892187,0.0,0.4133650699400458,37,0.4594594594594595,0.4864864864864865
Indonesia,2024-01-13,-0.11828533287509727,0.0,0.4709515685565189,21,0.38095238095238093,0.5238095238095238
Indonesia,2024-01-14,0.04863194575408079,0.0,0.37463253039406963,30,0.5,0.5
Indonesia,2024-01-15,-0.09060776379517188,0.0,0.3962715634709607,38,0.3684210526315789,0.5789473684210527
Indonesia,2024-01-16,-0.11308155518955577,0.0,0.42218582068422716,43,0.4418604651162791,0.5581395348837209
Indonesia,2024-01-17,-0.09737799492385955,0.0,0.46913977516896677,41,0.4878048780487805,0.5121951219512195
Indonesia,2024-01-18,-0.14495320976250314,0.0,0.4310689391754225,34,0.4117647058823529,0.5588235294117647
Indonesia,2024-01-19,0.019172902829717557,0.0,0.3216872395135919,30,0.5333333333333333,0.4666666666666667
Indonesia,2024-01-20,-0.21909410730768963,0.0,0.4086546684131487,22,0.36363636363636365,0.5909090909090909
Indonesia,2024-01-21,-0.24058485343128816,0.0,0.3133640486362647,30,0.23333333333333334,0.7333333333333333
Indonesia,2024-01-22,0.07211819123247429,0.0,0.4302565936390741,39,0.5897435897435898,0.38461538461538464
Indonesia,2024-01-23,-0.015429161379815329,0.0,0.4044929201814691,49,0.4897959183673469,0.42857142857142855
Indonesia,2024-01-24,-0.013545485366096783,0.0,0.3713175034636966,32,0.59375,0.40625
Indonesia,2024-01-25,0.06741967334402785,0.0,0.385370213006488,32,0.5625,0.4375
Indonesia,2024-01-26,0.024292270905261815,0.0,0.4865196288860334,36,0.5277777777777778,0.4444444444444444
Indonesia,2024-01-27,-0.03399852717150078,0.0,0.3486998993170033,17,0.47058823529411764,0.47058823529411764
Indonesia,2024-01-28,0.011861653232525821,0.0,0.23637844002439268,25,0.52,0.44
Indonesia,2024-01-29,0.08824318679212809,0.0,0.35270256396393634,34,0.5294117647058824,0.4117647058823529
Indonesia,2024-01-30,-0.10523062322556433,0.0,0.4202091852957132,45,0.4444444444444444,0.5333333333333333
Indonesia,2024-01-31,-0.007832058944865487,0.0,0.37893355591501615,36,0.4166666666666667,0.5833333333333334
Indonesia,2024-02-01,0.04208445530722591,0.0,0.42895540707371344,37,0.4864864864864865,0.4594594594594595
Indonesia,2024-02-02,-0.0375916879319915,0.0,0.4109597838286671,37,0.5405405405405406,0.40540540540540543
Indonesia,2024-02-03,-0.08573174523490448,0.0,0.37951202505498965,16,0.5,0.5
Indonesia,2024-02-04,-0.056141302411194485,0.0,0.45831154490240744,29,0.4482758620689655,0.5517241379310345
Indonesia,2024-02-05,0.13448823432759974,0.0,0.39953594856354757,48,0.6458333333333334,0.3333333333333333
Indonesia,2024-02-06,-0.10600749388801452,0.0,0.4189794107544407,50,0.46,0.54
Indonesia,2024-02-07,0.06958814215869426,0.0,0.3861613446101927,42,0.5952380952380952,0.38095238095238093
Indonesia,2024-02-08,-0.014093431001481796,0.0,0.42870395924933025,38,0.5789473684210527,0.42105263157894735
Indonesia,2024-02-09,0.07645904198700905,0.0,0.40053218360802495,33,0.5151515151515151,0.48484848484848486
Indonesia,2024-02-10,0.10357622531839189,0.0,0.3600436573260789,17,0.5294117647058824,0.47058823529411764
Indonesia,2024-02-11,-0.019425248284910702,0.0,0.38275507140717596,18,0.5555555555555556,0.4444444444444444
Indonesia,2024-02-12,0.02667042633213212,0.0,0.4230661138525838,33,0.5757575757575758,0.3939393939393939
Indonesia,2024-02-13,-0.0004497681423061894,0.0,0.32244324407271,35,0.42857142857142855,0.5714285714285714
Indonesia,2024-02-14,0.008723561756000935,0.0,0.28804983975168913,31,0.4838709677419355,0.45161290322580644
Indonesia,2024-02-15,0.11694243126475055,0.0,0.3122767089182881,34,0.5882352941176471,0.4117647058823529
Indonesia,2024-02-16,-0.11660411641834725,0.0,0.43576770433878537,46,0.43478260869565216,0.45652173913043476
Indonesia,2024-02-17,-0.10990643107743268,0.0,0.3809677610337873,19,0.3684210526315789,0.47368421052631576
Indonesia,2024-02-18,0.07133839699566638,0.0,0.39296093556790707,24,0.5,0.5
Indonesia,2024-02-19,0.10964461338337954,0.0,0.3936549875858529,46,0.5652173913043478,0.391304347826087
Indonesia,2024-02-20,-0.05280761110600677,0.0,0.41558021840752774,41,0.5121951219512195,0.4146341463414634
Indonesia,2024-02-21,-0.05696673216223269,0.0,0.4228253064791303,48,0.4583333333333333,0.4583333333333333
Indonesia,2024-02-22,-0.05433889421920686,0.0,0.4017315207392283,51,0.45098039215686275,0.5098039215686274
Indonesia,2024-02-23,-0.02485580953102729,0.0,0.3569418536553234,32,0.5625,0.4375
Indonesia,2024-02-24,0.09421028618431562,0.0,0.4217063014269397,18,0.5,0.4444444444444444
Indonesia,2024-02-25,-0.07914702340929872,0.0,0.3962286766267452,27,0.37037037037037035,0.5555555555555556
Indonesia,2024-02-26,-0.0601876256772223,0.0,0.4399878845604913,40,0.425,0.525
Indonesia,2024-02-27,-0.03831561563822642,0.0,0.5181935034486516,42,0.5476190476190477,0.4523809523809524
Indonesia,2024-02-28,-0.13206374115584946,0.0,0.3196583080905241,29,0.3103448275862069,0.5517241379310345
Indonesia,2024-02-29,-0.11586305807581719,0.0,0.4649342615424834,39,0.4358974358974359,0.5384615384615384
Indonesia,2024-03-01,-0.02469709819372631,0.0,0.36623828205623304,42,0.5,0.4523809523809524
Indonesia,2024-03-02,0.058783151952868797,0.0,0.37650259302278144,21,0.5238095238095238,0.47619047619047616
Indonesia,2024-03-03,0.07980966420675038,0.0,0.36727991742994853,24,0.5416666666666666,0.4583333333333333
Indonesia,2024-03-04,-0.056478437286732894,0.0,0.3202210896931444,26,0.46153846153846156,0.5
Indonesia,2024-03-05,0.03481078399197634,0.0,0.3760023582736527,36,0.5277777777777778,0.4444444444444444
Indonesia,2024-03-06,-0.02274699810782123,0.0,0.3364443656774695,33,0.45454545454545453,0.48484848484848486
Indonesia,2024-03-07,-0.11937815318648987,0.0,0.4483423556919499,32,0.4375,0.5
Indonesia,2024-03-08,0.00986403010912293,0.0,0.4678437501702354,42,0.5,0.4523809523809524
Indonesia,2024-03-09,-0.027781044122964994,0.0,0.48167373390125906,22,0.5,0.4090909090909091
Indonesia,2024-03-10,0.06540206477374562,0.0,0.46805656521721745,20,0.4,0.55
Indonesia,2024-03-11,0.00987617200533755,0.0,0.5982202749082102,30,0.5,0.4666666666666667
Indonesia,2024-03-12,-0.01480528081514998,0.0,0.4445607332509299,32,0.5625,0.4375
Indonesia,2024-03-13,-0.09208754656269183,0.0,0.41883981589452385,36,0.4166666666666667,0.5
Indonesia,2024-03-14,-0.13638967489362258,0.0,0.38849676123893634,49,0.3469387755102041,0.6530612244897959
Indonesia,2024-03-15,-0.14438058391663472,0.0,0.3235749588629745,37,0.2972972972972973,0.6756756756756757
Indonesia,2024-03-16,-0.08686277056892829,0.0,0.425832790636468,19,0.5263157894736842,0.47368421052631576
Indonesia,2024-03-17,-0.061855221654260335,0.0,0.4091629817886774,24,0.375,0.5416666666666666
Indonesia,2024-03-18,-0.13544798036532538,0.0,0.3452779090854803,35,0.34285714285714286,0.5714285714285714
Indonesia,2024-03-19,-0.06808302931039834,0.0,0.5267523406336299,48,0.4166666666666667,0.5208333333333334
Indonesia,2024-03-20,-0.044534354973455356,0.0,0.4353401143801965,45,0.4222222222222222,0.5555555555555556
Indonesia,2024-03-21,-0.12619203477363294,0.0,0.45227355218795895,35,0.37142857142857144,0.5428571428571428
Indonesia,2024-03-22,-0.01885544148403873,0.0,0.3692918085668272,47,0.44680851063829785,0.5106382978723404
Indonesia,2024-03-23,0.003789711122872408,0.0,0.40405960794463425,20,0.55,0.45
Indonesia,2024-03-24,-0.09300224501943262,0.0,0.4180327447556032,19,0.5263157894736842,0.42105263157894735
Indonesia,2024-03-25,-0.05965299967421693,0.0,0.37936290680168344,38,0.47368421052631576,0.42105263157894735
Indonesia,2024-03-26,-0.09156912516177725,0.0,0.4724837497139478,42,0.3333333333333333,0.6428571428571429
Indonesia,2024-03-27,-0.01983648909758672,0.0,0.4309462749691877,45,0.4444444444444444,0.5333333333333333
Indonesia,2024-03-28,-0.0945326375204697,0.0,0.4028397409420805,34,0.4411764705882353,0.5294117647058824
Indonesia,2024-03-29,-0.29073014941108993,0.0,0.529803995216013,25,0.28,0.68
Indonesia,2024-03-30,-0.031893508690422484,0.0,0.4239946451958414,24,0.4583333333333333,0.5
Indonesia,2024-03-31,-0.023061342203005566,0.0,0.4504418620760799,18,0.4444444444444444,0.5
Indonesia,2024-04-01,-0.03862219837052858,0.0,0.4849820899645413,55,0.38181818181818183,0.6181818181818182
Indonesia,2024-04-02,0.05159141579096686,0.0,0.4536721479743425,52,0.5576923076923077,0.36538461538461536
Indonesia,2024-04-03,-0.05929979553157207,0.0,0.38274763682105445,53,0.5094339622641509,0.4716981132075472
Indonesia,2024-04-04,-0.061421484941105095,0.0,0.3279098616027998,52,0.4230769230769231,0.5384615384615384
Indonesia,2024-04-05,0.03863476322839802,0.0,0.3677924333744977,44,0.5681818181818182,0.4090909090909091
Indonesia,2024-04-06,-0.1357390974973391,0.0,0.298036086729293,21,0.38095238095238093,0.6190476190476191
Indonesia,2024-04-07,-0.15228376200389962,0.0,0.4780548986893591,18,0.2777777777777778,0.7222222222222222
Indonesia,2024-04-08,-0.08902711397565179,0.0,0.37085778735085345,33,0.3939393939393939,0.6060606060606061
Indonesia,2024-04-09,-0.15978970272536056,0.0,0.42393109106069343,24,0.375,0.5
Indonesia,2024-04-10,0.12328829861254013,0.0,0.47079337897968054,24,0.7083333333333334,0.25
Indonesia,2024-04-11,0.03652625323947774,0.0,0.28494462666140924,16,0.625,0.3125
Indonesia,2024-04-12,-0.053591162368282805,0.0,0.5134207144803248,18,0.5555555555555556,0.3888888888888889
Indonesia,2024-04-13,-0.1283689254015666,0.0,0.5478321707610327,10,0.4,0.5
Indonesia,2024-04-14,-0.3420473279862174,0.0,0.34126779082777914,7,0.14285714285714285,0.8571428571428571
Indonesia,2024-04-15,-0.06664437760443347,0.0,0.5354041379295265,23,0.43478260869565216,0.4782608695652174
Indonesia,2024-04-16,-0.1617290449129674,0.0,0.3801559411712362,29,0.27586206896551724,0.6896551724137931
Indonesia,2024-04-17,-0.19634311896310647,0.0,0.3766382943793567,41,0.24390243902439024,0.7073170731707317
Indonesia,2024-04-18,-0.16910246695706008,0.0,0.40136228716478134,55,0.2909090909090909,0.6727272727272727
Indonesia,2024-04-19,-0.11563951703339712,0.0,0.40744720946732593,30,0.36666666666666664,0.5666666666666667
Indonesia,2024-04-20,-0.04307335866352675,0.0,0.43541717406157154,27,0.4444444444444444,0.5555555555555556
Indonesia,2024-04-21,0.13692753864153256,0.0,0.3697017593787617,25,0.68,0.32
Indonesia,2024-04-22,-0.01622619721717295,0.0,0.411128188443143,39,0.5128205128205128,0.4358974358974359
Indonesia,2024-04-23,-0.05907537702993736,0.0,0.411831270696894,50,0.44,0.52
Indonesia,2024-04-24,-0.06931315167520366,0.0,0.46176155842200384,45,0.5111111111111111,0.4888888888888889
Indonesia,2024-04-25,0.0005394472727916728,0.0,0.34811353334880746,37,0.4864864864864865,0.5135135135135135
Indonesia,2024-04-26,0.019505140434667556,0.0,0.4585071346333131,38,0.4473684210526316,0.5263157894736842
Indonesia,2024-04-27,-0.03316385878950003,0.0,0.34369514589849737,29,0.3793103448275862,0.5862068965517241
Indonesia,2024-04-28,-0.015346091478213753,0.0,0.3024188649588848,23,0.5217391304347826,0.4782608695652174
Indonesia,2024-04-29,-0.07462260954432377,0.0,0.3869241107879941,45,0.4,0.6
Indonesia,2024-04-30,0.040869519691767615,0.0,0.3635258845799567,37,0.4594594594594595,0.4864864864864865
Indonesia,2024-05-01,-0.007239079373457272,0.0,0.39223313113720076,32,0.5,0.5
Indonesia,2024-05-02,-0.09051561294093588,0.0,0.3725397153744456,35,0.37142857142857144,0.4857142857142857
Indonesia,2024-05-03,0.008959056559985764,0.0,0.400734302644059,39,0.46153846153846156,0.48717948717948717
Indonesia,2024-05-04,-0.17253232381397213,0.0,0.3645531746144637,20,0.4,0.6
Indonesia,2024-05-05,-0.05011031766232435,0.0,0.4771941671377877,22,0.45454545454545453,0.5
Indonesia,2024-05-06,0.0057744077808061,0.0,0.4859931787967781,42,0.5476190476190477,0.42857142857142855
Indonesia,2024-05-07,-0.11125343201757133,0.0,0.3423039515942711,30,0.43333333333333335,0.5666666666666667
Indonesia,2024-05-08,0.001095776449607979,0.0,0.4065806163728514,32,0.40625,0.5625
Indonesia,2024-05-09,0.08090960994374181,0.0,0.38268221452493983,35,0.6571428571428571,0.34285714285714286
Indonesia,2024-05-10,0.08509820010411794,0.0,0.48153631989780354,28,0.5357142857142857,0.4642857142857143
Indonesia,2024-05-11,-0.10686963003594657,0.0,0.5102798461822403,23,0.391304347826087,0.5652173913043478
Indonesia,2024-05-12,-0.3622758927602999,0.0,0.4298475612671561,26,0.19230769230769232,0.7692307692307693
Indonesia,2024-05-13,-0.11350501198692958,0.0,0.5393192685030492,47,0.425531914893617,0.425531914893617
Indonesia,2024-05-14,-0.15664002328426035,0.0,0.4092268510316505,57,0.40350877192982454,0.5087719298245614
Indonesia,2024-05-15,-0.20711300566258592,0.0,0.425042193185992,46,0.32608695652173914,0.5869565217391305
Indonesia,2024-05-16,0.05135767721893198,0.0,0.47095199116568265,48,0.5208333333333334,0.3541666666666667
Indonesia,2024-05-17,-0.0099568607433352,0.0,0.40629960512250474,29,0.5862068965517241,0.41379310344827586
Indonesia,2024-05-18,-0.08733840255659817,0.0,0.38381621440478403,20,0.45,0.45
Indonesia,2024-05-19,-0.01582059940476747,0.0,0.39261769861855067,33,0.5151515151515151,0.42424242424242425
Indonesia,2024-05-20,0.03317321436785541,0.0,0.41615935468449367,39,0.5641025641025641,0.41025641025641024
Indonesia,2024-05-21,0.05888233744457441,0.0,0.40338819891597416,39,0.46153846153846156,0.48717948717948717
Indonesia,2024-05-22,0.011104890856705917,0.0,0.48430145667340474,25,0.44,0.56
Indonesia,2024-05-23,-0.05749364121181892,0.0,0.46733945237227714,25,0.48,0.52
Indonesia,2024-05-24,-0.18578741390828368,0.0,0.4223341110055657,18,0.3888888888888889,0.6111111111111112
Indonesia,2024-05-25,-0.05196026743273075,0.0,0.5067420660167007,19,0.5789473684210527,0.3684210526315789
Indonesia,2024-05-26,-0.06675251060071917,0.0,0.37360806337801095,15,0.4,0.6
Indonesia,2024-05-27,0.01467759703258191,0.0,0.4077204822160033,37,0.5405405405405406,0.3783783783783784
Indonesia,2024-05-28,0.015367456602282437,0.0,0.3658293578121128,31,0.5161290322580645,0.3870967741935484
Indonesia,2024-05-29,-0.22667176146190532,0.0,0.4564671953226842,40,0.35,0.65
Indonesia,2024-05-30,0.0003419546575657835,0.0,0.48191297272994404,36,0.5,0.5
Indonesia,2024-05-31,0.021743195692922164,0.0,0.41818565737642105,32,0.4375,0.46875
Indonesia,2024-06-01,0.03357154137487863,0.0,0.44934186979901186,23,0.4782608695652174,0.4782608695652174
Indonesia,2024-06-02,-0.0900048201649294,0.0,0.3843264422888939,13,0.5384615384615384,0.46153846153846156
Indonesia,2024-06-03,-0.03269291423433382,0.0,0.4090493577825061,44,0.5454545454545454,0.45454545454545453
Indonesia,2024-06-04,-0.07066851867512355,0.0,0.44801503294992534,43,0.3953488372093023,0.5813953488372093
Indonesia,2024-06-05,-0.04397228460419681,0.0,0.42602953176386776,39,0.4358974358974359,0.5384615384615384
Indonesia,2024-06-06,-0.07604094832566903,0.0,0.4468486675149189,30,0.4666666666666667,0.5333333333333333
Indonesia,2024-06-07,0.026777358646037832,0.0,0.4279418273902549,39,0.5128205128205128,0.4358974358974359
Indonesia,2024-06-08,-0.09859240609960203,0.0,0.35541830831884497,30,0.36666666666666664,0.6
Indonesia,2024-06-09,-0.08141200406192484,0.0,0.35994847747460745,23,0.391304347826087,0.5652173913043478
Indonesia,2024-06-10,0.02669979448004418,0.0,0.4104880954595376,43,0.5581395348837209,0.4418604651162791
Indonesia,2024-06-11,-0.02434127495023133,0.0,0.5433371033304649,34,0.5,0.47058823529411764
Indonesia,2024-06-12,-0.0833486691106085,0.0,0.4025126995375712,44,0.4318181818181818,0.5681818181818182
Indonesia,2024-06-13,-0.0434586863215437,0.0,0.4551587688628354,26,0.46153846153846156,0.5
Indonesia,2024-06-14,-0.04669726131309917,0.0,0.4036917003121613,39,0.38461538461538464,0.5897435897435898
Indonesia,2024-06-15,0.020243584877741572,0.0,0.4179429398512191,18,0.4444444444444444,0.4444444444444444
Indonesia,2024-06-16,-0.19524657493422007,0.0,0.39544466673437473,29,0.3103448275862069,0.6896551724137931
Indonesia,2024-06-17,-0.031669057024032596,0.0,0.3684671873872937,20,0.4,0.6
Indonesia,2024-06-18,-0.13404457736371128,0.0,0.3741431759229741,26,0.2692307692307692,0.7307692307692307
Indonesia,2024-06-19,-0.14043501344970924,0.0,0.4818215694421216,52,0.3269230769230769,0.6730769230769231
Indonesia,2024-06-20,-0.11814375027499582,0.0,0.5129972434710298,35,0.4,0.5428571428571428
Indonesia,2024-06-21,-0.02720607497629179,0.0,0.4087988790103459,41,0.4634146341463415,0.5121951219512195
Indonesia,2024-06-22,-0.13458568813692867,0.0,0.43576762782732414,22,0.4090909090909091,0.5909090909090909
Indonesia,2024-06-23,-0.027503456239249845,0.0,0.5496846984955668,34,0.4117647058823529,0.5
Indonesia,2024-06-24,-0.1331584587226001,0.0,0.45324316158016426,38,0.34210526315789475,0.6052631578947368
Indonesia,2024-06-25,-0.15289583762457518,0.0,0.4239708337397339,55,0.34545454545454546,0.6363636363636364
Indonesia,2024-06-26,-0.031013601942435746,0.0,0.4392684334015937,39,0.48717948717948717,0.48717948717948717
Indonesia,2024-06-27,-0.036368662267646845,0.0,0.460192572280312,40,0.425,0.55
Indonesia,2024-06-28,-0.03462027005561619,0.0,0.4677464126310779,32,0.5,0.4375
Indonesia,2024-06-29,0.04617714333763896,0.0,0.44698331918649414,21,0.42857142857142855,0.38095238095238093
Indonesia,2024-06-30,0.1411481893151211,0.0,0.44467971708201814,28,0.6071428571428571,0.2857142857142857
Indonesia,2024-07-01,0.16385729002681465,0.0,0.4254222299205622,23,0.6956521739130435,0.30434782608695654
Indonesia,2024-07-02,0.0805385767162352,0.0,0.39091165242601844,33,0.5757575757575758,0.42424242424242425
Indonesia,2024-07-03,-0.10743666796651982,0.0,0.42428101534582,40,0.425,0.525
Indonesia,2024-07-04,0.06308888202854342,0.0,0.4059737746552066,43,0.6046511627906976,0.37209302325581395
Indonesia,2024-07-05,-0.10864795692618925,0.0,0.4154359904846481,31,0.45161290322580644,0.5483870967741935
Indonesia,2024-07-06,0.14532489094729228,0.0,0.45839603766414455,17,0.7647058823529411,0.23529411764705882
Indonesia,2024-07-07,0.02390346506604236,0.0,0.5031467370829552,19,0.5263157894736842,0.47368421052631576
Indonesia,2024-07-08,-0.21193467978304031,0.0,0.413581300102877,58,0.3275862068965517,0.6551724137931034
Indonesia,2024-07-09,-0.15306292461980228,0.0,0.37522737815133284,34,0.29411764705882354,0.6470588235294118
Indonesia,2024-07-10,-0.057087537285350466,0.0,0.4537785994560482,45,0.4,0.6
Indonesia,2024-07-11,-0.06851762452269985,0.0,0.47388179617066356,49,0.42857142857142855,0.5102040816326531
Indonesia,2024-07-12,0.0566326519910395,0.0,0.4595741300250931,39,0.5897435897435898,0.358974358974359
Indonesia,2024-07-13,-0.023260496445658963,0.0,0.5136491598157324,22,0.4090909090909091,0.5909090909090909
Indonesia,2024-07-14,0.01519203226359892,0.0,0.41548263232010896,24,0.5,0.4583333333333333
Indonesia,2024-07-15,-0.17882833902708356,0.0,0.49136560486012193,21,0.38095238095238093,0.6190476190476191
Indonesia,2024-07-16,-0.11596390978658293,0.0,0.43468797358159306,33,0.36363636363636365,0.6060606060606061
Indonesia,2024-07-17,0.005049004193954961,0.0,0.4026473365715353,33,0.5151515151515151,0.48484848484848486
Indonesia,2024-07-18,-0.006948860303157631,0.0,0.48824179344037344,34,0.47058823529411764,0.5
Indonesia,2024-07-19,0.1075996622245345,0.0,0.3808619533207111,28,0.5714285714285714,0.39285714285714285
Indonesia,2024-07-20,0.2247161988870575,0.0,0.38086428588958493,25,0.8,0.2
Indonesia,2024-07-21,-0.06938190990510958,0.0,0.5315101989407736,19,0.3684210526315789,0.631578947368421
Indonesia,2024-07-22,0.008467665343987914,0.0,0.4236009916561529,35,0.5142857142857142,0.45714285714285713
Indonesia,2024-07-23,0.1630542314086006,0.0,0.3737925333240075,22,0.6818181818181818,0.2727272727272727
Indonesia,2024-07-24,-0.06662578372332854,0.0,0.3619241486945456,42,0.3333333333333333,0.6190476190476191
Indonesia,2024-07-25,-0.15788622567664237,0.0,0.4499381818207698,35,0.37142857142857144,0.5714285714285714
Indonesia,2024-07-26,-0.06884802020553057,0.0,0.3988234409598835,44,0.4772727272727273,0.4772727272727273
Indonesia,2024-07-27,0.17374167716424643,0.0,0.3367906160109291,23,0.6521739130434783,0.34782608695652173
Indonesia,2024-07-28,0.03630837896650343,0.0,0.36962302187788343,23,0.6086956521739131,0.391304347826087
Indonesia,2024-07-29,0.11762810307252444,0.0,0.47760282597437015,37,0.6486486486486487,0.32432432432432434
Indonesia,2024-07-30,-0.1563699754182597,0.0,0.49323010714468635,35,0.4,0.5714285714285714
Indonesia,2024-07-31,-0.043800776153432516,0.0,0.39007623436767264,34,0.38235294117647056,0.47058823529411764
Indonesia,2024-08-01,-0.05967458788827105,0.0,0.37117764763518807,48,0.5,0.5
Indonesia,2024-08-02,0.036100213476796914,0.0,0.5487499848057046,44,0.4772727272727273,0.4772727272727273
Indonesia,2024-08-03,0.1142972743579603,0.0,0.3749724565098095,20,0.55,0.35
Indonesia,2024-08-04,0.08092130781740657,0.0,0.4243955290460717,21,0.6190476190476191,0.3333333333333333
Indonesia,2024-08-05,-0.05686556752553598,0.0,0.4632050350575715,24,0.4166666666666667,0.5833333333333334
Indonesia,2024-08-06,-0.16762941335534234,0.0,0.48977378876586686,35,0.3142857142857143,0.6857142857142857
Indonesia,2024-08-07,-0.07160353538921405,0.0,0.4352988909950116,34,0.4411764705882353,0.5294117647058824
Indonesia,2024-08-08,0.053316549453631464,0.0,0.41262679238462086,39,0.6410256410256411,0.358974358974359
Indonesia,2024-08-09,0.14705673794562757,0.0,0.44287021235572327,27,0.6666666666666666,0.2962962962962963
Indonesia,2024-08-10,0.09091177501618528,0.0,0.37893392615802657,20,0.7,0.3
Indonesia,2024-08-11,0.11651843916782045,0.0,0.4731712306177846,19,0.5789473684210527,0.3157894736842105
Indonesia,2024-08-12,0.025069336417700712,0.0,0.4530223408439578,40,0.45,0.5
Indonesia,2024-08-13,-0.07935849952933859,0.0,0.5165737514590972,43,0.3953488372093023,0.5581395348837209
Indonesia,2024-08-14,0.0031176095794494298,0.0,0.45880152263549456,37,0.4864864864864865,0.4864864864864865
Indonesia,2024-08-15,-0.08192004698724074,0.0,0.5094738219811102,46,0.41304347826086957,0.5869565217391305
Indonesia,2024-08-16,-0.02617169782946756,0.0,0.45546812283593024,33,0.5454545454545454,0.3939393939393939
Indonesia,2024-08-17,0.25892975151429326,0.0,0.38931028252695327,28,0.8571428571428571,0.14285714285714285
Indonesia,2024-08-18,0.026070276530498225,0.0,0.35275235030122204,22,0.5454545454545454,0.4090909090909091
Indonesia,2024-08-19,0.12031353703258728,0.0,0.49475542116167726,31,0.5806451612903226,0.41935483870967744
Indonesia,2024-08-20,0.043903012981744545,0.0,0.5156804164009587,44,0.5227272727272727,0.45454545454545453
Indonesia,2024-08-21,-0.07209505757335952,0.0,0.4255093490365586,32,0.4375,0.5625
Indonesia,2024-08-22,-0.06874591090328065,0.0,0.4312954727529533,30,0.36666666666666664,0.6333333333333333
Indonesia,2024-08-23,0.0035671986929401833,0.0,0.492632573909588,30,0.5,0.5
Indonesia,2024-08-24,-0.1041831037008987,0.0,0.48256077198017283,18,0.4444444444444444,0.5555555555555556
Indonesia,2024-08-25,0.2629568482878177,0.0,0.5294144843891972,20,0.7,0.3
Indonesia,2024-08-26,-0.03046830595999193,0.0,0.30558261985778157,26,0.6153846153846154,0.38461538461538464
Indonesia,2024-08-27,0.04646768170407139,0.0,0.5065310007481868,34,0.5588235294117647,0.4117647058823529
Indonesia,2024-08-28,0.1018983281924441,0.0,0.3817227412085914,43,0.627906976744186,0.3023255813953488
Indonesia,2024-08-29,0.015755521947426403,0.0,0.36940817163487505,30,0.5666666666666667,0.43333333333333335
Indonesia,2024-08-30,0.1820409455617609,0.0,0.41976906118967666,46,0.6304347826086957,0.32608695652173914
Indonesia,2024-08-31,0.07086055199136619,0.0,0.39869576625143627,36,0.5833333333333334,0.3333333333333333
Indonesia,2024-09-01,0.10096266497419965,0.0,0.4263542482107884,36,0.6111111111111112,0.3333333333333333
Indonesia,2024-09-02,0.09116478606817759,0.0,0.3823148938373788,37,0.5945945945945946,0.3783783783783784
Indonesia,2024-09-03,-0.011351342557584824,0.0,0.4481661263933129,45,0.4666666666666667,0.4666666666666667
Indonesia,2024-09-04,0.1703030017711361,0.0,0.39324807069963014,44,0.7045454545454546,0.25
Indonesia,2024-09-05,0.005420332571787816,0.0,0.3118804383570241,45,0.5333333333333333,0.4222222222222222
Indonesia,2024-09-06,0.02009515584681347,0.0,0.42322321802017177,42,0.5238095238095238,0.35714285714285715
Indonesia,2024-09-07,-0.010797056061428698,0.0,0.43179439539866415,28,0.5357142857142857,0.42857142857142855
Indonesia,2024-09-08,-0.13633607674455647,0.0,0.29964903875531923,20,0.25,0.65
Indonesia,2024-09-09,-0.03502001700915077,0.0,0.347413782728104,39,0.41025641025641024,0.5897435897435898
Indonesia,2024-09-10,0.12199947646871538,0.0,0.38373950060449774,33,0.6363636363636364,0.36363636363636365
Indonesia,2024-09-11,-0.03497567234373508,0.0,0.41729807219249765,36,0.5833333333333334,0.3888888888888889
Indonesia,2024-09-12,-0.01553044554955003,0.0,0.4413674893841309,40,0.575,0.375
Indonesia,2024-09-13,0.03145952923321361,0.0,0.4140601957557272,34,0.5,0.47058823529411764
Indonesia,2024-09-14,-0.0016533683990192615,0.0,0.25911462873606694,20,0.35,0.65
Indonesia,2024-09-15,0.14787443809431838,0.0,0.37457719343664747,17,0.7058823529411765,0.23529411764705882
Indonesia,2024-09-16,-0.008454359497293042,0.0,0.36258007736539904,26,0.5,0.4230769230769231
Indonesia,2024-09-17,-0.0339336356825632,0.0,0.3973817598795619,29,0.4482758620689655,0.5172413793103449
Indonesia,2024-09-18,0.05544214728692553,0.0,0.48289344725565975,53,0.5283018867924528,0.4528301886792453
Indonesia,2024-09-19,0.15895954203476217,0.0,0.4480181523095812,34,0.5882352941176471,0.38235294117647056
Indonesia,2024-09-20,0.0680275866175918,0.0,0.4340947664609851,43,0.5813953488372093,0.3488372093023256
Indonesia,2024-09-21,0.06961764060988641,0.0,0.3588165076958614,28,0.4642857142857143,0.32142857142857145
Indonesia,2024-09-22,0.18481983760972873,0.0,0.342089835864392,28,0.8214285714285714,0.14285714285714285
Indonesia,2024-09-23,0.017523123276637433,0.0,0.4599269931934166,41,0.6097560975609756,0.36585365853658536
Indonesia,2024-09-24,0.11607703781030079,0.0,0.43542731541713575,40,0.65,0.35
Indonesia,2024-09-25,0.1206480385318037,0.0,0.4059199280067749,31,0.6774193548387096,0.3225806451612903
Indonesia,2024-09-26,0.13285688667055048,0.0,0.3882674717370573,37,0.6756756756756757,0.2702702702702703
Indonesia,2024-09-27,-0.1891312536201364,0.0,0.4824460362529264,28,0.2857142857142857,0.7142857142857143
Indonesia,2024-09-28,0.13321196589530504,0.0,0.34517640185723997,17,0.7647058823529411,0.23529411764705882
Indonesia,2024-09-29,0.0899543640022588,0.0,0.41180567588493855,16,0.5625,0.4375
Indonesia,2024-09-30,-0.03714183793536385,0.0,0.4476523491009582,33,0.48484848484848486,0.5151515151515151
Indonesia,2024-10-01,0.009599661197004035,0.0,0.43635424030547143,36,0.4722222222222222,0.4722222222222222
Indonesia,2024-10-02,-0.005020222374310131,0.0,0.5110619659687984,33,0.6363636363636364,0.36363636363636365
Indonesia,2024-10-03,0.05548017184004035,0.0,0.3473028177704076,33,0.5757575757575758,0.30303030303030304
Indonesia,2024-10-04,0.002157062930225971,0.0,0.4842805461996946,34,0.4411764705882353,0.5
Indonesia,2024-10-05,0.09322448283553272,0.0,0.3833354866110356,14,0.5,0.42857142857142855
Indonesia,2024-10-06,0.05042957975114786,0.0,0.49051944403459535,19,0.631578947368421,0.3684210526315789
Indonesia,2024-10-07,0.07261324676186356,0.0,0.34274116850901204,21,0.5238095238095238,0.47619047619047616
Indonesia,2024-10-08,0.003852195464852925,0.0,0.45798732510186974,35,0.5142857142857142,0.45714285714285713
Indonesia,2024-10-09,0.03950039732374196,0.0,0.4387338011467341,45,0.5777777777777777,0.37777777777777777
Indonesia,2024-10-10,-0.08057887686374597,0.0,0.5074202985051962,46,0.5,0.4782608695652174
Indonesia,2024-10-11,0.08784441267853159,0.0,0.3961310348881984,28,0.6428571428571429,0.32142857142857145
Indonesia,2024-10-12,0.05843772009435265,0.0,0.35220277310062986,29,0.4827586206896552,0.4827586206896552
Indonesia,2024-10-13,0.037995545957892875,0.0,0.4149639803891592,16,0.5,0.5
Indonesia,2024-10-14,0.06895197884979874,0.0,0.3830411830373122,44,0.6818181818181818,0.29545454545454547
Indonesia,2024-10-15,0.01277126714276391,0.0,0.3532001556400801,31,0.5161290322580645,0.45161290322580644
Indonesia,2024-10-16,0.07346192101623865,0.0,0.3911315071724093,27,0.6296296296296297,0.37037037037037035
Indonesia,2024-10-17,0.19557948301262804,0.0,0.3802940049753958,23,0.7391304347826086,0.2608695652173913
Indonesia,2024-10-18,-0.10446703154766127,0.0,0.39279188778738083,25,0.36,0.6
Indonesia,2024-10-19,0.1754105330942185,0.0,0.3613842983892033,22,0.5909090909090909,0.36363636363636365
Indonesia,2024-10-20,0.07860888219424095,0.0,0.3930267915934999,32,0.46875,0.5
Indonesia,2024-10-21,0.06362986605920566,0.0,0.2964100406541568,42,0.5952380952380952,0.38095238095238093
Indonesia,2024-10-22,0.18587156659436474,0.0,0.44989905947073805,42,0.7619047619047619,0.23809523809523808
Indonesia,2024-10-23,-0.0008036583061682601,0.0,0.4436822681767527,39,0.5641025641025641,0.41025641025641024
Indonesia,2024-10-24,-0.08558354687011749,0.0,0.36481018824755396,38,0.3684210526315789,0.6052631578947368
Indonesia,2024-10-25,-0.005474483880696852,0.0,0.469005688408083,35,0.5428571428571428,0.37142857142857144
Indonesia,2024-10-26,-0.018628115307564454,0.0,0.4722821412754279,18,0.4444444444444444,0.5
Indonesia,2024-10-27,-0.0314666105129631,0.0,0.44291173147212853,20,0.4,0.6
Indonesia,2024-10-28,0.11107750042452583,0.0,0.3204195519001566,36,0.6388888888888888,0.3333333333333333
Indonesia,2024-10-29,-0.06259106720316412,0.0,0.4382471047311828,36,0.4722222222222222,0.5277777777777778
Indonesia,2024-10-30,-0.09561646227906262,0.0,0.451883093215407,49,0.46938775510204084,0.5102040816326531
Indonesia,2024-10-31,-0.07888548649674482,0.0,0.40820431338352603,52,0.4807692307692308,0.46153846153846156
Indonesia,2024-11-01,-0.10923982952513535,0.0,0.41010077452223975,48,0.4375,0.5208333333333334
Indonesia,2024-11-02,-0.03333322081463476,0.0,0.5089414941904051,20,0.45,0.55
Indonesia,2024-11-03,0.24907448160533435,0.0,0.42879804920476505,14,0.7142857142857143,0.2857142857142857
Indonesia,2024-11-04,-0.1766509830530989,0.0,0.419491081585265,38,0.34210526315789475,0.631578947368421
Indonesia,2024-11-05,-0.07062049463581771,0.0,0.44945264370001003,36,0.5,0.5
Indonesia,2024-11-06,0.0935361856276745,0.0,0.45957707711411355,38,0.6842105263157895,0.2894736842105263
Indonesia,2024-11-07,0.005954217966777726,0.0,0.29890357040376514,37,0.5675675675675675,0.40540540540540543
Indonesia,2024-11-08,-0.00969157298897232,0.0,0.4072327887322333,42,0.5,0.42857142857142855
Indonesia,2024-11-09,0.23001985670676067,0.0,0.4092743536145631,28,0.6785714285714286,0.32142857142857145
Indonesia,2024-11-10,0.12467356157863964,0.0,0.31368515230859595,25,0.76,0.2
Indonesia,2024-11-11,0.01228809866825842,0.0,0.3854714126893965,32,0.5,0.5
Indonesia,2024-11-12,0.08757393322264474,0.0,0.46992599884337755,38,0.631578947368421,0.34210526315789475
Indonesia,2024-11-13,0.0015718843917400434,0.0,0.41637543578340425,48,0.5,0.4791666666666667
Indonesia,2024-11-14,0.15363869299475688,0.0,0.3808508344130715,41,0.6829268292682927,0.3170731707317073
Indonesia,2024-11-15,0.08278958069766337,0.0,0.3799489563643357,41,0.7317073170731707,0.2682926829268293
Indonesia,2024-11-16,0.08512581434554835,0.0,0.46032142769470996,29,0.6206896551724138,0.3793103448275862
Indonesia,2024-11-17,-0.09893343116116164,0.0,0.36971070707303544,33,0.42424242424242425,0.5454545454545454
Indonesia,2024-11-18,-0.09255726388539717,0.0,0.4874993587971005,45,0.4,0.5777777777777777
Indonesia,2024-11-19,0.002380035547275172,0.0,0.5000937992892766,24,0.4583333333333333,0.5
Indonesia,2024-11-20,0.11397685245947393,0.0,0.4356579373119541,32,0.625,0.34375
Indonesia,2024-11-21,0.024292940284079297,0.0,0.46316932621434126,35,0.5142857142857142,0.4857142857142857
Indonesia,2024-11-22,0.08855468603532055,0.0,0.44179107563908304,39,0.6410256410256411,0.3333333333333333
Indonesia,2024-11-23,0.15073398451415926,0.0,0.49530950288603,23,0.5652173913043478,0.391304347826087
Indonesia,2024-11-24,-0.010505381879025437,0.0,0.49085845814222956,31,0.5161290322580645,0.4838709677419355
Indonesia,2024-11-25,0.07254597812077954,0.0,0.41409997119933467,29,0.5517241379310345,0.4482758620689655
Indonesia,2024-11-26,-0.18011320543566162,0.0,0.5597375130489599,31,0.45161290322580644,0.5161290322580645
Indonesia,2024-11-27,0.01986909112214821,0.0,0.5309431671986983,27,0.7037037037037037,0.25925925925925924
Indonesia,2024-11-28,0.0474791808460876,0.0,0.4075172707573787,36,0.5,0.4444444444444444
Indonesia,2024-11-29,0.08199976687335112,0.0,0.4728590564406705,38,0.6052631578947368,0.34210526315789475
Indonesia,2024-11-30,-0.017336621496065633,0.0,0.4194474729087802,22,0.45454545454545453,0.5
Indonesia,2024-12-01,0.05895675099188798,0.0,0.36841132817979116,27,0.6296296296296297,0.3333333333333333
Indonesia,2024-12-02,0.06851670422077477,0.0,0.4356248916470467,44,0.5909090909090909,0.4090909090909091
Indonesia,2024-12-03,-0.03818991839120003,0.0,0.5020003379938023,45,0.5333333333333333,0.4222222222222222
Indonesia,2024-12-04,0.14034412712111208,0.0,0.4740813715664542,43,0.6511627906976745,0.32558139534883723
Indonesia,2024-12-05,-0.03889523121793471,0.0,0.47134754802025386,48,0.4583333333333333,0.5
Indonesia,2024-12-06,-0.04064966712615043,0.0,0.5700651522754652,41,0.4878048780487805,0.5121951219512195
Indonesia,2024-12-07,0.06685698632069582,0.0,0.4830148073836483,28,0.5714285714285714,0.39285714285714285
Indonesia,2024-12-08,0.12169572619411013,0.0,0.3623942168382891,19,0.5789473684210527,0.3684210526315789
Indonesia,2024-12-09,-0.09391027990959001,0.0,0.5599308157310052,24,0.4583333333333333,0.5416666666666666
Indonesia,2024-12-10,0.06602677370234353,0.0,0.46459352646375535,43,0.6046511627906976,0.3953488372093023
Indonesia,2024-12-11,0.018326512646611157,0.0,0.43064939773513206,43,0.627906976744186,0.3488372093023256
Indonesia,2024-12-12,-0.01611866414967145,0.0,0.5101690943346143,39,0.5384615384615384,0.4358974358974359
Indonesia,2024-12-13,0.036497246769160094,0.0,0.4961073314415638,28,0.5714285714285714,0.42857142857142855
Indonesia,2024-12-14,0.0315635356631082,0.0,0.4996227373829644,14,0.5,0.5
Indonesia,2024-12-15,0.10742279305331327,0.0,0.3888083486461049,27,0.6296296296296297,0.3333333333333333
Indonesia,2024-12-16,0.008071023218376046,0.0,0.4935295819786853,40,0.525,0.425
Indonesia,2024-12-17,-0.1439295786997635,0.0,0.4374740183625,41,0.4634146341463415,0.5121951219512195
Indonesia,2024-12-18,-0.03696569301007331,0.0,0.3638509130228201,42,0.47619047619047616,0.47619047619047616
Indonesia,2024-12-19,-0.016048554523316813,0.0,0.4480588508036862,47,0.425531914893617,0.5531914893617021
Indonesia,2024-12-20,-0.03232769213554648,0.0,0.42523790593561805,29,0.5172413793103449,0.4827586206896552
Indonesia,2024-12-21,0.008593307730508724,0.0,0.47738848682097346,25,0.48,0.52
Indonesia,2024-12-22,0.07666592957312514,0.0,0.42907492003201536,23,0.6521739130434783,0.34782608695652173
Indonesia,2024-12-23,-0.060260583115131466,0.0,0.5163889257172515,34,0.4117647058823529,0.5882352941176471
Indonesia,2024-12-24,-0.0441432425788846,0.0,0.4760158684270126,33,0.3939393939393939,0.5151515151515151
Indonesia,2024-12-25,-0.08329224402156378,0.0,0.5109191463236052,21,0.38095238095238093,0.6190476190476191
Indonesia,2024-12-26,-0.04509801194739133,0.0,0.34482045877378836,27,0.4444444444444444,0.5185185185185185
Indonesia,2024-12-27,-0.03473618270332799,0.0,0.4784755643668386,41,0.5365853658536586,0.43902439024390244
Indonesia,2024-12-28,-0.05099486192741949,0.0,0.4223717360100292,22,0.45454545454545453,0.5
Indonesia,2024-12-29,-0.026662582264647263,0.0,0.4502536626185253,16,0.5,0.5
Indonesia,2024-12-30,-0.03505562304611302,0.0,0.5869078628883723,21,0.5714285714285714,0.42857142857142855
Indonesia,2024-12-31,0.08328024334254192,0.0,0.4646327183903553,25,0.6,0.4
