date,country,tenor,pair_id,greenium,ytm_green,ytm_conv,sentiment,signaling_noise,vix,cds,fx,post
2022-01-14,Denmark,10Y,Denmark_10Y,-0.13244,0.005993999999999999,0.138434,0.092676622571135,0.362156699846498,19.19,9.08,0.1534071733194244,0
2022-01-17,Denmark,10Y,Denmark_10Y,-0.07278,0.07832499999999999,0.151105,-0.0518955499935644,0.2848210400421025,19.19,9.08,0.15329664433645548,0
2022-01-27,Denmark,10Y,Denmark_10Y,-0.05448600000000001,0.071105,0.125591,-0.1790798452217201,0.2894746771842642,30.49,9.1,0.1497454327643007,1
2022-03-01,Denmark,10Y,Denmark_10Y,-0.021610000000000018,0.229993,0.251603,-0.0683283401628424,0.2519284732331338,33.32,10.18,0.1495684948922359,1
2022-03-02,Denmark,10Y,Denmark_10Y,-0.02998200000000001,0.278785,0.308767,-0.1596514640049718,0.2496090496048691,30.74,10.05,0.1495036478890085,1
2022-03-03,Denmark,10Y,Denmark_10Y,-0.046626,0.27993,0.326556,-0.1006884797350643,0.2967085991104991,30.48,11.1,0.14875197096361528,1
2022-03-04,Denmark,10Y,Denmark_10Y,-0.04363,0.159868,0.203498,-0.2024925285043354,0.289381818642853,31.98,12.12,0.14697668949704576,1
2022-03-07,Denmark,10Y,Denmark_10Y,-0.03667500000000001,0.243114,0.279789,-0.0595876242277008,0.1990352019508209,36.45,15.07,0.14584275234442223,1
2022-03-08,Denmark,10Y,Denmark_10Y,-0.01871499999999998,0.361466,0.380181,-0.1161507541245582,0.2788367516155445,35.13,15.06,0.14641074069193716,1
2022-03-09,Denmark,10Y,Denmark_10Y,-0.042091000000000045,0.439405,0.48149600000000004,-0.1453840032727598,0.2283359269956481,32.45,15.06,0.14883388649927817,1
2022-03-10,Denmark,10Y,Denmark_10Y,-0.03758700000000004,0.495,0.532587,-0.0991276886518239,0.3662198587696995,30.23,15.07,0.14767340549640415,1
2022-03-11,Denmark,10Y,Denmark_10Y,-0.02264900000000003,0.5145839999999999,0.537233,-0.0728353056228541,0.2356964531142299,30.75,15.07,0.1466942451847614,1
2022-03-14,Denmark,10Y,Denmark_10Y,-0.03968800000000006,0.601532,0.64122,-0.0863298820822942,0.2802921925462991,31.77,15.05,0.14707396349624227,1
2022-03-15,Denmark,10Y,Denmark_10Y,-0.02420700000000009,0.5630299999999999,0.587237,-0.1999992121315479,0.2575972422483407,29.83,15.05,0.14728191230834942,1
2022-03-16,Denmark,10Y,Denmark_10Y,-0.037000000000000144,0.6251279999999999,0.662128,-0.075941632592539,0.2979844503862217,26.67,13.08,0.14830634157916592,1
2022-03-17,Denmark,10Y,Denmark_10Y,-0.030668999999999946,0.6087020000000001,0.639371,-0.0028907611255143,0.3853894638144539,25.67,13.09,0.14903795996840397,1
2022-03-18,Denmark,10Y,Denmark_10Y,-0.02759900000000015,0.5794919999999999,0.607091,-0.0398232698632426,0.3215050986839787,23.87,13.1,0.14850455908996407,1
2022-03-21,Denmark,10Y,Denmark_10Y,-0.017586999999999908,0.6671130000000001,0.6847,-0.0462476076610633,0.2756350794595188,23.53,13.06,0.14807575555654273,1
2022-03-22,Denmark,10Y,Denmark_10Y,-0.03417199999999987,0.7138690000000001,0.748041,-0.0514360644435413,0.2799020183436008,22.94,13.09,0.14826456328672885,1
2022-03-23,Denmark,10Y,Denmark_10Y,-0.02398099999999992,0.7048570000000001,0.728838,-0.045598861576041,0.2835954901533808,23.57,13.13,0.14796839395105205,1
2022-03-24,Denmark,10Y,Denmark_10Y,-0.031650999999999874,0.7222040000000001,0.7538549999999999,0.0897965577020303,0.2974018528966802,21.67,13.09,0.147815290013599,1
2022-03-25,Denmark,10Y,Denmark_10Y,-0.022666000000000075,0.7740469999999999,0.796713,0.0451767020397579,0.3096365874967772,20.81,14.05,0.14761890702961233,1
2022-03-28,Denmark,10Y,Denmark_10Y,-0.024554999999999993,0.803312,0.827867,0.078433305572837,0.3027004946206454,19.63,14.09,0.1477170332511042,1
2022-03-29,Denmark,10Y,Denmark_10Y,-0.02752599999999994,0.889634,0.91716,-0.0427201256518906,0.3701669429573215,18.9,14.11,0.1490690636972109,1
2022-03-30,Denmark,10Y,Denmark_10Y,-0.02679700000000007,0.8926909999999999,0.919488,0.005955623396268,0.2676039247593461,19.33,14.11,0.15004201176329374,1
2022-03-31,Denmark,10Y,Denmark_10Y,-0.04049899999999995,0.774032,0.814531,-0.1260651444844522,0.2940229577363656,20.56,14.1,0.14878295542462655,1
2022-04-01,Denmark,10Y,Denmark_10Y,-0.02243699999999993,0.803571,0.826008,-0.1225566111899184,0.2660225135962303,19.63,14.06,0.14852882201791257,1
2022-04-04,Denmark,10Y,Denmark_10Y,-0.029357000000000077,0.7584409999999999,0.787798,-0.073889816167626,0.3130907380998161,18.57,14.03,0.14752961657052654,1
2022-04-05,Denmark,10Y,Denmark_10Y,-0.029064999999999896,0.8486020000000001,0.877667,-0.0988349897261666,0.2756898361951661,21.03,13.99,0.1466404669032466,1
2022-04-06,Denmark,10Y,Denmark_10Y,-0.030855999999999995,0.887853,0.918709,-0.1247691446960608,0.3219369534505624,22.1,14.02,0.14651155976206523,1
2022-04-07,Denmark,10Y,Denmark_10Y,-0.01861299999999999,0.930704,0.949317,-0.0821337822240701,0.2479963057036891,21.55,14.02,0.14630363857149128,1
2022-04-08,Denmark,10Y,Denmark_10Y,-0.019585000000000075,0.953444,0.973029,-0.1104544224699104,0.266712456024144,21.16,13.99,0.14626084158488248,1
2022-04-11,Denmark,10Y,Denmark_10Y,-0.02585499999999996,1.05186,1.077715,-0.1559572722175501,0.1777382769295764,24.37,14.02,0.14635074419353422,1
2022-04-12,Denmark,10Y,Denmark_10Y,-0.029730000000000256,1.0392109999999999,1.0689410000000001,-0.1118393813502199,0.2987453039418367,24.26,14.06,0.14561127613722405,1
2022-04-13,Denmark,10Y,Denmark_10Y,-0.027612000000000192,1.032049,1.0596610000000002,0.0168469904796224,0.4021887057933967,21.82,14.04,0.14646220542788932,1
2022-04-14,Denmark,10Y,Denmark_10Y,-0.02046099999999984,1.020516,1.0409769999999998,-0.127801959060202,0.2328854429482979,22.7,14.0,0.1455731213788686,1
2022-04-15,Denmark,10Y,Denmark_10Y,-0.02046099999999984,1.020516,1.0409769999999998,-0.215694564530758,0.3120642645749804,22.7,14.02,0.1453657402023491,1
2022-04-18,Denmark,10Y,Denmark_10Y,-0.02046099999999984,1.020516,1.0409769999999998,-0.0732877530095046,0.4775626929359497,22.17,14.02,0.14496325181566475,1
2022-04-19,Denmark,10Y,Denmark_10Y,-0.029511999999999983,1.157575,1.187087,-0.1749738904942762,0.3271492712636745,21.37,13.99,0.14502001276176113,1
2022-04-20,Denmark,10Y,Denmark_10Y,-0.02798299999999987,1.1426340000000001,1.170617,-0.10509830126365,0.2807316509904003,20.32,14.03,0.1458895616018674,1
2022-04-21,Denmark,10Y,Denmark_10Y,-0.018629999999999924,1.217524,1.236154,-0.1949785422794778,0.320254735241779,22.68,12.99,0.1456346027816209,1
2022-04-22,Denmark,10Y,Denmark_10Y,-0.02555799999999997,1.265369,1.290927,0.0742177517460558,0.3839775799141776,28.21,13.01,0.14517791553548876,1
2022-04-25,Denmark,10Y,Denmark_10Y,-0.03527899999999984,1.130288,1.1655669999999998,0.0154860159532855,0.358461776115916,27.02,13.04,0.14403618188889047,1
2022-04-26,Denmark,10Y,Denmark_10Y,-0.030140000000000056,1.072846,1.102986,-0.0484681482197716,0.3201460145007261,33.52,13.04,0.1429796968830426,1
2022-04-27,Denmark,10Y,Denmark_10Y,-0.020028000000000157,1.09588,1.1159080000000001,-0.024774603266136,0.318333555521134,31.6,13.0,0.14188422247446084,1
2022-04-28,Denmark,10Y,Denmark_10Y,-0.018543999999999894,1.216068,1.2346119999999998,0.0557661389014435,0.3011880679866575,29.99,13.0,0.14111935875363382,1
2022-04-29,Denmark,10Y,Denmark_10Y,-0.031544000000000016,1.243285,1.274829,-0.2109978663386006,0.2107990873312548,33.4,13.0,0.14173540833971143,1
2022-05-02,Denmark,10Y,Denmark_10Y,-0.006533999999999818,1.283074,1.2896079999999999,-0.1491785907953168,0.2703166051731813,32.34,13.01,0.14127286854559581,1
2022-05-03,Denmark,10Y,Denmark_10Y,-0.03262400000000021,1.238508,1.2711320000000002,-0.0534369054919975,0.2960274435421092,29.25,13.02,0.14144271570014144,1
2022-05-04,Denmark,10Y,Denmark_10Y,-0.020747999999999767,1.308885,1.3296329999999998,0.0315581477482898,0.2726664173490143,25.42,13.05,0.1427653651224213,1
2022-05-05,Denmark,10Y,Denmark_10Y,-0.037961000000000134,1.3369149999999999,1.374876,-0.0839393231896718,0.2093247985125531,31.2,12.99,0.14170728942296792,1
2022-05-06,Denmark,10Y,Denmark_10Y,-0.035706000000000016,1.483789,1.519495,-0.0683805872252586,0.3312102482086063,30.19,13.01,0.14178765880217786,1
2022-05-09,Denmark,10Y,Denmark_10Y,-0.04183300000000001,1.4149479999999999,1.4567809999999999,-0.031272190673638,0.2859345232005758,34.75,13.06,0.14199099777074134,1
2022-05-10,Denmark,10Y,Denmark_10Y,-0.039839999999999876,1.332961,1.372801,0.0333018286429294,0.2367319951941533,32.99,13.02,0.14158490138611618,1
2022-05-11,Denmark,10Y,Denmark_10Y,-0.033653000000000155,1.4083459999999999,1.441999,0.0297674992215019,0.198050996187182,32.56,13.03,0.14133676310545135,1
2022-05-12,Denmark,10Y,Denmark_10Y,-0.034368000000000176,1.190798,1.2251660000000002,-0.0277964368359622,0.2486444524612096,31.77,13.05,0.1395108748726963,1
2022-05-13,Denmark,10Y,Denmark_10Y,-0.015481000000000078,1.200947,1.216428,0.0575382130742144,0.2663963243948543,28.87,13.0,0.13995017773672572,1
2022-05-16,Denmark,10Y,Denmark_10Y,-0.044670999999999905,1.240931,1.285602,0.0961696778799802,0.3902322826817297,27.47,13.03,0.14021705600269216,1
2022-05-17,Denmark,10Y,Denmark_10Y,-0.03561600000000009,1.367781,1.403397,0.0613688593631739,0.3200915453264343,26.1,12.98,0.1417836381681554,1
2022-05-18,Denmark,10Y,Denmark_10Y,-0.026084999999999914,1.332416,1.358501,-0.0176235756575879,0.3856871029706735,30.96,13.03,0.1405995163376638,1
2022-05-19,Denmark,10Y,Denmark_10Y,-0.030582999999999805,1.268375,1.2989579999999998,0.0141615156052414,0.2841202138211571,29.35,13.04,0.14223739421093806,1
2022-05-20,Denmark,10Y,Denmark_10Y,-0.04456300000000013,1.28165,1.326213,-0.0693890717627008,0.4430019044627942,29.43,13.04,0.14194867136043607,1
2022-05-23,Denmark,10Y,Denmark_10Y,-0.0301079999999998,1.3446310000000001,1.374739,-0.0201697011672397,0.2308281924783645,28.48,13.0,0.14368641875969884,1
2022-05-24,Denmark,10Y,Denmark_10Y,-0.018571000000000115,1.285114,1.3036850000000002,-0.1557818588826586,0.312419075843759,29.45,13.05,0.1443293017348382,1
2022-05-25,Denmark,10Y,Denmark_10Y,-0.020621,1.277512,1.298133,-0.0992676744274325,0.2405349040427772,28.37,13.02,0.14359151086987737,1
2022-05-26,Denmark,10Y,Denmark_10Y,-0.04293100000000005,1.278478,1.321409,-0.1242752189202766,0.2907482419618262,27.5,11.01,0.14425018752524377,1
2022-05-27,Denmark,10Y,Denmark_10Y,-0.04305100000000017,1.2783579999999999,1.321409,-0.0260814853832381,0.2569164450168493,25.72,11.02,0.14432513566562752,1
2022-05-30,Denmark,10Y,Denmark_10Y,-0.03662900000000002,1.3770259999999999,1.4136549999999999,-0.088693600922418,0.3926988768585616,26.54,10.99,0.14489183824275179,1
2022-05-31,Denmark,10Y,Denmark_10Y,-0.022641000000000133,1.4733049999999999,1.495946,-0.1400664308830158,0.2336998406730464,26.19,11.0,0.14430014430014432,1
2022-06-01,Denmark,10Y,Denmark_10Y,0.001811000000000007,1.5335100000000002,1.5316990000000001,-0.166684164627461,0.2258123118740591,25.69,10.98,0.14320082483675106,1
2022-06-02,Denmark,10Y,Denmark_10Y,-0.041762999999999995,1.564086,1.605849,-0.0179112779737751,0.3205022035524043,24.72,11.02,0.14449822989668376,1
2022-06-03,Denmark,10Y,Denmark_10Y,-0.0242659999999999,1.620078,1.6443439999999998,-0.0803167036110413,0.2656839118272533,24.79,11.0,0.1441296013375227,1
2022-06-06,Denmark,10Y,Denmark_10Y,-0.024414999999999853,1.629741,1.654156,0.0728607409772645,0.3311825039723878,25.07,10.99,0.14379592482349052,1
2022-06-07,Denmark,10Y,Denmark_10Y,-0.03052699999999997,1.608392,1.638919,-0.0626603833816795,0.3166923181493433,24.02,11.03,0.14393045280520453,1
2022-06-08,Denmark,10Y,Denmark_10Y,-0.03980300000000003,1.6887699999999999,1.728573,-0.0446448688387251,0.2456250817889063,23.96,11.01,0.1440942953068488,1
2022-06-09,Denmark,10Y,Denmark_10Y,-0.039508999999999794,1.771954,1.8114629999999998,-0.1004753626341782,0.2784095492067774,26.09,11.0,0.14272664992007308,1
2022-06-10,Denmark,10Y,Denmark_10Y,-0.03862799999999966,1.8398210000000002,1.8784489999999998,0.0330820142096022,0.300615803982886,27.75,10.94,0.14145071856965033,1
2022-06-13,Denmark,10Y,Denmark_10Y,-0.037542000000000186,1.9607459999999999,1.998288,-0.002497392412405,0.2636920688726242,34.02,10.94,0.13989535827201252,1
2022-06-14,Denmark,10Y,Denmark_10Y,-0.0035559999999996705,2.0993310000000003,2.102887,-0.0523462561994106,0.224290420960629,32.69,10.99,0.14002268367475532,1
2022-06-15,Denmark,10Y,Denmark_10Y,-0.023876999999999704,2.03641,2.0602869999999998,-0.0548868873494131,0.2549607373063327,29.62,11.08,0.14040802572275032,1
2022-06-16,Denmark,10Y,Denmark_10Y,-0.008545999999999943,2.051857,2.060403,0.0703032820120324,0.2976080988892257,32.95,11.02,0.14185000780175044,1
2022-06-17,Denmark,10Y,Denmark_10Y,-0.034537999999999514,2.0216060000000002,2.0561439999999997,-0.1541417951962189,0.2585333931927024,31.13,11.0,0.14111338460452974,1
2022-06-20,Denmark,10Y,Denmark_10Y,-0.021560000000000024,2.0994859999999997,2.1210459999999998,-0.0288859283325423,0.2599302874426844,31.03,11.0,0.14130480860263675,1
2022-06-21,Denmark,10Y,Denmark_10Y,-0.025558999999999887,2.10672,2.132279,0.0059030039446772,0.3083237836380717,30.19,11.02,0.14163302882232137,1
2022-06-22,Denmark,10Y,Denmark_10Y,-0.023792999999999953,1.969869,1.993662,-0.0165333562999234,0.2662304494545798,28.95,12.07,0.14208581983518045,1
2022-06-23,Denmark,10Y,Denmark_10Y,-0.02562299999999995,1.760354,1.785977,-0.0481975900009706,0.3687494993408959,29.05,13.04,0.1414807373976033,1
2022-06-24,Denmark,10Y,Denmark_10Y,-0.08654200000000012,1.77047,1.857012,-0.0660306553674643,0.4160149337245428,27.23,13.01,0.14186610676843195,1
2022-06-27,Denmark,10Y,Denmark_10Y,-0.005589000000000066,1.891706,1.8972950000000002,0.107541862150892,0.3144920249649494,26.95,13.0,0.1422414406213106,1
2022-06-28,Denmark,10Y,Denmark_10Y,-0.04658099999999976,1.985677,2.0322579999999997,-0.144780920470674,0.2717290518974969,28.36,13.01,0.14142071247754945,1
2022-06-29,Denmark,10Y,Denmark_10Y,-0.029977000000000142,1.857678,1.887655,0.0268072475831,0.2497498673760989,28.16,13.04,0.14034693762982092,1
2022-06-30,Denmark,10Y,Denmark_10Y,-0.018548999999999705,1.7260330000000002,1.7445819999999999,-0.042517385760499,0.2604833990953971,28.71,13.06,0.14098605647901422,1
2022-07-01,Denmark,10Y,Denmark_10Y,-0.02566999999999986,1.556721,1.5823909999999999,0.0254143468582744,0.2574366065815313,26.7,13.07,0.1401875709699578,1
2022-07-04,Denmark,10Y,Denmark_10Y,-0.025547999999999904,1.707031,1.7325789999999999,-0.30786622359595,0.3568344421408221,27.53,13.01,0.14009526478005044,1
2022-07-05,Denmark,10Y,Denmark_10Y,-0.019687999999999928,1.579259,1.598947,-0.2103355261110157,0.3307855879413743,27.54,14.04,0.13800908099752965,1
2022-07-06,Denmark,10Y,Denmark_10Y,-0.01014399999999993,1.481938,1.492082,0.0052370072095625,0.2882549266561582,26.73,13.98,0.13685881644495537,1
2022-07-07,Denmark,10Y,Denmark_10Y,-0.007627999999999968,1.613938,1.621566,-0.0395278477934719,0.2767965195351723,26.08,13.99,0.13655978587425574,1
2022-07-08,Denmark,10Y,Denmark_10Y,-0.015665000000000262,1.656097,1.6717620000000002,-0.0169105888034283,0.2960839862898989,24.64,16.49,0.13691690513027643,1
2022-07-11,Denmark,10Y,Denmark_10Y,-0.007599000000000133,1.565955,1.5735540000000001,-0.0509877197494287,0.3167981570053467,26.17,16.03,0.13497644661006655,1
2022-07-12,Denmark,10Y,Denmark_10Y,-0.020704000000000056,1.438995,1.459699,-0.1118291951221154,0.3422122484805464,27.29,16.02,0.1349199924444804,1
2022-07-13,Denmark,10Y,Denmark_10Y,-0.038920000000000066,1.475908,1.514828,-0.0982467889401127,0.3165639352875191,26.82,16.0,0.1351570524949992,1
2022-07-14,Denmark,10Y,Denmark_10Y,-0.02059500000000014,1.498469,1.5190640000000002,-0.0617418741016021,0.2370660108097698,26.4,18.0,0.13462030343416395,1
2022-07-15,Denmark,10Y,Denmark_10Y,-0.018602000000000007,1.432554,1.4511560000000001,0.0435333640063038,0.3317179233058008,24.23,17.02,0.13552890153825303,1
2022-07-18,Denmark,10Y,Denmark_10Y,-0.007700999999999958,1.507377,1.515078,-0.0424361821929092,0.2658128080337902,25.3,17.01,0.1362676296245827,1
2022-07-19,Denmark,10Y,Denmark_10Y,-0.04950900000000025,1.574479,1.6239880000000002,0.0874287746609133,0.2513707995381872,24.5,17.0,0.1374041605979829,1
2022-07-20,Denmark,10Y,Denmark_10Y,0.0020169999999999355,1.567428,1.565411,-0.0970051610458063,0.2875153557751165,23.88,17.01,0.1367652288082278,1
2022-07-21,Denmark,10Y,Denmark_10Y,-0.03854499999999983,1.448326,1.4868709999999998,-0.0545578739776418,0.2953600319781744,23.11,17.04,0.1374079366824228,1
2022-07-22,Denmark,10Y,Denmark_10Y,-0.021620999999999668,1.3091650000000001,1.3307859999999998,-0.1557833418660719,0.417658811828373,23.03,17.04,0.13720997242079555,1
2022-07-25,Denmark,10Y,Denmark_10Y,-0.016567999999999916,1.304758,1.321326,-0.1311367257998972,0.2627180090272819,23.36,17.0,0.1372872048325096,1
2022-07-26,Denmark,10Y,Denmark_10Y,-0.02366500000000027,1.22735,1.2510150000000002,-0.0595874174323873,0.3155760930791412,24.69,17.01,0.13592496941688187,1
2022-07-27,Denmark,10Y,Denmark_10Y,-0.004729999999999901,1.204173,1.2089029999999998,-0.0774093195605589,0.2361326109449316,23.24,16.03,0.13700319217437765,1
2022-07-28,Denmark,10Y,Denmark_10Y,-0.018602000000000007,1.052756,1.071358,-0.1448208407968134,0.2670668285302559,22.33,16.04,0.13699380787988383,1
2022-07-29,Denmark,10Y,Denmark_10Y,-0.0036010000000001874,1.106153,1.1097540000000001,-0.0187255306297748,0.2953130828870193,21.33,16.01,0.13738339584277845,1
2022-08-01,Denmark,10Y,Denmark_10Y,-0.09656200000000004,1.0212560000000002,1.1178180000000002,-0.0045948291177268,0.3094977193249678,22.84,16.01,0.1378378750913176,1
2022-08-02,Denmark,10Y,Denmark_10Y,-0.028652999999999818,1.025153,1.0538059999999998,-0.0866080092375363,0.2780992836199309,23.93,15.97,0.13658963011528164,1
2022-08-03,Denmark,10Y,Denmark_10Y,-0.021742999999999846,1.1419540000000001,1.163697,0.0525784035448409,0.30892497483953,21.95,16.01,0.13661388816787115,1
2022-08-04,Denmark,10Y,Denmark_10Y,-0.044626000000000055,1.065188,1.109814,-0.0092794265391739,0.2940427517195076,21.44,16.02,0.137716386872874,1
2022-08-05,Denmark,10Y,Denmark_10Y,-0.02166200000000007,1.229432,1.2510940000000002,-0.1206311372219245,0.3290441327039255,21.15,15.96,0.13683259899838537,1
2022-08-08,Denmark,10Y,Denmark_10Y,-0.018619000000000163,1.1714289999999998,1.190048,-0.066487246998414,0.2695390471646004,21.29,16.02,0.13702196462092875,1
2022-08-09,Denmark,10Y,Denmark_10Y,-0.04761000000000015,1.203252,1.2508620000000001,-0.1138407619040765,0.291931926355255,21.77,16.0,0.1372608230158948,1
2022-08-10,Denmark,10Y,Denmark_10Y,0.007204999999999906,1.190525,1.1833200000000001,-0.0335691061837695,0.3031298797214982,19.74,16.02,0.13845237930413834,1
2022-08-11,Denmark,10Y,Denmark_10Y,-0.04161899999999985,1.257683,1.299302,-0.1281795601020525,0.3113537784081192,20.2,16.0,0.13876169067243915,1
2022-08-12,Denmark,10Y,Denmark_10Y,-0.07354600000000011,1.256953,1.330499,-0.1349253324040387,0.2630394224969205,19.53,15.01,0.1379843249806822,1
2022-08-15,Denmark,10Y,Denmark_10Y,-0.01956200000000008,1.198689,1.218251,-0.0500840009768866,0.3225699185166713,19.95,15.03,0.13661948740368327,1
2022-08-16,Denmark,10Y,Denmark_10Y,-0.025636000000000214,1.272365,1.2980010000000002,-0.0356739586565989,0.3095672778133879,19.69,15.0,0.13677084045681462,1
2022-08-17,Denmark,10Y,Denmark_10Y,-0.024859000000000187,1.394415,1.4192740000000001,-0.0495492569912143,0.2882396284566888,19.9,14.99,0.13687567582364937,1
2022-08-18,Denmark,10Y,Denmark_10Y,-0.014584000000000152,1.397583,1.4121670000000002,-0.1872381769232334,0.3741585972436962,19.56,15.02,0.13565760021705217,1
2022-08-19,Denmark,10Y,Denmark_10Y,-0.039528999999999925,1.528104,1.5676329999999998,-0.0649842609677972,0.2703095344106937,20.6,15.0,0.13502383170629614,1
2022-08-22,Denmark,10Y,Denmark_10Y,-0.022671999999999803,1.60104,1.6237119999999998,-0.0396409681131542,0.293539115821066,23.8,15.0,0.1337023518243686,1
2022-08-23,Denmark,10Y,Denmark_10Y,-0.028626999999999958,1.623759,1.652386,-0.0605077424498415,0.3644987763812067,24.11,15.01,0.13406083680774336,1
2022-08-24,Denmark,10Y,Denmark_10Y,-0.022936000000000067,1.7159179999999998,1.738854,-0.1750860731608025,0.3297185916306844,22.82,16.0,0.13402669811826518,1
2022-08-25,Denmark,10Y,Denmark_10Y,-0.013579000000000008,1.673867,1.687446,0.0125118467695382,0.2858900036415295,21.78,16.02,0.13411477542480857,1
2022-08-26,Denmark,10Y,Denmark_10Y,-0.037600999999999773,1.747905,1.7855059999999998,-0.0194107719855735,0.2476506510930513,25.56,16.0,0.13399257681124466,1
2022-08-29,Denmark,10Y,Denmark_10Y,-0.11217199999999994,1.823579,1.935751,-0.0833928708125003,0.2760918260339241,26.21,16.0,0.13444293569594384,1
2022-08-30,Denmark,10Y,Denmark_10Y,-0.02558400000000005,1.882361,1.907945,0.0091585123997464,0.3765823187310482,26.21,16.0,0.13465837171096928,1
2022-08-31,Denmark,10Y,Denmark_10Y,-0.01694899999999988,1.8923640000000002,1.909313,-0.030663362678668,0.2850186313664751,25.87,16.01,0.13519725279182326,1
2022-09-01,Denmark,10Y,Denmark_10Y,-0.010641999999999818,1.950965,1.9616069999999999,-0.0738399683975475,0.2824953956570967,25.56,16.0,0.1337291716815106,1
2022-09-02,Denmark,10Y,Denmark_10Y,-0.005693999999999866,1.8653330000000001,1.871027,-0.0417209605452678,0.4053304484439841,25.47,16.03,0.13387418504089857,1
2022-09-05,Denmark,10Y,Denmark_10Y,-0.01868100000000017,1.912164,1.9308450000000001,-0.0329615105839997,0.2558277687461224,25.99,16.06,0.1335541428495112,1
2022-09-06,Denmark,10Y,Denmark_10Y,-0.0066910000000000025,1.992089,1.99878,0.1304459056517037,0.3652112866363442,26.91,16.11,0.13321077941627035,1
2022-09-07,Denmark,10Y,Denmark_10Y,-0.015978000000000048,1.9468079999999999,1.962786,-0.0687329374507394,0.291048761927016,24.64,16.17,0.13458950201884254,1
2022-09-08,Denmark,10Y,Denmark_10Y,-0.011671999999999905,2.024958,2.0366299999999997,-0.0442685555916098,0.259148963515543,23.61,16.17,0.13443932081255125,1
2022-09-09,Denmark,10Y,Denmark_10Y,0.012421999999999933,2.0356129999999997,2.0231909999999997,0.0869457728399386,0.2492563516541953,22.79,16.0,0.13509862199405565,1
2022-09-12,Denmark,10Y,Denmark_10Y,-0.010550999999999977,1.967324,1.977875,0.0693419234892764,0.3762289934563322,23.87,16.05,0.13614333169961335,1
2022-09-13,Denmark,10Y,Denmark_10Y,-0.015508999999999773,2.076467,2.091976,0.0644753644594061,0.343381769191538,27.27,15.97,0.13406083680774336,1
2022-09-14,Denmark,10Y,Denmark_10Y,-0.01181999999999972,2.0650310000000003,2.076851,0.008347006454021,0.2932536827195567,26.16,16.0,0.13424080114910125,1
2022-09-15,Denmark,10Y,Denmark_10Y,-0.017590999999999912,2.101243,2.118834,-0.0406613767822468,0.2625454556425742,26.27,16.0,0.13449537335915646,1
2022-09-16,Denmark,10Y,Denmark_10Y,-0.018456999999999724,2.130287,2.1487439999999998,0.0393149632410038,0.3199577055981386,26.3,16.02,0.1346910188028662,1
2022-09-19,Denmark,10Y,Denmark_10Y,0.023477999999999888,2.166905,2.143427,-0.0576896274694237,0.1373774348735918,25.76,16.0,0.1348035911676687,1
2022-09-20,Denmark,10Y,Denmark_10Y,-0.02863400000000027,2.272024,2.3006580000000003,-0.0672472383294012,0.3286071833119873,27.16,16.0,0.13410937961000993,1
2022-09-21,Denmark,10Y,Denmark_10Y,-0.028660999999999603,2.223326,2.2519869999999997,-0.1075531149989482,0.338129609668235,27.99,17.01,0.13231013495633767,1
2022-09-22,Denmark,10Y,Denmark_10Y,-0.04851699999999992,2.324313,2.37283,-0.0186647200254584,0.3471314550035234,27.35,17.99,0.13230138254944762,1
2022-09-23,Denmark,10Y,Denmark_10Y,-0.03237300000000021,2.3980449999999998,2.430418,-0.0276997315940578,0.2867861892032133,29.92,18.0,0.1303458074271041,1
2022-09-26,Denmark,10Y,Denmark_10Y,-0.028506000000000142,2.463653,2.492159,-0.0523212224978996,0.406762630781077,32.26,18.0,0.1292273496762855,1
2022-09-27,Denmark,10Y,Denmark_10Y,-0.08951200000000004,2.630345,2.719857,-0.2707266806321728,0.3857026149310353,32.6,20.01,0.12900895322135356,1
2022-09-28,Denmark,10Y,Denmark_10Y,0.005307999999999424,2.6065199999999997,2.6012120000000003,-0.3312662491126375,0.3193224787521235,30.18,21.03,0.13092775406530677,1
2022-09-29,Denmark,10Y,Denmark_10Y,-0.029442999999999664,2.634844,2.664287,-0.3676779950832394,0.3118374208857071,31.84,22.5,0.13200971591509136,1
2022-09-30,Denmark,10Y,Denmark_10Y,-0.016491000000000255,2.587331,2.603822,-0.2503053062821461,0.3458524019691603,31.62,22.5,0.1318600174055223,1
2022-10-03,Denmark,10Y,Denmark_10Y,-0.009612999999999872,2.371271,2.380884,-0.1874680517479525,0.3881641095844742,30.1,22.51,0.13212134023887537,1
2022-10-04,Denmark,10Y,Denmark_10Y,-0.004591999999999707,2.349597,2.354189,-0.1153203165789048,0.3883153227549594,29.07,22.5,0.13426964029163366,1
2022-10-05,Denmark,10Y,Denmark_10Y,-0.013823999999999614,2.468421,2.482245,0.0353804813683019,0.3580351169978991,28.55,25.0,0.13289919595986444,1
2022-10-06,Denmark,10Y,Denmark_10Y,-0.012570999999999444,2.5058350000000003,2.5184059999999997,-0.0140761233330822,0.3164200629294975,30.52,25.0,0.13161877936744015,1
2022-10-07,Denmark,10Y,Denmark_10Y,-0.01958499999999974,2.625416,2.6450009999999997,-0.0287147460642649,0.4365073106147228,31.36,25.0,0.13092946829542926,1
2022-10-10,Denmark,10Y,Denmark_10Y,0.0014770000000003947,2.7661740000000004,2.764697,-0.089989163126199,0.4215843523935857,32.45,25.0,0.1304614421207812,1
2022-10-11,Denmark,10Y,Denmark_10Y,-0.03062200000000015,2.719564,2.7501860000000002,-0.0922725810227904,0.3176876037346757,33.63,27.49,0.13051081934692385,1
2022-10-12,Denmark,10Y,Denmark_10Y,-0.03807599999999978,2.762748,2.800824,-0.2480724705181442,0.3012352812449343,33.57,27.49,0.1304631441617743,1
2022-10-13,Denmark,10Y,Denmark_10Y,-0.04062600000000005,2.675318,2.715944,-0.0301541372091107,0.2970346573233374,31.94,27.5,0.13148033711558438,1
2022-10-14,Denmark,10Y,Denmark_10Y,-0.01965800000000062,2.7244599999999997,2.7441180000000003,-0.0867518389337444,0.3046042762222626,32.02,27.49,0.1307240806829026,1
2022-10-17,Denmark,10Y,Denmark_10Y,-0.026580000000000048,2.651657,2.678237,-0.1372639320395977,0.3614970312372421,31.37,27.48,0.1323451561672843,1
2022-10-18,Denmark,10Y,Denmark_10Y,-0.024547000000000097,2.6414169999999997,2.665964,-0.1683676308795212,0.3036239204229683,30.5,27.49,0.13254688846179336,1
2022-10-19,Denmark,10Y,Denmark_10Y,-0.04188499999999973,2.710128,2.752013,0.0181977735118403,0.2831621755024322,30.76,27.5,0.1313887793982394,1
2022-10-20,Denmark,10Y,Denmark_10Y,-0.046649999999999636,2.7452870000000003,2.791937,-0.0197705216906644,0.3096046789295796,29.98,27.49,0.13157894736842105,1
2022-10-21,Denmark,10Y,Denmark_10Y,-0.05758600000000058,2.7690859999999997,2.8266720000000003,-0.0140489434782175,0.2420743327007301,29.69,27.48,0.13260137375023204,1
2022-10-24,Denmark,10Y,Denmark_10Y,-0.04054900000000039,2.707566,2.7481150000000003,0.0105234468970778,0.2672880942650492,29.85,27.49,0.13274395019446988,1
2022-10-25,Denmark,10Y,Denmark_10Y,-0.038469000000000086,2.536271,2.5747400000000003,-0.035579874628725,0.3001375886811346,28.46,26.24,0.1340069415595728,1
2022-10-26,Denmark,10Y,Denmark_10Y,-0.03373399999999993,2.4707850000000002,2.504519,-0.0777167723131297,0.3157101219787964,27.28,26.24,0.13556932337350705,1
2022-10-27,Denmark,10Y,Denmark_10Y,-0.05865199999999948,2.3571720000000003,2.4158239999999997,0.028929510153183,0.2454165126227296,27.39,26.24,0.1339279735358324,1
2022-10-28,Denmark,10Y,Denmark_10Y,-0.04466800000000015,2.4378349999999998,2.482503,0.0616770934910967,0.4303629734077916,25.75,26.25,0.13389748808312357,1
2022-10-31,Denmark,10Y,Denmark_10Y,-0.03960600000000003,2.5197469999999997,2.5593529999999998,-0.0410046227696263,0.2679526802231008,25.88,26.24,0.13275276125743415,1
2022-11-01,Denmark,10Y,Denmark_10Y,-0.026569000000000287,2.4950919999999996,2.521661,-0.055204902614588,0.2463948388587587,25.81,25.0,0.1326752640237754,1
2022-11-02,Denmark,10Y,Denmark_10Y,-0.029622999999999955,2.510618,2.540241,-0.1146333846363617,0.2689663390701701,25.86,25.0,0.13191393934597068,1
2022-11-03,Denmark,10Y,Denmark_10Y,-0.0424869999999995,2.5839160000000003,2.626403,-0.0527648558823433,0.2680778212438212,25.3,25.0,0.13101180416355512,1
2022-11-04,Denmark,10Y,Denmark_10Y,-0.042547000000000335,2.6313969999999998,2.673944,0.0053185166066226,0.2689255323497946,24.55,25.0,0.13382939428816146,1
2022-11-07,Denmark,10Y,Denmark_10Y,-0.04559799999999958,2.6323540000000003,2.677952,-0.0226627715382253,0.315500794801133,24.35,25.0,0.13474183464482054,1
2022-11-08,Denmark,10Y,Denmark_10Y,-0.06053400000000053,2.5111559999999997,2.5716900000000003,-0.0899122826014548,0.2373656349916091,25.54,25.0,0.13543712331550078,1
2022-11-09,Denmark,10Y,Denmark_10Y,-0.061511000000000315,2.4225529999999997,2.484064,-0.0396869522017222,0.2534626370591669,26.09,25.0,0.13463117788817536,1
2022-11-10,Denmark,10Y,Denmark_10Y,-0.04352100000000014,2.1997229999999997,2.243244,-0.0517956041510049,0.2661089292089864,23.53,25.0,0.1372495196266813,1
2022-11-11,Denmark,10Y,Denmark_10Y,-0.04049799999999948,2.3856840000000004,2.426182,0.068047753303321,0.3435495185138261,22.52,22.5,0.1392195352851912,1
2022-11-14,Denmark,10Y,Denmark_10Y,-0.07041699999999995,2.39107,2.461487,-0.0421239081315749,0.2928901324052184,23.73,22.5,0.13883489753984563,1
2022-11-15,Denmark,10Y,Denmark_10Y,-0.06538200000000005,2.310108,2.37549,0.065216940141732,0.3053759379286464,24.54,22.51,0.13914979475405276,1
2022-11-16,Denmark,10Y,Denmark_10Y,-0.07952999999999966,2.2043600000000003,2.28389,-0.0337462592963224,0.2838231832555221,24.11,22.5,0.13975849731663686,1
2022-11-17,Denmark,10Y,Denmark_10Y,-0.04745500000000025,2.252947,2.300402,0.0265093812381947,0.2873620632547139,23.93,20.0,0.13936699510821848,1
2022-11-18,Denmark,10Y,Denmark_10Y,-0.04658899999999999,2.2127939999999997,2.2593829999999997,-0.2866402862951011,0.375789546033904,23.12,20.0,0.1388233334258822,1
2022-11-21,Denmark,10Y,Denmark_10Y,-0.0555399999999997,2.190341,2.245881,-0.0125571681531518,0.3201094867264226,22.36,20.01,0.13771449031867133,1
2022-11-22,Denmark,10Y,Denmark_10Y,-0.05151600000000034,2.1897729999999997,2.241289,-0.0148070989190189,0.2854567939152345,21.29,20.01,0.13854637147053117,1
2022-11-23,Denmark,10Y,Denmark_10Y,-0.04762400000000033,2.146188,2.1938120000000003,-0.0379103437335886,0.3101975735735396,20.35,20.01,0.13979171035157614,1
2022-11-24,Denmark,10Y,Denmark_10Y,-0.06137799999999993,2.058649,2.120027,-0.1750726203288278,0.4571599142341749,20.42,20.01,0.1400324875371086,1
2022-11-25,Denmark,10Y,Denmark_10Y,-0.04848200000000036,2.1820839999999997,2.230566,-0.0956374200395557,0.392296363225219,20.5,20.01,0.13980734547793142,1
2022-11-28,Denmark,10Y,Denmark_10Y,-0.04549599999999998,2.164768,2.210264,0.0006155387650562,0.2900332534361713,22.21,20.01,0.13905691599571704,1
2022-11-29,Denmark,10Y,Denmark_10Y,-0.05645200000000017,2.081125,2.1375770000000003,0.0629218862066422,0.2558261353728695,21.89,20.0,0.13891011126699912,1
2022-11-30,Denmark,10Y,Denmark_10Y,-0.05347599999999986,2.103134,2.1566099999999997,-0.0027370952086856,0.3193521509980401,20.58,20.02,0.13994038539582138,1
2022-12-01,Denmark,10Y,Denmark_10Y,-0.06770299999999985,1.9968460000000001,2.064549,0.0652054112019129,0.2307780379301991,19.84,19.02,0.14154281670205238,1
2022-12-02,Denmark,10Y,Denmark_10Y,-0.07344400000000029,2.049925,2.1233690000000003,-0.0097451621987894,0.2635527913645368,19.06,19.01,0.1417675579120474,1
2022-12-05,Denmark,10Y,Denmark_10Y,-0.0584330000000004,2.0738779999999997,2.132311,0.0167274572525614,0.3408397706390211,20.75,17.99,0.14108352144469527,1
2022-12-06,Denmark,10Y,Denmark_10Y,-0.056454000000000004,2.011943,2.068397,-0.109836652882973,0.3361996576160395,22.17,18.02,0.14075585896262932,1
2022-12-07,Denmark,10Y,Denmark_10Y,-0.06266700000000003,1.994435,2.057102,-0.033222765926372,0.3385574460509867,22.68,18.03,0.14125490860807413,1
2022-12-08,Denmark,10Y,Denmark_10Y,-0.05637100000000039,2.0111679999999996,2.067539,-0.0573859008197469,0.2252381426510548,22.29,18.0,0.1419305391941184,1
2022-12-09,Denmark,10Y,Denmark_10Y,-0.07258100000000045,2.085736,2.1583170000000003,0.0413951077093636,0.216256596701295,22.83,18.01,0.1416169827085664,1
2022-12-12,Denmark,10Y,Denmark_10Y,-0.07451700000000017,2.082255,2.156772,-0.046928793990104,0.3088416341064455,25.0,19.0,0.14169724965638417,1
2022-12-13,Denmark,10Y,Denmark_10Y,-0.06543499999999991,2.045927,2.1113619999999997,0.0320820205790016,0.2319359655995114,22.55,19.03,0.14294903866771497,1
2022-12-14,Denmark,10Y,Denmark_10Y,-0.05781800000000015,2.1011309999999996,2.158949,0.012950919789455,0.326215002785342,21.14,19.02,0.14361213235294118,1
2022-12-15,Denmark,10Y,Denmark_10Y,-0.05642699999999934,2.2612750000000004,2.3177019999999997,0.0221119529936846,0.3555105118236629,22.83,19.01,0.14291226615980449,1
2022-12-16,Denmark,10Y,Denmark_10Y,-0.06253900000000012,2.3377369999999997,2.400276,0.0447350065064356,0.3417153361926253,22.62,19.01,0.14233254575991347,1
2022-12-19,Denmark,10Y,Denmark_10Y,-0.062426000000000315,2.387924,2.4503500000000003,-0.0096175660894599,0.3331372258435486,22.42,19.0,0.14259029530450157,1
2022-12-20,Denmark,10Y,Denmark_10Y,-0.06641700000000039,2.474137,2.540554,-0.0071109645886414,0.2894729238210468,21.48,19.0,0.14281633818908884,1
2022-12-21,Denmark,10Y,Denmark_10Y,-0.0686169999999997,2.458031,2.526648,0.0112889009101004,0.2699658843315686,20.07,19.01,0.14260656275401795,1
2022-12-22,Denmark,10Y,Denmark_10Y,-0.05645500000000059,2.5387459999999997,2.5952010000000003,-0.1433846935911295,0.2601155303870665,21.97,19.01,0.14251104460595695,1
2022-12-23,Denmark,10Y,Denmark_10Y,-0.07330900000000007,2.578889,2.6521980000000003,0.0934486496438363,0.3084795863688323,20.87,19.0,0.14274906142492114,1
2022-12-26,Denmark,10Y,Denmark_10Y,-0.0735399999999995,2.5910710000000003,2.664611,-0.0634587675660591,0.2701777694502448,20.87,19.01,0.14302059496567507,1
2022-12-27,Denmark,10Y,Denmark_10Y,-0.04853200000000024,2.705136,2.7536680000000002,-0.0505782466939311,0.2490201829484725,21.65,19.0,0.1430758445051722,1
2022-12-28,Denmark,10Y,Denmark_10Y,-0.06557799999999991,2.679374,2.744952,-0.1482120379008217,0.2528830523979863,22.14,19.01,0.14272257585704906,1
2022-12-29,Denmark,10Y,Denmark_10Y,-0.02842100000000025,2.6630849999999997,2.691506,-0.1046794735960363,0.3124115371488134,21.44,19.01,0.14338767726301602,1
2022-12-30,Denmark,10Y,Denmark_10Y,-0.03852900000000048,2.7373469999999998,2.7758760000000002,-0.0189247614584197,0.2954761266495668,21.67,19.0,0.14395324398635323,1
2023-01-02,Denmark,10Y,Denmark_10Y,-0.07099899999999959,2.607972,2.6789709999999998,-0.1716245637247044,0.3715998377958978,21.67,19.01,0.14345349954812148,1
2023-01-03,Denmark,10Y,Denmark_10Y,-0.06950900000000004,2.535507,2.605016,-0.0695015781032839,0.3415921443324152,22.9,19.02,0.1418379359743557,1
2023-01-04,Denmark,10Y,Denmark_10Y,-0.04568199999999978,2.462183,2.507865,-0.0160293035649697,0.2979970842737382,22.01,19.02,0.14259639516313027,1
2023-01-05,Denmark,10Y,Denmark_10Y,-0.056553000000000075,2.469284,2.525837,-0.0788603401773088,0.2878413552738816,22.46,19.0,0.14149875481095767,1
2023-01-06,Denmark,10Y,Denmark_10Y,-0.03950200000000059,2.3880869999999996,2.427589,0.0040126505295797,0.2583663987247648,21.13,19.04,0.14312908812457956,1
2023-01-09,Denmark,10Y,Denmark_10Y,-0.05848000000000031,2.446256,2.5047360000000003,-0.1094286876979428,0.4074238674231907,21.97,19.02,0.144306391330072,1
2023-01-10,Denmark,10Y,Denmark_10Y,-0.05042100000000005,2.5400799999999997,2.5905009999999997,-0.0858026966687193,0.287603022858894,20.58,19.0,0.14432513566562752,1
2023-01-11,Denmark,10Y,Denmark_10Y,-0.028220999999999385,2.4279390000000003,2.4561599999999997,0.0202417484804706,0.2392692994180431,21.09,19.02,0.14463825971245914,1
2023-01-12,Denmark,10Y,Denmark_10Y,-0.0785619999999998,2.297784,2.376346,-0.1242204367528974,0.2993802675678172,18.83,19.02,0.14591297750021887,1
2023-01-13,Denmark,10Y,Denmark_10Y,-0.03841800000000006,2.346678,2.385096,-0.1275405591977159,0.3713033928238963,18.35,19.0,0.14561551678946907,1
2023-01-16,Denmark,10Y,Denmark_10Y,-0.03142099999999992,2.345566,2.3769869999999997,-0.0298378077459277,0.1852141173702974,19.49,19.01,0.14547782190605044,1
2023-01-17,Denmark,10Y,Denmark_10Y,-0.05246199999999979,2.231523,2.283985,-0.046730673333827,0.2606757394910822,19.36,19.01,0.14505156583165316,1
2023-01-18,Denmark,10Y,Denmark_10Y,-0.05134900000000009,2.167265,2.218614,-0.0340256753876222,0.2569424175378602,20.34,19.03,0.14509576320371445,1
2023-01-19,Denmark,10Y,Denmark_10Y,-0.04947599999999985,2.2483180000000003,2.297794,-0.0344331838723447,0.3079047418344064,20.52,19.01,0.14559219625828054,1
2023-01-20,Denmark,10Y,Denmark_10Y,-0.02858499999999964,2.39062,2.419205,-0.0131923820526794,0.2193319375751571,19.85,19.0,0.14594279042615294,1
2023-01-25,Denmark,10Y,Denmark_10Y,-0.0493920000000001,2.320615,2.370007,0.075645519695777,0.4186062028029123,19.08,16.02,0.14675237005077632,1
2023-01-26,Denmark,10Y,Denmark_10Y,-0.020354000000000205,2.34861,2.368964,0.1986313287069319,0.463629404071796,18.73,15.01,0.14646435057706952,1
2023-01-27,Denmark,10Y,Denmark_10Y,-0.0434960000000002,2.397353,2.440849,-0.1521425710553998,0.3120216463746295,18.51,15.01,0.14613687179412238,1
2023-01-30,Denmark,10Y,Denmark_10Y,-0.0464380000000002,2.474819,2.5212570000000003,-0.1815355236121423,0.275995469080055,19.94,15.0,0.1458895616018674,1
2023-01-31,Denmark,10Y,Denmark_10Y,-0.054516999999999705,2.4596910000000003,2.514208,-0.0387017996822032,0.3625078401993586,19.4,15.02,0.14605576409072984,1
2023-02-01,Denmark,10Y,Denmark_10Y,-0.025558999999999887,2.470861,2.49642,-0.0353461285785881,0.316756886046494,17.87,15.04,0.14773449157174726,1
2023-02-02,Denmark,10Y,Denmark_10Y,-0.03247499999999981,2.1681340000000002,2.200609,-0.1114249706696467,0.2919822251632295,18.73,15.02,0.14662971597824015,1
2023-02-03,Denmark,10Y,Denmark_10Y,-0.11946799999999991,2.263982,2.38345,-0.0285915868955834,0.3415626279069931,18.33,14.98,0.14504315033722534,1
2023-02-06,Denmark,10Y,Denmark_10Y,-0.049414999999999765,2.376836,2.4262509999999997,-0.1000132613180879,0.2734599693050637,19.43,14.98,0.14412336960438135,1
2023-02-07,Denmark,10Y,Denmark_10Y,-0.04442500000000038,2.3882269999999997,2.432652,0.0013466164454931,0.35982056378629,18.66,15.02,0.14416492467382686,1
2023-02-08,Denmark,10Y,Denmark_10Y,-0.043499000000000176,2.43103,2.474529,-0.0306120476218332,0.3240351294824499,19.63,15.02,0.1440237351115464,1
2023-02-09,Denmark,10Y,Denmark_10Y,-0.056398999999999866,2.4013470000000003,2.457746,-0.0741348513132392,0.3157599324679805,20.71,15.01,0.1443105563171946,1
2023-02-10,Denmark,10Y,Denmark_10Y,-0.04751200000000022,2.485341,2.5328530000000002,-0.1498527240479615,0.2919362082875594,20.53,15.02,0.1433938455361496,1
2023-02-13,Denmark,10Y,Denmark_10Y,-0.041526000000000174,2.481917,2.5234430000000003,-0.0301208491170868,0.320540159774263,20.34,15.01,0.14392838123749624,1
2023-02-14,Denmark,10Y,Denmark_10Y,-0.038551,2.5446660000000003,2.5832170000000003,-0.0892744083221443,0.2782067713689835,18.91,14.98,0.14411506146507372,1
2023-02-15,Denmark,10Y,Denmark_10Y,-0.03967099999999979,2.6208270000000002,2.660498,-0.206768195790488,0.1736959408962716,18.23,15.01,0.1434617315831002,1
2023-02-16,Denmark,10Y,Denmark_10Y,-0.03946000000000005,2.6223989999999997,2.6618589999999998,-0.0242191742733698,0.3824673366125292,20.17,15.02,0.14333629561677608,1
2023-02-17,Denmark,10Y,Denmark_10Y,-0.037528000000000006,2.574676,2.612204,-0.1160434060548754,0.3061499640934562,20.02,15.02,0.14364720247073187,1
2023-02-20,Denmark,10Y,Denmark_10Y,-0.040544000000000135,2.590487,2.631031,0.0244227852004349,0.3817507528304294,21.23,15.0,0.14350290593384515,1
2023-02-21,Denmark,10Y,Denmark_10Y,-0.021398999999999724,2.678916,2.700315,-0.0683939568797138,0.3912282852403746,22.87,14.98,0.14303491482270822,1
2023-02-22,Denmark,10Y,Denmark_10Y,-0.044497999999999927,2.666645,2.711143,0.0127826479913858,0.2754823698486168,22.29,15.01,0.14245623032323318,1
2023-02-23,Denmark,10Y,Denmark_10Y,-0.03943500000000011,2.6371339999999996,2.6765689999999998,0.0465358449629603,0.2191089713380613,21.14,15.02,0.1423163407622463,1
2023-02-24,Denmark,10Y,Denmark_10Y,-0.061437000000000186,2.688399,2.749836,0.0187299532556583,0.2744162217171941,21.67,14.98,0.1416751671766973,1
2023-02-27,Denmark,10Y,Denmark_10Y,-0.014642999999999518,2.722024,2.7366669999999997,0.146677400156331,0.3102899508181334,20.95,15.01,0.1425354200518829,1
2023-02-28,Denmark,10Y,Denmark_10Y,-0.03751199999999999,2.804529,2.842041,0.019436158302094,0.3385996004535856,20.7,15.01,0.1421100500227376,1
2023-03-01,Denmark,10Y,Denmark_10Y,-0.03260899999999989,2.887752,2.9203609999999998,-0.1464053499175585,0.333895930116813,20.58,14.99,0.14338973329509608,1
2023-03-02,Denmark,10Y,Denmark_10Y,-0.010632000000000197,2.8965699999999996,2.907202,-0.1126250387512569,0.3186500552146161,19.59,15.0,0.14241768257946907,1
2023-03-03,Denmark,10Y,Denmark_10Y,-0.051385000000000236,2.883232,2.9346170000000003,0.0868354183346716,0.1854102963244579,18.49,15.02,0.14293473599954262,1
2023-03-06,Denmark,10Y,Denmark_10Y,-0.04348200000000002,2.885371,2.928853,0.0121957351493334,0.3454819141362025,18.61,15.01,0.14354410392593125,1
2023-03-07,Denmark,10Y,Denmark_10Y,-0.03844299999999956,2.8357210000000004,2.874164,-0.0664354413769154,0.2796980393284873,19.59,14.99,0.1417615287563261,1
2023-03-08,Denmark,10Y,Denmark_10Y,-0.010428999999999355,2.8298370000000004,2.8402659999999997,-0.0058056899392884,0.3058111677834227,19.11,15.01,0.14171733061236058,1
2023-03-09,Denmark,10Y,Denmark_10Y,-0.040389999999999926,2.818511,2.858901,-0.1632400325982769,0.5160875878028165,22.61,15.03,0.14219896479153632,1
2023-03-10,Denmark,10Y,Denmark_10Y,-0.0003220000000005996,2.6793009999999997,2.6796230000000003,-0.0007039166921429,0.320427129184353,24.8,15.08,0.14296947601687038,1
2023-03-13,Denmark,10Y,Denmark_10Y,-0.015383000000000369,2.4557979999999997,2.471181,-0.0094380252354519,0.244204623149821,26.52,15.11,0.1441524556370818,1
2023-03-14,Denmark,10Y,Denmark_10Y,-0.03939599999999999,2.621093,2.660489,-0.0085336883978282,0.3932603174076495,23.73,15.07,0.1441586898858263,1
2023-03-15,Denmark,10Y,Denmark_10Y,-0.0635709999999996,2.3081810000000003,2.371752,-0.0010930982485882,0.3097913602147311,26.14,15.08,0.14209389564624303,1
2023-03-16,Denmark,10Y,Denmark_10Y,0.0047719999999999985,2.4557979999999997,2.4510259999999997,-0.0480256384069162,0.3261058712522482,22.99,14.96,0.14253745171543825,1
2023-03-17,Denmark,10Y,Denmark_10Y,-0.050506999999999636,2.280724,2.331231,-0.0554013716210789,0.333105165935198,25.51,15.06,0.14328084478386083,1
2023-03-20,Denmark,10Y,Denmark_10Y,-0.04760799999999987,2.275418,2.323026,0.0348067793061764,0.3134246414265929,24.15,14.99,0.14405485608919877,1
2023-03-21,Denmark,10Y,Denmark_10Y,-0.046419999999999906,2.43508,2.4815,0.0644896078567967,0.3147096270072883,21.38,14.97,0.1446278003557844,1
2023-03-22,Denmark,10Y,Denmark_10Y,-0.033761999999999404,2.5079450000000003,2.5417069999999997,-0.0184946354246507,0.2733804445911533,22.26,15.07,0.1458023503338874,1
2023-03-23,Denmark,10Y,Denmark_10Y,-0.04147700000000043,2.3572629999999997,2.39874,0.0776434672720835,0.3117302017449937,22.61,15.05,0.14540801488978072,1
2023-03-24,Denmark,10Y,Denmark_10Y,-0.05248100000000022,2.280823,2.333304,-0.0152033898259186,0.2432638549014314,21.74,16.03,0.14440850277264325,1
2023-03-27,Denmark,10Y,Denmark_10Y,-0.056414000000000186,2.366187,2.4226010000000002,0.0250656947470853,0.3262806317301148,20.6,15.97,0.1449296366614009,1
2023-03-28,Denmark,10Y,Denmark_10Y,-0.04848299999999961,2.4506750000000004,2.499158,-0.0960378206217395,0.3209140212391252,19.97,16.01,0.14558583740973677,1
2023-03-29,Denmark,10Y,Denmark_10Y,-0.038755000000000095,2.429621,2.468376,-0.0479121497588098,0.2915053636308035,19.12,16.02,0.14560067558713471,1
2023-03-30,Denmark,10Y,Denmark_10Y,-0.05056999999999956,2.5089680000000003,2.559538,0.0525986479383885,0.304277749999791,19.02,16.02,0.1464321799358627,1
2023-03-31,Denmark,10Y,Denmark_10Y,-0.05255300000000007,2.426507,2.47906,-0.0496096511005981,0.3099774155043877,18.7,16.03,0.14554981442398662,1
2023-04-03,Denmark,10Y,Denmark_10Y,-0.022054999999999936,2.421694,2.443749,-0.0588173155207923,0.3561275570611965,18.55,15.03,0.14635717003776014,1
2023-04-04,Denmark,10Y,Denmark_10Y,-0.03856700000000002,2.439778,2.478345,-0.1172901835432935,0.2211239890665204,19.0,15.05,0.14708477966700007,1
2023-04-05,Denmark,10Y,Denmark_10Y,-0.02249800000000013,2.34835,2.370848,-0.0244233973323039,0.2796176496353815,19.08,15.03,0.1464043101428906,1
2023-04-06,Denmark,10Y,Denmark_10Y,-0.04158700000000026,2.340349,2.381936,-0.0452181469818665,0.3194432992264918,18.4,15.02,0.1465931746217896,1
2023-04-07,Denmark,10Y,Denmark_10Y,-0.04164100000000026,2.3548999999999998,2.396541,0.0554767207834739,0.2462044290093393,18.4,15.02,0.14638073629510356,1
2023-04-10,Denmark,10Y,Denmark_10Y,-0.04164100000000026,2.3548999999999998,2.396541,0.1552078612844221,0.3022862974120519,18.97,15.02,0.14577046981822422,1
2023-04-11,Denmark,10Y,Denmark_10Y,-0.05750699999999975,2.476656,2.534163,-0.1946876269540482,0.2928016807828788,19.1,15.01,0.14646435057706952,1
2023-04-12,Denmark,10Y,Denmark_10Y,-0.055799000000000376,2.517028,2.572827,0.0801164405155216,0.342431117385078,19.09,15.04,0.14752961657052654,1
2023-04-13,Denmark,10Y,Denmark_10Y,-0.057477000000000444,2.5159209999999996,2.573398,-0.036819581205282,0.3618883331074015,17.8,15.01,0.14827775388858408,1
2023-04-14,Denmark,10Y,Denmark_10Y,-0.053444999999999965,2.601461,2.654906,-0.2670189650048568,0.4400981391643271,17.07,14.99,0.14760147601476015,1
2023-04-17,Denmark,10Y,Denmark_10Y,-0.04253399999999985,2.645384,2.687918,-0.003062699726441,0.3298245949505497,16.95,15.02,0.14664906877841327,1
2023-04-18,Denmark,10Y,Denmark_10Y,-0.015619999999999745,2.630512,2.6461319999999997,0.0399947782383011,0.2686784346079251,16.83,15.02,0.14728191230834942,1
2023-04-19,Denmark,10Y,Denmark_10Y,-0.04569200000000029,2.657683,2.7033750000000003,-0.1248816386441387,0.3032279960260854,16.46,15.02,0.14703071471630422,1
2023-04-20,Denmark,10Y,Denmark_10Y,-0.07254499999999986,2.635733,2.708278,-0.0252965604496604,0.3689382752958089,17.17,15.04,0.14721253073061577,1
2023-04-21,Denmark,10Y,Denmark_10Y,-0.045414000000000065,2.633742,2.679156,-0.0024423294065384,0.2865643076281149,16.77,15.01,0.1474708745022858,1
2023-04-24,Denmark,10Y,Denmark_10Y,-0.04640099999999947,2.6506600000000002,2.6970609999999997,-0.0921769751167737,0.3556972087741485,16.89,15.03,0.14822280852577593,1
2023-04-25,Denmark,10Y,Denmark_10Y,-0.05258399999999952,2.5218800000000003,2.574464,-0.0638224930708841,0.3090389837258332,18.76,15.03,0.14724287712581904,1
2023-04-26,Denmark,10Y,Denmark_10Y,-0.052537000000000056,2.544872,2.597409,0.0587824617951636,0.2957008942194047,18.84,15.01,0.14816131804308533,1
2023-04-27,Denmark,10Y,Denmark_10Y,-0.04953400000000041,2.6289819999999997,2.678516,-0.0648145035893072,0.3532200292628321,17.03,15.02,0.1479793420838451,1
2023-04-28,Denmark,10Y,Denmark_10Y,-0.05344099999999985,2.500147,2.553588,0.0200451364120256,0.3014731844246388,15.78,15.04,0.1478218451122707,1
2023-05-01,Denmark,10Y,Denmark_10Y,-0.05350499999999947,2.5103150000000003,2.5638199999999998,-0.0971416175751488,0.2739771216569868,16.08,15.01,0.14727757404380035,1
2023-05-02,Denmark,10Y,Denmark_10Y,-0.03994500000000034,2.4344669999999997,2.474412,-0.0136194687964097,0.3463427153158692,17.78,14.99,0.14757969303423848,1
2023-05-03,Denmark,10Y,Denmark_10Y,-0.048516000000000226,2.413722,2.462238,-0.1616334899709555,0.2548841645997518,18.34,15.02,0.14849573817231446,1
2023-05-04,Denmark,10Y,Denmark_10Y,-0.03964200000000018,2.370812,2.410454,-0.1232532631260683,0.4359057949699702,20.09,14.03,0.1478415138971023,1
2023-05-05,Denmark,10Y,Denmark_10Y,-0.1436550000000003,2.3869759999999998,2.530631,0.0083573941744458,0.3375210638652542,17.19,13.99,0.14790930201600377,1
2023-05-08,Denmark,10Y,Denmark_10Y,-0.05233899999999991,2.496275,2.5486139999999997,-0.0640252647610719,0.2622611191061963,16.98,14.02,0.14778689130274145,1
2023-05-09,Denmark,10Y,Denmark_10Y,-0.03048200000000012,2.5183679999999997,2.54885,-0.002686572325494,0.3641871517982021,17.71,14.02,0.14725805501560935,1
2023-05-10,Denmark,10Y,Denmark_10Y,-0.034680000000000266,2.466561,2.5012410000000003,0.0436163420284256,0.270619160398487,16.94,14.03,0.1475013275119476,1
2023-05-11,Denmark,10Y,Denmark_10Y,-0.11453800000000003,2.388862,2.5034,-0.1032251641027288,0.3564883406545174,16.93,14.05,0.1465824306298647,1
2023-05-12,Denmark,10Y,Denmark_10Y,-0.020523999999999987,2.443563,2.464087,-0.1648206181770213,0.3363247923113732,17.03,14.03,0.14572373693951007,1
2023-05-15,Denmark,10Y,Denmark_10Y,-0.01704300000000014,2.47936,2.496403,-0.0900589798972791,0.3143359344507527,17.12,14.08,0.14603656755651614,1
2023-05-16,Denmark,10Y,Denmark_10Y,-0.03160199999999991,2.51207,2.543672,-0.0771507655048832,0.2662833098387607,17.99,13.96,0.14591297750021887,1
2023-05-17,Denmark,10Y,Denmark_10Y,-0.01949000000000023,2.5124459999999997,2.531936,-0.0345405422106047,0.3161801417283724,16.87,14.11,0.1455667641963987,1
2023-05-18,Denmark,10Y,Denmark_10Y,-0.15628899999999968,2.5009550000000003,2.657244,-0.0145062941882834,0.2108287254824989,16.05,14.38,0.1446340757882557,1
2023-05-19,Denmark,10Y,Denmark_10Y,-0.18754399999999993,2.4597189999999998,2.6472629999999997,0.0700676782002016,0.2589556086153047,16.81,14.0,0.1450999738820047,1
2023-05-22,Denmark,10Y,Denmark_10Y,-0.03158099999999964,2.6059710000000003,2.637552,-0.1517053227122253,0.326905523284166,17.21,14.01,0.14521375464684014,1
2023-05-23,Denmark,10Y,Denmark_10Y,-0.03860299999999972,2.623567,2.6621699999999997,0.043740446448247,0.2661348120464392,18.53,14.02,0.14461525112438356,1
2023-05-24,Denmark,10Y,Denmark_10Y,-0.029954000000000036,2.6196159999999997,2.6495699999999998,-0.0045954926878558,0.2536845410034454,20.03,14.03,0.14431472154474478,1
2023-05-25,Denmark,10Y,Denmark_10Y,-0.04350399999999999,2.661648,2.705152,0.0052096983523028,0.266115317072469,19.14,14.48,0.14397189668576693,1
2023-05-26,Denmark,10Y,Denmark_10Y,-0.05399400000000032,2.7174259999999997,2.77142,-0.0552060265209478,0.2849084802244671,17.95,14.01,0.14404033129276198,1
2023-05-29,Denmark,10Y,Denmark_10Y,0.04812599999999989,2.706606,2.65848,-0.0085931804079429,0.3405264423915521,17.46,14.01,0.1437628488046119,1
2023-05-30,Denmark,10Y,Denmark_10Y,-0.03748600000000035,2.540723,2.578209,-0.0587242838441509,0.3277138985352898,17.46,14.02,0.1441545336600836,1
2023-05-31,Denmark,10Y,Denmark_10Y,-0.03685500000000008,2.449233,2.486088,-0.03918771429447,0.2582683444004828,17.94,13.54,0.1435544071202986,1
2023-06-01,Denmark,10Y,Denmark_10Y,-0.040534999999999766,2.4122630000000003,2.452798,-0.0134087195165526,0.2771076548627326,15.65,13.53,0.14451702410543962,1
2023-06-02,Denmark,10Y,Denmark_10Y,-0.07355900000000037,2.483237,2.5567960000000003,-0.0261592902666681,0.2226549765305813,14.6,13.47,0.1438062642008686,1
2023-06-05,Denmark,10Y,Denmark_10Y,-0.09693899999999989,2.503735,2.6006739999999997,0.0254911343254941,0.3428074527909749,14.73,14.03,0.14384142920844062,1
2023-06-06,Denmark,10Y,Denmark_10Y,-0.04051999999999989,2.526456,2.566976,-0.1092939487885259,0.2958089668082977,13.96,14.01,0.14355646793666288,1
2023-06-07,Denmark,10Y,Denmark_10Y,-0.03589900000000057,2.6034439999999996,2.639343,-0.1393653597143123,0.3332480736312476,13.94,14.0,0.14363894913744812,1
2023-06-08,Denmark,10Y,Denmark_10Y,-0.032555999999999585,2.5731710000000003,2.605727,0.042766915041731,0.3395082434720828,13.65,13.53,0.14470732942623543,1
2023-06-09,Denmark,10Y,Denmark_10Y,-0.0285470000000001,2.540257,2.568804,0.0396378652311857,0.3761788568282882,13.83,13.51,0.14425434926863046,1
2023-06-12,Denmark,10Y,Denmark_10Y,-0.0355970000000001,2.523647,2.559244,-0.066866404968861,0.2773583116731841,15.01,13.52,0.14437305998700642,1
2023-06-13,Denmark,10Y,Denmark_10Y,-0.03261000000000003,2.582826,2.615436,-0.0043029687829058,0.2792230951615673,14.61,13.52,0.14483937313519307,1
2023-06-14,Denmark,10Y,Denmark_10Y,-0.03491700000000009,2.609628,2.644545,-0.0566268546168939,0.1867929129171921,13.88,13.52,0.14538898823803084,1
2023-06-15,Denmark,10Y,Denmark_10Y,-0.07045199999999952,2.6718010000000003,2.742253,-0.001233644257942,0.2992801331295049,14.5,14.01,0.14690759512266782,1
2023-06-16,Denmark,10Y,Denmark_10Y,-0.03146300000000046,2.6464689999999997,2.677932,-0.025777979134885,0.2707374615378008,13.54,14.01,0.14689680499449137,1
2023-06-19,Denmark,10Y,Denmark_10Y,-0.010637000000000008,2.7233,2.733937,-0.0938867891734992,0.3136843140216095,14.19,14.02,0.14663401615906857,1
2023-06-20,Denmark,10Y,Denmark_10Y,-0.02850100000000033,2.615518,2.644019,0.0077703657128469,0.275931731806859,13.88,13.51,0.14658672803764347,1
2023-06-21,Denmark,10Y,Denmark_10Y,-0.035025000000000084,2.626639,2.661664,0.005320336015358,0.3685638692593023,13.2,13.51,0.14753614635585718,1
2023-06-22,Denmark,10Y,Denmark_10Y,-0.05120300000000011,2.702351,2.7535540000000003,0.0032673971256481,0.3090745844343899,12.91,13.51,0.14711507341042163,1
2023-06-23,Denmark,10Y,Denmark_10Y,-0.029557000000000055,2.538008,2.567565,-0.1487920335119903,0.2979567029834996,13.44,13.52,0.14632076437967312,1
2023-06-26,Denmark,10Y,Denmark_10Y,-0.05047299999999977,2.501903,2.5523759999999998,0.0518955103456642,0.2965108111610735,14.25,13.53,0.14646864106394822,1
2023-06-27,Denmark,10Y,Denmark_10Y,-0.04747900000000005,2.5419609999999997,2.5894399999999997,-0.0263012522758279,0.3406164444560982,13.74,13.51,0.14720602955897075,1
2023-06-28,Denmark,10Y,Denmark_10Y,-0.04580800000000007,2.545707,2.5915150000000002,-0.2375252570660494,0.3274080251983857,13.43,13.51,0.14653732305618242,1
2023-06-29,Denmark,10Y,Denmark_10Y,-0.04351000000000038,2.6027009999999997,2.646211,-0.1931145887744267,0.3799540484290406,13.54,13.51,0.1458874332564993,1
2023-06-30,Denmark,10Y,Denmark_10Y,-0.04551199999999955,2.6416820000000003,2.687194,-0.0328099891787911,0.3453841207221171,13.59,13.51,0.14658672803764347,1
2023-07-03,Denmark,10Y,Denmark_10Y,-0.03147499999999992,2.660756,2.692231,-0.0255718943358427,0.2558055829350168,13.57,13.5,0.14653517576894334,1
2023-07-04,Denmark,10Y,Denmark_10Y,-0.050520000000000564,2.6581219999999997,2.708642,0.0019783478095484,0.3369726685683713,13.7,13.52,0.14606856458421583,1
2023-07-05,Denmark,10Y,Denmark_10Y,-0.04560300000000028,2.6796379999999997,2.725241,-0.015115210944292,0.3339920387960278,14.18,13.52,0.14573860324122653,1
2023-07-06,Denmark,10Y,Denmark_10Y,-0.03543800000000008,2.835736,2.871174,0.1387985932102739,0.2783550082950497,15.44,13.5,0.1462095182396374,1
2023-07-07,Denmark,10Y,Denmark_10Y,-0.025555999999999912,2.8113270000000004,2.8368830000000003,0.0108774478078939,0.2885584498608214,14.83,13.51,0.14724287712581904,1
2023-07-10,Denmark,10Y,Denmark_10Y,-0.050366999999999607,2.848853,2.8992199999999997,-0.048747470481255,0.2596173230742733,15.07,13.51,0.1476755862720775,1
2023-07-11,Denmark,10Y,Denmark_10Y,-0.02950200000000036,2.8256509999999997,2.855153,0.0049786269634174,0.2718705973458197,14.84,14.02,0.14772576189561698,1
2023-07-12,Denmark,10Y,Denmark_10Y,-0.034356000000000275,2.7117769999999997,2.746133,-0.0210290497661788,0.3329980254055232,13.54,14.02,0.14936073604970726,1
2023-07-13,Denmark,10Y,Denmark_10Y,-0.06854600000000044,2.655461,2.7240070000000003,-0.0256868394098861,0.2182193798596302,13.61,14.02,0.15067275384592205,1
2023-07-14,Denmark,10Y,Denmark_10Y,-0.012487999999999388,2.6402460000000003,2.6527339999999997,0.017596022244668,0.2899409854438225,13.34,14.01,0.1507545264046553,1
2023-07-17,Denmark,10Y,Denmark_10Y,-0.053385000000000016,2.672908,2.726293,-0.070547480831116,0.3357679841353497,13.48,14.02,0.1508409382306358,1
2023-07-18,Denmark,10Y,Denmark_10Y,-0.097445,2.50591,2.603355,-0.011688917923812,0.234117470576216,13.3,14.52,0.15073407494498206,1
2023-07-19,Denmark,10Y,Denmark_10Y,-0.0547620000000002,2.544116,2.598878,-0.008371483113985,0.2138696929350796,13.76,14.52,0.15033072760072158,1
2023-07-20,Denmark,10Y,Denmark_10Y,-0.05161099999999941,2.6417140000000003,2.6933249999999997,0.0022637833636952,0.3981515505684131,13.99,14.01,0.1493942064926722,1
2023-07-21,Denmark,10Y,Denmark_10Y,-0.047638999999999765,2.6108580000000003,2.658497,-0.1062853886062993,0.4022019573855122,13.6,14.01,0.14934289127837516,1
2023-07-24,Denmark,10Y,Denmark_10Y,-0.06143699999999974,2.5425630000000004,2.604,-0.1949328387910621,0.3280646044340834,13.91,14.01,0.14849132810643859,1
2023-07-25,Denmark,10Y,Denmark_10Y,-0.03160600000000002,2.585215,2.616821,-0.1735084385600107,0.2578944012262298,13.86,14.02,0.14838336325731158,1
2023-07-26,Denmark,10Y,Denmark_10Y,-0.05468800000000007,2.609718,2.664406,-0.1265251841490701,0.276146348060912,13.19,14.01,0.14877410140442754,1
2023-07-27,Denmark,10Y,Denmark_10Y,-0.0016110000000004732,2.653618,2.6552290000000003,-0.1434626917630672,0.2597859821076161,14.41,14.02,0.1473383330141003,1
2023-07-28,Denmark,10Y,Denmark_10Y,-0.027538999999999536,2.5990520000000004,2.626591,-0.0949436384423785,0.3159695618930238,13.33,14.02,0.1478633742422002,1
2023-07-31,Denmark,10Y,Denmark_10Y,-0.026533999999999835,2.627091,2.653625,-0.1435891279700002,0.3115588656627447,13.63,14.01,0.14759058372075862,1
2023-08-01,Denmark,10Y,Denmark_10Y,-0.029530999999999974,2.651363,2.680894,-0.153148580921935,0.4247168991730903,13.93,14.02,0.14743173910479448,1
2023-08-02,Denmark,10Y,Denmark_10Y,-0.027766999999999875,2.659746,2.687513,-0.0414231180421855,0.3664067486263799,16.09,14.02,0.14678899082568808,1
2023-08-03,Denmark,10Y,Denmark_10Y,-0.02646000000000015,2.714479,2.740939,-0.042678724353915,0.3715885541965332,15.92,14.02,0.1469615695495628,1
2023-08-04,Denmark,10Y,Denmark_10Y,-0.031544999999999934,2.694624,2.726169,-0.1495104620742295,0.3561572741028196,17.1,14.01,0.1477716042085353,1
2023-08-07,Denmark,10Y,Denmark_10Y,-0.02954699999999999,2.760937,2.790484,-0.0866683421261271,0.3768716708955787,15.77,14.01,0.1476973975718548,1
2023-08-08,Denmark,10Y,Denmark_10Y,-0.030688999999999744,2.6001700000000003,2.630859,-0.2512443509928906,0.3783601904446112,15.99,14.02,0.14706531170492818,1
2023-08-09,Denmark,10Y,Denmark_10Y,-0.026829999999999465,2.6260440000000003,2.6528739999999997,-0.2466514587156369,0.3205242543499907,15.96,14.02,0.14730143766203158,1
2023-08-10,Denmark,10Y,Denmark_10Y,-0.03269199999999994,2.642509,2.675201,-0.0621327359783272,0.4032333373298963,15.85,14.01,0.14739262447307136,1
2023-08-11,Denmark,10Y,Denmark_10Y,-0.03143100000000043,2.745627,2.7770580000000002,-0.1621867428524206,0.3682394820010314,14.84,14.02,0.14691406996048012,1
2023-08-14,Denmark,10Y,Denmark_10Y,-0.02948499999999976,2.776526,2.806011,-0.1612124294587088,0.3855663009765339,14.82,14.01,0.14636788103218631,1
2023-08-15,Denmark,10Y,Denmark_10Y,-0.03044899999999995,2.782469,2.812918,-0.0290544247713497,0.3018131705138551,16.46,14.51,0.14634646061085013,1
2023-08-16,Denmark,10Y,Denmark_10Y,0.0015249999999999986,2.809434,2.807909,-0.1492572343690523,0.3932856258816006,16.78,14.52,0.14601311197745556,1
2023-08-17,Denmark,10Y,Denmark_10Y,-0.031540000000000123,2.825151,2.856691,-0.1204939180430517,0.2511958872659931,17.89,15.01,0.14591723574388607,1
2023-08-18,Denmark,10Y,Denmark_10Y,-0.029966999999999633,2.7621320000000003,2.792099,-0.1261993142252801,0.2702725971342865,17.3,15.02,0.1459321415541773,1
2023-08-21,Denmark,10Y,Denmark_10Y,-0.028590000000000337,2.837452,2.866042,-0.1193944391264903,0.3444277934447246,17.13,16.51,0.1462394524794899,1
2023-08-22,Denmark,10Y,Denmark_10Y,-0.028429000000000038,2.768071,2.7965,-0.0260056635019611,0.2655478366458982,16.97,16.51,0.14554134101791613,1
2023-08-23,Denmark,10Y,Denmark_10Y,-0.03101599999999971,2.6522870000000003,2.683303,-0.0629511822522034,0.3174051610717339,15.98,16.51,0.14575347257648413,1
2023-08-24,Denmark,10Y,Denmark_10Y,-0.029611000000000054,2.665133,2.694744,0.0009426812025689,0.285968659431444,17.2,16.51,0.14504315033722534,1
2023-08-25,Denmark,10Y,Denmark_10Y,-0.00989599999999946,2.7030570000000003,2.7129529999999997,-0.1790451788204837,0.2543428027636812,15.68,16.51,0.14484566694187342,1
2023-08-28,Denmark,10Y,Denmark_10Y,-0.03557400000000044,2.725192,2.7607660000000003,-0.0853296971162706,0.3377817302132391,15.08,16.51,0.14518213098331856,1
2023-08-29,Denmark,10Y,Denmark_10Y,-0.0274709999999998,2.6720420000000003,2.699513,-0.0819013692194255,0.3087259038253301,14.45,16.51,0.14597900821861817,1
2023-08-30,Denmark,10Y,Denmark_10Y,0.00927999999999951,2.731241,2.7219610000000003,-0.056322851640878,0.3250522047780124,13.88,16.0,0.14657598499061913,1
2023-08-31,Denmark,10Y,Denmark_10Y,0.00347900000000001,2.632635,2.629156,-0.0384293447331248,0.3090073684072288,13.57,16.01,0.14550110580840414,1
2023-09-01,Denmark,10Y,Denmark_10Y,-0.01755600000000035,2.6916979999999997,2.709254,-0.0215475993614529,0.2991849491842488,13.09,16.01,0.14459643136007402,1
2023-09-04,Denmark,10Y,Denmark_10Y,-0.017557000000000045,2.688558,2.706115,-0.1856931794974289,0.3795197289704761,13.82,16.01,0.1448603546181481,1
2023-09-05,Denmark,10Y,Denmark_10Y,-0.01859300000000008,2.7503159999999998,2.768909,-0.1959206209248488,0.3519750273013018,14.01,16.0,0.1438538444939941,1
2023-09-06,Denmark,10Y,Denmark_10Y,-0.01282099999999975,2.797645,2.810466,-0.1061369592917182,0.3795631706488368,14.45,16.01,0.14388282182990172,1
2023-09-07,Denmark,10Y,Denmark_10Y,-0.01955600000000013,2.74951,2.769066,-0.0389446250134939,0.1957227810946653,14.4,16.01,0.14341646707875,1
2023-09-08,Denmark,10Y,Denmark_10Y,-0.018440000000000012,2.736008,2.754448,-0.017557934161434,0.3011657089050207,13.84,16.02,0.14348025711662077,1
2023-09-11,Denmark,10Y,Denmark_10Y,-0.01653099999999963,2.8311580000000003,2.847689,-0.1546370296600644,0.3412716246151942,13.8,16.0,0.1441482997708042,1
2023-09-12,Denmark,10Y,Denmark_10Y,0.01653299999999991,2.829117,2.812584,0.0271779899818574,0.2821850971904728,14.23,16.51,0.1441586898858263,1
2023-09-13,Denmark,10Y,Denmark_10Y,-0.038751999999999676,2.7858590000000003,2.824611,-0.0383437184685985,0.2056903044969574,13.48,16.5,0.14384763658333094,1
2023-09-14,Denmark,10Y,Denmark_10Y,-0.015667999999999793,2.758757,2.774425,-0.0150876504700756,0.2700139556838536,12.82,17.51,0.14271442842871415,1
2023-09-15,Denmark,10Y,Denmark_10Y,-0.01951500000000017,2.7953419999999998,2.814857,-0.0510427458406836,0.2833233871736598,13.79,17.51,0.14292043619317127,1
2023-09-18,Denmark,10Y,Denmark_10Y,-0.01858000000000004,2.904423,2.923003,-0.0007106706571047,0.2669467531998493,14.0,17.5,0.1434432108328313,1
2023-09-19,Denmark,10Y,Denmark_10Y,-0.017603000000000257,2.88915,2.906753,0.028008091428354,0.2962302912807404,14.11,17.51,0.14329316348317023,1
2023-09-20,Denmark,10Y,Denmark_10Y,-0.015737999999999808,2.821823,2.837561,-0.0180904994621593,0.3514023269114016,15.14,17.51,0.14305128388527288,1
2023-09-21,Denmark,10Y,Denmark_10Y,-0.018569999999999975,2.881622,2.900192,-0.0232423809183453,0.217880869269403,17.54,19.0,0.14303491482270822,1
2023-09-22,Denmark,10Y,Denmark_10Y,-0.01758000000000015,2.85553,2.87311,-0.0621967157639399,0.3081626144654867,17.2,19.01,0.14282449725776966,1
2023-09-25,Denmark,10Y,Denmark_10Y,-0.05046499999999998,2.929958,2.980423,-0.0509879705673662,0.2345253479529652,16.9,19.01,0.14206967096664203,1
2023-09-26,Denmark,10Y,Denmark_10Y,-0.011492000000000058,2.988155,2.999647,-0.1119783213301149,0.2974975456626511,18.94,19.01,0.14179570075435313,1
2023-09-27,Denmark,10Y,Denmark_10Y,-0.005894000000000066,3.017867,3.023761,0.0433838411210021,0.3149120902566654,18.22,20.51,0.1408907110754188,1
2023-09-28,Denmark,10Y,Denmark_10Y,-0.02259899999999959,3.1365610000000004,3.15916,0.0348864612335491,0.3451766077875446,17.34,20.51,0.14170728942296792,1
2023-09-29,Denmark,10Y,Denmark_10Y,-0.016688000000000258,2.997967,3.0146550000000003,0.0856084880808035,0.2907634933265798,17.52,21.01,0.14180776539323292,1
2023-10-02,Denmark,10Y,Denmark_10Y,0.023423999999999445,3.0408939999999998,3.0174700000000003,0.037466206437123,0.3177313109189013,17.61,21.0,0.1405086412814388,1
2023-10-03,Denmark,10Y,Denmark_10Y,-0.018626000000000253,3.096381,3.1150070000000003,-0.1522680501311133,0.3150535711407186,19.78,21.01,0.14035284705750256,1
2023-10-04,Denmark,10Y,Denmark_10Y,-0.02089300000000005,3.087844,3.108737,0.0743039443121883,0.3575875818797597,18.58,21.0,0.1408807866783128,1
2023-10-05,Denmark,10Y,Denmark_10Y,-0.05644399999999994,2.99769,3.054134,0.1041639763810917,0.3155067990649469,18.49,22.01,0.1414847408706971,1
2023-10-06,Denmark,10Y,Denmark_10Y,-0.017565999999999526,3.0233290000000004,3.040895,-0.0006817493289966,0.424659802400584,17.45,22.0,0.14197890193517243,1
2023-10-09,Denmark,10Y,Denmark_10Y,0.011481999999999992,2.909847,2.898365,-0.1310377511770306,0.3578861818981741,17.7,22.01,0.14172938191816545,1
2023-10-10,Denmark,10Y,Denmark_10Y,-0.020474000000000103,2.913258,2.933732,-0.1315299430784906,0.3099615311383219,17.03,22.01,0.14224953413277572,1
2023-10-11,Denmark,10Y,Denmark_10Y,-0.017787999999999915,2.872312,2.8901,-0.0982723726351873,0.3210754964542639,16.09,22.0,0.14241768257946907,1
2023-10-12,Denmark,10Y,Denmark_10Y,-0.01954900000000004,2.924032,2.943581,-0.0584281821641817,0.4319277072533109,16.69,22.0,0.14120903172966945,1
2023-10-13,Denmark,10Y,Denmark_10Y,-0.016610000000000014,2.891933,2.908543,0.0440110929004061,0.2531438274338105,19.32,22.01,0.1409343950391093,1
2023-10-16,Denmark,10Y,Denmark_10Y,-0.01664600000000016,2.914946,2.931592,0.0432282080192196,0.2297645108635116,17.21,22.5,0.1415929203539823,1
2023-10-17,Denmark,10Y,Denmark_10Y,-0.003629999999999356,3.0332160000000004,3.0368459999999997,0.2288205345563768,0.3100336662053157,17.88,22.5,0.1417836381681554,1
2023-10-18,Denmark,10Y,Denmark_10Y,-0.021916000000000047,3.060638,3.082554,0.0191791611273248,0.337927198865344,19.22,22.5,0.1412289745364159,1
2023-10-19,Denmark,10Y,Denmark_10Y,-0.01855700000000038,3.099284,3.1178410000000003,-0.0349077944934655,0.3000494616997736,21.4,23.0,0.14180776539323292,1
2023-10-20,Denmark,10Y,Denmark_10Y,-0.01654599999999995,3.062429,3.078975,-0.0094866118481831,0.2325000524840843,21.71,23.44,0.14200107920820199,1
2023-10-23,Denmark,10Y,Denmark_10Y,-0.016528000000000098,3.045381,3.061909,-0.1789791494990583,0.3345718304210158,20.37,23.0,0.14298378563870856,1
2023-10-24,Denmark,10Y,Denmark_10Y,0.029474000000000444,3.0070430000000004,2.977569,0.0031287218955453,0.2249621056018377,18.97,23.5,0.14189630218236512,1
2023-10-25,Denmark,10Y,Denmark_10Y,-0.013941000000000425,3.0564609999999997,3.070402,0.1340117316715387,0.3313166433789165,20.19,23.0,0.14159893517600747,1
2023-10-26,Denmark,10Y,Denmark_10Y,-0.019530999999999743,2.9667120000000002,2.986243,-0.0329823009310424,0.3291929913665077,20.68,23.0,0.14151477414242047,1
2023-10-27,Denmark,10Y,Denmark_10Y,-0.017580999999999847,2.962391,2.979972,-0.061215287506248,0.3319367767497435,21.27,23.0,0.1415508309033774,1
2023-10-30,Denmark,10Y,Denmark_10Y,-0.014648999999999912,2.948836,2.963485,-0.052171806278452,0.2777454215122341,19.75,22.5,0.14222121087138936,1
2023-10-31,Denmark,10Y,Denmark_10Y,-0.01269600000000004,2.936908,2.949604,-0.1732656011386443,0.3427091148689462,18.14,21.51,0.14171733061236058,1
2023-11-01,Denmark,10Y,Denmark_10Y,-0.008875999999999884,2.927665,2.936541,-0.0755782315721673,0.2556964034092971,16.87,21.5,0.14163302882232137,1
2023-11-02,Denmark,10Y,Denmark_10Y,-0.02258099999999974,2.837281,2.8598619999999997,-0.0743657894780421,0.30363389923568,15.66,21.51,0.14232646845333827,1
2023-11-03,Denmark,10Y,Denmark_10Y,-0.012584999999999624,2.8050680000000003,2.817653,0.0014247265231444,0.3219028077592977,14.91,21.01,0.14384349827387802,1
2023-11-06,Denmark,10Y,Denmark_10Y,-0.011549000000000031,2.900795,2.912344,0.1282788621403786,0.3223800742917811,14.89,21.0,0.1437297879985627,1
2023-11-07,Denmark,10Y,Denmark_10Y,-0.015460999999999725,2.789723,2.8051839999999997,0.1342056854282406,0.3485328061205138,14.81,21.01,0.14346584795489434,1
2023-11-08,Denmark,10Y,Denmark_10Y,-0.012857999999999592,2.7371860000000003,2.750044,-0.0013833523340834,0.3063048272229753,14.45,21.0,0.14360182087108864,1
2023-11-09,Denmark,10Y,Denmark_10Y,-0.011326999999999643,2.810766,2.8220929999999997,-0.033855947080286,0.3132364039259816,15.29,21.01,0.14305128388527288,1
2023-11-10,Denmark,10Y,Denmark_10Y,-0.011539999999999662,2.866781,2.8783209999999997,0.0121083455060467,0.2726744292912471,14.17,20.01,0.14330343068413057,1
2023-11-13,Denmark,10Y,Denmark_10Y,-0.009475000000000122,2.906733,2.916208,0.029720259446863,0.3086734138314631,14.76,20.0,0.14346378973946977,1
2023-11-14,Denmark,10Y,Denmark_10Y,0.009447999999999901,2.716597,2.7071490000000002,-0.1112113441879269,0.3064155663124786,14.16,20.01,0.14585977041672135,1
2023-11-15,Denmark,10Y,Denmark_10Y,-0.014334000000000291,2.745612,2.7599460000000002,-0.1693009611455802,0.3423868773107475,14.18,20.01,0.14543339150668994,1
2023-11-16,Denmark,10Y,Denmark_10Y,-0.018401000000000334,2.6784999999999997,2.696901,-0.1977954204832112,0.3033555889652916,14.32,20.01,0.14552227946098548,1
2023-11-17,Denmark,10Y,Denmark_10Y,-0.057560000000000056,2.662433,2.719993,-0.1060534089417107,0.3014781876261633,13.8,19.51,0.14637002341920374,1
2023-11-20,Denmark,10Y,Denmark_10Y,-0.024359999999999715,2.70568,2.73004,0.0908675722305886,0.1978848872797861,13.41,18.51,0.1467545237081933,1
2023-11-21,Denmark,10Y,Denmark_10Y,-0.01726599999999978,2.652854,2.67012,0.0225748050276195,0.3001427353587074,13.35,18.51,0.1463828790584653,1
2023-11-22,Denmark,10Y,Denmark_10Y,-0.018356999999999957,2.733581,2.751938,0.0042885841923202,0.2401237299769665,12.85,19.01,0.14608136732159813,1
2023-11-23,Denmark,10Y,Denmark_10Y,-0.012440999999999924,2.743338,2.755779,0.0025030200910854,0.2734692109081939,12.8,19.01,0.14628651677174914,1
2023-11-24,Denmark,10Y,Denmark_10Y,-0.01841899999999974,2.770918,2.7893369999999997,0.0351100670556939,0.2362280496288499,12.46,19.0,0.14676098505973173,1
2023-11-27,Denmark,10Y,Denmark_10Y,-0.019452000000000247,2.708614,2.728066,-0.0658695110251632,0.2361875006578371,12.69,19.0,0.1469270213484962,1
2023-11-28,Denmark,10Y,Denmark_10Y,-0.015382999999999925,2.6466130000000003,2.6619960000000003,0.0297527664658527,0.3681028291835362,12.69,19.0,0.1474708745022858,1
2023-11-29,Denmark,10Y,Denmark_10Y,-0.009392000000000067,2.574383,2.583775,0.0060916907214348,0.2050999117089915,12.98,19.01,0.1471475448432143,1
2023-11-30,Denmark,10Y,Denmark_10Y,-0.01532,2.578603,2.593923,0.0868665732662493,0.3161489246251838,12.92,19.01,0.1460429658405503,1
2023-12-01,Denmark,10Y,Denmark_10Y,-0.01253800000000016,2.479165,2.4917030000000002,0.0056675539437844,0.3301982822696352,12.63,19.01,0.14601737606775206,1
2023-12-04,Denmark,10Y,Denmark_10Y,-0.04752699999999965,2.458088,2.5056149999999997,0.0417101237279907,0.3507062575542094,13.08,19.96,0.14535940111926737,1
2023-12-05,Denmark,10Y,Denmark_10Y,-0.046399999999999775,2.367988,2.4143879999999998,0.0493150762895842,0.3254594690614841,12.85,18.01,0.14483307987544355,1
2023-12-06,Denmark,10Y,Denmark_10Y,-0.012335000000000207,2.344988,2.357323,-0.0157102105104267,0.2336187397964793,12.97,17.5,0.1443918216472219,1
2023-12-07,Denmark,10Y,Denmark_10Y,-0.013349999999999529,2.3278100000000004,2.34116,0.048629673938273,0.2464529933127736,13.06,17.51,0.1447995250575578,1
2023-12-08,Denmark,10Y,Denmark_10Y,-0.009376999999999747,2.4162730000000003,2.42565,0.0269353296281417,0.2801836594200887,12.35,17.5,0.1443876519680037,1
2023-12-11,Denmark,10Y,Denmark_10Y,-0.009402000000000132,2.449369,2.458771,-0.0871729245332083,0.2177703127082828,12.63,17.51,0.14440850277264325,1
2023-12-12,Denmark,10Y,Denmark_10Y,-0.014528000000000318,2.398434,2.4129620000000003,-0.1021201584534856,0.245255172091947,12.07,17.51,0.14477436914568645,1
2023-12-13,Denmark,10Y,Denmark_10Y,-0.001478999999999786,2.339544,2.341023,-0.0665027688866773,0.2591354029687134,12.19,17.01,0.14586615321780735,1
2023-12-14,Denmark,10Y,Denmark_10Y,0.0015119999999999578,2.232021,2.230509,-0.06578720144281,0.2851658324145106,12.48,17.02,0.14745782706146043,1
2023-12-15,Denmark,10Y,Denmark_10Y,0.008532999999999902,2.161675,2.153142,-0.0621043861007373,0.3785059693910242,12.28,17.0,0.146181733130628,1
2023-12-18,Denmark,10Y,Denmark_10Y,-0.009411000000000058,2.1974169999999997,2.206828,-0.1037629861764042,0.2483574610325368,12.56,17.01,0.14655235582911996,1
2023-12-19,Denmark,10Y,Denmark_10Y,0.007638999999999729,2.1877389999999997,2.1801,-0.0876501200672152,0.2977427263801782,12.53,17.01,0.14729709824716453,1
2023-12-20,Denmark,10Y,Denmark_10Y,-0.007322000000000273,2.094601,2.101923,-0.129866189932332,0.2312443707168716,13.67,17.02,0.14676960108022427,1
2023-12-21,Denmark,10Y,Denmark_10Y,0.020627999999999425,2.0675939999999997,2.0469660000000003,-0.0397154449128584,0.3286216253759709,13.65,17.01,0.1476690441382773,1
2023-12-22,Denmark,10Y,Denmark_10Y,-0.017894999999999772,2.0731960000000003,2.091091,0.0242247424977448,0.3170261866093277,13.03,17.01,0.14774540511790085,1
2023-12-25,Denmark,10Y,Denmark_10Y,-0.01788500000000015,2.066494,2.084379,-0.1047534143083489,0.405106637887247,13.03,17.01,0.1476516012816159,1
2023-12-26,Denmark,10Y,Denmark_10Y,-0.01788500000000015,2.066494,2.084379,-0.1064939079543166,0.2377964553463304,12.99,17.01,0.14814375870344582,1
2023-12-27,Denmark,10Y,Denmark_10Y,0.03681200000000007,2.036207,1.999395,-0.0559119098421638,0.2736608174871938,12.43,17.01,0.14898023032343607,1
2023-12-28,Denmark,10Y,Denmark_10Y,-0.056095999999999924,1.98926,2.045356,-0.1473244682035162,0.2799109634014096,12.47,17.01,0.14840758659582678,1
2023-12-29,Denmark,10Y,Denmark_10Y,-0.014164000000000065,2.126239,2.140403,-0.0411077605098256,0.2476139593367484,12.45,17.01,0.14805602439963284,1
2024-01-01,Denmark,10Y,Denmark_10Y,-0.014310000000000045,2.1185739999999997,2.132884,-0.1320633439946568,0.3285759144336911,12.45,17.01,0.14817449027975343,1
2024-01-02,Denmark,10Y,Denmark_10Y,-0.00651700000000055,2.1835769999999997,2.190094,-0.110536796343483,0.2488402550504477,13.2,17.01,0.14678037252858547,1
2024-01-03,Denmark,10Y,Denmark_10Y,-0.013436000000000003,2.116501,2.129937,-0.0484604022107212,0.2412226572681162,14.04,17.01,0.14646435057706952,1
2024-01-04,Denmark,10Y,Denmark_10Y,-0.010550999999999533,2.1956170000000004,2.206168,-0.0486103222579174,0.2576015062837973,14.13,17.01,0.14678252700798497,1
2024-01-05,Denmark,10Y,Denmark_10Y,-0.013376000000000055,2.234629,2.248005,-0.0009814326107541,0.3243492093538093,13.35,17.01,0.14673083695269398,1
2024-01-08,Denmark,10Y,Denmark_10Y,0.02861400000000014,2.2335570000000002,2.204943,0.0415794698012461,0.4219498490164303,13.08,17.01,0.14685581695890973,1
2024-01-09,Denmark,10Y,Denmark_10Y,-0.010469000000000062,2.280049,2.290518,0.0916061927498229,0.363905351286759,12.76,17.01,0.1465931746217896,1
2024-01-10,Denmark,10Y,Denmark_10Y,-0.00527100000000047,2.287304,2.2925750000000003,-0.0998285950057874,0.3870685953439619,12.69,16.01,0.1471475448432143,1
2024-01-11,Denmark,10Y,Denmark_10Y,-0.013450000000000628,2.2831219999999997,2.2965720000000003,-0.1011986190350438,0.3491035259411342,12.44,16.02,0.1471518754506526,1
2024-01-12,Denmark,10Y,Denmark_10Y,-0.003454999999999764,2.216254,2.219709,-0.0046822035499903,0.4090104391520816,12.7,16.01,0.14685797365367953,1
2024-01-15,Denmark,10Y,Denmark_10Y,-0.0023729999999995144,2.28833,2.2907029999999997,0.0963165870335454,0.2886459191887693,13.25,16.01,0.1468256298819522,1
2024-01-16,Denmark,10Y,Denmark_10Y,-0.006288000000000515,2.3100899999999998,2.3163780000000003,-0.0612243807698665,0.3321390941489533,13.84,16.0,0.14584062536460157,1
2024-01-17,Denmark,10Y,Denmark_10Y,-0.003226999999999869,2.344862,2.348089,0.0451895651983303,0.2805764566102908,14.79,15.51,0.14592149423610098,1
2024-01-18,Denmark,10Y,Denmark_10Y,-0.007422999999999735,2.372754,2.3801769999999998,0.0823102730498104,0.2223296676429648,14.13,15.52,0.1458810485929773,1
2024-01-19,Denmark,10Y,Denmark_10Y,-0.00726099999999974,2.3564350000000003,2.363696,-0.0565844856174594,0.329546115507393,13.3,15.51,0.1461475505670525,1
2024-01-22,Denmark,10Y,Denmark_10Y,0.029725,2.3161110000000003,2.2863860000000003,-0.0888428974592288,0.2829588400411266,13.19,15.51,0.14592575297688534,1
2024-01-23,Denmark,10Y,Denmark_10Y,-0.0053840000000002775,2.3812759999999997,2.38666,-0.0359805206584016,0.3016136980127908,12.55,14.51,0.145602795573675,1
2024-01-24,Denmark,10Y,Denmark_10Y,-0.011575000000000557,2.3412569999999997,2.3528320000000003,-0.087904169138102,0.3138954588525519,13.14,14.52,0.14600884813619705,1
2024-01-25,Denmark,10Y,Denmark_10Y,-0.009435000000000304,2.281647,2.2910820000000003,-0.1017368587537972,0.3437214108748271,13.45,14.52,0.1455138092604988,1
2024-01-26,Denmark,10Y,Denmark_10Y,-0.009451999999999572,2.304253,2.3137049999999997,-0.1265025092913219,0.3209941781603222,13.26,14.52,0.14562611950079365,1
2024-01-29,Denmark,10Y,Denmark_10Y,-0.009460000000000246,2.311512,2.3209720000000003,0.0256558041044364,0.1977793754030292,13.6,14.02,0.14533193814672712,1
2024-01-30,Denmark,10Y,Denmark_10Y,-0.01151800000000014,2.323969,2.335487,-0.0353664376581066,0.3923738487678407,13.31,14.01,0.14550745725718445,1
2024-01-31,Denmark,10Y,Denmark_10Y,-0.010476999999999848,2.225644,2.236121,0.0691949585388787,0.3077893269200853,14.35,13.52,0.14514841425357428,1
2024-02-01,Denmark,10Y,Denmark_10Y,-0.012512000000000079,2.189174,2.201686,-0.0371408163371863,0.3369625986943199,13.88,13.51,0.14586402555537728,1
2024-02-02,Denmark,10Y,Denmark_10Y,-0.011335000000000317,2.270114,2.2814490000000003,-0.0411753921121631,0.3349830125536552,13.85,13.5,0.14475760339311822,1
2024-02-05,Denmark,10Y,Denmark_10Y,-0.007944000000000173,2.3820319999999997,2.389976,-0.1967394418821787,0.2734771779336061,13.67,13.5,0.14406730824641273,1
2024-02-06,Denmark,10Y,Denmark_10Y,-0.017918000000000323,2.3695839999999997,2.387502,-0.0150521019757018,0.2646831125222936,13.06,13.52,0.14418155341205646,1
2024-02-07,Denmark,10Y,Denmark_10Y,-0.0045280000000000875,2.31067,2.315198,-0.0104682098616473,0.2818636644399444,12.83,13.51,0.14447317855440137,1
2024-02-08,Denmark,10Y,Denmark_10Y,-0.005425999999999931,2.406774,2.4122,-0.0872720672025943,0.3529809559263072,12.79,13.52,0.14459852220310307,1
2024-02-09,Denmark,10Y,Denmark_10Y,-0.004469000000000278,2.3855589999999998,2.390028,-0.0650685946215997,0.2473566728432455,12.93,13.51,0.14467592592592593,1
2024-02-12,Denmark,10Y,Denmark_10Y,-0.003359000000000112,2.376734,2.380093,-0.0218425756455971,0.4183985523136083,13.93,13.51,0.14454417992859517,1
2024-02-13,Denmark,10Y,Denmark_10Y,-0.008462999999999887,2.421616,2.430079,-0.1280026313731823,0.2451822464421593,15.85,13.51,0.14368022529059324,1
2024-02-14,Denmark,10Y,Denmark_10Y,-0.018135000000000012,2.3297429999999997,2.3478779999999997,0.0516530956799982,0.3460971579317619,14.38,13.52,0.14391181084231583,1
2024-02-15,Denmark,10Y,Denmark_10Y,-0.01966599999999996,2.329471,2.349137,-0.0345908182519549,0.3291008502562036,14.01,13.52,0.14452120126022486,1
2024-02-16,Denmark,10Y,Denmark_10Y,-0.012417999999999818,2.366283,2.378701,0.213518362198472,0.2090146704848927,14.24,13.51,0.1445776164934145,1
2024-02-19,Denmark,10Y,Denmark_10Y,-0.007350999999999885,2.395112,2.402463,0.0221954532935058,0.3139259605741407,14.71,13.01,0.1446194339595355,1
2024-02-20,Denmark,10Y,Denmark_10Y,-0.01143499999999964,2.320107,2.331542,0.0441121227386699,0.2595092484875781,15.42,13.02,0.14500319007018156,1
2024-02-21,Denmark,10Y,Denmark_10Y,-0.007543000000000077,2.4362329999999996,2.4437759999999997,-0.0151296855055538,0.2857098113468229,15.34,13.0,0.14514841425357428,1
2024-02-22,Denmark,10Y,Denmark_10Y,-0.013437000000000587,2.4072329999999997,2.4206700000000003,-0.0679207606537644,0.3288436649226333,14.54,12.5,0.14520532032293662,1
2024-02-23,Denmark,10Y,Denmark_10Y,-0.014454000000000189,2.309231,2.3236850000000002,-0.2427276797382575,0.3987697115895183,13.75,12.5,0.14519267067398436,1
2024-02-26,Denmark,10Y,Denmark_10Y,-0.01631899999999975,2.404974,2.421293,-0.1992257488759659,0.3677561512040845,13.74,12.51,0.1455646452589595,1
2024-02-27,Denmark,10Y,Denmark_10Y,-0.012340000000000018,2.417981,2.430321,-0.1521792003463328,0.2760776027410675,13.43,12.51,0.14549263807251353,1
2024-02-28,Denmark,10Y,Denmark_10Y,-0.013491000000000142,2.439813,2.453304,-0.0141630528573494,0.272409748240684,13.84,12.02,0.1454249316502821,1
2024-02-29,Denmark,10Y,Denmark_10Y,-0.013406000000000251,2.3455139999999997,2.35892,-0.0366741435495268,0.2922767035290115,13.4,11.51,0.14498426920679106,1
2024-03-01,Denmark,10Y,Denmark_10Y,-0.01346299999999978,2.399622,2.4130849999999997,-0.1062233977977732,0.2045487561413841,13.11,11.51,0.1454312764503134,1
2024-03-04,Denmark,10Y,Denmark_10Y,-0.009467000000000336,2.3990479999999996,2.408515,-0.084605309683853,0.243242725156184,13.49,11.51,0.14566005855534353,1
2024-03-05,Denmark,10Y,Denmark_10Y,-0.013360999999999734,2.286276,2.2996369999999997,0.0279717085118849,0.2263090456144551,14.46,11.51,0.14567066775434098,1
2024-03-06,Denmark,10Y,Denmark_10Y,-0.02043100000000031,2.2773399999999997,2.297771,0.0181608759388101,0.2647253751008257,14.5,11.51,0.14621806962904477,1
2024-03-07,Denmark,10Y,Denmark_10Y,-0.019312999999999914,2.219202,2.238515,0.0749271561335017,0.306526015669443,14.44,11.51,0.14689033167836893,1
2024-03-08,Denmark,10Y,Denmark_10Y,-0.019447999999999688,2.1999880000000003,2.219436,-0.0775290382844656,0.2878676283930166,14.74,11.01,0.14676960108022427,1
2024-03-11,Denmark,10Y,Denmark_10Y,-0.02544999999999975,2.2001530000000002,2.225603,-0.0545065480830867,0.3367905523690111,15.22,11.01,0.14655020810129551,1
2024-03-12,Denmark,10Y,Denmark_10Y,0.024554999999999882,2.303023,2.278468,-0.0745178468176069,0.3062387444010557,13.84,11.01,0.14656524351815212,1
2024-03-13,Denmark,10Y,Denmark_10Y,0.011519000000000279,2.335156,2.3236369999999997,-0.0163263763901888,0.4293938273403709,13.75,11.01,0.14683209749651274,1
2024-03-14,Denmark,10Y,Denmark_10Y,-0.020361000000000296,2.3572439999999997,2.377605,-0.083389410647443,0.3320563503680379,14.4,11.01,0.14597261553732518,1
2024-03-15,Denmark,10Y,Denmark_10Y,-0.032490999999999826,2.336209,2.3687,0.0246561163452983,0.2841957330478025,14.41,11.01,0.1460301698330875,1
2024-03-18,Denmark,10Y,Denmark_10Y,-0.03136399999999995,2.3295529999999998,2.3609169999999997,0.1151699991461095,0.3349885864800346,14.33,11.0,0.14581935897809792,1
2024-03-19,Denmark,10Y,Denmark_10Y,-0.037802999999999365,2.3385420000000003,2.3763449999999997,0.0172332516499958,0.3147515469656712,13.82,10.52,0.145706750593755,1
2024-03-20,Denmark,10Y,Denmark_10Y,-0.03802600000000034,2.3338929999999998,2.371919,0.0293764370315719,0.322777181179289,13.04,11.84,0.14646220542788932,1
2024-03-21,Denmark,10Y,Denmark_10Y,-0.03029700000000002,2.265711,2.296008,0.0598872279470409,0.3521797944772061,12.92,11.52,0.14563036101766497,1
2024-03-22,Denmark,10Y,Denmark_10Y,-0.030574000000000545,2.2446099999999998,2.2751840000000003,0.0397557630599853,0.3462558284304273,13.06,11.53,0.1449296366614009,1
2024-03-25,Denmark,10Y,Denmark_10Y,-0.013592999999999744,2.2965280000000003,2.310121,0.0527567133280534,0.3370283533297672,13.19,11.52,0.14531504301325274,1
2024-03-26,Denmark,10Y,Denmark_10Y,-0.025186000000000153,2.307912,2.333098,-0.061194908395799,0.3162208242673364,13.24,11.53,0.14520742881205803,1
2024-03-27,Denmark,10Y,Denmark_10Y,-0.022459999999999702,2.210465,2.232925,-0.223532112756699,0.2589569416821959,12.78,11.52,0.14521586338091572,1
2024-03-28,Denmark,10Y,Denmark_10Y,-0.007525000000000226,2.195562,2.203087,-0.1547421178224635,0.2760918071409016,13.01,11.51,0.14466755396099762,1
2024-03-29,Denmark,10Y,Denmark_10Y,0.0016769999999999285,2.234126,2.232449,-0.0855386177647893,0.30167559189904,13.01,11.53,0.1447178002894356,1
2024-04-01,Denmark,10Y,Denmark_10Y,-0.004520999999999553,2.2279280000000004,2.232449,-0.0234562048760272,0.2417551120824033,13.65,11.53,0.1440465558468497,1
2024-04-02,Denmark,10Y,Denmark_10Y,-0.02040600000000037,2.316477,2.3368830000000003,-0.1192221176128018,0.3872850381844025,14.61,11.53,0.14440850277264325,1
2024-04-03,Denmark,10Y,Denmark_10Y,-0.027867999999999782,2.317087,2.3449549999999997,0.059329859453307,0.2954630335910431,14.33,11.52,0.1452854859799506,1
2024-04-04,Denmark,10Y,Denmark_10Y,-0.026021000000000072,2.30063,2.326651,-0.1988244590699225,0.3302970876054386,16.35,11.52,0.14530659691950015,1
2024-04-05,Denmark,10Y,Denmark_10Y,-0.024373999999999896,2.2741160000000002,2.29849,-0.057904195113689,0.3586470610955179,16.03,11.52,0.14530870835089146,1
2024-04-08,Denmark,10Y,Denmark_10Y,-0.014335999999999682,2.3116060000000003,2.325942,0.0484860224371248,0.3213686444509324,15.19,11.51,0.14559855566232782,1
2024-04-09,Denmark,10Y,Denmark_10Y,-0.023387999999999742,2.2513370000000004,2.274725,-0.0227278810360341,0.2571351680362504,14.98,11.02,0.1455646452589595,1
2024-04-10,Denmark,10Y,Denmark_10Y,-0.021498999999999935,2.320768,2.342267,0.0861431270033425,0.2629791788075665,15.8,10.52,0.1440154384550024,1
2024-04-11,Denmark,10Y,Denmark_10Y,-0.033832000000000306,2.374929,2.408761,0.0056243316374714,0.3585514557710807,14.91,10.52,0.1438041962064453,1
2024-04-12,Denmark,10Y,Denmark_10Y,-0.025483000000000366,2.240118,2.265601,-0.0305475829142862,0.3955846832054382,17.31,10.52,0.14267166968655035,1
2024-04-15,Denmark,10Y,Denmark_10Y,-0.07143700000000042,2.283498,2.3549350000000002,-0.0034324571731627,0.311327896659123,19.23,10.51,0.14241768257946907,1
2024-04-16,Denmark,10Y,Denmark_10Y,-0.023487999999999953,2.368007,2.391495,-0.0808631420832346,0.2395893309022435,18.4,10.52,0.14232646845333827,1
2024-04-17,Denmark,10Y,Denmark_10Y,-0.019302999999999848,2.336067,2.3553699999999997,0.0048864212865264,0.3270048948986768,18.21,10.51,0.14305537673633462,1
2024-04-18,Denmark,10Y,Denmark_10Y,-0.021320000000000228,2.411491,2.432811,0.0111518549154115,0.2790721332107495,18.0,10.52,0.14265742246569088,1
2024-04-19,Denmark,10Y,Denmark_10Y,-0.020756999999999692,2.462962,2.483719,-0.0313831049539839,0.3506142309983947,18.71,10.54,0.14281429856757258,1
2024-04-22,Denmark,10Y,Denmark_10Y,-0.02445699999999995,2.429347,2.453804,-0.1061135306047129,0.2544271648817088,16.94,10.51,0.14281633818908884,1
2024-04-23,Denmark,10Y,Denmark_10Y,-0.024229000000000056,2.4304759999999996,2.4547049999999997,-0.0877534343647258,0.3034417788707848,15.69,10.52,0.14346584795489434,1
2024-04-24,Denmark,10Y,Denmark_10Y,-0.026824999999999655,2.5309660000000003,2.557791,-0.018480863296944,0.2999308498326841,15.97,10.51,0.14345967348578315,1
2024-04-25,Denmark,10Y,Denmark_10Y,-0.028822000000000347,2.5368269999999997,2.565649,0.07185122018656,0.2959241434222417,15.37,10.5,0.14389110321308834,1
2024-04-26,Denmark,10Y,Denmark_10Y,-0.021183000000000174,2.496629,2.517812,-0.0912330255947213,0.3013813512056345,15.03,10.52,0.14341852393655163,1
2024-04-29,Denmark,10Y,Denmark_10Y,-0.023435000000000095,2.466781,2.490216,-0.0399743677240508,0.2208055403650587,14.67,10.52,0.14376491560999455,1
2024-04-30,Denmark,10Y,Denmark_10Y,-0.026434999999999764,2.488799,2.515234,-0.0204463620045883,0.2777532547852337,15.65,10.49,0.1430042329252946,1
2024-05-01,Denmark,10Y,Denmark_10Y,0.006083999999999978,2.515351,2.509267,-0.0409062291538158,0.2114232919385065,15.39,10.55,0.14364101238185525,1
2024-05-02,Denmark,10Y,Denmark_10Y,-0.014508999999999883,2.518087,2.532596,-0.0347740681460402,0.2598331854581764,14.68,10.53,0.14384142920844062,1
2024-05-03,Denmark,10Y,Denmark_10Y,-0.027171000000000056,2.42842,2.455591,-0.1172388012493698,0.253124198319143,13.49,10.02,0.144327218670169,1
2024-05-06,Denmark,10Y,Denmark_10Y,-0.03312800000000049,2.3463909999999997,2.379519,-0.0215606649388849,0.2859062731308304,13.49,10.02,0.1443876519680037,1
2024-05-07,Denmark,10Y,Denmark_10Y,-0.03100800000000037,2.3675759999999997,2.398584,-0.0744338765311126,0.2390866900966342,13.23,10.02,0.1442002653284882,1
2024-05-08,Denmark,10Y,Denmark_10Y,-0.021565999999999974,2.370566,2.392132,-0.0615313324871881,0.3250358429275986,13.0,10.01,0.14413375612568463,1
2024-05-09,Denmark,10Y,Denmark_10Y,-0.03946999999999967,2.356739,2.396209,-0.0590819839255097,0.2562308757732646,12.69,10.01,0.1445567168278474,1
2024-05-10,Denmark,10Y,Denmark_10Y,-0.05699300000000029,2.3699149999999998,2.426908,-0.0389808009821351,0.2981775348210649,12.55,10.02,0.1444064174211902,1
2024-05-13,Denmark,10Y,Denmark_10Y,-0.020361999999999547,2.4324950000000003,2.452857,0.0070890204765327,0.3199771201414439,13.6,10.02,0.1446361677201001,1
2024-05-14,Denmark,10Y,Denmark_10Y,0.002726000000000006,2.430612,2.427886,-0.0012771510791536,0.2936947249710439,13.42,10.02,0.14501370379500864,1
2024-05-15,Denmark,10Y,Denmark_10Y,-0.027724999999999778,2.339024,2.366749,0.0320403015054747,0.3362210114069384,12.45,6.26,0.1458895616018674,1
2024-05-16,Denmark,10Y,Denmark_10Y,-0.0237750000000001,2.30042,2.324195,-0.0354232452221418,0.295965074206804,12.42,10.03,0.14566642388929352,1
2024-05-17,Denmark,10Y,Denmark_10Y,-0.02677200000000024,2.411765,2.438537,-0.0148725587752742,0.2570599118058209,11.99,10.02,0.14569401343298805,1
2024-05-20,Denmark,10Y,Denmark_10Y,0.000592000000000148,2.405546,2.404954,0.0680484291514561,0.3886054085676846,12.15,10.02,0.14552863275849523,1
2024-05-21,Denmark,10Y,Denmark_10Y,-0.020925000000000082,2.444146,2.465071,0.0641633281032275,0.270813806162948,11.86,10.09,0.14549687181725593,1
2024-05-22,Denmark,10Y,Denmark_10Y,-0.028973000000000138,2.435203,2.464176,0.0230711918766656,0.2812642533525629,12.29,9.01,0.14505787809335927,1
2024-05-23,Denmark,10Y,Denmark_10Y,-0.02709299999999981,2.547351,2.5744439999999997,-0.0330132333195537,0.4003260990528229,12.77,9.01,0.14494854326714016,1
2024-05-24,Denmark,10Y,Denmark_10Y,-0.049662000000000095,2.489061,2.538723,0.0543644295566617,0.3833001802312732,11.93,8.52,0.1453741931732279,1
2024-05-27,Denmark,10Y,Denmark_10Y,-0.04970300000000005,2.4535489999999998,2.503252,0.0570208206131447,0.2562499671465078,12.36,8.51,0.14556040756914118,1
2024-05-28,Denmark,10Y,Denmark_10Y,-0.02134400000000003,2.470776,2.49212,0.0179443559076211,0.3125149542043126,12.92,8.51,0.1455159267181793,1
2024-05-29,Denmark,10Y,Denmark_10Y,-0.030952999999999786,2.5868260000000003,2.617779,-0.0147977049774876,0.2878567817277048,14.28,8.5,0.14480371855949262,1
2024-05-30,Denmark,10Y,Denmark_10Y,-0.026634000000000047,2.538544,2.565178,-0.0607232844995147,0.3127486840647993,14.47,12.82,0.14524750174297002,1
2024-05-31,Denmark,10Y,Denmark_10Y,-0.027407999999999433,2.5662190000000002,2.5936269999999997,0.0332862008478947,0.2845484178742027,12.92,12.82,0.14546300875687312,1
2024-06-03,Denmark,10Y,Denmark_10Y,-0.026336000000000137,2.460207,2.486543,-0.0642398934113432,0.2776714114859797,13.11,8.52,0.1462073805485701,1
2024-06-04,Denmark,10Y,Denmark_10Y,-0.026323000000000096,2.457508,2.483831,0.0077961803325446,0.2637523301558758,13.16,8.26,0.14586615321780735,1
2024-06-05,Denmark,10Y,Denmark_10Y,-0.002203000000000621,2.4352229999999997,2.4374260000000003,0.0592670903640253,0.364971157566763,12.63,8.51,0.14572586051120634,1
2024-06-06,Denmark,10Y,Denmark_10Y,-0.03096500000000013,2.442239,2.473204,-0.0198760036426539,0.2578655688729779,12.58,8.51,0.14598753266471043,1
2024-06-07,Denmark,10Y,Denmark_10Y,-0.028539000000000314,2.5399719999999997,2.568511,0.0548350416651562,0.2660893465459607,12.22,8.51,0.1448079123043283,1
2024-06-10,Denmark,10Y,Denmark_10Y,-0.025965999999999934,2.584794,2.61076,0.020098043904654,0.3073367479115808,12.74,8.51,0.1443459684171021,1
2024-06-11,Denmark,10Y,Denmark_10Y,-0.024557000000000162,2.543205,2.567762,0.0247613760547527,0.2781110596245094,12.85,9.02,0.14401336444022003,1
2024-06-12,Denmark,10Y,Denmark_10Y,-0.019410999999999845,2.449708,2.469119,0.0038872764933612,0.2847255574150209,12.04,9.51,0.14491703499746394,1
2024-06-13,Denmark,10Y,Denmark_10Y,-0.022395000000000387,2.430281,2.4526760000000003,0.0093471925030974,0.2488476255919232,11.94,14.3,0.14395738861297055,1
2024-06-14,Denmark,10Y,Denmark_10Y,-0.015473999999999766,2.301775,2.317249,0.103481136337747,0.2390696592376288,12.66,9.01,0.14346584795489434,1
2024-06-17,Denmark,10Y,Denmark_10Y,-0.018485000000000085,2.344271,2.362756,-0.0407395376273013,0.2708553140488146,12.75,12.01,0.14391388193305127,1
2024-06-18,Denmark,10Y,Denmark_10Y,-0.018842000000000247,2.359941,2.3787830000000003,0.0928033095751007,0.2493287059985085,12.3,12.02,0.14398226138539733,1
2024-06-19,Denmark,10Y,Denmark_10Y,-0.01936099999999996,2.333983,2.353344,-0.0774665332384457,0.3887122825372705,12.48,11.01,0.14405278093893603,1
2024-06-20,Denmark,10Y,Denmark_10Y,-0.018364000000000047,2.354428,2.372792,-0.0829415953646721,0.3252788151096965,13.28,11.0,0.14349466917304024,1
2024-06-21,Denmark,10Y,Denmark_10Y,-0.016357999999999873,2.324726,2.341084,-0.1694029322283709,0.3129555278613242,13.2,11.01,0.14337328668922406,1
2024-06-24,Denmark,10Y,Denmark_10Y,-0.01933399999999974,2.3316790000000003,2.351013,0.0457287599076103,0.2629343655227854,13.33,11.02,0.14389524426217715,1
2024-06-25,Denmark,10Y,Denmark_10Y,-0.020808999999999855,2.322857,2.343666,0.0576642661889054,0.2872516285642663,12.84,11.02,0.14365339309314487,1
2024-06-26,Denmark,10Y,Denmark_10Y,-0.023099000000000203,2.3975739999999996,2.420673,-0.0214690818746923,0.3078043184974546,12.55,11.01,0.14320082483675106,1
2024-06-27,Denmark,10Y,Denmark_10Y,-0.02136899999999997,2.347928,2.369297,-0.0483126768335965,0.2611998748117302,12.24,11.01,0.14352556190257484,1
2024-06-28,Denmark,10Y,Denmark_10Y,-0.017300000000000093,2.390109,2.407409,0.0346486850912829,0.3189966830783176,12.44,11.01,0.14368022529059324,1
2024-07-01,Denmark,10Y,Denmark_10Y,-0.022415000000000074,2.473222,2.495637,-0.0344142575469163,0.2636620953622801,12.22,11.02,0.14400299526230145,1
2024-07-02,Denmark,10Y,Denmark_10Y,-0.030825999999999798,2.495511,2.526337,-0.0325515506487684,0.3281166765805753,12.03,10.03,0.14407145944388416,1
2024-07-03,Denmark,10Y,Denmark_10Y,-0.034273999999999916,2.478623,2.5128969999999997,-0.0912887063342549,0.3681327241520538,12.09,10.01,0.14464662828709463,1
2024-07-04,Denmark,10Y,Denmark_10Y,-0.027426000000000172,2.4535359999999997,2.480962,-0.0601955410664812,0.2961205042499036,12.26,10.02,0.1449863712810996,1
2024-07-05,Denmark,10Y,Denmark_10Y,-0.028686999999999685,2.414187,2.4428739999999998,-0.0229457808093565,0.3951271467309914,12.48,10.02,0.1453467246115609,1
2024-07-08,Denmark,10Y,Denmark_10Y,-0.026312999999999587,2.3878700000000004,2.414183,0.0084684751170806,0.2615145836589154,12.37,10.01,0.14512734924896595,1
2024-07-09,Denmark,10Y,Denmark_10Y,-0.020907999999999927,2.434148,2.455056,0.0734943338204479,0.2492536901617928,12.51,9.52,0.14498006524102935,1
2024-07-10,Denmark,10Y,Denmark_10Y,-0.027227000000000334,2.419584,2.4468110000000003,-0.0059004182507777,0.3733031501644588,12.85,9.51,0.14519056261343014,1
2024-07-11,Denmark,10Y,Denmark_10Y,-0.02442499999999992,2.332382,2.356807,0.0251656732159064,0.3339988556910085,12.92,9.52,0.14567278977959708,1
2024-07-12,Denmark,10Y,Denmark_10Y,-0.022631999999999763,2.3456770000000002,2.368309,-0.0110424970944072,0.2611632398596808,12.46,9.51,0.1461924184611786,1
2024-07-15,Denmark,10Y,Denmark_10Y,-0.023264000000000173,2.323066,2.34633,0.0406789942595395,0.2409674638833704,13.12,9.51,0.1460259049955462,1
2024-07-16,Denmark,10Y,Denmark_10Y,-0.043464999999999865,2.26356,2.307025,-0.022275185916256,0.307648725752198,13.19,9.52,0.14613260072189505,1
2024-07-17,Denmark,10Y,Denmark_10Y,-0.020326999999999984,2.287242,2.307569,0.0092482301806683,0.2915665134870391,14.48,9.51,0.1466619734835152,1
2024-07-18,Denmark,10Y,Denmark_10Y,-0.03016799999999975,2.277711,2.307879,-0.0553212842739527,0.2655952300532938,15.93,9.51,0.14605789735050975,1
2024-07-19,Denmark,10Y,Denmark_10Y,-0.028433000000000153,2.313116,2.341549,0.0185641211555628,0.3088870363198697,16.52,9.51,0.14585977041672135,1
2024-07-22,Denmark,10Y,Denmark_10Y,0.0005659999999996224,2.35479,2.3542240000000003,-0.0957378920571298,0.2941487196248504,14.91,9.52,0.1459683540608396,1
2024-07-23,Denmark,10Y,Denmark_10Y,-0.026618999999999726,2.309407,2.336026,-0.0873179559881806,0.2476306782675589,14.72,9.52,0.14546724077737694,1
2024-07-24,Denmark,10Y,Denmark_10Y,-0.025670000000000304,2.285218,2.3108880000000003,-0.0533293859313643,0.3325446602932218,18.04,9.52,0.14526860164444058,1
2024-07-25,Denmark,10Y,Denmark_10Y,-0.028379999999999406,2.2616240000000003,2.2900039999999997,0.0139199677737209,0.4327905373530906,18.46,9.53,0.14533193814672712,1
2024-07-26,Denmark,10Y,Denmark_10Y,-0.025557000000000052,2.2517519999999998,2.277309,0.0145147728152085,0.2846371823668744,16.39,10.02,0.14549475491408534,1
2024-07-29,Denmark,10Y,Denmark_10Y,-0.02845799999999965,2.21173,2.240188,-0.0187338330953918,0.3202259335647469,16.6,10.02,0.14502001276176113,1
2024-07-30,Denmark,10Y,Denmark_10Y,-0.018384999999999874,2.192997,2.211382,-0.0234899622076846,0.3225470303955454,17.69,10.01,0.14494854326714016,1
2024-07-31,Denmark,10Y,Denmark_10Y,-0.022444999999999826,2.155418,2.177863,0.0183052228555462,0.3517977164027969,16.36,10.01,0.14509365795621074,1
2024-08-01,Denmark,10Y,Denmark_10Y,0.014410000000000256,2.125594,2.1111839999999997,-0.097656752409459,0.2943657394578264,18.59,10.01,0.1446278003557844,1
2024-08-02,Denmark,10Y,Denmark_10Y,-0.036087999999999454,2.0209200000000003,2.0570079999999997,-0.1532093812058422,0.279394639901307,23.39,10.02,0.14623089858887184,1
2024-08-05,Denmark,10Y,Denmark_10Y,-0.028739000000000292,2.0806199999999997,2.109359,-0.0375673986095858,0.2919314007214404,38.57,10.03,0.14679114555809994,1
2024-08-06,Denmark,10Y,Denmark_10Y,-0.024505999999999695,2.086475,2.1109809999999998,0.011105165559261,0.3344332314781858,27.71,10.49,0.14650082772967668,1
2024-08-07,Denmark,10Y,Denmark_10Y,-0.02940200000000015,2.150657,2.180059,0.0631821429395025,0.3070093554659115,27.85,10.5,0.1463828790584653,1
2024-08-08,Denmark,10Y,Denmark_10Y,-0.02329599999999976,2.1260250000000003,2.149321,0.0109946635461829,0.3503395819048726,23.79,10.04,0.14633361136719492,1
2024-08-09,Denmark,10Y,Denmark_10Y,-0.026963000000000292,2.065124,2.0920870000000003,-0.0337931043322625,0.3331130402216184,20.37,9.02,0.14628865677755348,1
2024-08-12,Denmark,10Y,Denmark_10Y,-0.025482999999999922,2.056279,2.081762,0.0342034728953715,0.3679442604107188,20.71,9.26,0.14649224323572066,1
2024-08-13,Denmark,10Y,Denmark_10Y,-0.025431999999999455,2.0242880000000003,2.0497199999999998,-0.0461992000239824,0.3363228891507884,18.12,9.27,0.1473339914251617,1
2024-08-14,Denmark,10Y,Denmark_10Y,-0.029603000000000268,2.024003,2.0536060000000003,0.041315746753122,0.2908156388706949,16.19,9.26,0.14760365466648956,1
2024-08-15,Denmark,10Y,Denmark_10Y,-0.02956300000000045,2.104449,2.1340120000000002,-0.0582009863268161,0.2864232423171922,15.23,9.27,0.1470782897736465,1
2024-08-16,Denmark,10Y,Denmark_10Y,-0.025439000000000433,2.0929469999999997,2.118386,-0.0338092173441219,0.3435911400656944,14.8,9.02,0.14783932821809256,1
2024-08-19,Denmark,10Y,Denmark_10Y,-0.015430999999999528,2.099,2.1144309999999997,0.1417062168820504,0.269498792987055,14.65,9.01,0.1485751641755564,1
2024-08-20,Denmark,10Y,Denmark_10Y,-0.02833500000000022,2.0540719999999997,2.082407,0.1125453948708359,0.305674319465274,15.88,9.01,0.14916690284759618,1
2024-08-21,Denmark,10Y,Denmark_10Y,-0.027386999999999606,2.0279670000000003,2.055354,-0.0630934786631946,0.4151900472310302,16.27,9.02,0.14940313447776135,1
2024-08-22,Denmark,10Y,Denmark_10Y,-0.029497000000000106,2.042322,2.071819,-0.0240583434295594,0.4040136966642549,17.55,9.01,0.14895581970387584,1
2024-08-23,Denmark,10Y,Denmark_10Y,-0.04027299999999956,2.0737620000000003,2.114035,-0.0579798936824795,0.295996430280261,15.86,9.05,0.15004201176329374,1
2024-08-26,Denmark,10Y,Denmark_10Y,-0.08748900000000015,2.051428,2.138917,0.025145326317495,0.3535830241356536,16.15,9.02,0.14961101137043686,1
2024-08-27,Denmark,10Y,Denmark_10Y,-0.02832499999999971,2.0959060000000003,2.124231,-0.0729323496445368,0.3598531623009709,15.43,9.01,0.14993402902722802,1
2024-08-28,Denmark,10Y,Denmark_10Y,-0.029650999999999872,2.071174,2.100825,-0.0076979569368121,0.3196064787402839,17.11,9.01,0.1491179672238708,1
2024-08-29,Denmark,10Y,Denmark_10Y,-0.029330999999999996,2.085298,2.114629,-0.0430551076543295,0.296913543913475,15.65,9.02,0.14852440998678132,1
2024-08-30,Denmark,10Y,Denmark_10Y,-0.03430299999999953,2.0897240000000004,2.124027,0.0072428726625155,0.2940001303107308,15.0,9.01,0.14814156407863355,1
2024-09-02,Denmark,10Y,Denmark_10Y,-0.029465000000000074,2.138243,2.167708,-0.0223988970011915,0.3738603436892477,15.55,9.02,0.14845826095993112,1
2024-09-03,Denmark,10Y,Denmark_10Y,-0.03139599999999998,2.1084899999999998,2.1398859999999997,-0.0397415031718767,0.356508311990028,20.72,9.46,0.14804725668433363,1
2024-09-04,Denmark,10Y,Denmark_10Y,-0.035893000000000175,2.023152,2.0590450000000002,-0.2482051093679874,0.3218449638519156,21.32,9.02,0.1485663348685188,1
2024-09-05,Denmark,10Y,Denmark_10Y,-0.03460399999999986,2.051215,2.085819,-0.2248305044041184,0.4296160168358648,19.9,9.01,0.14891145724752064,1
2024-09-06,Denmark,10Y,Denmark_10Y,-0.03308499999999981,1.9652370000000001,1.998322,-0.0770734346808474,0.3529894690756318,22.38,9.02,0.1485884101040119,1
2024-09-09,Denmark,10Y,Denmark_10Y,-0.026327999999999907,1.939371,1.9656989999999999,-0.1251767889229489,0.5325352694783932,19.45,9.01,0.14788961519122126,1
2024-09-10,Denmark,10Y,Denmark_10Y,-0.029977000000000142,1.958088,1.9880650000000002,-0.112952156135956,0.4505196832203775,19.08,9.01,0.14768649111665758,1
2024-09-11,Denmark,10Y,Denmark_10Y,-0.03360300000000027,1.89702,1.9306230000000002,0.0019520462185846,0.3366736785280863,17.69,9.02,0.14758187104296108,1
2024-09-12,Denmark,10Y,Denmark_10Y,-0.03272600000000003,1.92466,1.957386,-0.0405893954573083,0.2584550740050123,17.07,9.01,0.14841199168892846,1
2024-09-13,Denmark,10Y,Denmark_10Y,-0.042449999999999655,1.9406020000000002,1.9830519999999998,-0.120683466792303,0.2293165442199923,16.56,9.04,0.1484296146767203,1
2024-09-16,Denmark,10Y,Denmark_10Y,-0.024377000000000093,1.911618,1.9359950000000001,-0.032123507550627,0.3305634541765672,17.14,9.02,0.14920473874250245,1
2024-09-17,Denmark,10Y,Denmark_10Y,-0.037536000000000236,1.933598,1.9711340000000002,0.1113601326729548,0.2551741022445749,17.61,9.02,0.14895360095330304,1
2024-09-18,Denmark,10Y,Denmark_10Y,-0.028550000000000075,1.9658419999999999,1.994392,0.0140819022319808,0.3303141202355443,18.23,9.02,0.14906017559288684,1
2024-09-19,Denmark,10Y,Denmark_10Y,-0.041787999999999936,1.9638140000000002,2.005602,-0.1562817048478309,0.3266235872039481,16.33,9.02,0.1496423547720947,1
2024-09-20,Denmark,10Y,Denmark_10Y,-0.02836099999999986,1.9923570000000002,2.020718,-0.0309531914719314,0.285887416938619,16.15,10.29,0.1496871538484567,1
2024-09-23,Denmark,10Y,Denmark_10Y,-0.023477000000000192,1.9249939999999999,1.948471,-0.0556280746794248,0.3046097818059039,15.89,10.52,0.14900020860029203,1
2024-09-24,Denmark,10Y,Denmark_10Y,-0.026402000000000037,1.906101,1.932503,-0.1444266204347871,0.2744383666282453,15.39,10.52,0.14992728526664567,1
2024-09-25,Denmark,10Y,Denmark_10Y,0.011508000000000074,1.965268,1.95376,-0.0207809799112608,0.3389167226209645,15.41,10.51,0.14930721452460582,1
2024-09-26,Denmark,10Y,Denmark_10Y,-0.027604000000000184,1.914472,1.9420760000000001,-0.046315972366722,0.293716747288903,15.37,10.52,0.1499048104453672,1
2024-09-27,Denmark,10Y,Denmark_10Y,-0.027422999999999753,1.901126,1.9285489999999998,0.0359521104080082,0.3331265001876002,16.96,10.52,0.14973197975623634,1
2024-09-30,Denmark,10Y,Denmark_10Y,-0.025460999999999956,1.8999000000000001,1.925361,-0.006714882775835,0.2545296862308374,16.73,10.52,0.14938304801171162,1
2024-10-01,Denmark,10Y,Denmark_10Y,-0.02933999999999992,1.789873,1.819213,0.0052106433643116,0.3374254315065866,19.26,10.52,0.14839217082906705,1
2024-10-02,Denmark,10Y,Denmark_10Y,-0.02562299999999995,1.886631,1.912254,-0.1327959462055651,0.348864375040769,18.9,10.52,0.1480867195829878,1
2024-10-03,Denmark,10Y,Denmark_10Y,0.008647000000000071,1.914274,1.905627,0.0292799372584952,0.2640236283799519,20.49,10.52,0.14788305408083288,1
2024-10-04,Denmark,10Y,Denmark_10Y,-0.02547900000000003,1.971012,1.996491,-0.0507432985724723,0.3630869198297223,19.21,10.52,0.14724721334648744,1
2024-10-07,Denmark,10Y,Denmark_10Y,-0.029375000000000373,2.0101449999999996,2.03952,-0.0502248645320764,0.2783418883844569,22.64,10.01,0.14721903247651855,1
2024-10-08,Denmark,10Y,Denmark_10Y,-0.028498000000000356,1.982465,2.0109630000000003,0.0612180012740648,0.294512899295235,21.42,9.53,0.14724721334648744,1
2024-10-09,Denmark,10Y,Denmark_10Y,-0.03161400000000003,1.9930670000000001,2.024681,-0.1134440517558833,0.3677442672728681,20.86,9.79,0.1466662755565985,1
2024-10-10,Denmark,10Y,Denmark_10Y,-0.03037299999999976,1.987055,2.0174279999999998,0.0412610784726209,0.3096330145632667,20.93,9.53,0.14660606949127694,1
2024-10-11,Denmark,10Y,Denmark_10Y,-0.02857299999999996,1.994626,2.023199,-0.0413842547287068,0.3906935993818217,20.46,9.52,0.14662971597824015,1
2024-10-14,Denmark,10Y,Denmark_10Y,-0.029570000000000096,1.989604,2.019174,-0.1028720337195973,0.4276642990976173,19.7,9.52,0.14622020763269483,1
2024-10-15,Denmark,10Y,Denmark_10Y,-0.03045999999999971,1.9369450000000001,1.9674049999999998,-0.0119024677935509,0.2743877877762354,20.64,9.51,0.14598540145985403,1
2024-10-16,Denmark,10Y,Denmark_10Y,-0.029547999999999686,1.8922020000000002,1.9217499999999998,-0.1709711675090765,0.3716187198296223,19.58,10.02,0.1456197576887232,1
2024-10-17,Denmark,10Y,Denmark_10Y,-0.02747799999999989,1.915203,1.9426809999999999,-0.0060687240565431,0.3919528764149675,19.11,10.01,0.14523906349851856,1
2024-10-18,Denmark,10Y,Denmark_10Y,-0.028388999999999776,1.870305,1.8986939999999999,-0.0533994590990853,0.4408972927349807,18.03,9.52,0.14571312000932565,1
2024-10-21,Denmark,10Y,Denmark_10Y,-0.030591999999999953,1.9676770000000001,1.998269,-0.0397516322209695,0.4289777991692193,18.37,9.52,0.1450452541192852,1
2024-10-22,Denmark,10Y,Denmark_10Y,-0.03250400000000031,1.998678,2.0311820000000003,-0.0352966022849124,0.3193228690712281,18.2,9.51,0.14483098224372157,1
2024-10-23,Denmark,10Y,Denmark_10Y,-0.02976599999999996,1.99188,2.021646,-0.1235908742408769,0.304032442084483,19.24,9.51,0.14457134595923088,1
2024-10-24,Denmark,10Y,Denmark_10Y,-0.01944799999999991,1.931067,1.950515,-0.1316036268318497,0.3213484317595996,19.08,9.53,0.14515473494745398,1
2024-10-25,Denmark,10Y,Denmark_10Y,-0.020483999999999725,1.9545460000000001,1.9750299999999998,0.0303817565329299,0.3175764522677359,20.33,9.52,0.14470523543541805,1
2024-10-28,Denmark,10Y,Denmark_10Y,-0.026468000000000158,1.949006,1.9754740000000002,0.0327178559150571,0.3357835928221853,19.8,9.51,0.14499898500710495,1
2024-10-29,Denmark,10Y,Denmark_10Y,-0.025515000000000176,1.9685489999999999,1.994064,0.119014132635558,0.2786079722623647,19.34,9.51,0.14502001276176113,1
2024-10-30,Denmark,10Y,Denmark_10Y,-0.019694999999999574,2.052379,2.0720739999999997,0.1158646701536579,0.2498444301606924,20.35,9.53,0.14554981442398662,1
2024-10-31,Denmark,10Y,Denmark_10Y,-0.020480000000000054,2.0399529999999997,2.0604329999999997,0.0121083252878858,0.2837859487424142,23.16,9.52,0.145930011966261,1
2024-11-01,Denmark,10Y,Denmark_10Y,-0.020477000000000523,2.0323849999999997,2.052862,-0.0303284888700091,0.2741566091661263,21.88,9.52,0.1452770433216143,1
2024-11-04,Denmark,10Y,Denmark_10Y,-0.02834200000000031,2.0197969999999996,2.048139,-0.0313782020395309,0.2927157784174803,21.98,9.54,0.1458746644882717,1
2024-11-05,Denmark,10Y,Denmark_10Y,-0.03061899999999973,2.0593120000000003,2.089931,0.0718056407783259,0.3838420141530545,20.49,9.52,0.1465695399182142,1
2024-11-06,Denmark,10Y,Denmark_10Y,-0.04352799999999979,2.012102,2.05563,0.1235921098670604,0.342692667908511,16.27,9.49,0.1438745413998993,1
2024-11-07,Denmark,10Y,Denmark_10Y,-0.017479000000000244,2.016918,2.0343970000000002,0.1012267795067419,0.3012245700120942,15.2,10.02,0.1448687489134844,1
2024-11-08,Denmark,10Y,Denmark_10Y,-0.02460299999999993,1.95919,1.983793,0.1148778928690511,0.2791851077960748,14.94,10.02,0.14375664874500446,1
2024-11-11,Denmark,10Y,Denmark_10Y,-0.021542999999999868,1.918475,1.9400179999999998,-0.0538478793516572,0.3077636715756217,14.97,10.01,0.14286326556852436,1
2024-11-12,Denmark,10Y,Denmark_10Y,-0.02477600000000013,1.9522279999999999,1.977004,0.0546944120497115,0.2946770074742983,14.71,10.0,0.14242579616020054,1
2024-11-13,Denmark,10Y,Denmark_10Y,-0.022406000000000148,1.964581,1.986987,-0.0893935449504484,0.2308333598401163,14.02,10.02,0.14162701110355766,1
2024-11-14,Denmark,10Y,Denmark_10Y,-0.02739699999999967,1.9054600000000002,1.9328569999999998,0.0730973688921653,0.2840633546920192,14.31,10.0,0.14118710114643926,1
2024-11-15,Denmark,10Y,Denmark_10Y,-0.021422000000000274,1.9193799999999999,1.9408020000000001,-0.1057723248932512,0.2774327024178333,16.14,10.01,0.14134475398945567,1
2024-11-18,Denmark,10Y,Denmark_10Y,-0.022426999999999975,1.916642,1.939069,-0.0251841427412239,0.3376079431869085,15.58,10.02,0.14209187660741435,1
2024-11-19,Denmark,10Y,Denmark_10Y,-0.025556000000000134,1.886252,1.9118080000000002,0.0279372139935755,0.3586816538277496,16.35,10.02,0.14206361608728388,1
2024-11-20,Denmark,10Y,Denmark_10Y,-0.02760600000000002,1.9205299999999998,1.9481359999999999,-0.0722962325395712,0.3291659015182471,17.16,11.01,0.14136073846849775,1
2024-11-21,Denmark,10Y,Denmark_10Y,-0.02361499999999994,1.9017629999999999,1.9253779999999998,-0.0861403664843708,0.407989854383153,16.87,11.02,0.1404474656254828,1
2024-11-22,Denmark,10Y,Denmark_10Y,-0.02553099999999997,1.846737,1.872268,-0.1701262348531219,0.3004106817027913,15.24,11.02,0.13972530006008188,1
2024-11-25,Denmark,10Y,Denmark_10Y,-0.02933999999999992,1.831525,1.860865,0.0226014966769256,0.2668986551134104,14.6,11.53,0.14072614691809737,1
2024-11-26,Denmark,10Y,Denmark_10Y,-0.02250299999999994,1.8143310000000001,1.836834,0.0164988893549965,0.3547052008917906,14.1,11.51,0.14064301988692302,1
2024-11-27,Denmark,10Y,Denmark_10Y,-0.024532999999999916,1.797257,1.82179,0.0012373864682876,0.3185257806114739,14.1,11.52,0.1416852038141657,1
2024-11-28,Denmark,10Y,Denmark_10Y,-0.024433999999999845,1.7560790000000002,1.780513,0.0406908555437693,0.2998702508529601,13.9,11.52,0.14152679102154037,1
2024-11-29,Denmark,10Y,Denmark_10Y,-0.022361000000000075,1.695074,1.717435,-0.0817877503868805,0.4428795980622257,13.51,11.52,0.14182184340032053,1
2024-12-02,Denmark,10Y,Denmark_10Y,-0.011623000000000161,1.647268,1.6588910000000001,-0.1017201017093484,0.2966398320332448,13.34,11.51,0.14076774729374006,1
2024-12-03,Denmark,10Y,Denmark_10Y,-0.019336999999999716,1.6389040000000001,1.6582409999999999,0.0303866049909985,0.3822861409844702,13.3,12.51,0.14093042265033753,1
2024-12-04,Denmark,10Y,Denmark_10Y,-0.025436999999999932,1.650069,1.675506,0.0120272650565527,0.3055352586497262,13.45,12.52,0.14094631354916912,1
2024-12-05,Denmark,10Y,Denmark_10Y,-0.030491000000000046,1.6871070000000001,1.7175980000000002,-0.0163209231802263,0.3365735486525635,13.54,12.51,0.14196882364632726,1
2024-12-06,Denmark,10Y,Denmark_10Y,-0.024546999999999652,1.6826720000000002,1.7072189999999998,-0.0389203661094043,0.3259822228552532,12.77,12.51,0.14174344436569808,1
2024-12-09,Denmark,10Y,Denmark_10Y,-0.025541000000000036,1.6785640000000002,1.7041050000000002,0.0869730095690258,0.2829303351272171,14.19,12.52,0.14153280022645248,1
2024-12-10,Denmark,10Y,Denmark_10Y,-0.025548999999999822,1.678083,1.7036319999999998,-0.0150954245205249,0.2216540463297935,14.18,12.52,0.14118311449950585,1
2024-12-11,Denmark,10Y,Denmark_10Y,-0.01446600000000009,1.679443,1.693909,0.0331450133242573,0.2768990764106757,13.58,12.51,0.14076576576576577,1
2024-12-12,Denmark,10Y,Denmark_10Y,-0.024368000000000167,1.7408709999999998,1.765239,0.1521731680639766,0.2876784878297638,13.92,12.51,0.1403784603290471,1
2024-12-13,Denmark,10Y,Denmark_10Y,-0.02847899999999992,1.797301,1.82578,0.0655740161003681,0.392371792286281,13.81,12.02,0.14085895792542927,1
2024-12-16,Denmark,10Y,Denmark_10Y,-0.025460999999999956,1.7853539999999999,1.8108149999999998,-0.0856332406908454,0.3463072378847927,14.69,12.02,0.1409343950391093,1
2024-12-17,Denmark,10Y,Denmark_10Y,-0.02444999999999986,1.773742,1.7981919999999998,-0.2245608780008009,0.3071014948182112,15.87,12.52,0.14065488916394733,1
2024-12-18,Denmark,10Y,Denmark_10Y,-0.029403000000000068,1.797745,1.827148,0.0092911519884204,0.3373478097410339,27.62,12.52,0.1387693930226749,1
2024-12-19,Denmark,10Y,Denmark_10Y,-0.01935599999999993,1.874293,1.893649,0.0364628579730183,0.2988892184288915,24.09,12.51,0.1389429222475407,1
2024-12-20,Denmark,10Y,Denmark_10Y,-0.028363000000000138,1.844262,1.8726250000000002,-0.0378042123826594,0.2676072666651461,18.36,14.02,0.13985231595435219,1
2024-12-23,Denmark,10Y,Denmark_10Y,-0.01663099999999984,1.901459,1.9180899999999999,0.064409761595218,0.2610554934759458,16.78,14.02,0.1395147676381545,1
2024-12-24,Denmark,10Y,Denmark_10Y,-0.0252460000000001,1.894365,1.9196110000000002,-0.0140612046678354,0.25268581226838,14.27,14.02,0.13938253536831835,1
2024-12-25,Denmark,10Y,Denmark_10Y,-0.0252460000000001,1.894365,1.9196110000000002,0.0022954663513878,0.265615770963034,14.27,14.02,0.1394214011850819,1
2024-12-26,Denmark,10Y,Denmark_10Y,-0.0252460000000001,1.894365,1.9196110000000002,-0.0686283879953655,0.244643944609308,14.73,14.01,0.13971358714635,1
2024-12-27,Denmark,10Y,Denmark_10Y,-0.022505999999999915,1.958803,1.981309,-0.0120732462661607,0.2465017815858534,15.95,14.02,0.1398268943048506,1
2024-12-30,Denmark,10Y,Denmark_10Y,-0.03128299999999995,1.944367,1.97565,-0.1420895288848069,0.3015487268011597,17.4,14.02,0.13955760240039078,1
2024-12-31,Denmark,10Y,Denmark_10Y,-0.031571000000000016,1.910463,1.942034,-0.1347421193753042,0.3192860324621703,17.35,14.02,0.1388464635805726,1
2025-01-01,Denmark,10Y,Denmark_10Y,-0.031571000000000016,1.910463,1.942034,-0.1634687031578081,0.1757478870313375,17.35,13.52,0.13886574459812254,1
2025-01-02,Denmark,10Y,Denmark_10Y,-0.02349800000000002,1.91886,1.942358,-0.0283233640941057,0.3744761597693309,17.93,13.51,0.13765572303668525,1
2025-01-03,Denmark,10Y,Denmark_10Y,-0.02647199999999983,1.9620920000000002,1.988564,-0.1330651263297196,0.2487893593068957,16.13,14.02,0.1382380182197708,1
2025-01-06,Denmark,10Y,Denmark_10Y,-0.031353000000000186,2.007377,2.03873,-0.1284635621344967,0.3164502357325741,16.04,14.02,0.13931069070240448,1
2025-01-07,Denmark,10Y,Denmark_10Y,-0.02934900000000029,2.0259679999999998,2.055317,-0.0424359938512784,0.2260831765691857,17.82,14.02,0.13861166555777332,1
2025-01-08,Denmark,10Y,Denmark_10Y,-0.02756500000000006,2.047118,2.0746830000000003,-0.1120018510766164,0.1969218059545815,17.7,14.02,0.1383049347200708,1
2025-01-09,Denmark,10Y,Denmark_10Y,-0.02931600000000012,2.073884,2.1032,-0.1343499250749261,0.2435740600516563,18.07,14.02,0.138060525734482,1
2025-01-10,Denmark,10Y,Denmark_10Y,-0.02546299999999979,2.131262,2.156725,-0.1362922365357347,0.2792112813681077,19.54,14.02,0.13733622654983932,1
2025-01-13,Denmark,10Y,Denmark_10Y,-0.02845999999999993,2.15444,2.1829,-0.0523091823445704,0.231006163769262,19.19,14.01,0.13733999890128,1
2025-01-14,Denmark,10Y,Denmark_10Y,-0.02646000000000015,2.1939919999999997,2.220452,-0.0944027972338558,0.2373120287555909,18.71,14.52,0.1381692573402418,1
2025-01-15,Denmark,10Y,Denmark_10Y,-0.02562199999999981,2.0982700000000003,2.123892,-0.1627281500777705,0.2196729814963166,16.12,14.02,0.1379063064553942,1
2025-01-16,Denmark,10Y,Denmark_10Y,-0.022299999999999542,2.066015,2.0883149999999997,-0.074065215029379,0.3292006239773642,16.6,13.51,0.13810819395914758,1
2025-01-17,Denmark,10Y,Denmark_10Y,-0.023341999999999974,2.064962,2.088304,-0.0896047735951155,0.2570010600730147,15.97,13.52,0.13766330309329441,1
2025-01-20,Denmark,10Y,Denmark_10Y,-0.02144799999999991,2.061496,2.082944,-0.0522751568172198,0.2087709747256423,15.81,13.02,0.1396141066093318,1
2025-01-21,Denmark,10Y,Denmark_10Y,-0.026422000000000168,2.0390889999999997,2.065511,-0.1380652443192521,0.2082006714009749,15.06,13.04,0.13975068477835542,1
2025-01-22,Denmark,10Y,Denmark_10Y,-0.026699999999999946,2.074878,2.101578,-0.0219421721619706,0.2631681788969534,15.1,13.01,0.13954202308025063,1
2025-01-23,Denmark,10Y,Denmark_10Y,-0.03243799999999997,2.087134,2.119572,-0.005720492909621,0.2471558725899035,15.02,13.02,0.13961995448389483,1
2025-01-24,Denmark,10Y,Denmark_10Y,-0.029119999999999813,2.156327,2.185447,-0.0218014123771953,0.1525614427266526,14.85,13.02,0.14064697609001406,1
2025-01-27,Denmark,10Y,Denmark_10Y,-0.00959600000000016,2.104081,2.113677,0.0405807860000134,0.3466339990514312,17.9,13.02,0.140607424071991,1
2025-01-28,Denmark,10Y,Denmark_10Y,-0.029457999999999984,2.1405250000000002,2.169983,-0.0748897627959879,0.2798179139964317,16.41,13.01,0.13979757311413074,1
2025-01-29,Denmark,10Y,Denmark_10Y,-0.026837999999999695,2.1381110000000003,2.164949,-0.1740346138841084,0.2837182146954173,16.56,13.02,0.13966480446927373,1
2025-01-30,Denmark,10Y,Denmark_10Y,-0.033279999999999976,2.115688,2.148968,0.0511595734789091,0.3395293370417918,15.84,13.02,0.13926606782257503,1
2025-01-31,Denmark,10Y,Denmark_10Y,-0.03176200000000007,2.053099,2.084861,0.0148584637852702,0.209575154670026,16.43,13.01,0.1388599597306117,1
2025-02-03,Denmark,10Y,Denmark_10Y,-0.03935299999999975,1.9718360000000001,2.011189,0.0455956521152231,0.3193875724636903,18.62,13.02,0.13865971519294498,1
2025-02-04,Denmark,10Y,Denmark_10Y,-0.036055999999999866,1.9582030000000001,1.994259,-0.0143214043098939,0.2967705267751975,17.21,13.51,0.13914785851445746,1
2025-02-05,Denmark,10Y,Denmark_10Y,-0.03201900000000002,1.9403299999999999,1.972349,0.0296488926346781,0.4081558050819591,15.77,14.02,0.1394466755912539,1
2025-02-06,Denmark,10Y,Denmark_10Y,-0.03933199999999992,2.001068,2.0404,-0.0449350690578328,0.3274548036758525,15.5,14.02,0.13916141332331372,1
2025-02-07,Denmark,10Y,Denmark_10Y,-0.03515999999999986,1.988426,2.023586,0.0973822480449071,0.3442794986546425,16.54,13.51,0.13845621322256835,1
2025-02-10,Denmark,10Y,Denmark_10Y,-0.03183500000000006,1.964757,1.9965920000000001,-0.1225543665703002,0.3182004472851478,15.81,13.52,0.13819407976562284,1
2025-02-11,Denmark,10Y,Denmark_10Y,-0.031788999999999845,2.017719,2.049508,-0.1648877538988264,0.2746196868558501,16.02,13.52,0.13892361979383736,1
2025-02-12,Denmark,10Y,Denmark_10Y,-0.024833000000000105,2.095969,2.1208020000000003,-0.0131387896031823,0.2231364318093346,15.89,13.52,0.13920790700911811,1
2025-02-13,Denmark,10Y,Denmark_10Y,-0.04400700000000013,2.020872,2.064879,-0.0119211099849645,0.3025825264598727,15.1,13.02,0.14030164854437038,1
2025-02-14,Denmark,10Y,Denmark_10Y,-0.010511000000000159,2.042008,2.052519,-0.0347157054538435,0.2521607129201293,14.77,12.02,0.1406509325156826,1
2025-02-17,Denmark,10Y,Denmark_10Y,-0.02953299999999981,2.071548,2.1010809999999998,0.0016622924027445,0.2683057059266536,15.37,12.02,0.1405659183874278,1
2025-02-18,Denmark,10Y,Denmark_10Y,-0.030429999999999957,2.077804,2.108234,-0.0651787388723848,0.2603092913720758,15.35,12.01,0.14006779281172088,1
2025-02-19,Denmark,10Y,Denmark_10Y,-0.026874000000000287,2.144742,2.171616,-0.16135965782995,0.2667455023335544,15.27,12.02,0.13975068477835542,1
2025-02-20,Denmark,10Y,Denmark_10Y,-0.027412999999999688,2.124247,2.1516599999999997,-0.1161312779649388,0.2897814002609339,15.66,12.02,0.14081928660949403,1
2025-02-21,Denmark,10Y,Denmark_10Y,-0.024509000000000114,2.058547,2.083056,-0.0739449951812375,0.3344820625322612,18.21,12.02,0.14027212792818067,1
2025-02-24,Denmark,10Y,Denmark_10Y,-0.041619000000000295,2.0496369999999997,2.091256,-0.1962396396029875,0.2204830724141241,18.98,12.01,0.14034102869974038,1
2025-02-25,Denmark,10Y,Denmark_10Y,-0.02450000000000019,2.041772,2.066272,0.1863258358676671,0.3075590916568315,19.43,11.52,0.140964195094446,1
2025-02-26,Denmark,10Y,Denmark_10Y,-0.021588000000000385,2.0333259999999997,2.054914,-0.0544386583894015,0.2579587022432615,19.1,11.5,0.14058765640376775,1
2025-02-27,Denmark,10Y,Denmark_10Y,-0.03866700000000023,2.0303329999999997,2.069,-0.0629199971771996,0.2466249121255695,21.13,11.51,0.13943112102621305,1
2025-02-28,Denmark,10Y,Denmark_10Y,-0.023417000000000243,1.989738,2.0131550000000002,-0.0448622625560954,0.3203565170444183,19.63,12.03,0.13916141332331372,1
2025-03-03,Denmark,10Y,Denmark_10Y,-0.022513000000000005,2.0807789999999997,2.1032919999999997,0.0501619159153095,0.2744762054097659,22.78,12.0,0.14064697609001406,1
2025-03-04,Denmark,10Y,Denmark_10Y,-0.01846799999999993,2.063088,2.081556,-0.0840547359546941,0.3194051610731459,23.51,12.01,0.14246840763060792,1
2025-03-05,Denmark,10Y,Denmark_10Y,-0.017749000000000237,2.3513859999999998,2.369135,0.0485350680217227,0.2121927933657466,21.93,12.49,0.1446717398223431,1
2025-03-06,Denmark,10Y,Denmark_10Y,-0.030426999999999538,2.410134,2.4405609999999998,-0.0498101383408553,0.1643017727104434,24.87,13.02,0.14458806859257975,1
2025-03-07,Denmark,10Y,Denmark_10Y,-0.016487000000000585,2.3297239999999997,2.3462110000000003,-0.0084655572100504,0.3163090607181318,23.37,13.0,0.1452643811737362,1
2025-03-20,Denmark,10Y,Denmark_10Y,-0.018522999999999623,2.3106210000000003,2.329144,0.1849551157207159,0.2902599123470438,19.8,14.52,0.14550322289638715,1
2025-03-21,Denmark,10Y,Denmark_10Y,-0.02155399999999963,2.2893600000000003,2.310914,-0.0514629845809635,0.3569621026845104,19.28,14.52,0.1449863712810996,1
2025-03-24,Denmark,10Y,Denmark_10Y,-0.024451999999999696,2.3007150000000003,2.325167,0.0106591989080341,0.2038800211218911,17.48,13.49,0.14479533179850282,1
2025-03-25,Denmark,10Y,Denmark_10Y,-0.020553000000000488,2.3354489999999997,2.356002,-0.0527699290269877,0.2420685341062482,17.15,13.52,0.1446340757882557,1
2025-04-01,Denmark,10Y,Denmark_10Y,-0.03996500000000047,2.2796909999999997,2.319656,-0.0219753984253033,0.220428802187513,21.77,14.03,0.1446361677201001,1
2025-04-02,Denmark,10Y,Denmark_10Y,-0.02492800000000006,2.2904809999999998,2.315409,-0.0178479868814983,0.2322448294470884,21.51,13.5,0.14549898878202797,1
2025-04-03,Denmark,10Y,Denmark_10Y,-0.031703999999999954,2.181759,2.213463,-0.0107846571008617,0.2347207999553617,30.02,14.08,0.14812839769512215,1
2025-04-04,Denmark,10Y,Denmark_10Y,-0.025598999999999705,2.160909,2.186508,-0.0777463780626768,0.2506138771491769,45.31,15.07,0.14695725013593544,1
2025-04-07,Denmark,10Y,Denmark_10Y,-0.024592999999999865,2.197181,2.221774,-0.0227279781962832,0.3109044695100477,46.98,15.49,0.14608136732159813,1
2025-04-08,Denmark,10Y,Denmark_10Y,-0.02158599999999966,2.2185170000000003,2.240103,0.0186840938199279,0.3343223772669786,52.33,15.05,0.14676529294352472,1
2025-04-09,Denmark,10Y,Denmark_10Y,-0.021126999999999896,2.1683250000000003,2.189452,0.0222854476682046,0.3370871926669854,33.62,14.46,0.14667488045997243,1
2025-04-10,Denmark,10Y,Denmark_10Y,-0.026545999999999736,2.1578030000000004,2.184349,0.0758993376909634,0.2958135323021649,40.72,14.04,0.1500060002400096,1
2025-04-11,Denmark,10Y,Denmark_10Y,-0.02252400000000021,2.09169,2.114214,-0.0823276324851308,0.2697731315467893,37.56,13.99,0.15213290330432666,1
2025-04-14,Denmark,10Y,Denmark_10Y,-0.01951299999999989,2.1307340000000003,2.1502470000000002,-0.0820658112566077,0.3211090368415026,30.89,13.56,0.15203344735841887,1
2025-04-15,Denmark,10Y,Denmark_10Y,-0.024472999999999523,2.1577640000000002,2.1822369999999998,-0.0384899317888702,0.2972083604343447,30.12,13.54,0.15115786927867467,1
2025-04-16,Denmark,10Y,Denmark_10Y,-0.021560000000000024,2.120381,2.141941,-0.1112460703145402,0.2918005997003809,32.64,14.04,0.15266709413453025,1
2025-04-17,Denmark,10Y,Denmark_10Y,-0.013539000000000634,2.1590369999999997,2.1725760000000003,0.0724399708153289,0.3746624311848421,29.65,13.52,0.15226262257141118,1
2025-04-18,Denmark,10Y,Denmark_10Y,-0.013519000000000503,2.1316439999999997,2.145163,0.0962948102409217,0.3674857981393857,29.65,13.53,0.15263913056751227,1
2025-04-21,Denmark,10Y,Denmark_10Y,-0.013519000000000503,2.1316439999999997,2.145163,0.0344076333231395,0.3718558887006561,33.82,13.54,0.1542353013757789,1
2025-04-22,Denmark,10Y,Denmark_10Y,-0.03465399999999974,2.048712,2.083366,-0.0031609380335981,0.3031426313474155,30.57,13.51,0.15295431254684227,1
2025-04-23,Denmark,10Y,Denmark_10Y,-0.02673799999999993,2.096797,2.123535,0.0600058114670437,0.3019887504451426,28.45,13.51,0.15154729791167823,1
2025-04-24,Denmark,10Y,Denmark_10Y,-0.029645999999999617,2.016077,2.0457229999999997,0.0922997044560311,0.2643176425780402,26.47,13.04,0.15253435836422152,1
2025-04-25,Denmark,10Y,Denmark_10Y,-0.025598000000000454,2.0373859999999997,2.062984,0.122262515639788,0.2565795569440134,24.84,13.03,0.15222785465284439,1
2025-04-28,Denmark,10Y,Denmark_10Y,-0.028669999999999973,2.053753,2.082423,-0.011063820705251,0.2873176156117909,25.15,13.03,0.15301282247452336,1
2025-04-29,Denmark,10Y,Denmark_10Y,-0.025602000000000125,2.0284329999999997,2.054035,-0.1271523889000446,0.3166012271311471,24.17,13.03,0.15252737866447028,1
2025-04-30,Denmark,10Y,Denmark_10Y,-0.023849999999999927,1.982094,2.005944,-0.0520010391276942,0.2552484080257471,24.7,13.03,0.15173816063001686,1
2025-05-01,Denmark,10Y,Denmark_10Y,-0.02751799999999993,1.978496,2.006014,-0.0318016746465889,0.4518160255172205,24.6,12.99,0.151283641699823,1
2025-05-02,Denmark,10Y,Denmark_10Y,-0.027489000000000097,2.0572109999999997,2.0846999999999998,-0.0462704857016388,0.2492392031835841,22.68,12.98,0.15140274644582052,1
2025-05-05,Denmark,10Y,Denmark_10Y,-0.025494000000000128,2.034864,2.060358,-0.0160590069694243,0.3327017053297811,23.64,13.01,0.1516162290011523,1
2025-05-06,Denmark,10Y,Denmark_10Y,-0.019620000000000193,2.0489509999999997,2.068571,0.0408244141915095,0.236827467288731,24.76,13.03,0.1523809523809524,1
2025-05-07,Denmark,10Y,Denmark_10Y,-0.023922999999999917,1.994069,2.017992,-0.1110259507692236,0.2036565639902741,23.55,13.03,0.15145089961834374,1
2025-05-08,Denmark,10Y,Denmark_10Y,-0.019467000000000567,2.0454679999999996,2.064935,0.0906829125944412,0.2839100772886941,22.48,12.98,0.15050267894768526,1
2025-05-09,Denmark,10Y,Denmark_10Y,-0.019692000000000043,2.077527,2.097219,-0.1189229675922441,0.326145330418166,21.9,13.02,0.15078180365193528,1
2025-05-12,Denmark,10Y,Denmark_10Y,-0.02563200000000032,2.1881779999999997,2.21381,0.0365197137330009,0.3102817732178628,18.39,12.48,0.14863478945882072,1
2025-05-13,Denmark,10Y,Denmark_10Y,-0.026581999999999883,2.207592,2.234174,-0.0398276649029975,0.2906453381999081,18.22,12.51,0.1499542639494954,1
2025-05-14,Denmark,10Y,Denmark_10Y,-0.02398699999999998,2.224048,2.248035,0.0018970852487564,0.303187728787502,18.62,12.5,0.14976113099606128,1
2025-05-15,Denmark,10Y,Denmark_10Y,-0.023611999999999966,2.1398289999999998,2.1634409999999997,0.0414893015646214,0.2870802540702955,17.83,12.55,0.14993178103962698,1
2025-05-16,Denmark,10Y,Denmark_10Y,-0.013482999999999912,2.1317120000000003,2.145195,-0.1231040655349826,0.2647519803471185,17.24,12.52,0.14962668142983257,1
2025-05-19,Denmark,10Y,Denmark_10Y,-0.02559599999999973,2.123955,2.1495509999999998,-0.0663675194996026,0.2576348004601489,18.14,13.02,0.15071135760790932,1
2025-05-20,Denmark,10Y,Denmark_10Y,-0.018756999999999913,2.146199,2.164956,-0.1516414585678911,0.2949275927335575,18.09,12.52,0.15126304643775526,1
2025-05-21,Denmark,10Y,Denmark_10Y,-0.02621099999999954,2.1954200000000004,2.221631,0.0213475676059695,0.2809273144704828,20.87,12.5,0.1518718201837649,1
2025-05-22,Denmark,10Y,Denmark_10Y,-0.01065999999999967,2.2121950000000004,2.222855,0.0313273950564612,0.2626445967241084,20.28,12.52,0.15122873345935728,1
2025-05-23,Denmark,10Y,Denmark_10Y,-0.023654000000000508,2.1194759999999997,2.14313,-0.0552836089233536,0.2369927461266469,22.29,13.02,0.1523414886810274,1
2025-05-26,Denmark,10Y,Denmark_10Y,-0.012391000000000041,2.139094,2.151485,-0.1210927557046467,0.24078842968903,20.57,13.01,0.15265544140320883,1
2025-05-27,Denmark,10Y,Denmark_10Y,-0.021517999999999926,2.109906,2.131424,0.0451230512648049,0.2294708361380984,18.96,12.52,0.15192027224112786,1
2025-05-28,Denmark,10Y,Denmark_10Y,-0.023554999999999993,2.1313120000000003,2.1548670000000003,0.0439183459336487,0.2319184210773302,19.31,12.51,0.1514348451578708,1
2025-05-29,Denmark,10Y,Denmark_10Y,-0.017771000000000203,2.1631169999999997,2.180888,-0.0001163835942247,0.3392685632883483,19.18,12.53,0.1523972080831479,1
2025-05-30,Denmark,10Y,Denmark_10Y,-0.017912999999999624,2.1251420000000003,2.143055,-0.1395873227005753,0.2863985561004245,18.57,12.52,0.15213058889750963,1
2025-06-02,Denmark,10Y,Denmark_10Y,-0.014639999999999986,2.11953,2.13417,0.0075386805271308,0.3239371922174735,18.36,12.0,0.1533671763569161,1
2025-06-03,Denmark,10Y,Denmark_10Y,-0.0211800000000002,2.1090169999999997,2.130197,0.0095934196763523,0.3088290701194567,17.69,11.51,0.1524274064476793,1
2025-06-04,Denmark,10Y,Denmark_10Y,-0.024343000000000004,2.128112,2.152455,0.047392142943904,0.3125290535000063,17.61,10.79,0.15308543698237986,1
2025-06-05,Denmark,10Y,Denmark_10Y,-0.01323400000000019,2.132662,2.145896,0.036929489022613,0.2782575648897966,18.48,10.75,0.1534236487212139,1
2025-06-06,Denmark,10Y,Denmark_10Y,-0.028643999999999892,2.18229,2.210934,0.0053053578174486,0.2891757884158538,16.77,10.73,0.15278138511603745,1
2025-06-09,Denmark,10Y,Denmark_10Y,-0.020223000000000546,2.1802799999999998,2.2005030000000003,0.0959269998373465,0.24564658705614,17.16,10.03,0.15308309350315352,1
2025-06-10,Denmark,10Y,Denmark_10Y,-0.021465999999999763,2.144712,2.166178,0.0259255231482761,0.2841180830677518,16.95,10.02,0.1531581204435459,1
2025-06-11,Denmark,10Y,Denmark_10Y,-0.024907000000000235,2.1391039999999997,2.164011,-0.0353561366927534,0.289482951951875,17.26,10.04,0.15399303951461393,1
2025-06-12,Denmark,10Y,Denmark_10Y,-0.020531000000000077,2.100663,2.121194,-0.0444127577373302,0.2774711397572998,18.02,9.53,0.15531809145129225,1
2025-06-13,Denmark,10Y,Denmark_10Y,-0.008533000000000346,2.1563049999999997,2.164838,-0.0372880148557703,0.3422371343254907,20.82,9.5,0.15487548011398836,1
2025-07-02,Denmark,10Y,Denmark_10Y,-0.022006000000000192,2.180663,2.202669,-0.0513332295309208,0.3258663417171512,16.64,8.51,0.1581252668363878,1
2025-07-03,Denmark,10Y,Denmark_10Y,-0.026634999999999742,2.133362,2.1599969999999997,-0.0763095156408667,0.3193735429617768,16.38,8.48,0.15756964578343627,1
2025-07-04,Denmark,10Y,Denmark_10Y,-0.02551900000000007,2.120139,2.145658,-0.0072715427030908,0.2705901734829103,17.48,8.52,0.15786814852235415,1
2025-07-07,Denmark,10Y,Denmark_10Y,-0.023736000000000423,2.153459,2.177195,0.0250378478800657,0.2957345603840615,17.79,8.51,0.15693659761456372,1
2025-07-08,Denmark,10Y,Denmark_10Y,-0.015660999999999703,2.1940910000000002,2.209752,-0.0235749239513059,0.2552159541034559,16.81,8.51,0.15715857300015715,1
2025-07-09,Denmark,10Y,Denmark_10Y,-0.01485300000000045,2.1777379999999997,2.192591,-0.1581280846637335,0.3314549748406388,15.94,8.53,0.15708451146716934,1
2025-07-10,Denmark,10Y,Denmark_10Y,-0.0246120000000003,2.2125779999999997,2.23719,-0.0868508165861704,0.3099895140955273,15.78,8.51,0.15682092618439006,1
2025-07-11,Denmark,10Y,Denmark_10Y,-0.02852599999999983,2.2152190000000003,2.243745,-0.0532432235830349,0.3209816063093435,16.4,8.5,0.15665878150799742,1
2025-07-14,Denmark,10Y,Denmark_10Y,-0.024626999999999732,2.2106250000000003,2.235252,-0.0488119405671027,0.2434735440130884,17.2,8.51,0.15627930236919424,1
2025-07-15,Denmark,10Y,Denmark_10Y,-0.021450999999999887,2.189343,2.210794,-0.0062960969584244,0.2862729290764322,17.38,8.49,0.1554363876583508,1
2025-07-16,Denmark,10Y,Denmark_10Y,-0.02692599999999956,2.1546190000000003,2.181545,0.0379963131324483,0.2775465086109701,17.16,8.54,0.15595271513677053,1
2025-07-17,Denmark,10Y,Denmark_10Y,-0.02551099999999984,2.1494590000000002,2.17497,0.0650879581144245,0.2898813823774047,16.52,8.5,0.1553711817532084,1
2025-07-18,Denmark,10Y,Denmark_10Y,-0.022577999999999765,2.1667050000000003,2.189283,-0.0003329925076632,0.3022007701304337,16.41,8.53,0.15572200507653736,1
2025-07-21,Denmark,10Y,Denmark_10Y,-0.026546999999999876,2.090184,2.1167309999999997,0.0362891000832499,0.2869589617092759,16.65,8.53,0.1566636900565556,1
2025-07-22,Denmark,10Y,Denmark_10Y,-0.029476999999999975,2.069722,2.099199,-0.2320879350917198,0.3215768123193058,16.5,8.53,0.15747535510692576,1
2025-07-23,Denmark,10Y,Denmark_10Y,-0.02085899999999974,2.1236420000000003,2.144501,0.014577952281696,0.2661844194901285,15.37,8.5,0.15772870662460567,1
2025-07-24,Denmark,10Y,Denmark_10Y,-0.02452699999999952,2.1897330000000004,2.21426,-0.0887625864565845,0.4166368316380774,15.39,8.5,0.15737127030089387,1
2025-07-25,Denmark,10Y,Denmark_10Y,-0.02847100000000058,2.2005679999999996,2.229039,-0.102790094945489,0.3655805503412829,14.93,8.52,0.15731432976229806,1
2025-07-28,Denmark,10Y,Denmark_10Y,-0.027490999999999932,2.166735,2.194226,-0.0399584845689617,0.3211380955153058,15.03,8.51,0.15529397148802684,1
2025-07-29,Denmark,10Y,Denmark_10Y,-0.017467000000000343,2.1876059999999997,2.205073,-0.0066965898191624,0.3127741079375481,15.98,8.53,0.1547029702970297,1
2025-07-30,Denmark,10Y,Denmark_10Y,-0.014979000000000298,2.195359,2.210338,-0.0641024390812822,0.2172242293910161,15.48,8.49,0.15280239594156836,1
2025-07-31,Denmark,10Y,Denmark_10Y,-0.01656100000000027,2.1870019999999997,2.203563,-0.0448473899559809,0.3216274833978543,16.72,8.51,0.15292390506483974,1
2025-08-01,Denmark,10Y,Denmark_10Y,-0.020650999999999975,2.1652240000000003,2.1858750000000002,0.0019620161640656,0.2713656189919549,20.38,8.6,0.15526021612222082,1
2025-08-04,Denmark,10Y,Denmark_10Y,-0.01855399999999996,2.115023,2.133577,0.0498933129031922,0.2781572565470415,17.52,8.52,0.15508203839831272,1
2025-08-05,Denmark,10Y,Denmark_10Y,-0.01447200000000004,2.115774,2.130246,-0.1601100087298601,0.2330405544474013,17.85,8.51,0.15512052865076165,1
2025-08-06,Denmark,10Y,Denmark_10Y,-0.012969000000000008,2.1468949999999998,2.159864,-0.0873640362471867,0.2260715061659161,16.77,8.52,0.15621826816427914,1
2025-08-07,Denmark,10Y,Denmark_10Y,-0.029433999999999738,2.1348000000000003,2.164234,0.0112810250243906,0.2516550412399844,16.57,8.5,0.15627930236919424,1
2025-08-08,Denmark,10Y,Denmark_10Y,-0.020544999999999813,2.1846680000000003,2.205213,-0.0071384618013309,0.4050729625931271,15.15,8.5,0.1559697418700772,1
2025-08-11,Denmark,10Y,Denmark_10Y,-0.012501999999999569,2.1890080000000003,2.20151,-0.0093183260473948,0.290999673922364,16.25,8.52,0.15562749003984064,1
2025-08-12,Denmark,10Y,Denmark_10Y,-0.028508999999999673,2.226731,2.2552399999999997,-0.0320677774300266,0.2611340101803013,14.73,8.53,0.15644800450570254,1
2025-08-13,Denmark,10Y,Denmark_10Y,-0.026858999999999966,2.165742,2.192601,-0.1296254327214621,0.3164325650954082,14.49,8.53,0.15684306283133098,1
2025-08-14,Denmark,10Y,Denmark_10Y,-0.03259500000000015,2.176259,2.208854,-0.0084275836987411,0.3565186626998154,14.83,8.5,0.15604762573537445,1
2025-08-15,Denmark,10Y,Denmark_10Y,-0.020478999999999914,2.238655,2.259134,-0.048518635481899,0.2330529913194011,15.09,8.0,0.1568356832546541,1
2025-08-18,Denmark,10Y,Denmark_10Y,-0.029509000000000007,2.221584,2.251093,0.0549843497146032,0.2416298889985594,14.99,8.01,0.15621582778767146,1
2025-08-19,Denmark,10Y,Denmark_10Y,-0.027588999999999864,2.193435,2.221024,-0.01610371612747,0.2036965362718611,15.57,8.03,0.15602327867317803,1
2025-08-20,Denmark,10Y,Denmark_10Y,-0.027873999999999732,2.16763,2.1955039999999997,-0.1273655475103195,0.2957245471468598,15.69,8.02,0.1560939060939061,1
2025-08-21,Denmark,10Y,Denmark_10Y,-0.02855799999999986,2.183627,2.212185,-0.1017156871412206,0.327256580690156,16.6,8.0,0.1554605518849592,1
2025-08-22,Denmark,10Y,Denmark_10Y,-0.04548299999999994,2.167125,2.212608,-0.0159076253549459,0.2732488898269946,14.22,8.05,0.15701051970482022,1
2025-08-25,Denmark,10Y,Denmark_10Y,-0.02052900000000024,2.2245749999999997,2.245104,-0.0546750739942182,0.2858543867200849,14.79,8.0,0.15565171372536812,1
2025-08-26,Denmark,10Y,Denmark_10Y,-0.03664500000000004,2.1602319999999997,2.1968769999999997,-0.037433441443507,0.2752847178092303,14.62,8.03,0.15595028304976374,1
2025-08-27,Denmark,10Y,Denmark_10Y,-0.032798000000000105,2.127624,2.160422,-0.1150499931041455,0.3039004986165595,14.85,8.03,0.1559016572346164,1
2025-08-28,Denmark,10Y,Denmark_10Y,-0.03361800000000015,2.1274509999999998,2.161069,-0.1303641241365299,0.3451010630006159,14.43,8.01,0.15650921839296333,1
2025-08-29,Denmark,10Y,Denmark_10Y,-0.022563000000000333,2.1498299999999997,2.172393,-0.177643943502101,0.2798448015002919,15.36,8.26,0.15655332206149414,1
2025-09-01,Denmark,10Y,Denmark_10Y,-0.02863799999999994,2.170565,2.199203,-0.0456547895665058,0.2315181420503649,16.12,8.26,0.15691443455883508,1
2025-09-02,Denmark,10Y,Denmark_10Y,-0.030594000000000232,2.2005999999999997,2.231194,-0.067060704135119,0.3328579356820575,17.17,8.5,0.1559673092519808,1
2025-09-03,Denmark,10Y,Denmark_10Y,-0.028029999999999777,2.168237,2.1962669999999997,-0.0723332743817919,0.3809220354644372,16.35,8.27,0.15621826816427914,1
2025-09-04,Denmark,10Y,Denmark_10Y,-0.02657799999999977,2.1473310000000003,2.173909,-0.2159985611365603,0.3680815596260709,15.3,8.27,0.15605736668799453,1
2025-09-05,Denmark,10Y,Denmark_10Y,-0.015568999999999722,2.061256,2.076825,-0.0696227810750068,0.2928360219822735,15.18,8.27,0.15696123057604772,1
2025-09-08,Denmark,10Y,Denmark_10Y,-0.027626999999999846,2.083762,2.111389,-0.0497377361903801,0.2952598502281796,15.11,7.76,0.1575299306868305,1
2025-09-09,Denmark,10Y,Denmark_10Y,-0.024651000000000423,2.0995489999999997,2.1242,0.0493037972760803,0.3233221456513762,15.04,7.5,0.1568356832546541,1
2025-09-10,Denmark,10Y,Denmark_10Y,-0.028802000000000216,2.10314,2.131942,-0.0350675281774087,0.2996724337611831,15.35,7.51,0.15665387326701655,1
2025-09-11,Denmark,10Y,Denmark_10Y,-0.03568199999999955,2.119924,2.1556059999999997,-0.2077355010000719,0.2970163434304385,14.71,7.26,0.15720798616569723,1
2025-09-12,Denmark,10Y,Denmark_10Y,-0.024626999999999732,2.1783650000000003,2.202992,-0.1554054685132872,0.2862517195087568,14.76,7.75,0.15719810104693935,1
2025-09-15,Denmark,10Y,Denmark_10Y,-0.02859400000000001,2.161351,2.189945,-0.2139473282526159,0.4260522974782076,15.69,7.26,0.15755226796489735,1
2025-09-16,Denmark,10Y,Denmark_10Y,-0.03561000000000014,2.153237,2.188847,0.0789340790264752,0.4172577976388641,16.36,7.51,0.15896734810669888,1
2025-09-17,Denmark,10Y,Denmark_10Y,-0.02380699999999969,2.1476300000000004,2.171437,0.008593964438151,0.300901472346085,15.72,7.5,0.15825038375718062,1
2025-09-18,Denmark,10Y,Denmark_10Y,-0.027553999999999856,2.187126,2.21468,-0.0199001386976172,0.3350992829839858,15.7,7.25,0.15793796196853876,1
2025-09-19,Denmark,10Y,Denmark_10Y,-0.030435999999999908,2.1945810000000003,2.2250170000000002,-0.1189582836979086,0.3305323515870592,15.45,7.26,0.15736384093662958,1
2025-09-22,Denmark,10Y,Denmark_10Y,-0.033483999999999625,2.187584,2.221068,-0.1303856298642591,0.2530886242776783,16.1,8.51,0.15814027041986242,1
2025-09-23,Denmark,10Y,Denmark_10Y,-0.02838699999999994,2.208567,2.236954,-0.1908965390118585,0.2939755264801186,16.64,7.64,0.15830549794994378,1
2025-09-24,Denmark,10Y,Denmark_10Y,-0.04089900000000046,2.2024169999999996,2.243316,-0.208069287869849,0.2612628625141499,16.18,8.75,0.1572623765490344,1
2025-09-25,Denmark,10Y,Denmark_10Y,-0.04053299999999993,2.2290010000000002,2.269534,-0.0971433297592664,0.356386310919758,16.74,8.75,0.15628662967883097,1
2025-09-26,Denmark,10Y,Denmark_10Y,-0.029586999999999808,2.205943,2.23553,-0.133627692137933,0.253052543615305,15.29,8.76,0.1567840456555141,1
2025-09-29,Denmark,10Y,Denmark_10Y,-0.037495999999999974,2.146347,2.183843,-0.1357071366994472,0.2744815441569087,16.12,8.52,0.1571017862473096,1
2025-09-30,Denmark,10Y,Denmark_10Y,-0.026506999999999614,2.1785560000000004,2.205063,-0.0339858883871507,0.3228405318930825,16.28,8.77,0.15718821717124085,1
2025-10-01,Denmark,10Y,Denmark_10Y,-0.01765600000000056,2.1582559999999997,2.1759120000000003,-0.2246210493738936,0.3386590961392332,16.29,8.77,0.15712647109658565,1
2025-10-02,Denmark,10Y,Denmark_10Y,-0.02942100000000014,2.180039,2.20946,-0.2048763914549534,0.3419412046008773,16.63,8.76,0.1569095102854184,1
2025-10-03,Denmark,10Y,Denmark_10Y,-0.02559900000000015,2.174918,2.200517,-0.204486624066758,0.3720415858868857,16.65,8.75,0.15726732299562796,1
2025-10-06,Denmark,10Y,Denmark_10Y,-0.028505999999999698,2.1904380000000003,2.218944,-0.0950462810038778,0.3358299085789198,16.37,9.01,0.15686520572871732,1
2025-10-07,Denmark,10Y,Denmark_10Y,-0.029479999999999507,2.1929670000000003,2.222447,-0.0311209054662523,0.262855869413921,17.24,8.77,0.15613046261456073,1
2025-10-08,Denmark,10Y,Denmark_10Y,-0.02172699999999983,2.168591,2.190318,-0.0591775422924574,0.3824468470746275,16.3,8.76,0.1557559615594287,1
2025-10-09,Denmark,10Y,Denmark_10Y,-0.03354899999999983,2.1871970000000003,2.220746,-0.0312997779730403,0.3024445658944308,16.43,8.76,0.15487068297971193,1
2025-10-10,Denmark,10Y,Denmark_10Y,-0.03249000000000013,2.1302339999999997,2.162724,-0.0891380401814289,0.2951450599272632,21.66,8.78,0.1556541365086777,1
2025-10-13,Denmark,10Y,Denmark_10Y,-0.034567000000000014,2.110594,2.145161,0.0659579661161551,0.3841939489727814,19.03,8.52,0.15493786991416442,1
2025-10-14,Denmark,10Y,Denmark_10Y,-0.01658700000000035,2.0736369999999997,2.090224,-0.1119346446226628,0.1679132550369994,20.81,8.52,0.15540498539193137,1
2025-10-15,Denmark,10Y,Denmark_10Y,-0.03184000000000031,2.060103,2.091943,0.0600747842250488,0.2904796146452406,20.64,8.26,0.15595514729963664,1
2025-10-16,Denmark,10Y,Denmark_10Y,-0.010510999999999715,2.0698090000000002,2.08032,0.0302133193344483,0.2977579639398887,25.31,8.28,0.15648227838197323,1
2025-10-17,Denmark,10Y,Denmark_10Y,-0.022548999999999708,2.080102,2.102651,-0.0898774272188005,0.340071504862738,20.78,8.0,0.1560378859987205,1
2025-10-20,Denmark,10Y,Denmark_10Y,-0.020467000000000013,2.089265,2.109732,-0.0122054414614752,0.2451287892667804,18.23,8.26,0.1558895055184885,1
2025-10-21,Denmark,10Y,Denmark_10Y,-0.018541999999999614,2.067695,2.0862369999999997,-0.0116888787795285,0.2336659081004165,17.87,8.76,0.15531326685925512,1
2025-10-22,Denmark,10Y,Denmark_10Y,-0.00881500000000024,2.083538,2.092353,-0.0858533988274503,0.3354918068063534,18.6,8.76,0.1554460524474981,1
2025-10-23,Denmark,10Y,Denmark_10Y,-0.024548000000000236,2.099423,2.123971,-0.2615596684931634,0.2657506460171906,17.3,8.5,0.15555002488800398,1
2025-10-24,Denmark,10Y,Denmark_10Y,-0.01269800000000032,2.147398,2.1600960000000002,-0.0776265014184041,0.2327489815604151,16.37,8.51,0.15567109810392601,1
2025-10-27,Denmark,10Y,Denmark_10Y,-0.04560100000000045,2.13474,2.1803410000000003,-0.0567482043349941,0.2431496675250675,15.79,8.76,0.1559089491736826,1
2025-10-28,Denmark,10Y,Denmark_10Y,-0.004626999999999715,2.1357220000000003,2.140349,-0.0331273883470014,0.3801573115445602,16.42,8.76,0.15600624024961,1
2025-10-29,Denmark,10Y,Denmark_10Y,-0.02979699999999985,2.136171,2.165968,0.0036471342229262,0.2854909762734947,16.92,8.49,0.15534945860713675,1
2025-10-30,Denmark,10Y,Denmark_10Y,-0.013507000000000602,2.1541059999999996,2.1676130000000002,-0.085017127634065,0.3875510213734708,16.91,8.76,0.15489227242452874,1
2025-10-31,Denmark,10Y,Denmark_10Y,-0.025432999999999595,2.122548,2.1479809999999997,-0.0265591732950656,0.2967607733463376,17.44,8.76,0.15449503298468956,1
2025-11-03,Denmark,10Y,Denmark_10Y,-0.013519000000000059,2.156094,2.169613,0.062846042449554,0.3694232500665587,17.17,8.76,0.15430669999691388,1
2025-11-04,Denmark,10Y,Denmark_10Y,-0.016612999999999545,2.153036,2.1696489999999997,0.0034552114403792,0.265061908699525,19.0,8.76,0.15381539076800024,1
2025-11-05,Denmark,10Y,Denmark_10Y,-0.017917000000000627,2.1678119999999996,2.1857290000000003,0.113735872499296,0.2941874317960091,18.01,8.75,0.15395036640187204,1
2025-11-06,Denmark,10Y,Denmark_10Y,-0.01760599999999979,2.1498660000000003,2.167472,0.0400453796446888,0.3051757351881799,19.5,8.78,0.1546335956950007,1
2025-11-07,Denmark,10Y,Denmark_10Y,-0.02264400000000011,2.149314,2.171958,-0.0662991751366544,0.3354209850054865,19.08,8.77,0.15487068297971193,1
2025-11-10,Denmark,10Y,Denmark_10Y,-0.04354900000000006,2.138324,2.181873,0.078237436112569,0.3121949853102392,17.6,8.76,0.15476761642393946,1
2025-11-11,Denmark,10Y,Denmark_10Y,-0.049580999999999875,2.140281,2.1898619999999998,-0.0148364589820179,0.3936579521348154,17.28,8.52,0.15511090429657204,1
2025-11-12,Denmark,10Y,Denmark_10Y,-0.0208699999999995,2.1395790000000003,2.160449,-0.0794249668698372,0.2941010326996411,17.51,8.52,0.15523611412959112,1
2025-11-17,Denmark,10Y,Denmark_10Y,-0.03252200000000016,2.1969279999999998,2.22945,-0.045200462759746,0.3173707801548929,22.38,8.51,0.15520961057908705,1
2025-11-18,Denmark,10Y,Denmark_10Y,-0.03152700000000008,2.178693,2.21022,0.0256653821830459,0.2806058767845827,24.69,8.52,0.15506280043417583,1
2025-11-19,Denmark,10Y,Denmark_10Y,-0.020946000000000353,2.185821,2.206767,-0.180956678022577,0.220426611389388,23.66,8.26,0.15448548608858198,1
2025-11-20,Denmark,10Y,Denmark_10Y,-0.050495999999999874,2.1739870000000003,2.224483,-0.0656813547523783,0.3505965180216535,26.42,8.02,0.15434957090819287,1
2025-11-21,Denmark,10Y,Denmark_10Y,-0.0066350000000001685,2.160209,2.166844,0.0051716344770971,0.3866008247589125,23.43,8.52,0.15416159218092404,1
2025-11-24,Denmark,10Y,Denmark_10Y,-0.004499000000000031,2.153432,2.157931,-0.0285596783358124,0.3519193704772733,20.52,8.26,0.15426147319706904,1
2025-11-25,Denmark,10Y,Denmark_10Y,-0.050642999999999994,2.139071,2.189714,-0.1104494166095379,0.342923857479758,18.56,8.27,0.15491146809598313,1
2025-11-26,Denmark,10Y,Denmark_10Y,-0.05882900000000024,2.145569,2.2043980000000003,-0.021113066665046,0.32756487197967,17.19,7.76,0.15525780558617586,1
2025-11-27,Denmark,10Y,Denmark_10Y,-0.054462999999999706,2.1461810000000003,2.200644,-0.0061097026035692,0.3099040999769971,17.21,8.26,0.15526262673311908,1
2025-11-28,Denmark,10Y,Denmark_10Y,-0.04456199999999999,2.1629769999999997,2.2075389999999997,0.0077303920932215,0.2577945617053344,16.35,8.0,0.1552819143154397,1
2025-12-01,Denmark,10Y,Denmark_10Y,-0.02059100000000047,2.2201139999999997,2.240705,-0.137337533581001,0.3497261531972208,17.24,8.5,0.1554460524474981,1
2025-12-02,Denmark,10Y,Denmark_10Y,-0.03249999999999975,2.181217,2.213717,-0.032317302716698,0.3933765521908948,16.59,8.26,0.1556250680859673,1
2025-12-03,Denmark,10Y,Denmark_10Y,-0.007940000000000502,2.2087719999999997,2.2167120000000002,-0.025830978339693,0.3430214640632871,16.08,7.76,0.15627197574658938,1
2025-12-04,Denmark,10Y,Denmark_10Y,-0.020643999999999885,2.2288490000000003,2.249493,0.0372071272877251,0.2306051274103395,15.78,8.0,0.15591137997162413,1
2025-12-05,Denmark,10Y,Denmark_10Y,-0.020678999999999892,2.252513,2.273192,-0.0190757922959054,0.31766262154573,15.41,7.75,0.1558895055184885,1
2025-12-08,Denmark,10Y,Denmark_10Y,-0.018599000000000032,2.3349279999999997,2.3535269999999997,0.0012634218441583,0.301183130439848,16.66,7.75,0.1558117793705204,1
2025-12-09,Denmark,10Y,Denmark_10Y,-0.031471999999999944,2.3189960000000003,2.3504680000000002,-0.0952197722332956,0.374847829049702,16.93,7.75,0.15567594495298587,1
2025-12-10,Denmark,10Y,Denmark_10Y,-0.01979299999999995,2.3351509999999998,2.3549439999999997,-0.0684205344153761,0.2673471955931403,15.77,7.26,0.15658519017271347,1
2025-12-11,Denmark,10Y,Denmark_10Y,-0.03171999999999997,2.317608,2.349328,-0.0597894137067834,0.3108643881467605,14.85,7.76,0.15714375510717205,1
2025-12-12,Denmark,10Y,Denmark_10Y,-0.001570999999999767,2.3252420000000003,2.326813,-0.0735592766658791,0.3310933107655862,15.74,7.76,0.15718821717124085,1
2025-12-15,Denmark,10Y,Denmark_10Y,-0.004548999999999914,2.341029,2.3455779999999997,-0.019269122115237,0.3535575810341928,16.5,7.76,0.1573440327275588,1
2025-12-16,Denmark,10Y,Denmark_10Y,-0.05869100000000005,2.336766,2.395457,0.0268182387363967,0.2603150595487983,16.48,7.76,0.15722281617508332,1
2025-12-17,Denmark,10Y,Denmark_10Y,0.0020259999999998612,2.3430549999999997,2.341029,-0.1385954833105529,0.2942632744068352,17.62,7.76,0.15714128572999986,1
2025-12-18,Denmark,10Y,Denmark_10Y,0.000412000000000301,2.333612,2.3331999999999997,0.0937996731936429,0.3465882009034357,16.87,7.77,0.15691443455883508,1
2025-12-19,Denmark,10Y,Denmark_10Y,0.006438999999999417,2.3795919999999997,2.3731530000000003,0.0355525423069144,0.3228363597999564,14.91,7.75,0.15673981191222572,1
2025-12-22,Denmark,10Y,Denmark_10Y,-0.057599999999999874,2.3495280000000003,2.407128,0.078782315664819,0.268448994431078,14.08,7.76,0.15747039556563366,1
2025-12-23,Denmark,10Y,Denmark_10Y,-0.008944000000000507,2.36107,2.3700140000000003,-0.0344015479819337,0.2613844270053719,14.0,7.76,0.15790304752881731,1
2025-12-24,Denmark,10Y,Denmark_10Y,-0.008944000000000507,2.36107,2.3700140000000003,-0.0991304941732475,0.3101775873080351,13.47,7.76,0.157693884631154,1
2025-12-25,Denmark,10Y,Denmark_10Y,-0.008945999999999898,2.355868,2.364814,0.1193845504562961,0.2168984656107382,13.47,7.76,0.1577162684330889,1
2025-12-26,Denmark,10Y,Denmark_10Y,-0.008945999999999898,2.355868,2.364814,-0.0241408629062877,0.3820435383174593,13.6,7.77,0.15759447788949477,1
2025-12-29,Denmark,10Y,Denmark_10Y,-0.04495199999999988,2.311217,2.356169,-0.1496672177056684,0.2857308154491278,14.2,7.51,0.1576342255430499,1
2025-12-30,Denmark,10Y,Denmark_10Y,-0.028643999999999892,2.347119,2.375763,-0.0632077456933432,0.3708336972638423,14.33,7.51,0.15731680458106534,1
2025-12-31,Denmark,10Y,Denmark_10Y,-0.028576000000000157,2.304524,2.3331,-0.1287263954310285,0.2038456650240608,14.95,7.51,0.1572524845892565,1
2026-01-01,Denmark,10Y,Denmark_10Y,-0.028576000000000157,2.304524,2.3331,0.0655019609004019,0.2533094108981336,14.95,7.51,0.15725743041358703,1
2026-01-02,Denmark,10Y,Denmark_10Y,-0.014628000000000085,2.363669,2.378297,0.100476744411165,0.581703111659382,14.51,7.51,0.156897200953935,1
2026-01-05,Denmark,10Y,Denmark_10Y,-0.02445900000000023,2.3509529999999996,2.375412,-0.1575633832216198,0.1942236802997859,14.9,7.26,0.156897200953935,1
2026-01-06,Denmark,10Y,Denmark_10Y,-0.005602999999999803,2.33964,2.345243,-0.1763556620230102,0.1948669904103926,14.75,7.26,0.15643576747387522,1
2026-01-07,Denmark,10Y,Denmark_10Y,-0.009007000000000431,2.3161129999999996,2.32512,-0.0848913305505894,0.2229436344058091,15.38,7.26,0.1562353529356623,1
2026-01-08,Denmark,10Y,Denmark_10Y,-0.012641999999999598,2.3402830000000003,2.352925,-0.1375237516346101,0.2498499425647088,15.45,7.25,0.1560403208188996,1
2026-01-09,Denmark,10Y,Denmark_10Y,-0.01345599999999969,2.3468210000000003,2.360277,-0.0919837998756962,0.3033511244147811,14.49,7.25,0.15571958018001184,1
2026-01-12,Denmark,10Y,Denmark_10Y,0.0014060000000002404,2.331868,2.330462,-0.0354544138435639,0.1873016821924907,15.12,7.26,0.15613046261456073,1
2026-01-13,Denmark,10Y,Denmark_10Y,-0.031568999999999736,2.337602,2.3691709999999997,-0.0480565164771749,0.1590927156076659,15.98,7.39,0.15580935167728768,1
2026-01-14,Denmark,10Y,Denmark_10Y,-0.042821999999999694,2.3248610000000003,2.367683,-0.0391813991666489,0.1774337942651613,16.75,7.26,0.15585063275356897,1
2026-01-15,Denmark,10Y,Denmark_10Y,-0.02675599999999978,2.318733,2.3454889999999997,-0.1487658213849951,0.2570217469826369,15.84,7.25,0.15537600994406464,1
2026-01-16,Denmark,10Y,Denmark_10Y,-0.014709999999999557,2.3510470000000003,2.365757,0.0050891203420646,0.264268901220698,15.86,7.0,0.1552457540286273,1
2026-01-19,Denmark,10Y,Denmark_10Y,-0.006647999999999765,2.340481,2.347129,-0.0402856131604245,0.2500421631166376,18.84,7.26,0.1558724962980282,1
2026-01-20,Denmark,10Y,Denmark_10Y,-0.028678999999999455,2.3652040000000003,2.3938829999999998,-0.1271100298899301,0.2482002271491498,20.09,7.26,0.15694152358831098,1
2026-01-21,Denmark,10Y,Denmark_10Y,-0.014895000000000103,2.386407,2.4013020000000003,-0.0883331686790787,0.2132593170727675,16.9,7.26,0.1564308731971342,1
2026-01-22,Denmark,10Y,Denmark_10Y,-0.01051700000000011,2.3824889999999996,2.3930059999999997,-0.0062034526556598,0.2549279672505552,15.64,7.01,0.15739603991563572,1
2026-01-23,Denmark,10Y,Denmark_10Y,-0.010527000000000175,2.396398,2.406925,-0.0995860241056224,0.1667305443190933,16.09,7.26,0.15841333206602667,1
2026-01-26,Denmark,10Y,Denmark_10Y,-0.01961299999999966,2.344907,2.3645199999999997,-0.0935242670393649,0.3215279157431887,16.15,7.27,0.15906596465554265,1
2026-01-27,Denmark,10Y,Denmark_10Y,-0.028522000000000602,2.3401699999999996,2.3686920000000002,0.0839565865152248,0.1085028119714503,16.35,7.01,0.16125651073162078,1
2026-01-28,Denmark,10Y,Denmark_10Y,-0.01191999999999993,2.315232,2.327152,-0.0564690474122678,0.2290207060609208,16.35,7.01,0.1600973391822228,1
2026-01-29,Denmark,10Y,Denmark_10Y,-0.02060200000000023,2.279801,2.300403,-0.0062764150850782,0.2879299787182446,16.88,7.27,0.1603155009057826,1
2026-01-30,Denmark,10Y,Denmark_10Y,-0.015570999999999557,2.2913930000000002,2.306964,-0.2067462850902867,0.3265225797441058,17.44,7.26,0.1586848202100987,1
2026-02-02,Denmark,10Y,Denmark_10Y,-0.024708000000000396,2.3153379999999997,2.340046,-0.1098570475001946,0.2389970392275917,16.34,7.25,0.15787811809283234,1
2026-02-03,Denmark,10Y,Denmark_10Y,-0.018455000000000332,2.334072,2.3525270000000003,-0.046814287294133,0.2856008198183135,18.0,7.01,0.15827292583330696,1
2026-02-04,Denmark,10Y,Denmark_10Y,-0.012970000000000148,2.31555,2.32852,-0.103037437135512,0.2354513773863013,18.64,7.01,0.1581252668363878,1
2026-02-05,Denmark,10Y,Denmark_10Y,-0.01662000000000008,2.284062,2.300682,-0.0190530721061996,0.3123093961555327,21.77,7.27,0.1577137810301864,1
2026-02-06,Denmark,10Y,Denmark_10Y,-0.01642700000000019,2.2871889999999997,2.303616,0.0455827419952048,0.237418281155509,17.76,7.25,0.1581727879535605,1
2026-02-09,Denmark,10Y,Denmark_10Y,-0.013592000000000048,2.277361,2.290953,-0.1160295434802974,0.3160274739522792,17.36,7.01,0.15947182930135392,1
2026-02-10,Denmark,10Y,Denmark_10Y,-0.0146029999999997,2.267128,2.2817309999999997,-0.1345590025346055,0.3776251707009837,17.79,7.02,0.15920524740495445,1
2026-02-11,Denmark,10Y,Denmark_10Y,-0.01100000000000012,2.267582,2.278582,-0.1221552984859002,0.3507029445953271,17.65,7.0,0.15889157239100038,1
2026-02-12,Denmark,10Y,Denmark_10Y,-0.028599000000000263,2.248021,2.2766200000000003,-0.1273393517334411,0.283030186112096,20.82,7.27,0.15891934843067143,1
2026-02-13,Denmark,10Y,Denmark_10Y,-0.020678999999999448,2.2240200000000003,2.2446989999999998,-0.1074905829882848,0.2847971021051096,20.6,7.27,0.15887895012789754,1
2026-02-16,Denmark,10Y,Denmark_10Y,-0.01947499999999991,2.2259070000000003,2.245382,-0.1432219226871096,0.3324988083841467,21.2,7.26,0.15864202427222973,1
2026-02-17,Denmark,10Y,Denmark_10Y,-0.023524999999999352,2.2178820000000004,2.2414069999999997,-0.049759335549743,0.2380743375530886,20.29,7.26,0.15867474850052363,1
2026-02-18,Denmark,10Y,Denmark_10Y,-0.005987000000000187,2.229621,2.235608,0.0439151472482526,0.2667524223691722,19.62,7.25,0.15770383220312253,1
2026-02-19,Denmark,10Y,Denmark_10Y,-0.008567999999999465,2.2327310000000002,2.2412989999999997,-0.1118636408578396,0.4575910140171523,20.23,7.26,0.1575820608581919,1
2026-02-20,Denmark,10Y,Denmark_10Y,-0.02461700000000011,2.237063,2.26168,-0.0566535271444249,0.2749809027724673,19.09,7.26,0.15771129370574227,1
2026-02-23,Denmark,10Y,Denmark_10Y,-0.018706999999999585,2.2073210000000003,2.226028,-0.0532555005249469,0.2159860301510774,21.01,7.27,0.15775607755288773,1
2026-02-24,Denmark,10Y,Denmark_10Y,-0.0004669999999999952,2.204746,2.205213,-0.1049586335059638,0.2003643293164747,19.55,7.25,0.1575621976775332,1
2026-02-25,Denmark,10Y,Denmark_10Y,-0.009880000000000333,2.2055309999999997,2.215411,-0.0497758965101985,0.3190874048500598,17.93,7.5,0.15808277213949223,1
2026-02-26,Denmark,10Y,Denmark_10Y,0.0015539999999996112,2.193211,2.191657,-0.0634530055233925,0.3347968874730976,18.63,7.51,0.15789556787140985,1
2026-02-27,Denmark,10Y,Denmark_10Y,-0.018510999999999722,2.157994,2.1765049999999997,-0.0028092102485217,0.2244227150871131,19.86,7.52,0.1581077662534784,1
2026-03-02,Denmark,10Y,Denmark_10Y,-0.011657000000000473,2.2248219999999996,2.236479,-0.2228942152841504,0.3326838757897707,21.44,7.99,0.15645534764378247,1
2026-03-03,Denmark,10Y,Denmark_10Y,-0.04256899999999986,2.277085,2.319654,-0.1735567475508937,0.2472080944552125,23.57,8.0,0.15542430836182777,1
2026-03-04,Denmark,10Y,Denmark_10Y,-0.01498699999999964,2.2628440000000003,2.277831,-0.0854379065974685,0.2721828363344949,21.15,7.75,0.15571958018001184,1
2026-03-05,Denmark,10Y,Denmark_10Y,-0.01462199999999969,2.355591,2.3702129999999997,-0.2309524617184937,0.2723637599321606,23.75,8.0,0.15537842415202224,1
2026-03-06,Denmark,10Y,Denmark_10Y,-0.022498999999999825,2.396089,2.4185879999999997,0.0085524694648516,0.2250558590756604,29.49,8.01,0.15550164831747218,1
2026-03-09,Denmark,10Y,Denmark_10Y,-0.014670999999999879,2.4110940000000003,2.425765,-0.0441648807842012,0.3134712609140201,25.5,8.5,0.15575353560525823,1
2026-03-10,Denmark,10Y,Denmark_10Y,0.0003959999999998409,2.375124,2.374728,-0.1583757558869412,0.273827613879466,24.93,7.5,0.155388081734131,1
2026-03-11,Denmark,10Y,Denmark_10Y,-0.0048159999999999314,2.4819880000000003,2.4868040000000002,-0.2226379514787752,0.2624938418251884,24.23,7.75,0.15481553728732217,1
2026-03-12,Denmark,10Y,Denmark_10Y,-0.005597999999999992,2.4975620000000003,2.5031600000000003,-0.1049419758321351,0.3054597893552493,27.29,7.99,0.1540570935588729,1
2026-03-13,Denmark,10Y,Denmark_10Y,-0.004559999999999675,2.509621,2.5141809999999998,-0.1214356234330749,0.3474831882532793,27.19,9.01,0.15278138511603745,1
2026-03-16,Denmark,10Y,Denmark_10Y,-0.005602999999999803,2.4671320000000003,2.472735,0.1177301068324667,0.2734791633006407,23.51,8.52,0.15396695869066498,1
2026-03-17,Denmark,10Y,Denmark_10Y,-0.009755999999999876,2.435722,2.445478,-0.1794675406334132,0.2484046843880533,22.37,8.01,0.154428229480349,1
2026-03-18,Denmark,10Y,Denmark_10Y,-0.006923999999999708,2.47095,2.477874,0.0577682573346925,0.3053948917526073,25.09,8.0,0.1532520076012996,1
2026-03-19,Denmark,10Y,Denmark_10Y,-0.006456000000000017,2.5199670000000003,2.5264230000000003,-0.0192916392254191,0.2528760868068203,24.06,8.99,0.15510368681463557,1
2026-03-20,Denmark,10Y,Denmark_10Y,-0.0024730000000001695,2.597112,2.5995850000000003,-0.112474206453681,0.3279177919882843,26.78,10.24,0.15485629335976214,1
2026-03-23,Denmark,10Y,Denmark_10Y,-0.009399000000000157,2.547586,2.556985,-0.0586519257859788,0.3084310505571568,26.15,10.02,0.15543397164884357,1
2026-03-24,Denmark,10Y,Denmark_10Y,-0.007523999999999642,2.5908420000000003,2.598366,-0.12976528223698,0.290227889285716,26.95,9.76,0.15534945860713675,1
2026-03-25,Denmark,10Y,Denmark_10Y,-0.010893000000000264,2.517378,2.528271,-0.0742005336034509,0.27821452932272,25.33,9.52,0.15468621900474888,1
2026-03-26,Denmark,10Y,Denmark_10Y,-0.010295000000000165,2.643237,2.6535320000000002,-0.1562256369975629,0.25386536283127,27.44,9.74,0.15427099242529427,1
2026-03-27,Denmark,10Y,Denmark_10Y,-0.010518999999999945,2.661258,2.671777,-0.1813708296003687,0.3482688895876544,31.05,10.02,0.15402150140159565,1
2026-03-30,Denmark,10Y,Denmark_10Y,-0.005133999999999972,2.592304,2.597438,-0.0156655257979248,0.5117509009965445,30.61,10.52,0.15339070145567774,1
2026-03-31,Denmark,10Y,Denmark_10Y,-0.008408999999999889,2.571202,2.579611,-0.0741677421985023,0.3421466506167506,25.25,10.52,0.154640769492469,1
2026-04-01,Denmark,10Y,Denmark_10Y,-0.011359999999999815,2.546316,2.557676,-0.049525260372598,0.3032513535592045,24.54,10.51,0.15509647000434268,1
2026-04-02,Denmark,10Y,Denmark_10Y,-0.02840800000000021,2.5231529999999998,2.551561,-0.0779241843770533,0.2811000135467716,23.87,9.77,0.15441153763009172,1
2026-04-03,Denmark,10Y,Denmark_10Y,-0.028423000000000087,2.530729,2.559152,-0.1642546726735076,0.2720220595890489,23.87,9.76,0.15413545423718364,1
2026-04-06,Denmark,10Y,Denmark_10Y,-0.028423000000000087,2.530729,2.559152,-0.0759793312521242,0.3178285831058547,24.17,9.76,0.15444731030009112,1
2026-04-07,Denmark,10Y,Denmark_10Y,-0.014431999999999778,2.656118,2.67055,-0.1041733241692772,0.2933279930939852,25.78,10.27,0.15516144548402613,1
2026-04-08,Denmark,10Y,Denmark_10Y,-0.007321000000000133,2.477081,2.484402,-0.1896423769051047,0.2173446433462178,21.04,9.27,0.15606710885680844,1
2026-04-09,Denmark,10Y,Denmark_10Y,-0.0044199999999996464,2.564064,2.5684839999999998,-0.1409245535995297,0.285652799120927,19.49,9.51,0.1565680288085173,1
2026-04-10,Denmark,10Y,Denmark_10Y,-0.01036199999999976,2.581848,2.5922099999999997,-0.1389335044651487,0.2437087925764134,19.23,9.51,0.15691443455883508,1
2026-04-13,Denmark,10Y,Denmark_10Y,-0.011252999999999957,2.627687,2.63894,-0.0039297342802318,0.4207238990801104,19.12,9.52,0.15736631731344225,1
2026-04-14,Denmark,10Y,Denmark_10Y,-0.010352000000000139,2.556045,2.5663970000000003,-0.1054219931569065,0.321158062890035,18.36,9.27,0.15784821315822703,1
2026-04-15,Denmark,10Y,Denmark_10Y,-0.011430000000000273,2.5721439999999998,2.583574,-0.0611840327931863,0.3942005099791174,18.17,9.26,0.15789058182679402,1
2026-04-16,Denmark,10Y,Denmark_10Y,-0.01142899999999969,2.55119,2.5626189999999998,-0.1301131580788768,0.3315089875327269,17.94,9.01,0.15765659241041163,1
2026-04-17,Denmark,10Y,Denmark_10Y,-0.010307000000000066,2.463057,2.473364,-0.1263994384392014,0.3150650072228836,17.94,8.71,0.15740099477428696,1
2026-04-20,Denmark,10Y,Denmark_10Y,-0.01246700000000045,2.5124389999999996,2.524906,-0.162018729408573,0.2365757144037342,17.94,8.76,0.15773617048125307,1
2026-04-21,Denmark,10Y,Denmark_10Y,-0.01036500000000018,2.52661,2.536975,0.0525182159107869,0.2981135843806861,17.94,8.69,0.15713387806411064,1
2026-04-22,Denmark,10Y,Denmark_10Y,-0.010383000000000031,2.542502,2.552885,-0.0249435687769796,0.3258603616236511,17.94,8.51,0.15663424337828738,1
2026-04-23,Denmark,10Y,Denmark_10Y,-0.010408999999999669,2.5569490000000004,2.567358,-0.0051038221201405,0.3712224115382576,17.94,8.38,0.156335495974361,1
2026-04-24,Denmark,10Y,Denmark_10Y,-0.010396000000000072,2.533367,2.543763,-0.097161143572226,0.3695131720902961,17.94,8.52,0.15686028454455617,1
2026-04-27,Denmark,10Y,Denmark_10Y,-0.011279999999999735,2.568667,2.5799469999999998,-0.0329438288181887,0.2838437730329924,17.94,8.5,0.1568578240682645,1
2026-04-28,Denmark,10Y,Denmark_10Y,-0.010257000000000183,2.6192409999999997,2.629498,-0.0386233115709753,0.3011392177829667,17.94,8.5,0.15673735521386814,1
2026-04-29,Denmark,10Y,Denmark_10Y,-0.011384999999999756,2.6839690000000003,2.695354,-0.012878909118364,0.3109222733968113,17.94,8.74,0.15624267612455667,1
2026-04-30,Denmark,10Y,Denmark_10Y,-0.01839299999999966,2.598409,2.616802,-0.0393552255170071,0.3471863901047095,17.94,8.52,0.15698587127158556,1
2026-05-01,Denmark,10Y,Denmark_10Y,-0.008333000000000368,2.586461,2.5947940000000003,-0.073601233562284,0.3384672746626449,17.94,8.26,0.15685290334724095,1
2020-09-03,Germany,10Y,Germany_10Y,-0.010751000000000066,-0.5151235000000001,-0.5043725,-0.1735596071293779,0.3753568816071355,33.6,11.84,1.1849,1
2020-09-04,Germany,10Y,Germany_10Y,-0.013589500000000032,-0.4954035,-0.48181399999999996,-0.2003280948953811,0.2814443901380324,30.75,11.83,1.1838,1
2020-09-07,Germany,10Y,Germany_10Y,-0.01348100000000002,-0.478794,-0.465313,-0.1602739292521924,0.3202586105052727,30.75,11.84,1.1817,1
2020-09-08,Germany,10Y,Germany_10Y,-0.014484000000000108,-0.5127900000000001,-0.49830599999999997,-0.1270739086201035,0.3350077417100685,31.46,11.84,1.1779,1
2020-09-09,Germany,10Y,Germany_10Y,-0.023426000000000002,-0.4888035,-0.4653775,-0.129247222007469,0.3259199061851484,28.81,11.84,1.1802,1
2020-09-10,Germany,10Y,Germany_10Y,-0.022381500000000054,-0.454257,-0.43187549999999997,-0.143704359386224,0.3251417620369208,29.71,10.59,1.1813,1
2020-09-11,Germany,10Y,Germany_10Y,-0.025511000000000006,-0.507011,-0.4815,-0.1296217226632837,0.2975215081769574,26.87,10.59,1.1845,1
2020-09-14,Germany,10Y,Germany_10Y,-0.023407500000000026,-0.5089635,-0.485556,-0.144457280798655,0.2552250145270556,25.85,10.59,1.1868,1
2020-09-15,Germany,10Y,Germany_10Y,-0.028478000000000003,-0.5120625,-0.4835845,-0.0939828485820158,0.3216028257168206,25.59,10.47,1.1845,1
2020-09-16,Germany,10Y,Germany_10Y,-0.02247050000000006,-0.50638,-0.4839095,-0.0273231200819827,0.2943242435474005,26.04,10.47,1.1814,1
2020-09-17,Germany,10Y,Germany_10Y,-0.02549099999999993,-0.529901,-0.50441,-0.170702546882321,0.363426373943955,26.46,10.47,1.1847,1
2020-09-18,Germany,10Y,Germany_10Y,-0.028505000000000003,-0.516973,-0.488468,-0.0561616494374155,0.2796831537412456,25.83,10.46,1.1837,1
2020-09-21,Germany,10Y,Germany_10Y,-0.025437000000000043,-0.554772,-0.529335,-0.1711011919144439,0.3364804221658726,27.78,10.6,1.1769,1
2020-09-22,Germany,10Y,Germany_10Y,-0.025495000000000045,-0.5365405000000001,-0.5110455,-0.1000355899874986,0.2666426261293118,26.86,11.1,1.1706,1
2020-09-23,Germany,10Y,Germany_10Y,-0.02849299999999999,-0.528482,-0.499989,-0.1172803960803369,0.2496206688933979,28.58,11.1,1.1659,1
2020-09-24,Germany,10Y,Germany_10Y,-0.029539500000000052,-0.5385655,-0.509026,-0.075994288039744,0.2182726837385765,28.51,11.1,1.1672,1
2020-09-25,Germany,10Y,Germany_10Y,-0.026421500000000098,-0.5599795000000001,-0.533558,-0.0647963965485273,0.2422876419441547,26.38,11.1,1.163,1
2020-09-28,Germany,10Y,Germany_10Y,-0.02749349999999995,-0.5560375,-0.528544,-0.0052266685444799,0.2701331365719642,26.19,11.1,1.1664,1
2020-09-29,Germany,10Y,Germany_10Y,-0.026487499999999997,-0.575716,-0.5492285,-0.068399399013494,0.3285434945045332,26.27,10.97,1.1742,1
2020-09-30,Germany,10Y,Germany_10Y,-0.028463000000000127,-0.556726,-0.5282629999999999,-0.0973678994291013,0.2498874797792937,26.37,10.97,1.1718,1
2020-10-01,Germany,10Y,Germany_10Y,-0.027409499999999976,-0.565203,-0.5377935,-0.0654679332255971,0.2980718984648728,26.7,10.97,1.1747,1
2020-10-02,Germany,10Y,Germany_10Y,-0.029429999999999956,-0.564406,-0.534976,-0.0895055234810522,0.2603107985404264,27.63,10.97,1.1713,1
2020-10-05,Germany,10Y,Germany_10Y,-0.03150900000000001,-0.5468915000000001,-0.5153825000000001,-0.0604009562556805,0.3167883471918547,27.96,10.97,1.1781,1
2020-10-06,Germany,10Y,Germany_10Y,-0.028475499999999987,-0.538049,-0.5095735,-0.0201518308132876,0.2894040732985624,29.48,10.98,1.1734,1
2020-10-07,Germany,10Y,Germany_10Y,-0.02745999999999993,-0.527372,-0.499912,0.0309795915934647,0.414975747513482,28.06,10.97,1.176,1
2020-10-08,Germany,10Y,Germany_10Y,-0.03344849999999999,-0.5547329999999999,-0.5212844999999999,-0.2328033398021524,0.270675252032583,26.36,10.98,1.1758,1
2020-10-09,Germany,10Y,Germany_10Y,-0.031491999999999964,-0.5680835,-0.5365915,0.0111393069800683,0.2479233781705638,25.0,10.6,1.1824,1
2020-10-12,Germany,10Y,Germany_10Y,-0.030523999999999996,-0.573401,-0.542877,-0.0458302596308018,0.3037510679686798,25.07,11.1,1.1813,1
2020-10-13,Germany,10Y,Germany_10Y,-0.029424499999999965,-0.590363,-0.5609385,-0.0685990998322718,0.3041796573978792,26.07,10.85,1.1744,1
2020-10-14,Germany,10Y,Germany_10Y,-0.029470999999999914,-0.608351,-0.5788800000000001,-0.0910339858825296,0.3450188190189949,26.4,10.85,1.1746,1
2020-10-15,Germany,10Y,Germany_10Y,-0.03051550000000003,-0.6469,-0.6163845,-0.0730530710128773,0.3092906288994044,26.97,11.1,1.1706,1
2020-10-16,Germany,10Y,Germany_10Y,-0.0304890000000001,-0.6578965,-0.6274074999999999,-0.1245213366882734,0.3138489132783769,27.41,11.1,1.1718,1
2020-10-19,Germany,10Y,Germany_10Y,-0.030492499999999922,-0.659407,-0.6289145,-0.115710990942777,0.3078917631949413,29.18,11.1,1.1766,1
2020-10-20,Germany,10Y,Germany_10Y,-0.030472500000000013,-0.639553,-0.6090805,-0.0883400556594073,0.2960205562088789,29.35,11.1,1.1821,1
2020-10-21,Germany,10Y,Germany_10Y,-0.040451500000000085,-0.629931,-0.5894794999999999,-0.0092803569233965,0.3281208353534469,28.65,11.16,1.1861,1
2020-10-22,Germany,10Y,Germany_10Y,-0.030451000000000006,-0.599058,-0.568607,-0.1229419545686565,0.286331744737074,28.11,11.16,1.1816,1
2020-10-23,Germany,10Y,Germany_10Y,-0.033413499999999985,-0.605057,-0.5716435,-0.1897065122605574,0.4127612533552186,27.55,11.16,1.1859,1
2020-10-26,Germany,10Y,Germany_10Y,-0.033513500000000085,-0.6066595,-0.5731459999999999,-0.0969499252391462,0.3338956437871984,32.46,11.16,1.1808,1
2020-10-27,Germany,10Y,Germany_10Y,-0.033459000000000017,-0.6506075,-0.6171485,-0.2427557346073372,0.3685178561284434,33.35,11.16,1.1795,1
2020-10-28,Germany,10Y,Germany_10Y,-0.03344550000000002,-0.656973,-0.6235275,-0.1711939098367574,0.3420553017841277,40.28,11.16,1.1744,1
2020-10-29,Germany,10Y,Germany_10Y,-0.035535000000000094,-0.6680835,-0.6325485,-0.1637143889738465,0.2841594031681711,37.59,11.09,1.1674,1
2020-10-30,Germany,10Y,Germany_10Y,-0.03442299999999998,-0.6618955,-0.6274725,-0.0970614379502686,0.3261995663100867,38.02,11.1,1.1647,1
2020-11-02,Germany,10Y,Germany_10Y,-0.03155299999999994,-0.665983,-0.63443,-0.126208315567496,0.345274049821849,37.13,11.1,1.164,1
2020-11-03,Germany,10Y,Germany_10Y,-0.03542249999999991,-0.655978,-0.6205555,-0.0797633287238721,0.3143063433688224,35.55,11.1,1.1711,1
2020-11-04,Germany,10Y,Germany_10Y,-0.036488999999999994,-0.6792005,-0.6427115,-0.1399302710305218,0.2691909318973063,29.57,11.1,1.1722,1
2020-11-05,Germany,10Y,Germany_10Y,-0.036447999999999925,-0.6736774999999999,-0.6372295,0.0065919146619368,0.2985866366462684,27.58,11.09,1.1821,1
2020-11-06,Germany,10Y,Germany_10Y,-0.023688000000000042,-0.6413275,-0.6176395,-0.0734476782451605,0.1733737047325996,24.86,10.97,1.1872,1
2020-11-09,Germany,10Y,Germany_10Y,-0.023797999999999986,-0.5261465000000001,-0.5023485000000001,-0.0149681643281389,0.1658474346545526,25.75,10.96,1.1813,1
2020-11-10,Germany,10Y,Germany_10Y,-0.022779000000000105,-0.5095255000000001,-0.48674649999999997,-0.0825943830119154,0.3642721517916857,24.8,10.96,1.1814,1
2020-11-11,Germany,10Y,Germany_10Y,-0.02177400000000007,-0.5259575000000001,-0.5041835,-0.1796493130700721,0.3037054960174626,23.45,10.1,1.1777,1
2020-11-12,Germany,10Y,Germany_10Y,-0.02084699999999995,-0.557761,-0.536914,-0.1022398582084588,0.2772133275267037,25.35,10.11,1.1804,1
2020-11-13,Germany,10Y,Germany_10Y,-0.02276250000000002,-0.5691225,-0.54636,-0.0413255711050177,0.4054948583868044,23.1,10.1,1.1832,1
2020-11-16,Germany,10Y,Germany_10Y,-0.02383449999999998,-0.569089,-0.5452545,0.0111228023087842,0.2012969423656474,22.45,10.1,1.1853,1
2020-11-17,Germany,10Y,Germany_10Y,-0.022737000000000118,-0.5850770000000001,-0.56234,-0.0627596430918604,0.2886069910742185,22.71,10.1,1.1861,1
2020-11-18,Germany,10Y,Germany_10Y,-0.020822000000000007,-0.5794515,-0.5586295,-0.0633588724302083,0.2692613775844383,23.84,10.1,1.1852,1
2020-11-19,Germany,10Y,Germany_10Y,-0.02380899999999997,-0.592779,-0.56897,-0.0711028291654529,0.2540658260848517,23.11,10.1,1.1873,1
2020-11-20,Germany,10Y,Germany_10Y,-0.02376900000000015,-0.6108750000000001,-0.5871059999999999,-0.0603233444253711,0.2378602581050099,23.7,10.22,1.1853,1
2020-11-23,Germany,10Y,Germany_10Y,-0.023697499999999927,-0.604012,-0.5803145000000001,-0.0870637755670651,0.2406389015955348,22.66,10.22,1.184,1
2020-11-24,Germany,10Y,Germany_10Y,-0.0227679999999999,-0.591637,-0.5688690000000001,-0.0177704524536279,0.2306432742699198,21.64,10.22,1.1888,1
2020-11-25,Germany,10Y,Germany_10Y,-0.02276250000000002,-0.5968249999999999,-0.5740624999999999,-0.1230517399166215,0.2741165699291333,21.25,10.22,1.1913,1
2020-11-26,Germany,10Y,Germany_10Y,-0.024773999999999963,-0.6130645,-0.5882905,-0.0346420404579454,0.2943880284354774,21.25,10.22,1.1913,1
2020-11-27,Germany,10Y,Germany_10Y,-0.02285450000000011,-0.6095695000000001,-0.586715,-0.0988393708392169,0.2561771231747398,20.84,10.22,1.1962,1
2020-11-30,Germany,10Y,Germany_10Y,-0.023766999999999983,-0.5964085,-0.5726415,-0.0801965132369031,0.2670453275761639,20.57,10.34,1.1928,1
2020-12-01,Germany,10Y,Germany_10Y,-0.020771499999999943,-0.5515924999999999,-0.530821,-0.1847724055201015,0.3094113736299089,20.77,10.33,1.207,1
2020-12-02,Germany,10Y,Germany_10Y,-0.023816500000000018,-0.544454,-0.5206375,-0.015162376102748,0.2355126303195209,21.17,10.33,1.2115,1
2020-12-03,Germany,10Y,Germany_10Y,-0.024831999999999965,-0.574371,-0.549539,-0.1342500851664343,0.2365233050235734,21.28,10.33,1.214,1
2020-12-04,Germany,10Y,Germany_10Y,-0.023784000000000027,-0.5684145,-0.5446305,-0.1067149720176142,0.2969793777661523,20.79,10.33,1.212,1
2020-12-07,Germany,10Y,Germany_10Y,-0.02475499999999997,-0.608623,-0.583868,-0.0695509654763856,0.2425486899375387,21.3,10.59,1.2108,1
2020-12-08,Germany,10Y,Germany_10Y,-0.023812500000000014,-0.6385585,-0.614746,-0.047910057995243,0.2847378602866413,20.68,10.83,1.2101,1
2020-12-09,Germany,10Y,Germany_10Y,-0.024806499999999954,-0.6314015,-0.606595,-0.0291784849486673,0.2776580742400221,22.27,10.58,1.2081,1
2020-12-10,Germany,10Y,Germany_10Y,-0.025721499999999953,-0.6241034999999999,-0.598382,-0.1420249554318162,0.2359617215742133,22.52,10.58,1.2136,1
2020-12-11,Germany,10Y,Germany_10Y,-0.03179249999999989,-0.66763,-0.6358375,-0.0048774916319471,0.3117540657005852,23.31,10.58,1.2111,1
2020-12-14,Germany,10Y,Germany_10Y,-0.02683100000000005,-0.6484315,-0.6216005,0.0621340323301725,0.3082734475991655,24.72,10.57,1.2143,1
2020-12-15,Germany,10Y,Germany_10Y,-0.024853000000000014,-0.630634,-0.605781,0.0005776003232235,0.2555479825154719,22.89,10.57,1.2151,1
2020-12-16,Germany,10Y,Germany_10Y,-0.019808499999999896,-0.5881259999999999,-0.5683175,-0.0750033657430664,0.2891952648291643,22.5,10.45,1.2197,1
2020-12-17,Germany,10Y,Germany_10Y,-0.03176200000000007,-0.608166,-0.5764039999999999,-0.069558284905453,0.2862757669731377,21.93,10.45,1.2266,1
2020-12-18,Germany,10Y,Germany_10Y,-0.03081249999999991,-0.6033824999999999,-0.57257,-0.0310865019739197,0.1598443921365286,21.57,10.45,1.2255,1
2020-12-21,Germany,10Y,Germany_10Y,-0.028832499999999928,-0.6158925,-0.58706,-0.0774430758770307,0.2595125444040783,25.16,10.58,1.2242,1
2020-12-22,Germany,10Y,Germany_10Y,-0.028744000000000103,-0.6157755,-0.5870314999999999,-0.0775150938615633,0.2518962822280573,24.23,10.58,1.2161,1
2020-12-23,Germany,10Y,Germany_10Y,-0.026765999999999956,-0.569392,-0.542626,-0.0695378651555964,0.3298528015671276,23.31,10.57,1.2185,1
2020-12-24,Germany,10Y,Germany_10Y,-0.026773500000000006,-0.5695535,-0.54278,-0.1471467369917627,0.2803446388785846,21.53,10.58,1.2186,1
2020-12-25,Germany,10Y,Germany_10Y,-0.02674450000000006,-0.5795185,-0.552774,-0.0261393759251189,0.3717692468925981,21.53,10.57,1.2204,1
2020-12-28,Germany,10Y,Germany_10Y,-0.030645000000000033,-0.5877870000000001,-0.557142,-0.118175075765319,0.2413581659550319,21.7,10.57,1.2214,1
2020-12-29,Germany,10Y,Germany_10Y,-0.03478300000000001,-0.610087,-0.575304,-0.1254323821291793,0.282447900622659,23.08,10.57,1.2247,1
2020-12-30,Germany,10Y,Germany_10Y,-0.027788499999999994,-0.607758,-0.5799695,-0.1061029383350116,0.2797789495550576,22.77,10.45,1.2295,1
2020-12-31,Germany,10Y,Germany_10Y,-0.027795999999999932,-0.6079304999999999,-0.5801345,-0.0179550309939987,0.2420707568034473,22.75,10.45,1.2213,1
2021-01-01,Germany,10Y,Germany_10Y,-0.027795999999999932,-0.6079304999999999,-0.5801345,-0.1467168531410659,0.1906803583242076,22.75,10.45,1.2212,1
2021-01-04,Germany,10Y,Germany_10Y,-0.04079100000000002,-0.6395705,-0.5987795,0.0156918689128617,0.2773944905037404,26.97,10.46,1.2248,1
2021-01-05,Germany,10Y,Germany_10Y,-0.031796500000000005,-0.617155,-0.5853585,-0.078348730586689,0.2420274080645442,25.34,10.45,1.2294,1
2021-01-06,Germany,10Y,Germany_10Y,-0.03387499999999999,-0.5863565,-0.5524815,0.0217753396755319,0.2937635475268852,25.07,10.45,1.2325,1
2021-01-07,Germany,10Y,Germany_10Y,-0.034806500000000073,-0.5821545,-0.547348,-0.091938860033157,0.2908461231155729,22.37,10.58,1.227,1
2021-01-08,Germany,10Y,Germany_10Y,-0.03480299999999992,-0.5860449999999999,-0.551242,-0.0617652964011089,0.2482912260506152,21.56,10.58,1.2218,1
2021-01-11,Germany,10Y,Germany_10Y,-0.033816999999999986,-0.5621659999999999,-0.528349,-0.0939878921835818,0.2641551348827796,24.08,10.58,1.2149,1
2021-01-12,Germany,10Y,Germany_10Y,-0.035812999999999984,-0.532987,-0.497174,-0.0447512773346813,0.2750140962610448,23.33,10.58,1.2207,1
2021-01-13,Germany,10Y,Germany_10Y,-0.03580250000000007,-0.590272,-0.5544695,-0.080627111716169,0.3433920515648969,22.21,10.58,1.2157,1
2021-01-14,Germany,10Y,Germany_10Y,-0.03474450000000018,-0.6187005000000001,-0.5839559999999999,-0.072750338971919,0.22937260345242,23.25,10.58,1.2156,1
2021-01-15,Germany,10Y,Germany_10Y,-0.03577449999999993,-0.6088899999999999,-0.5731155,-0.0950225580202624,0.296069280642553,24.34,10.71,1.2078,1
2021-01-18,Germany,10Y,Germany_10Y,-0.0357615,-0.589446,-0.5536845,-0.1931458270608543,0.2463945911244816,24.34,10.7,1.2076,1
2021-01-19,Germany,10Y,Germany_10Y,-0.03584950000000009,-0.5948180000000001,-0.5589685,-0.1417596913019726,0.3428990428253224,23.24,10.71,1.2128,1
2021-01-20,Germany,10Y,Germany_10Y,-0.038802,-0.5988175,-0.5600155,-0.0759152824947892,0.2868074819386894,21.58,10.7,1.2104,1
2021-01-21,Germany,10Y,Germany_10Y,-0.035732499999999945,-0.5592619999999999,-0.5235295,-0.1018229926069893,0.3381487491682934,21.32,10.58,1.2162,1
2021-01-22,Germany,10Y,Germany_10Y,-0.04087850000000004,-0.58603,-0.5451515,-0.1398824384772692,0.2714357617964794,21.91,10.58,1.2167,1
2021-01-25,Germany,10Y,Germany_10Y,-0.038775500000000074,-0.6195085,-0.5807329999999999,-0.1560260631592878,0.2057970423121683,23.19,10.58,1.2137,1
2021-01-26,Germany,10Y,Germany_10Y,-0.04083100000000006,-0.6026965,-0.5618654999999999,-0.0290860026331096,0.3099577962986918,23.02,10.83,1.216,1
2021-01-27,Germany,10Y,Germany_10Y,-0.036837999999999926,-0.6169184999999999,-0.5800805,-0.1068410598258415,0.3078277341725047,37.21,10.83,1.2108,1
2021-01-28,Germany,10Y,Germany_10Y,-0.03579500000000002,-0.6148935,-0.5790985,-0.120056656839273,0.2871196754669553,30.21,10.83,1.2121,1
2021-01-29,Germany,10Y,Germany_10Y,-0.03779449999999995,-0.586614,-0.5488195,-0.036973209130474,0.275208925911477,33.09,10.89,1.2136,1
2021-02-01,Germany,10Y,Germany_10Y,-0.03474949999999999,-0.5827365,-0.547987,-0.0926306017455763,0.3101196509565598,30.24,10.89,1.2059,1
2021-02-02,Germany,10Y,Germany_10Y,-0.039833499999999966,-0.554928,-0.5150945,-0.0028593583740884,0.3143456579589845,25.56,10.88,1.2042,1
2021-02-03,Germany,10Y,Germany_10Y,-0.03882950000000007,-0.536054,-0.49722449999999996,-0.05334741213731,0.3360583171425043,22.91,10.88,1.2034,1
2021-02-04,Germany,10Y,Germany_10Y,-0.038807000000000036,-0.525584,-0.486777,-0.0286096698506792,0.2984398466523118,21.77,10.89,1.1962,1
2021-02-05,Germany,10Y,Germany_10Y,-0.03984700000000002,-0.5187705,-0.4789235,-0.1147428105919145,0.2383433469270043,20.87,11.14,1.2042,1
2021-02-08,Germany,10Y,Germany_10Y,-0.038787499999999975,-0.511848,-0.4730605,-0.0336633858309703,0.252541590400219,21.24,11.07,1.2048,1
2021-02-09,Germany,10Y,Germany_10Y,-0.04185450000000002,-0.5225535,-0.480699,-0.107709510956349,0.3573335061583365,21.63,11.07,1.2117,1
2021-02-10,Germany,10Y,Germany_10Y,-0.04179449999999996,-0.5162285,-0.474434,-0.1015269917280779,0.2982033851373863,21.99,11.08,1.2116,1
2021-02-11,Germany,10Y,Germany_10Y,-0.04074750000000005,-0.5357050000000001,-0.49495750000000005,-0.0586362724608154,0.3550770893055051,21.25,10.57,1.2128,1
2021-02-12,Germany,10Y,Germany_10Y,-0.04280800000000001,-0.502946,-0.460138,-0.1147906537096182,0.2407109208934015,19.97,10.57,1.2118,1
2021-02-15,Germany,10Y,Germany_10Y,-0.04281750000000001,-0.4591155,-0.416298,-0.0740673027122971,0.2888915673761377,19.97,10.57,1.2127,1
2021-02-16,Germany,10Y,Germany_10Y,-0.041841499999999976,-0.43179,-0.38994850000000003,-0.1347965511994472,0.2358853776309986,21.46,10.07,1.2104,1
2021-02-17,Germany,10Y,Germany_10Y,-0.04179350000000004,-0.4455065,-0.403713,-0.0809058593877839,0.3418587754154727,21.5,10.08,1.2036,1
2021-02-18,Germany,10Y,Germany_10Y,-0.04185450000000002,-0.41725100000000004,-0.3753965,-0.1262782885494396,0.322703786342729,22.49,10.07,1.2088,1
2021-02-19,Germany,10Y,Germany_10Y,-0.0428075,-0.388839,-0.3460315,-0.0654058270606053,0.2516362003190582,22.05,10.06,1.2117,1
2021-02-22,Germany,10Y,Germany_10Y,-0.04176399999999997,-0.4205235,-0.3787595,-0.1302491623813627,0.3325465056825401,23.45,10.07,1.2154,1
2021-02-23,Germany,10Y,Germany_10Y,-0.04290499999999997,-0.39534749999999996,-0.3524425,-0.0749011998962104,0.2759763189198799,23.11,10.07,1.2149,1
2021-02-24,Germany,10Y,Germany_10Y,-0.04189200000000004,-0.3740525,-0.33216049999999997,-0.0990759502393614,0.2289833162700384,21.34,9.94,1.2164,1
2021-02-25,Germany,10Y,Germany_10Y,-0.041896000000000044,-0.31184900000000004,-0.269953,-0.02640680399464,0.2341900661433893,28.89,9.93,1.2176,1
2021-02-26,Germany,10Y,Germany_10Y,-0.04688599999999998,-0.34535499999999997,-0.298469,-0.0808138789310247,0.2762737231571519,27.95,10.09,1.2074,1
2021-03-01,Germany,10Y,Germany_10Y,-0.04282649999999999,-0.40749650000000004,-0.36467000000000005,-0.1288419747314394,0.2968476571904695,23.35,10.06,1.2047,1
2021-03-02,Germany,10Y,Germany_10Y,-0.04277800000000004,-0.421092,-0.378314,-0.0742934825245217,0.3285869774554457,24.1,10.07,1.2089,1
2021-03-03,Germany,10Y,Germany_10Y,-0.04290849999999996,-0.37236749999999996,-0.329459,-0.1336813342856636,0.3309185677500468,26.67,10.07,1.2062,1
2021-03-04,Germany,10Y,Germany_10Y,-0.04082599999999997,-0.3894895,-0.3486635,-0.1786185982919856,0.3094651909350199,28.57,10.07,1.1966,1
2021-03-05,Germany,10Y,Germany_10Y,-0.04690300000000003,-0.38268100000000005,-0.335778,-0.0672714112999301,0.2671885727225018,24.66,10.08,1.1917,1
2021-03-08,Germany,10Y,Germany_10Y,-0.04497100000000004,-0.36137850000000005,-0.3164075,0.0814646376123548,0.2979221975123285,25.47,9.94,1.1843,1
2021-03-09,Germany,10Y,Germany_10Y,-0.04488500000000001,-0.3823935,-0.3375085,-0.0201142714438817,0.274458147812176,24.03,9.96,1.1898,1
2021-03-10,Germany,10Y,Germany_10Y,-0.046897999999999995,-0.39218149999999996,-0.34528349999999997,-0.0297790273808376,0.2819504006407318,22.56,9.96,1.1925,1
2021-03-11,Germany,10Y,Germany_10Y,-0.042872999999999994,-0.408712,-0.365839,-0.0939865457726664,0.2578447903581959,21.91,9.95,1.1984,1
2021-03-12,Germany,10Y,Germany_10Y,-0.04488550000000002,-0.3748845,-0.329999,-0.0665046764859809,0.2758550768283987,20.69,9.45,1.1952,1
2021-03-15,Germany,10Y,Germany_10Y,-0.04589700000000008,-0.42329150000000004,-0.37739449999999997,-0.0079999657966786,0.3406664185212189,20.03,9.45,1.1928,1
2021-03-16,Germany,10Y,Germany_10Y,-0.049892500000000006,-0.4240245,-0.374132,-0.0731321612452794,0.241421457409869,19.79,9.33,1.19,1
2021-03-17,Germany,10Y,Germany_10Y,-0.04986200000000002,-0.3738825,-0.3240205,-0.0474127612658026,0.2557009446234081,19.23,9.34,1.1978,1
2021-03-18,Germany,10Y,Germany_10Y,-0.049919500000000006,-0.3518785,-0.301959,-0.0227325181522047,0.2854775170936509,21.58,9.32,1.1915,1
2021-03-19,Germany,10Y,Germany_10Y,-0.05088999999999999,-0.385262,-0.334372,-0.0907323677648516,0.3020018771392493,20.95,9.33,1.1903,1
2021-03-22,Germany,10Y,Germany_10Y,-0.044897000000000076,-0.3954925,-0.35059549999999995,-0.1064725256258729,0.3083922990564359,18.88,10.04,1.1931,1
2021-03-23,Germany,10Y,Germany_10Y,-0.042845500000000036,-0.4211185,-0.37827299999999997,-0.102594268740134,0.2592083143012876,20.3,10.09,1.1849,1
2021-03-24,Germany,10Y,Germany_10Y,-0.046877999999999975,-0.43692699999999995,-0.390049,-0.1257346784880093,0.3798609045398965,21.2,10.09,1.1812,1
2021-03-25,Germany,10Y,Germany_10Y,-0.04493400000000003,-0.467615,-0.422681,-0.2128974785660876,0.2792820499933601,19.81,10.09,1.1764,1
2021-03-26,Germany,10Y,Germany_10Y,-0.044896999999999965,-0.43478649999999996,-0.3898895,-0.0629062166910982,0.2422470224221682,18.86,10.09,1.1796,1
2021-03-29,Germany,10Y,Germany_10Y,-0.051833999999999936,-0.4049965,-0.35316250000000005,-0.0374617894050028,0.260997246761988,20.74,10.09,1.1762,1
2021-03-30,Germany,10Y,Germany_10Y,-0.04484699999999997,-0.36349299999999996,-0.318646,0.0306747460525059,0.3288017581688039,19.61,10.22,1.1714,1
2021-03-31,Germany,10Y,Germany_10Y,-0.051914000000000016,-0.3886855,-0.3367715,0.0021416734200831,0.2350784872002646,19.4,10.21,1.1728,1
2021-04-01,Germany,10Y,Germany_10Y,-0.05190199999999995,-0.41289299999999995,-0.360991,-0.0587942398805988,0.2549742528862277,17.33,10.22,1.1775,1
2021-04-02,Germany,10Y,Germany_10Y,-0.05190199999999995,-0.41289299999999995,-0.360991,-0.1437412020430634,0.2959651723488689,17.33,10.21,1.1762,1
2021-04-05,Germany,10Y,Germany_10Y,-0.05190199999999995,-0.41289299999999995,-0.360991,-0.1174421014593529,0.2485915717407479,17.91,10.24,1.1811,1
2021-04-06,Germany,10Y,Germany_10Y,-0.048958,-0.4077885,-0.3588305,0.0166213493866256,0.2487119090293096,18.12,10.23,1.1875,1
2021-04-07,Germany,10Y,Germany_10Y,-0.047941500000000026,-0.4080105,-0.360069,-0.1148713905368514,0.2855748113099497,17.16,10.22,1.187,1
2021-04-08,Germany,10Y,Germany_10Y,-0.04985549999999994,-0.42497549999999995,-0.37512,-0.124439606052504,0.2907413160373638,16.95,10.1,1.1912,1
2021-04-09,Germany,10Y,Germany_10Y,-0.04892349999999995,-0.38855649999999997,-0.339633,-0.0591493002770336,0.2750806945273253,16.69,10.22,1.1896,1
2021-04-12,Germany,10Y,Germany_10Y,-0.04896250000000002,-0.383834,-0.3348715,-0.0814926322169605,0.2626805861848734,16.91,10.21,1.1909,1
2021-04-13,Germany,10Y,Germany_10Y,-0.048901999999999946,-0.3783855,-0.32948350000000004,-0.0450253604880815,0.3899873763292961,16.65,10.23,1.1946,1
2021-04-14,Germany,10Y,Germany_10Y,-0.05297250000000003,-0.3566255,-0.30365299999999995,-0.1480784135641956,0.3053544492990557,16.99,10.21,1.1978,1
2021-04-15,Germany,10Y,Germany_10Y,-0.04883599999999999,-0.382541,-0.33370500000000003,-0.0816985176897147,0.2490379812798877,16.57,10.22,1.1965,1
2021-04-16,Germany,10Y,Germany_10Y,-0.05189399999999994,-0.356527,-0.30463300000000004,-0.1476407330956415,0.3085503953884931,16.25,10.21,1.1983,1
2021-04-19,Germany,10Y,Germany_10Y,-0.04989049999999995,-0.32472049999999997,-0.27483,0.0088646905029984,0.3213034177159343,17.29,10.22,1.2033,1
2021-04-20,Germany,10Y,Germany_10Y,-0.04989950000000004,-0.34596950000000004,-0.29607,0.024905021526044,0.3239711106420645,18.68,10.34,1.2033,1
2021-04-21,Germany,10Y,Germany_10Y,-0.05090249999999996,-0.35622,-0.3053175,-0.1052372090519867,0.2526632086362551,17.5,10.33,1.2033,1
2021-04-22,Germany,10Y,Germany_10Y,-0.04989699999999997,-0.3582955,-0.3083985,-0.0407000532272349,0.2475027231412218,18.71,10.33,1.2015,1
2021-04-23,Germany,10Y,Germany_10Y,-0.049953499999999984,-0.35021199999999997,-0.3002585,-0.0443344881190589,0.2430703708463296,17.33,10.33,1.2099,1
2021-04-26,Germany,10Y,Germany_10Y,-0.049863999999999964,-0.350419,-0.300555,-0.0811665161955078,0.2772065817500928,17.64,10.33,1.2083,1
2021-04-27,Germany,10Y,Germany_10Y,-0.049907499999999994,-0.3449175,-0.29501,0.0360831744977847,0.2973905450252963,17.56,10.33,1.209,1
2021-04-28,Germany,10Y,Germany_10Y,-0.049910500000000024,-0.32693300000000003,-0.2770225,-0.0624732202492289,0.2788493065044026,17.28,10.34,1.2123,1
2021-04-29,Germany,10Y,Germany_10Y,-0.04890050000000001,-0.287362,-0.2384615,-0.0358563768045477,0.2955401190427095,17.61,10.33,1.2118,1
2021-04-30,Germany,10Y,Germany_10Y,-0.051921999999999996,-0.2951835,-0.2432615,-0.1189102470215295,0.2704672340116654,18.61,10.33,1.2018,1
2021-05-03,Germany,10Y,Germany_10Y,-0.0519925,-0.30457,-0.2525775,-0.1117825050512822,0.2007568174607971,18.31,10.34,1.2061,1
2021-05-04,Germany,10Y,Germany_10Y,-0.05192550000000001,-0.33949,-0.2875645,-0.0531680173753413,0.2759682484460315,19.48,10.33,1.2013,1
2021-05-05,Germany,10Y,Germany_10Y,-0.054940000000000044,-0.3277125,-0.2727725,-0.1594857008103695,0.2649052661031021,19.15,10.47,1.2005,1
2021-05-06,Germany,10Y,Germany_10Y,-0.05391000000000001,-0.3332185,-0.27930849999999996,-0.0384901554553047,0.2796931335448974,18.39,10.33,1.2064,1
2021-05-07,Germany,10Y,Germany_10Y,-0.05187850000000005,-0.32392350000000003,-0.272045,-0.0017618105366356,0.3008225522708259,16.69,10.34,1.2163,1
2021-05-10,Germany,10Y,Germany_10Y,-0.04892949999999996,-0.308025,-0.25909550000000003,-0.0277949490775765,0.327804671417717,19.66,10.34,1.2129,1
2021-05-11,Germany,10Y,Germany_10Y,-0.054897500000000043,-0.25996050000000004,-0.205063,-0.1842062038875579,0.3167764702741003,21.84,10.34,1.2146,1
2021-05-12,Germany,10Y,Germany_10Y,-0.05003349999999998,-0.22177249999999998,-0.171739,-0.031724331628687,0.2130477103858958,27.59,10.33,1.2069,1
2021-05-13,Germany,10Y,Germany_10Y,-0.0499155,-0.2122395,-0.162324,0.0491317784421834,0.2061929179902744,23.13,10.34,1.2078,1
2021-05-14,Germany,10Y,Germany_10Y,-0.0520205,-0.2192855,-0.167265,-0.1077561316781931,0.2609920656057711,18.81,10.33,1.214,1
2021-05-17,Germany,10Y,Germany_10Y,-0.0519645,-0.2127885,-0.160824,-0.1192162180657473,0.3738583462042922,19.72,10.33,1.2151,1
2021-05-18,Germany,10Y,Germany_10Y,-0.04997800000000002,-0.208826,-0.158848,-0.1198132944218539,0.2253050199139896,21.34,10.33,1.222,1
2021-05-19,Germany,10Y,Germany_10Y,-0.04902850000000003,-0.21005400000000002,-0.1610255,-0.0455185712183347,0.2935441544868553,22.18,10.33,1.2172,1
2021-05-20,Germany,10Y,Germany_10Y,-0.048989000000000005,-0.2055725,-0.1565835,-0.0673064288619571,0.2906620963125326,20.67,10.34,1.2226,1
2021-05-21,Germany,10Y,Germany_10Y,-0.04795300000000002,-0.2238735,-0.17592049999999998,-0.1035667624442644,0.2628354522111609,20.15,10.33,1.2179,1
2021-05-24,Germany,10Y,Germany_10Y,-0.0498035,-0.2398245,-0.190021,-0.0777228032694757,0.2939739278662182,18.4,10.33,1.2215,1
2021-05-25,Germany,10Y,Germany_10Y,-0.046959,-0.259351,-0.212392,-0.0666905381449684,0.3065167023340176,18.84,10.33,1.225,1
2021-05-26,Germany,10Y,Germany_10Y,-0.04590700000000003,-0.30517700000000003,-0.25927,-0.0781561876524321,0.2995188846361242,17.36,10.2,1.219,1
2021-05-27,Germany,10Y,Germany_10Y,-0.04898849999999999,-0.268644,-0.2196555,-0.0816548994931209,0.2827187827076092,16.74,10.2,1.2192,1
2021-05-28,Germany,10Y,Germany_10Y,-0.04999400000000001,-0.282665,-0.232671,-0.1418543968427383,0.2514345291614974,16.76,10.2,1.2189,1
2021-05-31,Germany,10Y,Germany_10Y,-0.04695849999999996,-0.27715199999999995,-0.2301935,-0.1452451250971645,0.2665414252518911,16.76,10.2,1.2225,1
2021-06-01,Germany,10Y,Germany_10Y,-0.049011499999999986,-0.273007,-0.22399550000000001,-0.115708073071926,0.2260806249125001,17.9,10.2,1.2211,1
2021-06-02,Germany,10Y,Germany_10Y,-0.04998649999999999,-0.2930525,-0.243066,-0.0576324787008976,0.2556283004692704,17.48,10.2,1.2209,1
2021-06-03,Germany,10Y,Germany_10Y,-0.049976999999999994,-0.283064,-0.233087,-0.0714825572584894,0.2947326936186025,18.04,10.32,1.2124,1
2021-06-04,Germany,10Y,Germany_10Y,-0.05090699999999998,-0.311556,-0.260649,-0.0794906474619522,0.2358660324153864,16.42,10.33,1.2165,1
2021-06-07,Germany,10Y,Germany_10Y,-0.051026000000000016,-0.291798,-0.24077199999999999,-0.1263790691046473,0.2562001029425305,16.42,10.32,1.2189,1
2021-06-08,Germany,10Y,Germany_10Y,-0.05196050000000002,-0.3188085,-0.266848,-0.1484759846401401,0.2743240258197448,17.07,10.33,1.2171,1
2021-06-09,Germany,10Y,Germany_10Y,-0.051927500000000015,-0.347865,-0.29593749999999996,-0.0570508391434279,0.2001262663287714,17.89,10.33,1.2178,1
2021-06-10,Germany,10Y,Germany_10Y,-0.0478575,-0.346176,-0.2983185,-0.0802930721983031,0.2940369609658738,16.1,10.32,1.2169,1
2021-06-11,Germany,10Y,Germany_10Y,-0.05198200000000003,-0.3696295,-0.31764749999999997,-0.0578445437411715,0.2232056575151399,15.65,10.38,1.2106,1
2021-06-14,Germany,10Y,Germany_10Y,-0.050939999999999985,-0.34964799999999996,-0.298708,0.0020459301036988,0.299328734167829,16.39,10.39,1.2118,1
2021-06-15,Germany,10Y,Germany_10Y,-0.050953000000000026,-0.329824,-0.278871,-0.1508055072153641,0.2254637010200631,17.02,10.39,1.2124,1
2021-06-16,Germany,10Y,Germany_10Y,-0.051974500000000035,-0.340264,-0.2882895,-0.1673476675346136,0.2499786254466901,18.15,10.38,1.1994,1
2021-06-17,Germany,10Y,Germany_10Y,-0.054032000000000024,-0.3415185,-0.2874865,-0.1274326167958522,0.3239996814660488,17.75,10.42,1.1906,1
2021-06-18,Germany,10Y,Germany_10Y,-0.046926999999999996,-0.343838,-0.296911,-0.0175535351305082,0.258127228289391,20.7,10.4,1.186,1
2021-06-21,Germany,10Y,Germany_10Y,-0.05088300000000001,-0.3203655,-0.2694825,-0.1173099869038462,0.3534225489485002,17.89,10.34,1.1915,1
2021-06-22,Germany,10Y,Germany_10Y,-0.05193949999999997,-0.3047795,-0.25284,-0.0829909474907797,0.3369688419118101,16.66,10.34,1.1938,1
2021-06-23,Germany,10Y,Germany_10Y,-0.05089550000000004,-0.324158,-0.27326249999999996,-0.0624293743700132,0.2354814684337361,16.32,10.33,1.1925,1
2021-06-24,Germany,10Y,Germany_10Y,-0.044977500000000004,-0.32455500000000004,-0.27957750000000003,-0.085561694407763,0.215286750719615,15.97,10.34,1.193,1
2021-06-25,Germany,10Y,Germany_10Y,-0.053887500000000005,-0.295248,-0.2413605,-0.0820221285442294,0.2994227267665483,15.62,10.34,1.1933,1
2021-06-28,Germany,10Y,Germany_10Y,-0.05193500000000001,-0.323795,-0.27186,-0.0478739436603952,0.2617216791019759,15.76,10.35,1.1924,1
2021-06-29,Germany,10Y,Germany_10Y,-0.05095550000000004,-0.3100935,-0.259138,-0.0727868173807832,0.3085011019229629,16.02,10.34,1.1895,1
2021-06-30,Germany,10Y,Germany_10Y,-0.04993650000000005,-0.34550400000000003,-0.2955675,-0.0353435693229399,0.2929685759344346,15.83,10.34,1.1855,1
2021-07-01,Germany,10Y,Germany_10Y,-0.056894,-0.3480405,-0.2911465,-0.1058596223637836,0.3443662153689623,15.48,10.34,1.1848,1
2021-07-02,Germany,10Y,Germany_10Y,-0.056914500000000035,-0.3843205,-0.327406,-0.0297874260878368,0.2638722690042134,15.07,10.35,1.1864,1
2021-07-05,Germany,10Y,Germany_10Y,-0.055910499999999974,-0.35852649999999997,-0.302616,-0.0859116904732447,0.2266405087026351,15.07,10.34,1.1861,1
2021-07-06,Germany,10Y,Germany_10Y,-0.05699599999999999,-0.413035,-0.356039,0.0015160273989219,0.3054603200836712,16.44,10.35,1.1822,1
2021-07-07,Germany,10Y,Germany_10Y,-0.05989650000000002,-0.44430000000000003,-0.3844035,-0.0854504994434171,0.2836573459761666,16.2,10.34,1.1789,1
2021-07-08,Germany,10Y,Germany_10Y,-0.0549945,-0.4610885,-0.406094,-0.0883055744479289,0.2880039191686194,19.0,10.35,1.1842,1
2021-07-09,Germany,10Y,Germany_10Y,-0.060950000000000004,-0.4402065,-0.3792565,-0.038508360159647,0.213139750961239,16.18,10.33,1.1873,1
2021-07-12,Germany,10Y,Germany_10Y,-0.06093650000000006,-0.44538900000000003,-0.3844525,-0.1128589647837059,0.3023906304578792,16.17,10.34,1.1859,1
2021-07-13,Germany,10Y,Germany_10Y,-0.0618765,-0.450573,-0.3886965,0.0109426196921026,0.1981523796078285,17.12,10.34,1.1774,1
2021-07-14,Germany,10Y,Germany_10Y,-0.06190549999999995,-0.465846,-0.40394050000000004,-0.0004581882716197,0.2619688298852806,16.33,10.35,1.1835,1
2021-07-15,Germany,10Y,Germany_10Y,-0.0609325,-0.4786655,-0.417733,-0.2132775776086198,0.3874841378080276,17.01,10.34,1.1812,1
2021-07-16,Germany,10Y,Germany_10Y,-0.059989000000000015,-0.497908,-0.437919,-0.2832746563676763,0.3403625969272196,18.45,10.33,1.1805,1
2021-07-19,Germany,10Y,Germany_10Y,-0.058945499999999984,-0.5342745,-0.475329,-0.0640712913216318,0.4118581234291159,22.5,10.35,1.1798,1
2021-07-20,Germany,10Y,Germany_10Y,-0.06300249999999996,-0.560634,-0.4976315,-0.3047116480821686,0.2665157759737759,19.73,10.34,1.1779,1
2021-07-21,Germany,10Y,Germany_10Y,-0.05995349999999999,-0.5303095,-0.470356,-0.1488960396667001,0.352471623029682,17.91,10.33,1.1792,1
2021-07-22,Germany,10Y,Germany_10Y,-0.06190250000000008,-0.5645450000000001,-0.5026425,-0.0517424203787005,0.3003476756061995,17.69,10.09,1.177,1
2021-07-23,Germany,10Y,Germany_10Y,-0.0649075,-0.5578255,-0.49291799999999997,-0.1600410752420695,0.2961952067918811,17.2,10.08,1.1771,1
2021-07-26,Germany,10Y,Germany_10Y,-0.06095049999999996,-0.5550685,-0.494118,-0.2180545831918441,0.2458683872982078,17.58,10.09,1.1799,1
2021-07-27,Germany,10Y,Germany_10Y,-0.060900500000000024,-0.5832094999999999,-0.5223089999999999,-0.0838242924659864,0.2763839430208131,19.36,10.09,1.1814,1
2021-07-28,Germany,10Y,Germany_10Y,-0.06594549999999999,-0.6005735,-0.534628,-0.0921174405274215,0.3909738932231892,18.31,10.08,1.1842,1
2021-07-29,Germany,10Y,Germany_10Y,-0.06591999999999998,-0.598201,-0.532281,0.0104536293433095,0.269054039280551,17.7,10.08,1.1886,1
2021-07-30,Germany,10Y,Germany_10Y,-0.06389499999999992,-0.6064054999999999,-0.5425105,-0.081221953965309,0.2924551743713927,18.24,10.09,1.187,1
2021-08-02,Germany,10Y,Germany_10Y,-0.06691749999999996,-0.6276115,-0.560694,-0.0508877619198808,0.2440963935094657,19.46,10.09,1.1867,1
2021-08-03,Germany,10Y,Germany_10Y,-0.06492200000000004,-0.6318565,-0.5669345,-0.0650135355676875,0.300680650903549,18.04,10.09,1.186,1
2021-08-04,Germany,10Y,Germany_10Y,-0.03786400000000001,-0.6061215,-0.5682575,-0.1281074848752811,0.311919136591912,17.97,10.33,1.1835,1
2021-08-05,Germany,10Y,Germany_10Y,-0.06188099999999985,-0.6457269999999999,-0.5838460000000001,-0.0323718609558889,0.3557824225319611,17.28,10.33,1.1832,1
2021-08-06,Germany,10Y,Germany_10Y,-0.05791450000000009,-0.5940095000000001,-0.536095,-0.1927356946490462,0.3273970059974029,16.15,10.33,1.176,1
2021-08-09,Germany,10Y,Germany_10Y,-0.06595200000000012,-0.6062050000000001,-0.540253,-0.1423106979217028,0.2683166412374009,16.72,10.33,1.1737,1
2021-08-10,Germany,10Y,Germany_10Y,-0.06491950000000002,-0.6064935,-0.541574,-0.2334353859127453,0.2902151946470024,16.79,10.34,1.1718,1
2021-08-11,Germany,10Y,Germany_10Y,-0.06399949999999999,-0.605737,-0.5417375,-0.3358727710132866,0.2972875200138773,16.06,10.34,1.1737,1
2021-08-12,Germany,10Y,Germany_10Y,-0.06502350000000012,-0.6033595,-0.5383359999999999,-0.1637476303148295,0.2748795030990942,15.59,10.33,1.1727,1
2021-08-13,Germany,10Y,Germany_10Y,-0.06394600000000006,-0.6104475,-0.5465015,-0.1440440490174294,0.2665488784378015,15.45,10.34,1.1791,1
2021-08-16,Germany,10Y,Germany_10Y,-0.04790300000000003,-0.6036215,-0.5557185,-0.1298538845948117,0.245584944984688,16.12,10.34,1.1777,1
2021-08-17,Germany,10Y,Germany_10Y,-0.061939999999999884,-0.6178269999999999,-0.555887,-0.1289090406064339,0.3381157274059911,17.91,10.34,1.1708,1
2021-08-18,Germany,10Y,Germany_10Y,-0.06800300000000004,-0.627006,-0.5590029999999999,-0.1972601795035213,0.2755957327205238,21.57,10.34,1.171,1
2021-08-19,Germany,10Y,Germany_10Y,-0.06192200000000003,-0.6334345,-0.5715125,-0.0634796779514272,0.2932040523219619,21.67,10.34,1.1674,1
2021-08-20,Germany,10Y,Germany_10Y,-0.06390249999999997,-0.639586,-0.5756835,-0.1700719197230658,0.3036910827576699,18.56,10.34,1.1696,1
2021-08-23,Germany,10Y,Germany_10Y,-0.06494650000000002,-0.627856,-0.5629095,-0.0713469286924369,0.2449838009626885,17.15,10.34,1.1743,1
2021-08-24,Germany,10Y,Germany_10Y,-0.06594900000000004,-0.6228104999999999,-0.5568614999999999,-0.1057943040842743,0.3338892449811771,17.22,10.33,1.1753,1
2021-08-25,Germany,10Y,Germany_10Y,-0.06189199999999995,-0.5663615,-0.5044695,-0.0314645382232546,0.2431503495305937,16.79,10.33,1.177,1
2021-08-26,Germany,10Y,Germany_10Y,-0.0649595,-0.5608655,-0.495906,-0.0961182959734982,0.2125719996062837,18.84,10.34,1.175,1
2021-08-27,Germany,10Y,Germany_10Y,-0.06492999999999993,-0.568635,-0.5037050000000001,-0.068522012286697,0.3347095342246367,16.39,10.34,1.1793,1
2021-08-30,Germany,10Y,Germany_10Y,-0.061881000000000075,-0.584098,-0.5222169999999999,0.0142104844352297,0.3634792939475434,16.19,10.34,1.1795,1
2021-08-31,Germany,10Y,Germany_10Y,-0.066994,-0.536524,-0.46953,-0.0488683645151933,0.2770386580559386,16.48,10.33,1.1807,1
2021-09-01,Germany,10Y,Germany_10Y,-0.06498550000000003,-0.520679,-0.4556935,-0.1068999344224753,0.3312883724767578,16.11,10.33,1.1837,1
2021-09-02,Germany,10Y,Germany_10Y,-0.06590200000000002,-0.5370735,-0.47117149999999997,-0.1087822269367574,0.3090181117552046,16.41,10.33,1.1873,1
2021-09-03,Germany,10Y,Germany_10Y,-0.06295650000000003,-0.5164275,-0.453471,-0.2017553091128941,0.3147852204127693,16.41,10.33,1.1882,1
2021-09-06,Germany,10Y,Germany_10Y,-0.06287549999999997,-0.515629,-0.45275350000000003,-0.033403135484388,0.2499705890727579,16.41,10.33,1.1868,1
2021-09-07,Germany,10Y,Germany_10Y,-0.061044999999999905,-0.46802449999999995,-0.40697950000000005,-0.0214841500118188,0.2828377487240245,18.14,10.33,1.1839,1
2021-09-08,Germany,10Y,Germany_10Y,-0.05996400000000002,-0.472229,-0.412265,-0.007693901916237,0.309570541791373,17.96,10.34,1.1813,1
2021-09-09,Germany,10Y,Germany_10Y,-0.05894750000000004,-0.508429,-0.4494815,-0.1113558104411121,0.3335374892154035,18.8,10.34,1.1825,1
2021-09-10,Germany,10Y,Germany_10Y,-0.057919,-0.4856385,-0.4277195,-0.075374920500842,0.3205372408796622,20.95,10.08,1.1814,1
2021-09-13,Germany,10Y,Germany_10Y,-0.05698199999999998,-0.4834355,-0.42645350000000004,0.047853578381171,0.2810794741255865,19.37,10.09,1.1808,1
2021-09-14,Germany,10Y,Germany_10Y,-0.0590155,-0.488288,-0.4292725,-0.0410048989405927,0.2733711246977998,19.46,10.09,1.1802,1
2021-09-15,Germany,10Y,Germany_10Y,-0.058967999999999965,-0.463065,-0.40409700000000004,-0.0306396385438311,0.289760545270285,18.18,10.08,1.1815,1
2021-09-16,Germany,10Y,Germany_10Y,-0.061020000000000074,-0.45436750000000004,-0.39334749999999996,-0.0230287272870078,0.2587690543633437,18.69,10.08,1.1764,1
2021-09-17,Germany,10Y,Germany_10Y,-0.05797599999999997,-0.423522,-0.36554600000000004,-0.0740521634140876,0.2740163896879298,20.81,10.08,1.1725,1
2021-09-20,Germany,10Y,Germany_10Y,-0.05799800000000005,-0.460448,-0.40245,-0.0712549362272847,0.2561938678121174,25.71,10.61,1.1725,1
2021-09-21,Germany,10Y,Germany_10Y,-0.057919,-0.4772265,-0.4193075,-0.1765238867711978,0.2836985139263108,24.36,10.6,1.1723,1
2021-09-22,Germany,10Y,Germany_10Y,-0.05903199999999997,-0.474691,-0.415659,-0.0168657450117548,0.2657261733994639,20.87,9.85,1.1686,1
2021-09-23,Germany,10Y,Germany_10Y,-0.05798500000000001,-0.403556,-0.345571,-0.0066513454758462,0.2614603364828421,18.63,9.84,1.1736,1
2021-09-24,Germany,10Y,Germany_10Y,-0.05806,-0.3748555,-0.3167955,-0.0940906203962819,0.2740634642525357,17.75,9.85,1.1714,1
2021-09-27,Germany,10Y,Germany_10Y,-0.057996999999999965,-0.370085,-0.31208800000000003,-0.0233844951511207,0.2624090345011088,18.76,9.35,1.1694,1
2021-09-28,Germany,10Y,Germany_10Y,-0.05707099999999998,-0.3439835,-0.2869125,-0.0475813377860271,0.3120509452939432,23.25,9.35,1.1681,1
2021-09-29,Germany,10Y,Germany_10Y,-0.056008,-0.361072,-0.305064,-0.0248111173643715,0.3132308326124808,22.56,9.35,1.1595,1
2021-09-30,Germany,10Y,Germany_10Y,-0.05900500000000003,-0.3446265,-0.2856215,-0.0409013627435475,0.2601857694957962,23.14,9.35,1.1581,1
2021-10-01,Germany,10Y,Germany_10Y,-0.056923,-0.366853,-0.30993,-0.0508341220379764,0.2676184160287702,21.15,9.36,1.1594,1
2021-10-04,Germany,10Y,Germany_10Y,-0.059931500000000026,-0.361194,-0.3012625,-0.1047187717872798,0.2978786348934332,22.96,9.35,1.1621,1
2021-10-05,Germany,10Y,Germany_10Y,-0.05803449999999999,-0.3322765,-0.274242,0.0342832746907559,0.2893184144929005,21.3,9.35,1.1596,1
2021-10-06,Germany,10Y,Germany_10Y,-0.05697350000000001,-0.32877100000000004,-0.2717975,0.1018582891937031,0.4550080399204869,21.0,9.6,1.1556,1
2021-10-07,Germany,10Y,Germany_10Y,-0.056994500000000003,-0.334547,-0.2775525,-0.0065197479077307,0.2932784221965456,19.54,9.6,1.155,1
2021-10-08,Germany,10Y,Germany_10Y,-0.059954499999999966,-0.3025345,-0.24258000000000002,-0.0982347124172887,0.3037467070346664,18.77,9.6,1.1567,1
2021-10-11,Germany,10Y,Germany_10Y,-0.05903599999999998,-0.273925,-0.214889,-0.0717105640915279,0.3259171679522368,20.0,9.59,1.1551,1
2021-10-12,Germany,10Y,Germany_10Y,-0.0629865,-0.2476465,-0.18466,-0.0624363604562337,0.2798341205513149,19.85,9.59,1.1527,1
2021-10-13,Germany,10Y,Germany_10Y,-0.05901599999999996,-0.28378749999999997,-0.2247715,-0.0657830334788964,0.2607607388005124,18.64,9.59,1.1592,1
2021-10-14,Germany,10Y,Germany_10Y,-0.05792349999999996,-0.3294605,-0.27153700000000003,-0.1284320177142932,0.3490499415232222,16.86,9.6,1.1594,1
2021-10-15,Germany,10Y,Germany_10Y,-0.060087500000000016,-0.32143900000000003,-0.2613515,-0.0896529664901546,0.2329223961352107,16.3,9.59,1.16,1
2021-10-18,Germany,10Y,Germany_10Y,-0.058069499999999996,-0.291172,-0.2331025,-0.0512405620859955,0.271294873441539,16.31,9.6,1.1609,1
2021-10-19,Germany,10Y,Germany_10Y,-0.057985000000000037,-0.25095100000000004,-0.192966,0.0071494523471585,0.3323287720249359,15.7,9.61,1.1632,1
2021-10-20,Germany,10Y,Germany_10Y,-0.05902950000000001,-0.265851,-0.2068215,-0.088012273134238,0.2663687173131988,15.49,9.61,1.1649,1
2021-10-21,Germany,10Y,Germany_10Y,-0.05805199999999999,-0.232632,-0.17458,-0.0959197401817466,0.2988544956867782,15.01,9.6,1.1621,1
2021-10-22,Germany,10Y,Germany_10Y,-0.05997649999999999,-0.2313715,-0.17139500000000002,-0.0777347325475485,0.2660561389456016,15.43,9.61,1.1647,1
2021-10-25,Germany,10Y,Germany_10Y,-0.05696349999999997,-0.25408,-0.1971165,-0.0550339123179181,0.2671172203837798,15.24,9.6,1.1606,1
2021-10-26,Germany,10Y,Germany_10Y,-0.05904999999999999,-0.2626925,-0.2036425,0.0364143650806952,0.3164253473396452,15.98,9.6,1.1595,1
2021-10-27,Germany,10Y,Germany_10Y,-0.053044499999999994,-0.306562,-0.2535175,-0.0323198742534741,0.2800812243186775,16.98,9.6,1.1604,1
2021-10-28,Germany,10Y,Germany_10Y,-0.05508049999999998,-0.28860949999999996,-0.233529,-0.1062149455071047,0.3326940759800598,16.53,9.6,1.1679,1
2021-10-29,Germany,10Y,Germany_10Y,-0.055125000000000035,-0.22185500000000002,-0.16673,-0.0667041433989427,0.1870784805015113,16.26,9.61,1.1561,1
2021-11-01,Germany,10Y,Germany_10Y,-0.051004999999999995,-0.2204755,-0.1694705,-0.0890882351690873,0.2362182149194198,16.41,9.6,1.1606,1
2021-11-02,Germany,10Y,Germany_10Y,-0.05505400000000005,-0.30337650000000005,-0.2483225,-0.0368312163290008,0.2406761055405196,16.03,9.61,1.1577,1
2021-11-03,Germany,10Y,Germany_10Y,-0.055064,-0.3046875,-0.2496235,-0.0032089968358255,0.3205059181457108,15.1,9.6,1.161,1
2021-11-04,Germany,10Y,Germany_10Y,-0.052070000000000005,-0.3563235,-0.3042535,-0.0181289921956628,0.2658543387840181,15.44,9.36,1.1552,1
2021-11-05,Germany,10Y,Germany_10Y,-0.05401299999999998,-0.41061349999999996,-0.3566005,-0.1027640239142704,0.276066903452686,16.48,9.36,1.1566,1
2021-11-08,Germany,10Y,Germany_10Y,-0.053066999999999975,-0.3839545,-0.3308875,-0.0662670253825856,0.2951220818997889,17.22,9.35,1.1586,1
2021-11-09,Germany,10Y,Germany_10Y,-0.05304299999999995,-0.43420349999999996,-0.3811605,-0.0871304548273922,0.2685737874926838,17.78,9.36,1.1591,1
2021-11-10,Germany,10Y,Germany_10Y,-0.06508750000000008,-0.39551800000000004,-0.33043049999999996,-0.0557864332785524,0.30141553201985,18.73,9.34,1.1478,1
2021-11-11,Germany,10Y,Germany_10Y,-0.05211549999999998,-0.37045249999999996,-0.318337,-0.0798848001535201,0.3007393460379934,17.66,9.36,1.145,1
2021-11-12,Germany,10Y,Germany_10Y,-0.055032000000000025,-0.40832650000000004,-0.3532945,-0.1126835041507216,0.3171998236394204,16.29,9.1,1.145,1
2021-11-15,Germany,10Y,Germany_10Y,-0.0529925,-0.400207,-0.3472145,-0.1218481373824358,0.2992735502660524,16.49,9.11,1.1367,1
2021-11-16,Germany,10Y,Germany_10Y,-0.063006,-0.394389,-0.331383,-0.0917874150449344,0.3322557981135726,16.37,9.11,1.1319,1
2021-11-17,Germany,10Y,Germany_10Y,-0.05504349999999997,-0.3956135,-0.34057000000000004,-0.0346920137192516,0.3148695222813077,17.11,9.12,1.1319,1
2021-11-18,Germany,10Y,Germany_10Y,-0.04997750000000001,-0.422845,-0.3728675,-0.0863630649576901,0.2866092766627615,17.59,9.12,1.1369,1
2021-11-19,Germany,10Y,Germany_10Y,-0.05609949999999997,-0.498359,-0.4422595,-0.1771641666698037,0.3790629428876902,17.91,9.11,1.1288,1
2021-11-22,Germany,10Y,Germany_10Y,-0.05804300000000001,-0.4686605,-0.41061749999999997,-0.1358055009353822,0.2746144312672803,19.17,9.08,1.1234,1
2021-11-23,Germany,10Y,Germany_10Y,-0.05505300000000002,-0.39304700000000004,-0.337994,-0.0881862579068041,0.3244464269523595,19.38,9.12,1.1246,1
2021-11-24,Germany,10Y,Germany_10Y,-0.05305300000000002,-0.3757125,-0.3226595,0.0889883053896232,0.2927543050581319,18.58,9.11,1.1197,1
2021-11-25,Germany,10Y,Germany_10Y,-0.03605549999999996,-0.38668749999999996,-0.350632,0.0334937467211591,0.326249590300077,18.58,9.11,1.1206,1
2021-11-26,Germany,10Y,Germany_10Y,-0.05711750000000004,-0.496938,-0.43982049999999995,-0.1468141289857412,0.2961824443064147,28.62,9.18,1.1317,1
2021-11-29,Germany,10Y,Germany_10Y,-0.05505650000000001,-0.4743,-0.4192435,-0.0019995514910344,0.2861753307749237,22.96,9.11,1.1291,1
2021-11-30,Germany,10Y,Germany_10Y,-0.05505649999999995,-0.4980165,-0.44296,-0.1433225157012551,0.3006922515275153,27.19,9.12,1.1336,1
2021-12-01,Germany,10Y,Germany_10Y,-0.05200450000000001,-0.4738295,-0.421825,-0.0920226644428658,0.3033262980459456,31.12,9.12,1.1319,1
2021-12-02,Germany,10Y,Germany_10Y,-0.053054500000000004,-0.5155115,-0.462457,-0.0231907479800539,0.3043963731295725,27.95,9.09,1.1299,1
2021-12-03,Germany,10Y,Germany_10Y,-0.05403950000000002,-0.519833,-0.46579349999999997,-0.0481996282743671,0.3376698738544543,30.67,9.14,1.1313,1
2021-12-06,Germany,10Y,Germany_10Y,-0.0380339999999999,-0.5113449999999999,-0.47331100000000004,0.0195821742627764,0.3562908471020244,27.18,9.09,1.1285,1
2021-12-07,Germany,10Y,Germany_10Y,-0.05401250000000002,-0.510848,-0.45683549999999995,-0.1059933576572575,0.2974039489572733,21.89,9.09,1.1263,1
2021-12-08,Germany,10Y,Germany_10Y,-0.053983999999999976,-0.4567035,-0.4027195,-0.096695373808666,0.2977615024500571,19.9,9.12,1.1342,1
2021-12-09,Germany,10Y,Germany_10Y,-0.05805449999999995,-0.4917195,-0.433665,-0.049462086686132,0.3121190922943012,21.58,9.12,1.1292,1
2021-12-10,Germany,10Y,Germany_10Y,-0.05496000000000001,-0.4948435,-0.4398835,-0.0506187723257042,0.2607453245636946,18.69,9.12,1.1311,1
2021-12-13,Germany,10Y,Germany_10Y,-0.04703099999999999,-0.516316,-0.469285,-0.0563739079363816,0.2596919139890564,20.31,9.13,1.1283,1
2021-12-14,Germany,10Y,Germany_10Y,-0.05107100000000003,-0.505823,-0.454752,-0.0160397802095795,0.2629976700830762,21.89,9.1,1.1257,1
2021-12-15,Germany,10Y,Germany_10Y,-0.055986499999999995,-0.4992735,-0.443287,-0.048499699982846,0.3315167554312927,19.29,9.11,1.1285,1
2021-12-16,Germany,10Y,Germany_10Y,-0.050064,-0.476595,-0.426531,-0.0786099570109203,0.35858776632169,20.57,9.13,1.1328,1
2021-12-17,Germany,10Y,Germany_10Y,-0.062020500000000034,-0.5030985,-0.44107799999999997,-0.0908220683549616,0.2849391532857537,21.57,9.1,1.1239,1
2021-12-20,Germany,10Y,Germany_10Y,-0.05493300000000001,-0.5063415,-0.4514085,-0.0721989768634235,0.3362015642664512,22.87,9.11,1.1275,1
2021-12-21,Germany,10Y,Germany_10Y,-0.05910399999999999,-0.4388625,-0.3797585,-0.1216120820067942,0.3074654223165449,21.01,9.09,1.1283,1
2021-12-22,Germany,10Y,Germany_10Y,-0.05906750000000005,-0.4291245,-0.37005699999999997,0.0047949231879491,0.2764776200231241,18.63,9.1,1.1324,1
2021-12-23,Germany,10Y,Germany_10Y,-0.051788,-0.37728,-0.325492,-0.0479296098860169,0.3088447985555895,17.96,9.1,1.1328,1
2021-12-24,Germany,10Y,Germany_10Y,-0.05180350000000006,-0.37739900000000004,-0.3255955,-0.0396598866000728,0.3501538140464679,17.96,9.11,1.1317,1
2021-12-27,Germany,10Y,Germany_10Y,-0.050155000000000005,-0.3734945,-0.3233395,-0.1581220382031675,0.3257397561938244,17.68,9.11,1.1325,1
2021-12-28,Germany,10Y,Germany_10Y,-0.05667850000000002,-0.3759615,-0.319283,-0.088103458143957,0.2510812901307417,17.54,9.11,1.1309,1
2021-12-29,Germany,10Y,Germany_10Y,-0.05408549999999995,-0.31617799999999996,-0.2620925,-0.0646209411999472,0.2401754874102331,16.95,9.1,1.1348,1
2021-12-30,Germany,10Y,Germany_10Y,-0.057108500000000006,-0.31141050000000003,-0.25430200000000003,0.000297754013544,0.2367772779342928,17.33,9.11,1.1323,1
2021-12-31,Germany,10Y,Germany_10Y,-0.057013000000000036,-0.31150900000000004,-0.254496,-0.1448071753955304,0.2579282561508052,17.22,9.11,1.1368,1
2022-01-03,Germany,10Y,Germany_10Y,-0.055172,-0.2563335,-0.2011615,-0.0501941073302683,0.2471576524670649,16.6,9.08,1.1294,1
2022-01-04,Germany,10Y,Germany_10Y,-0.06102350000000001,-0.272502,-0.2114785,-0.0028171971597904,0.2699308427690013,16.91,9.11,1.1285,1
2022-01-05,Germany,10Y,Germany_10Y,-0.0520755,-0.267038,-0.2149625,0.0018300431242229,0.2333669955799946,19.73,9.08,1.1313,1
2022-01-06,Germany,10Y,Germany_10Y,-0.047018000000000004,-0.237653,-0.190635,-0.0514999585729887,0.2442492155656128,19.61,9.09,1.1291,1
2022-01-07,Germany,10Y,Germany_10Y,-0.05111750000000001,-0.22065,-0.1695325,-0.0735211925556119,0.2648923205485823,18.76,9.1,1.1359,1
2022-01-10,Germany,10Y,Germany_10Y,-0.05114149999999998,-0.21912399999999999,-0.1679825,-0.1606363465684786,0.3747886997524613,19.4,9.09,1.1324,1
2022-01-11,Germany,10Y,Germany_10Y,-0.05010950000000003,-0.19887500000000002,-0.1487655,-0.1494170328437298,0.3176568017730256,18.41,9.11,1.1364,1
2022-01-12,Germany,10Y,Germany_10Y,-0.056128500000000026,-0.236134,-0.18000549999999998,-0.0516743523164743,0.3204000261363544,17.62,9.11,1.1442,1
2022-01-13,Germany,10Y,Germany_10Y,-0.05114199999999999,-0.2592485,-0.2081065,-0.0754900455860823,0.2622361469825123,20.31,9.12,1.1453,1
2022-01-14,Germany,10Y,Germany_10Y,-0.044071,-0.205371,-0.1613,-0.1190328173505481,0.2524356678501387,19.19,9.08,1.1414,1
2022-01-17,Germany,10Y,Germany_10Y,-0.05015549999999999,-0.185853,-0.1356975,-0.086120530103692,0.3061748881839247,19.19,9.08,1.1407,1
2022-01-27,Germany,10Y,Germany_10Y,-0.04316599999999998,-0.2183945,-0.1752285,-0.1052482010567326,0.2287233518617573,30.49,9.1,1.1143,1
2022-03-01,Germany,10Y,Germany_10Y,-0.031110499999999985,-0.19680599999999998,-0.1656955,-0.1849699749512828,0.3395806230445266,33.32,10.18,1.1126,1
2022-03-02,Germany,10Y,Germany_10Y,-0.043121999999999994,-0.1410775,-0.0979555,-0.2742704028306275,0.228753466401272,30.74,10.05,1.1121,1
2022-03-03,Germany,10Y,Germany_10Y,-0.039459999999999995,-0.1276465,-0.0881865,-0.1105738369047342,0.2412827405456331,30.48,11.1,1.1064,1
2022-03-04,Germany,10Y,Germany_10Y,-0.039146000000000014,-0.2467935,-0.20764749999999998,-0.143186796876157,0.2608362567044659,31.98,12.12,1.0926,1
2022-03-07,Germany,10Y,Germany_10Y,-0.036174999999999985,-0.1673595,-0.1311845,-0.2270315007745761,0.2711320315220984,36.45,15.07,1.0852,1
2022-03-08,Germany,10Y,Germany_10Y,-0.022191499999999996,-0.031258999999999995,-0.0090675,-0.2669566624175223,0.2185367585032076,35.13,15.06,1.0899,1
2022-03-09,Germany,10Y,Germany_10Y,-0.0422225,0.052085,0.0943075,-0.2655952707280486,0.2696286966492475,32.45,15.06,1.1075,1
2022-03-10,Germany,10Y,Germany_10Y,-0.032653000000000015,0.11988750000000001,0.15254050000000002,-0.175250187822392,0.2615657095720464,30.23,15.07,1.0983,1
2022-03-11,Germany,10Y,Germany_10Y,-0.031161000000000022,0.1416915,0.17285250000000002,-0.1811400565337492,0.2883501516047768,30.75,15.07,1.0909,1
2022-03-14,Germany,10Y,Germany_10Y,-0.038085499999999994,0.21714,0.2552255,-0.1339077759637034,0.3120447351984374,31.77,15.05,1.0939,1
2022-03-15,Germany,10Y,Germany_10Y,-0.03717799999999999,0.163366,0.200544,-0.1534910139037052,0.2649508385387806,29.83,15.05,1.0951,1
2022-03-16,Germany,10Y,Germany_10Y,-0.04227450000000005,0.22335149999999998,0.26562600000000003,-0.098219769642099,0.2995325091872317,26.67,13.08,1.1032,1
2022-03-17,Germany,10Y,Germany_10Y,-0.03831999999999999,0.2317155,0.2700355,-0.1257461219048113,0.3215246855318043,25.67,13.09,1.1089,1
2022-03-18,Germany,10Y,Germany_10Y,-0.04220300000000002,0.19159549999999997,0.2337985,-0.2098679030949358,0.2770855650229349,23.87,13.1,1.1055,1
2022-03-21,Germany,10Y,Germany_10Y,-0.031306999999999974,0.288489,0.31979599999999997,-0.2054266334260452,0.2895200575735437,23.53,13.06,1.1014,1
2022-03-22,Germany,10Y,Germany_10Y,-0.037825999999999915,0.35845400000000005,0.39627999999999997,-0.1499045474746498,0.2589613766772907,22.94,13.09,1.1027,1
2022-03-23,Germany,10Y,Germany_10Y,-0.03734500000000002,0.3236285,0.3609735,-0.0944268814443849,0.3383057789647656,23.57,13.13,1.1004,1
2022-03-24,Germany,10Y,Germany_10Y,-0.03335050000000006,0.37633099999999997,0.40968150000000003,-0.1262607450583314,0.2606428828249107,21.67,13.09,1.0996,1
2022-03-25,Germany,10Y,Germany_10Y,-0.040334499999999995,0.416576,0.4569105,-0.2542722663170592,0.259622027535909,20.81,14.05,1.0981,1
2022-03-28,Germany,10Y,Germany_10Y,-0.035354500000000066,0.45089599999999996,0.48625050000000003,-0.1693246929613849,0.2776706798687504,19.63,14.09,1.0978,1
2022-03-29,Germany,10Y,Germany_10Y,-0.031332000000000026,0.5244015,0.5557335,-0.0933887755914863,0.2593330464877782,18.9,14.11,1.1085,1
2022-03-30,Germany,10Y,Germany_10Y,-0.029378999999999933,0.5425265,0.5719055,-0.1594042258113029,0.2604529027866517,19.33,14.11,1.1156,1
2022-03-31,Germany,10Y,Germany_10Y,-0.014276999999999984,0.443284,0.457561,-0.1499864021064285,0.2544945502588724,20.56,14.1,1.1065,1
2022-04-01,Germany,10Y,Germany_10Y,-0.018317999999999945,0.467639,0.485957,-0.1961204946826953,0.2847378982618894,19.63,14.06,1.1053,1
2022-04-04,Germany,10Y,Germany_10Y,-0.021503999999999968,0.42999200000000004,0.451496,-0.2727576772962581,0.3281477771743117,18.57,14.03,1.097,1
2022-04-05,Germany,10Y,Germany_10Y,-0.02141549999999981,0.5079005000000001,0.5293159999999999,-0.1858789393490013,0.3194380895288513,21.03,13.99,1.0903,1
2022-04-06,Germany,10Y,Germany_10Y,-0.015307999999999877,0.540753,0.5560609999999999,-0.2244622827832666,0.3041529483093884,22.1,14.02,1.0893,1
2022-04-07,Germany,10Y,Germany_10Y,-0.010323000000000082,0.590298,0.6006210000000001,-0.0700711410084888,0.3567351353606128,21.55,14.02,1.0878,1
2022-04-08,Germany,10Y,Germany_10Y,-0.01630799999999999,0.6051934999999999,0.6215014999999999,-0.1482116225150028,0.282544615521387,21.16,13.99,1.0876,1
2022-04-11,Germany,10Y,Germany_10Y,-0.020828500000000028,0.706467,0.7272955,-0.1319815054642481,0.3412372710565687,24.37,14.02,1.0883,1
2022-04-12,Germany,10Y,Germany_10Y,-0.020798500000000164,0.6871179999999999,0.7079165000000001,-0.0035540615997476,0.2960114695799036,24.26,14.06,1.0826,1
2022-04-13,Germany,10Y,Germany_10Y,-0.019374000000000002,0.662157,0.681531,-0.1842556724241861,0.3144330198699575,21.82,14.04,1.0885,1
2022-04-14,Germany,10Y,Germany_10Y,-0.020010500000000042,0.726214,0.7462245000000001,-0.1762667657245233,0.3158356951045117,22.7,14.0,1.0827,1
2022-04-15,Germany,10Y,Germany_10Y,-0.020010500000000042,0.726214,0.7462245000000001,-0.1279197177783795,0.3190845702053853,22.7,14.02,1.0806,1
2022-04-18,Germany,10Y,Germany_10Y,-0.020010500000000042,0.726214,0.7462245000000001,-0.1721286367910993,0.2706833624009149,22.17,14.02,1.078,1
2022-04-19,Germany,10Y,Germany_10Y,-0.02184800000000009,0.803639,0.8254870000000001,-0.1525960039407298,0.2598081658374165,21.37,13.99,1.0786,1
2022-04-20,Germany,10Y,Germany_10Y,-0.020308500000000063,0.7409844999999999,0.761293,-0.1036323014609945,0.3093481390534636,20.32,14.03,1.085,1
2022-04-21,Germany,10Y,Germany_10Y,-0.01940900000000001,0.8057415,0.8251505,-0.1210602785638423,0.2631484430236968,22.68,12.99,1.0836,1
2022-04-22,Germany,10Y,Germany_10Y,-0.028488999999999987,0.8439645,0.8724535,-0.0987555032055384,0.2841067925406541,28.21,13.01,1.0794,1
2022-04-25,Germany,10Y,Germany_10Y,-0.022136500000000114,0.7346014999999999,0.756738,-0.0718321302850792,0.2783171012430558,27.02,13.04,1.0711,1
2022-04-26,Germany,10Y,Germany_10Y,-0.022422500000000012,0.682215,0.7046375,-0.1078890966752659,0.2963605764237392,33.52,13.04,1.0636,1
2022-04-27,Germany,10Y,Germany_10Y,-0.021394499999999983,0.6792315,0.700626,-0.160606528949184,0.2677981207760574,31.6,13.0,1.0555,1
2022-04-28,Germany,10Y,Germany_10Y,-0.020314500000000013,0.7796945,0.800009,-0.1563981480589606,0.2864592954919987,29.99,13.0,1.0494,1
2022-04-29,Germany,10Y,Germany_10Y,-0.018040000000000056,0.8150375,0.8330775,-0.0482787443536446,0.3227387696732992,33.4,13.0,1.0541,1
2022-05-02,Germany,10Y,Germany_10Y,-0.02744649999999993,0.8180425,0.8454889999999999,-0.2103111549613092,0.2827550192906702,32.34,13.01,1.0504,1
2022-05-03,Germany,10Y,Germany_10Y,-0.010496999999999979,0.8240475,0.8345445,-0.1384201881639747,0.2634865471496304,29.25,13.02,1.052,1
2022-05-04,Germany,10Y,Germany_10Y,-0.0123645,0.856704,0.8690685,-0.2102879705836915,0.2379617845990477,25.42,13.05,1.0621,1
2022-05-05,Germany,10Y,Germany_10Y,-0.017695499999999864,0.9045240000000001,0.9222195,-0.1459301016615234,0.2833486866500141,31.2,12.99,1.054,1
2022-05-06,Germany,10Y,Germany_10Y,-0.01654650000000002,1.011475,1.0280215,-0.0342887707324638,0.3317501683567274,30.19,13.01,1.0551,1
2022-05-09,Germany,10Y,Germany_10Y,-0.01939650000000004,0.9651485,0.984545,-0.1519388493776101,0.2706629335055852,34.75,13.06,1.0555,1
2022-05-10,Germany,10Y,Germany_10Y,-0.01765950000000005,0.8720525,0.8897120000000001,-0.0554194175818972,0.334816809227964,32.99,13.02,1.0527,1
2022-05-11,Germany,10Y,Germany_10Y,-0.018184999999999896,0.868538,0.8867229999999999,-0.0771116698205566,0.2712384151147514,32.56,13.03,1.0511,1
2022-05-12,Germany,10Y,Germany_10Y,-0.01850700000000005,0.7389939999999999,0.757501,-0.1431560565192933,0.2721080962965903,31.77,13.05,1.0379,1
2022-05-13,Germany,10Y,Germany_10Y,-0.019425000000000026,0.813353,0.832778,-0.0851370054873099,0.3621688358661118,28.87,13.0,1.0411,1
2022-05-16,Germany,10Y,Germany_10Y,-0.015476000000000045,0.794684,0.81016,-0.0722056210313311,0.2965956003655122,27.47,13.03,1.0431,1
2022-05-17,Germany,10Y,Germany_10Y,-0.01549849999999997,0.8995005,0.914999,-0.0383931190350602,0.3005277003669566,26.1,12.98,1.0547,1
2022-05-18,Germany,10Y,Germany_10Y,-0.015363999999999933,0.8942645,0.9096285,-0.0340786166531288,0.3610507685054818,30.96,13.03,1.0466,1
2022-05-19,Germany,10Y,Germany_10Y,-0.013433500000000098,0.8170795,0.8305130000000001,-0.0766728292981318,0.2874644970070086,29.35,13.04,1.0586,1
2022-05-20,Germany,10Y,Germany_10Y,-0.014369499999999924,0.8273155000000001,0.841685,-0.0693447070027282,0.2355237558860991,29.43,13.04,1.056,1
2022-05-23,Germany,10Y,Germany_10Y,-0.017468999999999957,0.87321,0.890679,-0.0698100069897314,0.3003078905828171,28.48,13.0,1.0689,1
2022-05-24,Germany,10Y,Germany_10Y,-0.013440499999999966,0.8127875,0.826228,-0.0758870967796625,0.2818332752619759,29.45,13.05,1.0734,1
2022-05-25,Germany,10Y,Germany_10Y,-0.011475499999999972,0.8116175,0.823093,-0.16953062203393,0.3112151628252197,28.37,13.02,1.068,1
2022-05-26,Germany,10Y,Germany_10Y,-0.013384000000000063,0.8600355,0.8734195,-0.0865493050545125,0.3155168117813227,27.5,11.01,1.0724,1
2022-05-27,Germany,10Y,Germany_10Y,-0.012430500000000011,0.830571,0.8430015,-0.1100587384918467,0.2977046107710775,25.72,11.02,1.0727,1
2022-05-30,Germany,10Y,Germany_10Y,-0.014382499999999965,0.910574,0.9249565,-0.1924269335883588,0.31897377932149,26.54,10.99,1.0777,1
2022-05-31,Germany,10Y,Germany_10Y,-0.014216000000000117,0.9840089999999999,0.998225,-0.106031073515567,0.2639686140706538,26.19,11.0,1.0733,1
2022-06-01,Germany,10Y,Germany_10Y,-0.013493500000000047,1.0444225,1.057916,-0.1076561260734156,0.2544105305516799,25.69,10.98,1.0646,1
2022-06-02,Germany,10Y,Germany_10Y,-0.016139499999999973,1.0979860000000001,1.1141255,-0.110574789565047,0.2160872778571451,24.72,11.02,1.0745,1
2022-06-03,Germany,10Y,Germany_10Y,-0.014854000000000145,1.143541,1.158395,-0.0789631187009804,0.313625891905666,24.79,11.0,1.0718,1
2022-06-06,Germany,10Y,Germany_10Y,-0.010573500000000013,1.2063475000000001,1.2169210000000001,-0.101594797307775,0.3145371575130605,25.07,10.99,1.0694,1
2022-06-07,Germany,10Y,Germany_10Y,-0.007544000000000217,1.1635909999999998,1.171135,-0.146205140409123,0.2231467323357853,24.02,11.03,1.0699,1
2022-06-08,Germany,10Y,Germany_10Y,-0.01154999999999995,1.2197230000000001,1.231273,-0.082050339359865,0.3073846620840449,23.96,11.01,1.0714,1
2022-06-09,Germany,10Y,Germany_10Y,-0.01664750000000015,1.3242885,1.3409360000000001,-0.1490928415566592,0.2993729485561229,26.09,11.0,1.0614,1
2022-06-10,Germany,10Y,Germany_10Y,-0.009522999999999948,1.3951145,1.4046375,-0.0543319042770198,0.3602803848039971,27.75,10.94,1.0515,1
2022-06-13,Germany,10Y,Germany_10Y,-0.006557500000000216,1.5502894999999999,1.556847,-0.0444712649319833,0.2863671496327457,34.02,10.94,1.0408,1
2022-06-14,Germany,10Y,Germany_10Y,-0.007601499999999817,1.6303605,1.637962,-0.0368890426459552,0.3106160059420156,32.69,10.99,1.0414,1
2022-06-15,Germany,10Y,Germany_10Y,-0.004578999999999889,1.5352665,1.5398455,-0.0766566815673927,0.2703711565117002,29.62,11.08,1.0443,1
2022-06-16,Germany,10Y,Germany_10Y,-0.0006375000000000686,1.603306,1.6039435,-0.110225386454157,0.2781962353566314,32.95,11.02,1.0547,1
2022-06-17,Germany,10Y,Germany_10Y,0.0023340000000000583,1.564324,1.56199,-0.0379307248191035,0.2772941109307226,31.13,11.0,1.0498,1
2022-06-20,Germany,10Y,Germany_10Y,-0.0016359999999999708,1.6341035000000002,1.6357395000000001,-0.1346884455023249,0.2445044096613899,31.03,11.0,1.0509,1
2022-06-21,Germany,10Y,Germany_10Y,-0.009636500000000048,1.6590335,1.66867,-0.1514625744707335,0.2771562971206581,30.19,11.02,1.0525,1
2022-06-22,Germany,10Y,Germany_10Y,-0.003593499999999805,1.5154935,1.5190869999999999,-0.0859066636237894,0.3277778396554402,28.95,12.07,1.0565,1
2022-06-23,Germany,10Y,Germany_10Y,-0.00795049999999975,1.2920790000000002,1.3000295,-0.228001928097341,0.2696409443147985,29.05,13.04,1.0523,1
2022-06-24,Germany,10Y,Germany_10Y,-0.012534999999999963,1.3051075,1.3176425,-0.198810442328342,0.2779517037618818,27.23,13.01,1.0554,1
2022-06-27,Germany,10Y,Germany_10Y,-0.009588999999999848,1.420951,1.43054,-0.1111501035423481,0.3029844179806904,26.95,13.0,1.0583,1
2022-06-28,Germany,10Y,Germany_10Y,-0.01052199999999992,1.515617,1.526139,-0.0966806019673588,0.3553695702929113,28.36,13.01,1.0518,1
2022-06-29,Germany,10Y,Germany_10Y,-0.012605999999999895,1.358108,1.370714,-0.1054740048330824,0.2383914483342484,28.16,13.04,1.0439,1
2022-06-30,Germany,10Y,Germany_10Y,-0.02652549999999998,1.2205789999999999,1.2471044999999998,-0.1435298544708396,0.167213430623771,28.71,13.06,1.0482,1
2022-07-01,Germany,10Y,Germany_10Y,-0.012421499999999863,1.0587545,1.071176,-0.2115044808348343,0.3086814622789496,26.7,13.07,1.0428,1
2022-07-04,Germany,10Y,Germany_10Y,-0.009561999999999848,1.205718,1.21528,-0.1975519228304523,0.2365823546229891,27.53,13.01,1.0421,1
2022-07-05,Germany,10Y,Germany_10Y,-0.012450000000000072,0.9567589999999999,0.969209,-0.1250174068300436,0.3129090068065353,27.54,14.04,1.0266,1
2022-07-06,Germany,10Y,Germany_10Y,-0.024508000000000085,0.9829525,1.0074605,-0.1836454582541207,0.2778841192177991,26.73,13.98,1.0181,1
2022-07-07,Germany,10Y,Germany_10Y,-0.010446500000000025,1.104236,1.1146825,-0.1351903096725825,0.3486477467426926,26.08,13.99,1.0159,1
2022-07-08,Germany,10Y,Germany_10Y,-0.009521000000000113,1.1374305,1.1469515000000001,-0.0820204421449273,0.2879728730130801,24.64,16.49,1.0183,1
2022-07-11,Germany,10Y,Germany_10Y,-0.01555200000000001,1.035274,1.050826,-0.216329457519914,0.3387150421774387,26.17,16.03,1.0039,1
2022-07-12,Germany,10Y,Germany_10Y,-0.009473999999999982,0.916777,0.9262509999999999,-0.151424351574975,0.2426182411454731,27.29,16.02,1.0036,1
2022-07-13,Germany,10Y,Germany_10Y,-0.011309999999999931,1.0001785,1.0114885,-0.1088779725326733,0.2945352168828,26.82,16.0,1.006,1
2022-07-14,Germany,10Y,Germany_10Y,-0.004539500000000141,0.9991684999999999,1.003708,-0.0921403014816447,0.2823000417692775,26.4,18.0,1.0016,1
2022-07-15,Germany,10Y,Germany_10Y,-0.010580499999999993,0.932074,0.9426545,-0.1141776660546356,0.2917704777747804,24.23,17.02,1.0087,1
2022-07-18,Germany,10Y,Germany_10Y,-0.012451999999999908,1.0342095,1.0466615,-0.1904842476248178,0.2825790388461207,25.3,17.01,1.0141,1
2022-07-19,Germany,10Y,Germany_10Y,-0.0025329999999998964,1.105541,1.108074,-0.2126952054870794,0.2653942124927631,24.5,17.0,1.0224,1
2022-07-20,Germany,10Y,Germany_10Y,-0.004471000000000114,1.1530025,1.1574735,-0.1448004764116392,0.332063136757261,23.88,17.01,1.0177,1
2022-07-21,Germany,10Y,Germany_10Y,-0.0025280000000000857,1.070502,1.0730300000000002,-0.1309963741635301,0.2617201387218897,23.11,17.04,1.0228,1
2022-07-22,Germany,10Y,Germany_10Y,-0.009464500000000098,0.86322,0.8726845000000001,-0.1839588696067672,0.3144741883185964,23.03,17.04,1.021,1
2022-07-25,Germany,10Y,Germany_10Y,-0.009465999999999974,0.862039,0.871505,-0.1606090894133633,0.2186184759366388,23.36,17.0,1.022,1
2022-07-26,Germany,10Y,Germany_10Y,-0.0024619999999999642,0.76461,0.767072,-0.1327484330320203,0.2712117440487563,24.69,17.01,1.0114,1
2022-07-27,Germany,10Y,Germany_10Y,-0.003526999999999836,0.7606120000000001,0.7641389999999999,-0.1860379556242929,0.2818040230578917,23.24,16.03,1.0202,1
2022-07-28,Germany,10Y,Germany_10Y,-0.011511999999999967,0.615793,0.627305,-0.1130025844167157,0.2686354250429702,22.33,16.04,1.0196,1
2022-07-29,Germany,10Y,Germany_10Y,-0.0015175000000000605,0.65633,0.6578475,-0.0329442707864435,0.2833651777312899,21.33,16.01,1.0218,1
2022-08-01,Germany,10Y,Germany_10Y,-0.0015094999999999414,0.59518,0.5966895,-0.1298924373910727,0.3000532932887231,22.84,16.01,1.0261,1
2022-08-02,Germany,10Y,Germany_10Y,-0.0008544999999999803,0.6114245,0.612279,-0.0329809037424755,0.3085089796695109,23.93,15.97,1.0164,1
2022-08-03,Germany,10Y,Germany_10Y,-0.00046349999999995006,0.7007025,0.701166,-0.107238148358217,0.2696129460141724,21.95,16.01,1.0164,1
2022-08-04,Germany,10Y,Germany_10Y,-0.0015179999999999083,0.6360045000000001,0.6375225,-0.1461525029255326,0.2629981657043506,21.44,16.02,1.0243,1
2022-08-05,Germany,10Y,Germany_10Y,-0.0024765000000001036,0.7876894999999999,0.790166,-0.1857355567789586,0.2810631066206579,21.15,15.96,1.0181,1
2022-08-08,Germany,10Y,Germany_10Y,-0.001531500000000019,0.7335815,0.735113,-0.152303932807348,0.2889974963033834,21.29,16.02,1.0195,1
2022-08-09,Germany,10Y,Germany_10Y,0.0014049999999998786,0.7704249999999999,0.76902,-0.1243285591347165,0.2322528897188785,21.77,16.0,1.0211,1
2022-08-10,Germany,10Y,Germany_10Y,0.0006000000000000449,0.7174255,0.7168255,-0.1847285036640653,0.318269087395525,19.74,16.02,1.0297,1
2022-08-11,Germany,10Y,Germany_10Y,0.006519500000000011,0.8129525,0.806433,-0.1538349450302386,0.2535064313837903,20.2,16.0,1.0317,1
2022-08-12,Germany,10Y,Germany_10Y,0.014490499999999962,0.8448834999999999,0.8303929999999999,-0.2266259798929568,0.2994014916441763,19.53,15.01,1.0258,1
2022-08-15,Germany,10Y,Germany_10Y,-0.001535500000000134,0.7297374999999999,0.7312730000000001,-0.1376163197104945,0.2031345497359072,19.95,15.03,1.016,1
2022-08-16,Germany,10Y,Germany_10Y,0.00047149999999995806,0.812581,0.8121095,-0.1901522330904297,0.250811420614933,19.69,15.0,1.017,1
2022-08-17,Germany,10Y,Germany_10Y,0.0014294999999999725,0.9326369999999999,0.9312075,-0.0504805601023113,0.2175855300124753,19.9,14.99,1.018,1
2022-08-18,Germany,10Y,Germany_10Y,0.0014305000000000012,0.9342825,0.932852,-0.0892156167958006,0.3337791135342189,19.56,15.02,1.0088,1
2022-08-19,Germany,10Y,Germany_10Y,0.0014494999999998814,1.0792875,1.077838,-0.1402480109630172,0.3478531749592821,20.6,15.0,1.0034,1
2022-08-22,Germany,10Y,Germany_10Y,0.014370500000000064,1.1490485000000001,1.134678,-0.1840642003558682,0.3824470184609438,23.8,15.0,0.9941,1
2022-08-23,Germany,10Y,Germany_10Y,-0.0056315000000000115,1.154728,1.1603595,-0.156082647581048,0.2354910674414033,24.11,15.01,0.9967,1
2022-08-24,Germany,10Y,Germany_10Y,0.0003495000000000026,1.209921,1.2095715,-0.1337722055069389,0.3089011106535326,22.82,16.0,0.9965,1
2022-08-25,Germany,10Y,Germany_10Y,0.0024399999999999977,1.1703975,1.1679575,-0.0686809249335151,0.2805035211110878,21.78,16.02,0.9974,1
2022-08-26,Germany,10Y,Germany_10Y,0.008485500000000146,1.2387825000000001,1.230297,-0.1048020812767093,0.3015162325383534,25.56,16.0,0.9961,1
2022-08-29,Germany,10Y,Germany_10Y,0.007438999999999751,1.3497819999999998,1.342343,-0.1189764322454279,0.2159690947173268,26.21,16.0,0.9995,1
2022-08-30,Germany,10Y,Germany_10Y,0.0003559999999998009,1.360037,1.3596810000000001,-0.1765570306901773,0.3618213836805845,26.21,16.0,1.0012,1
2022-08-31,Germany,10Y,Germany_10Y,0.0013559999999999128,1.41957,1.418214,-0.1568148656327723,0.260869749496646,25.87,16.01,1.0057,1
2022-09-01,Germany,10Y,Germany_10Y,0.004369999999999985,1.456099,1.451729,-0.1757381120933969,0.3432790662095155,25.56,16.0,0.9944,1
2022-09-02,Germany,10Y,Germany_10Y,0.006337000000000037,1.384453,1.378116,-0.1140820153607628,0.2543603515589587,25.47,16.03,0.9951,1
2022-09-05,Germany,10Y,Germany_10Y,-0.0016415000000000735,1.4104655,1.412107,-0.1691286390953288,0.3219010724687195,25.99,16.06,0.9926,1
2022-09-06,Germany,10Y,Germany_10Y,0.007239999999999913,1.45518,1.44794,-0.1190747541178514,0.3155713217817794,26.91,16.11,0.9902,1
2022-09-07,Germany,10Y,Germany_10Y,0.004370500000000055,1.4422105,1.43784,-0.0885905292470472,0.2683875425704937,24.64,16.17,0.9999,1
2022-09-08,Germany,10Y,Germany_10Y,0.009218999999999866,1.585591,1.576372,-0.0912221594494532,0.2887923150091571,23.61,16.17,0.9994,1
2022-09-09,Germany,10Y,Germany_10Y,0.0023930000000000895,1.5632125000000001,1.5608195,-0.0762598708611206,0.3175459300825969,22.79,16.0,1.0039,1
2022-09-12,Germany,10Y,Germany_10Y,0.0072870000000000434,1.5071875000000001,1.4999005,-0.1531998942704489,0.2521538550445585,23.87,16.05,1.0119,1
2022-09-13,Germany,10Y,Germany_10Y,0.007359999999999811,1.6179679999999999,1.610608,-0.0607536833770631,0.3176206286026944,27.27,15.97,0.997,1
2022-09-14,Germany,10Y,Germany_10Y,0.006318500000000116,1.574723,1.5684045,0.0404184411908373,0.3070503779813548,26.16,16.0,0.9977,1
2022-09-15,Germany,10Y,Germany_10Y,0.006352000000000135,1.6251935,1.6188414999999998,-0.1279703579016456,0.2179734948000013,26.27,16.0,0.9999,1
2022-09-16,Germany,10Y,Germany_10Y,-0.0016855000000000064,1.665276,1.6669615,-0.1355209699853242,0.3086278238701785,26.3,16.02,1.0015,1
2022-09-19,Germany,10Y,Germany_10Y,0.0053514999999999535,1.6643919999999999,1.6590405,-0.0609839853571985,0.250050766776743,25.76,16.0,1.0022,1
2022-09-20,Germany,10Y,Germany_10Y,0.004091000000000067,1.8255465,1.8214555,-0.0955768375821818,0.2737476772185127,27.16,16.0,0.997,1
2022-09-21,Germany,10Y,Germany_10Y,0.005567999999999795,1.801361,1.7957930000000002,-0.0626684895737185,0.3087649050496504,27.99,17.01,0.9837,1
2022-09-22,Germany,10Y,Germany_10Y,0.020153999999999783,1.9046355,1.8844815000000001,-0.1158415196849547,0.2891660648612611,27.35,17.99,0.9836,1
2022-09-23,Germany,10Y,Germany_10Y,0.003385499999999819,1.936702,1.9333165,-0.1179573737640854,0.278281172244119,29.92,18.0,0.969,1
2022-09-26,Germany,10Y,Germany_10Y,0.007479999999999931,1.986848,1.979368,-0.1504776718895073,0.2800696807814773,32.26,18.0,0.9606,1
2022-09-27,Germany,10Y,Germany_10Y,0.012159000000000031,2.1251945,2.1130355,-0.1755259966880904,0.3153000050516224,32.6,20.01,0.9592,1
2022-09-28,Germany,10Y,Germany_10Y,0.006926000000000432,2.0638120000000004,2.056886,-0.2771546069221885,0.2972182269431596,30.18,21.03,0.9734,1
2022-09-29,Germany,10Y,Germany_10Y,0.006181000000000214,2.08292,2.076739,-0.1910320721216424,0.3107578218937921,31.84,22.5,0.9814,1
2022-09-30,Germany,10Y,Germany_10Y,0.019164000000000403,2.0025595000000003,1.9833954999999999,-0.0906780691354498,0.2936414589780393,31.62,22.5,0.9799,1
2022-10-03,Germany,10Y,Germany_10Y,0.004540500000000058,1.789593,1.7850525,-0.1022890444379108,0.3857727452112324,30.1,22.51,0.9824,1
2022-10-04,Germany,10Y,Germany_10Y,0.01020399999999988,1.7973735,1.7871695,-0.168418090825629,0.2942751319753683,29.07,22.5,0.9983,1
2022-10-05,Germany,10Y,Germany_10Y,0.006091499999999694,1.9025314999999998,1.8964400000000001,-0.1037846830127921,0.326130187409903,28.55,25.0,0.9882,1
2022-10-06,Germany,10Y,Germany_10Y,0.013275499999999774,1.9964695,1.9831940000000001,-0.2017527420040135,0.2871266771325298,30.52,25.0,0.9788,1
2022-10-07,Germany,10Y,Germany_10Y,0.0042079999999997675,2.0877285,2.0835205,-0.1701257221843602,0.3362303703339173,31.36,25.0,0.9741,1
2022-10-10,Germany,10Y,Germany_10Y,0.007202500000000445,2.225229,2.2180264999999997,-0.0511632790048966,0.3088077514201928,32.45,25.0,0.97,1
2022-10-11,Germany,10Y,Germany_10Y,-0.006859999999999644,2.1615675000000003,2.1684275,-0.1147215737511967,0.2401835665041067,33.63,27.49,0.9703,1
2022-10-12,Germany,10Y,Germany_10Y,-0.00689300000000026,2.213786,2.220679,-0.1627979258405784,0.3061115514454589,33.57,27.49,0.9704,1
2022-10-13,Germany,10Y,Germany_10Y,0.005193500000000295,2.2169115,2.211718,-0.0736761043447244,0.3636879845248907,31.94,27.5,0.9773,1
2022-10-14,Germany,10Y,Germany_10Y,0.008145999999999987,2.2252985,2.2171525,-0.0990930811941688,0.2660037581377252,32.02,27.49,0.9719,1
2022-10-17,Germany,10Y,Germany_10Y,0.005168999999999979,2.1548895,2.1497205,-0.0897076665653129,0.2834758464816105,31.37,27.48,0.9838,1
2022-10-18,Germany,10Y,Germany_10Y,0.0031559999999997146,2.1242064999999997,2.1210505,-0.1002880954994892,0.4165761544392667,30.5,27.49,0.9852,1
2022-10-19,Germany,10Y,Germany_10Y,0.007222000000000062,2.226111,2.218889,-0.0925550700818372,0.3373910032902523,30.76,27.5,0.9771,1
2022-10-20,Germany,10Y,Germany_10Y,0.007105000000000139,2.2783505,2.2712455,-0.1150708175300172,0.2316964942607393,29.98,27.49,0.9783,1
2022-10-21,Germany,10Y,Germany_10Y,-0.008841499999999947,2.2940110000000002,2.3028525,0.010712197286369,0.3322412709304447,29.69,27.48,0.986,1
2022-10-24,Germany,10Y,Germany_10Y,-0.0008540000000003545,2.213578,2.2144320000000004,-0.0998271385957215,0.3180564761192639,29.85,27.49,0.9874,1
2022-10-25,Germany,10Y,Germany_10Y,0.008213000000000026,2.0708355,2.0626225,-0.025562940029441,0.319467997029501,28.46,26.24,0.9964,1
2022-10-26,Germany,10Y,Germany_10Y,0.004204999999999792,2.018699,2.014494,-0.1451767795008721,0.3752649887286056,27.28,26.24,1.0077,1
2022-10-27,Germany,10Y,Germany_10Y,0.0021959999999998647,1.895403,1.893207,-0.1037742888156303,0.2757691771759246,27.39,26.24,0.9962,1
2022-10-28,Germany,10Y,Germany_10Y,0.00710949999999988,2.006725,1.9996155,-0.1030844955583177,0.3433615462439614,25.75,26.25,0.9963,1
2022-10-31,Germany,10Y,Germany_10Y,-0.0006900000000000794,2.0426775,2.0433675,0.0414511741564269,0.3037497060987552,25.88,26.24,0.9883,1
2022-11-01,Germany,10Y,Germany_10Y,-0.0017609999999992354,2.0213210000000004,2.0230819999999996,-0.1625913198009128,0.2002308166120107,25.81,25.0,0.9874,1
2022-11-02,Germany,10Y,Germany_10Y,-0.0008435000000002191,2.0356885,2.0365320000000002,-0.0308643143764568,0.3544480743099713,25.86,25.0,0.9817,1
2022-11-03,Germany,10Y,Germany_10Y,0.0011650000000003047,2.1567495,2.1555845,-0.0987385046324983,0.271494356320033,25.3,25.0,0.9751,1
2022-11-04,Germany,10Y,Germany_10Y,0.0080429999999998,2.2302435,2.2222005,-0.0669533040836913,0.3229841522842668,24.55,25.0,0.996,1
2022-11-07,Germany,10Y,Germany_10Y,-0.004925000000000068,2.2363535,2.2412785,0.0025050730519498,0.3738066714153223,24.35,25.0,1.0019,1
2022-11-08,Germany,10Y,Germany_10Y,0.00725399999999965,2.2098139999999997,2.20256,-0.0632553215406302,0.3217537138394265,25.54,25.0,1.0072,1
2022-11-09,Germany,10Y,Germany_10Y,0.004092500000000054,2.086704,2.0826115,-0.0238930099967107,0.3410413197380925,26.09,25.0,1.0011,1
2022-11-10,Germany,10Y,Germany_10Y,0.001142999999999894,1.9141585,1.9130155000000002,-0.0697711184514694,0.3315087127625718,23.53,25.0,1.0208,1
2022-11-11,Germany,10Y,Germany_10Y,0.010120000000000129,2.0813375,2.0712175,0.0029742979990647,0.388529314175587,22.52,22.5,1.0352,1
2022-11-14,Germany,10Y,Germany_10Y,-0.0008490000000000997,2.0828545,2.0837035,-0.063065879440283,0.2383831677785765,23.73,22.5,1.0325,1
2022-11-15,Germany,10Y,Germany_10Y,0.007157000000000302,2.0283565,2.0211995,-0.0109227914122872,0.2901636467331768,24.54,22.51,1.0348,1
2022-11-16,Germany,10Y,Germany_10Y,-0.000839499999999882,1.9358235000000001,1.936663,-0.1304568035708858,0.315693995366592,24.11,22.5,1.0392,1
2022-11-17,Germany,10Y,Germany_10Y,0.010044500000000234,1.973437,1.9633924999999999,-0.133711720946394,0.2982176068791777,23.93,20.0,1.036,1
2022-11-18,Germany,10Y,Germany_10Y,0.002068000000000181,1.949003,1.9469349999999999,-0.1355633326953035,0.3434223024166525,23.12,20.0,1.0324,1
2022-11-21,Germany,10Y,Germany_10Y,0.008035500000000084,1.942656,1.9346204999999999,-0.1366999951729778,0.2648716236138904,22.36,20.01,1.0241,1
2022-11-22,Germany,10Y,Germany_10Y,0.018143499999999868,1.94902,1.9308765,-0.1153865501563611,0.3033433112944792,21.29,20.01,1.0302,1
2022-11-23,Germany,10Y,Germany_10Y,0.015177499999999844,1.8997035,1.8845260000000001,-0.0415837417103523,0.3133647524062954,20.35,20.01,1.0395,1
2022-11-24,Germany,10Y,Germany_10Y,0.014169500000000168,1.8127045000000002,1.798535,-0.1370945730691505,0.2984683356098846,20.42,20.01,1.0408,1
2022-11-25,Germany,10Y,Germany_10Y,0.015098999999999974,1.9434635,1.9283645,-0.1091511291815566,0.234676028105882,20.5,20.01,1.0395,1
2022-11-28,Germany,10Y,Germany_10Y,0.01618300000000006,1.948458,1.932275,-0.0427583667069693,0.2691302345032796,22.21,20.01,1.0337,1
2022-11-29,Germany,10Y,Germany_10Y,0.011046000000000111,1.8625695,1.8515234999999999,0.0293422779379292,0.3015008662072064,21.89,20.0,1.0327,1
2022-11-30,Germany,10Y,Germany_10Y,0.008175000000000043,1.8917855000000001,1.8836105,-0.1121665578149539,0.3174860781439096,20.58,20.02,1.0405,1
2022-12-01,Germany,10Y,Germany_10Y,0.005978000000000039,1.7669035,1.7609255,-0.0242586672328939,0.3239035519937683,19.84,19.02,1.0522,1
2022-12-02,Germany,10Y,Germany_10Y,0.007215999999999667,1.8084924999999998,1.8012765000000002,-0.1917606892934858,0.2697198471116337,19.06,19.01,1.0538,1
2022-12-05,Germany,10Y,Germany_10Y,0.022134499999999946,1.829377,1.8072425,-0.1318235610841767,0.2712056255572827,20.75,17.99,1.0491,1
2022-12-06,Germany,10Y,Germany_10Y,0.007187999999999972,1.7557855,1.7485975,-0.0748437794886907,0.3078358061128015,22.17,18.02,1.0469,1
2022-12-07,Germany,10Y,Germany_10Y,0.00928949999999995,1.7314604999999998,1.722171,-0.1110284801552085,0.2178234726945776,22.68,18.03,1.0505,1
2022-12-08,Germany,10Y,Germany_10Y,0.005228999999999928,1.7581635,1.7529345,-0.074936673645776,0.3331978483067119,22.29,18.0,1.0556,1
2022-12-09,Germany,10Y,Germany_10Y,0.009115500000000054,1.8828795,1.873764,-0.1162425404454294,0.3724359974345117,22.83,18.01,1.053,1
2022-12-12,Germany,10Y,Germany_10Y,0.01310750000000005,1.8896915,1.876584,-0.0068694140010029,0.28201291841011,25.0,19.0,1.0535,1
2022-12-13,Germany,10Y,Germany_10Y,0.01414699999999991,1.8588084999999999,1.8446615,0.0102238818005041,0.3207454492732866,22.55,19.03,1.063,1
2022-12-14,Germany,10Y,Germany_10Y,0.016158000000000117,1.8731110000000002,1.856953,-0.0333228306163035,0.2318308681824925,21.14,19.02,1.0682,1
2022-12-15,Germany,10Y,Germany_10Y,0.011141999999999985,2.062887,2.051745,0.0024108974997134,0.3156048430204158,22.83,19.01,1.0626,1
2022-12-16,Germany,10Y,Germany_10Y,0.046012000000000164,2.1888965000000002,2.1428845,-0.0404858897896853,0.2803275299810976,22.62,19.01,1.0582,1
2022-12-19,Germany,10Y,Germany_10Y,0.014070999999999945,2.162601,2.14853,-0.0992901562854668,0.2512207873508506,22.42,19.0,1.0605,1
2022-12-20,Germany,10Y,Germany_10Y,0.019116000000000355,2.268021,2.2489049999999997,-0.0272185478068984,0.2622229466848883,21.48,19.0,1.0621,1
2022-12-21,Germany,10Y,Germany_10Y,0.021036000000000055,2.274721,2.253685,-0.046593276825554,0.3041720758760908,20.07,19.01,1.0603,1
2022-12-22,Germany,10Y,Germany_10Y,0.025141999999999776,2.327458,2.3023160000000003,-0.0419676590694267,0.2467648081402517,21.97,19.01,1.0593,1
2022-12-23,Germany,10Y,Germany_10Y,0.018847000000000058,2.3774815,2.3586345,0.0223087885031692,0.2436650285563336,20.87,19.0,1.0614,1
2022-12-26,Germany,10Y,Germany_10Y,0.018846500000000432,2.3770005000000003,2.358154,-0.1504143847609209,0.3736557988916109,20.87,19.01,1.0635,1
2022-12-27,Germany,10Y,Germany_10Y,0.023540500000000186,2.4788115,2.4552709999999998,-0.1837763723565039,0.237107948605308,21.65,19.0,1.0638,1
2022-12-28,Germany,10Y,Germany_10Y,0.0020214999999996763,2.4567305,2.4547090000000003,-0.0249246028139866,0.2651258138927775,22.14,19.01,1.0608,1
2022-12-29,Germany,10Y,Germany_10Y,0.021059999999999857,2.4333815,2.4123215,-0.1862345834566838,0.2851737147388173,21.44,19.01,1.0661,1
2022-12-30,Germany,10Y,Germany_10Y,0.016994000000000398,2.5185855000000004,2.5015915,0.0474682630568078,0.1497372254267651,21.67,19.0,1.0702,1
2023-01-02,Germany,10Y,Germany_10Y,0.007012000000000018,2.404967,2.397955,-0.1631142557699485,0.2556348155431793,21.67,19.01,1.0662,1
2023-01-03,Germany,10Y,Germany_10Y,0.006010500000000363,2.3325240000000003,2.3265135,-0.0968418848146848,0.2244229014705625,22.9,19.02,1.0546,1
2023-01-04,Germany,10Y,Germany_10Y,7.999999999963592e-05,2.2137135,2.2136335000000003,-0.0559582674338184,0.234352059879271,22.01,19.02,1.0599,1
2023-01-05,Germany,10Y,Germany_10Y,0.008051999999999726,2.2583235,2.2502715,-0.0406873258875981,0.2667697827589073,22.46,19.0,1.052,1
2023-01-06,Germany,10Y,Germany_10Y,0.017161499999999386,2.1641199999999996,2.1469585,0.020217134070925,0.3109371528973429,21.13,19.04,1.0644,1
2023-01-09,Germany,10Y,Germany_10Y,0.009112000000000009,2.1788505000000002,2.1697385000000002,-0.0345890248748851,0.3128024489986268,21.97,19.02,1.0728,1
2023-01-10,Germany,10Y,Germany_10Y,0.001994499999999455,2.2518589999999996,2.2498645,-0.1644967251158229,0.358146573359368,20.58,19.0,1.0734,1
2023-01-11,Germany,10Y,Germany_10Y,0.004194000000000031,2.150339,2.1461449999999997,-0.0720199948601221,0.2743259261128053,21.09,19.02,1.0755,1
2023-01-12,Germany,10Y,Germany_10Y,0.0010245000000002058,2.0858755,2.084851,0.0090585523875154,0.2900436945822428,18.83,19.02,1.0846,1
2023-01-13,Germany,10Y,Germany_10Y,-0.0077864999999999185,2.0628665,2.070653,-0.1689524292030504,0.2122519794154626,18.35,19.0,1.0828,1
2023-01-16,Germany,10Y,Germany_10Y,0.007015500000000063,2.0905535,2.083538,-0.1450275345521415,0.3154663684231558,19.49,19.01,1.0816,1
2023-01-17,Germany,10Y,Germany_10Y,-0.003987500000000033,1.987036,1.9910235,-0.1871226629831499,0.369389838949717,19.36,19.01,1.0788,1
2023-01-18,Germany,10Y,Germany_10Y,0.003190999999999722,1.9289364999999998,1.9257455,-0.0569417979277377,0.3106815772876007,20.34,19.03,1.0792,1
2023-01-19,Germany,10Y,Germany_10Y,-0.01681049999999984,1.964916,1.9817265,-0.01538014205462,0.3008298975801751,20.52,19.01,1.0827,1
2023-01-20,Germany,10Y,Germany_10Y,-0.011914500000000494,2.0735184999999996,2.085433,-0.0180533396081248,0.3211933102708963,19.85,19.0,1.0855,1
2023-01-25,Germany,10Y,Germany_10Y,-0.008912499999999657,2.0584405,2.0673529999999998,-0.0911047686652754,0.3170896469681777,19.08,16.02,1.0915,1
2023-01-26,Germany,10Y,Germany_10Y,-0.009913999999999312,2.1135520000000003,2.1234659999999996,-0.0510000289175922,0.2699878154637505,18.73,15.01,1.0889,1
2023-01-27,Germany,10Y,Germany_10Y,-0.008983999999999881,2.1402125,2.1491965,-0.1174672417543727,0.2883382761473765,18.51,15.01,1.0867,1
2023-01-30,Germany,10Y,Germany_10Y,-0.013041499999999928,2.2092574999999997,2.2222989999999996,-0.0472408883063992,0.3314690415242621,19.94,15.0,1.0844,1
2023-01-31,Germany,10Y,Germany_10Y,-0.01397999999999966,2.1864135,2.2003934999999997,-0.0520787801114684,0.2988144962295734,19.4,15.02,1.0862,1
2023-02-01,Germany,10Y,Germany_10Y,-0.014960000000000306,2.1996845,2.2146445000000003,-0.0324299912711348,0.3158653827784754,17.87,15.04,1.0989,1
2023-02-02,Germany,10Y,Germany_10Y,-0.02186050000000006,1.93583,1.9576905,-0.1541440925397712,0.3506633557355555,18.73,15.02,1.091,1
2023-02-03,Germany,10Y,Germany_10Y,-0.0089579999999998,2.079768,2.088726,-0.0861903684694862,0.2868729866558936,18.33,14.98,1.0793,1
2023-02-06,Germany,10Y,Germany_10Y,-0.01191800000000054,2.18117,2.1930880000000004,-0.1501592532823124,0.3615346951143414,19.43,14.98,1.073,1
2023-02-07,Germany,10Y,Germany_10Y,-0.009865500000000083,2.2117645,2.22163,-0.1509805939433555,0.2758790892488527,18.66,15.02,1.0723,1
2023-02-08,Germany,10Y,Germany_10Y,-0.014902499999999819,2.2572605,2.272163,-0.0583712620115722,0.2994311530156517,19.63,15.02,1.0709,1
2023-02-09,Germany,10Y,Germany_10Y,-0.008918500000000051,2.2182435,2.227162,-0.0834026445467054,0.3316600096894119,20.71,15.01,1.0736,1
2023-02-10,Germany,10Y,Germany_10Y,-0.011880500000000183,2.2836784999999997,2.295559,-0.0581834178251678,0.2611463256151164,20.53,15.02,1.0675,1
2023-02-13,Germany,10Y,Germany_10Y,-0.023059499999999566,2.2875940000000003,2.3106535,-0.1274182946837172,0.2364165609734725,20.34,15.01,1.072,1
2023-02-14,Germany,10Y,Germany_10Y,-0.011965500000000073,2.3622535,2.374219,-0.0801629270871771,0.2648244111379162,18.91,14.98,1.0735,1
2023-02-15,Germany,10Y,Germany_10Y,-0.011025999999999758,2.4001365,2.4111624999999997,-0.1778186396853385,0.3299469778189237,18.23,15.01,1.0689,1
2023-02-16,Germany,10Y,Germany_10Y,-0.01498649999999957,2.4193265000000004,2.434313,-0.0530695603905193,0.333384637391698,20.17,15.02,1.0668,1
2023-02-17,Germany,10Y,Germany_10Y,-0.008093999999999824,2.39879,2.406884,-0.0898299730704274,0.3050020457292634,20.02,15.02,1.0694,1
2023-02-20,Germany,10Y,Germany_10Y,-0.01104399999999961,2.4014785,2.4125224999999997,-0.149118143817108,0.2797154050588781,21.23,15.0,1.0682,1
2023-02-21,Germany,10Y,Germany_10Y,-0.013104000000000227,2.4865955,2.4996995,-0.0708046178314296,0.2239160155954581,22.87,14.98,1.0646,1
2023-02-22,Germany,10Y,Germany_10Y,-0.00896499999999989,2.4601895000000003,2.4691545,-0.0701989583642755,0.2962264464578281,22.29,15.01,1.0601,1
2023-02-23,Germany,10Y,Germany_10Y,-0.012070500000000095,2.427752,2.4398225,-0.0569391399194771,0.2633858304058859,21.14,15.02,1.0595,1
2023-02-24,Germany,10Y,Germany_10Y,-0.0020650000000004276,2.5040994999999997,2.5061645,-0.200086815083215,0.3004016662092301,21.67,14.98,1.0546,1
2023-02-27,Germany,10Y,Germany_10Y,-0.0070430000000003545,2.533994,2.541037,-0.0522691262736311,0.3345254051206132,20.95,15.01,1.0607,1
2023-02-28,Germany,10Y,Germany_10Y,-0.01307849999999977,2.591094,2.6041725,-0.0369170418295009,0.2161074157679477,20.7,15.01,1.0576,1
2023-03-01,Germany,10Y,Germany_10Y,-0.00897699999999979,2.6758105,2.6847874999999997,-0.0711974299950348,0.3324155662579844,20.58,14.99,1.0665,1
2023-03-02,Germany,10Y,Germany_10Y,-0.005134499999999598,2.7087335,2.7138679999999997,-0.0719328040547525,0.2837639058263453,19.59,15.0,1.0596,1
2023-03-03,Germany,10Y,Germany_10Y,0.0007589999999999542,2.7149665,2.7142075,-0.102651673686856,0.3078625231553225,18.49,15.02,1.0632,1
2023-03-06,Germany,10Y,Germany_10Y,-0.007165500000000158,2.7174965,2.7246620000000004,-0.1279884109845168,0.3294004258743888,18.61,15.01,1.0678,1
2023-03-07,Germany,10Y,Germany_10Y,-0.0031134999999999913,2.6961035,2.699217,-0.0809120102452429,0.3350678475166419,19.59,14.99,1.0547,1
2023-03-08,Germany,10Y,Germany_10Y,-0.011985500000000204,2.6369765,2.648962,-0.0525630777069353,0.3213909433716868,19.11,15.01,1.0544,1
2023-03-09,Germany,10Y,Germany_10Y,0.004954499999999751,2.655712,2.6507575,-0.1113119067520549,0.288034674141332,22.61,15.03,1.058,1
2023-03-10,Germany,10Y,Germany_10Y,-0.003057999999999783,2.4590345,2.4620925,-0.0537997163046983,0.3317509921693344,24.8,15.08,1.0643,1
2023-03-13,Germany,10Y,Germany_10Y,-0.005905999999999967,2.1926705,2.1985765,-0.0901441544448555,0.3495407096371893,26.52,15.11,1.0729,1
2023-03-14,Germany,10Y,Germany_10Y,-0.0020614999999999384,2.4270035,2.429065,-0.0956657821110687,0.3417289610026015,23.73,15.07,1.0732,1
2023-03-15,Germany,10Y,Germany_10Y,8.100000000021979e-05,2.078128,2.0780469999999998,-0.0475102704065429,0.3402359759419587,26.14,15.08,1.0575,1
2023-03-16,Germany,10Y,Germany_10Y,-0.014956499999999817,2.159384,2.1743405,-0.0775079620890233,0.342135146718819,22.99,14.96,1.0605,1
2023-03-17,Germany,10Y,Germany_10Y,0.024076500000000056,2.044672,2.0205954999999998,0.0200632711315819,0.3001271438920065,25.51,15.06,1.0666,1
2023-03-20,Germany,10Y,Germany_10Y,8.100000000021979e-05,2.0303880000000003,2.030307,-0.0605678149311155,0.2111797210721059,24.15,14.99,1.0719,1
2023-03-21,Germany,10Y,Germany_10Y,-0.015041000000000526,2.2169394999999996,2.2319805,-0.0881323909326423,0.2475975056745967,21.38,14.97,1.0767,1
2023-03-22,Germany,10Y,Germany_10Y,-0.0008984999999999133,2.2828115,2.28371,0.1116795412508362,0.2603306817082533,22.26,15.07,1.0855,1
2023-03-23,Germany,10Y,Germany_10Y,-0.009932000000000052,2.1205749999999997,2.1305069999999997,-0.068718109114816,0.2653479246781908,22.61,15.05,1.083,1
2023-03-24,Germany,10Y,Germany_10Y,-0.002966499999999872,2.0360765,2.039043,-0.0903991160822069,0.3144146214895731,21.74,16.03,1.0759,1
2023-03-27,Germany,10Y,Germany_10Y,-0.00896700000000017,2.1190965,2.1280635,-0.1467886703843826,0.3096434719128916,20.6,15.97,1.0796,1
2023-03-28,Germany,10Y,Germany_10Y,0.005943999999999949,2.216901,2.210957,-0.0702597740904626,0.3130057910571844,19.97,16.01,1.0843,1
2023-03-29,Germany,10Y,Germany_10Y,-0.008071499999999787,2.2240895,2.2321609999999996,-0.0943697266161948,0.2794715061727323,19.12,16.02,1.0843,1
2023-03-30,Germany,10Y,Germany_10Y,0.0030359999999998166,2.292218,2.2891820000000003,0.0112649478463649,0.2908517694282496,19.02,16.02,1.0901,1
2023-03-31,Germany,10Y,Germany_10Y,-0.009061499999999612,2.224171,2.2332324999999997,-0.0533666450168059,0.2808089395295312,18.7,16.03,1.0839,1
2023-04-03,Germany,10Y,Germany_10Y,-0.014058000000000348,2.161168,2.1752260000000003,-0.1688693009324642,0.3569968390408383,18.55,15.03,1.0895,1
2023-04-04,Germany,10Y,Germany_10Y,-0.01390749999999974,2.168483,2.1823905,-0.2051589928887484,0.2750003064570214,19.0,15.05,1.0952,1
2023-04-05,Germany,10Y,Germany_10Y,-0.018997000000000153,2.072155,2.091152,-0.0562778085718226,0.2569942522433761,19.08,15.03,1.0903,1
2023-04-06,Germany,10Y,Germany_10Y,-0.01399499999999998,2.0797265,2.0937215,-0.0458760941848408,0.3075374902770788,18.4,15.02,1.092,1
2023-04-07,Germany,10Y,Germany_10Y,-0.014011999999999691,2.0944510000000003,2.108463,-0.1202696866028938,0.2839960006047365,18.4,15.02,1.0897,1
2023-04-10,Germany,10Y,Germany_10Y,-0.014011999999999691,2.0944510000000003,2.108463,-0.2119585734242443,0.3722471896005192,18.97,15.02,1.0859,1
2023-04-11,Germany,10Y,Germany_10Y,-0.011046999999999585,2.217976,2.2290229999999998,-0.1167308012459818,0.3735579574424227,19.1,15.01,1.091,1
2023-04-12,Germany,10Y,Germany_10Y,-0.01193550000000032,2.2864269999999998,2.2983625,-0.096986863374716,0.2989423028260639,19.09,15.04,1.0989,1
2023-04-13,Germany,10Y,Germany_10Y,-0.01902899999999974,2.2801270000000002,2.299156,0.0731455575094242,0.3445273477905333,17.8,15.01,1.1044,1
2023-04-14,Germany,10Y,Germany_10Y,-0.011020999999999948,2.353173,2.364194,-0.1305619149143596,0.2856409361754089,17.07,14.99,1.1,1
2023-04-17,Germany,10Y,Germany_10Y,-0.0030815000000004034,2.4168695,2.419951,-0.0397974612778845,0.2332411291497229,16.95,15.02,1.0926,1
2023-04-18,Germany,10Y,Germany_10Y,-0.015046500000000407,2.38284,2.3978865000000003,-0.1157164043894167,0.2909878349086905,16.83,15.02,1.0971,1
2023-04-19,Germany,10Y,Germany_10Y,-0.01812950000000013,2.4385555,2.4566850000000002,-0.1174553298415667,0.2719327960544334,16.46,15.02,1.0954,1
2023-04-20,Germany,10Y,Germany_10Y,-0.011076999999999781,2.3924475000000003,2.4035245,-0.0998771774367491,0.3439464575494885,17.17,15.04,1.0967,1
2023-04-21,Germany,10Y,Germany_10Y,-0.02313849999999995,2.4186995,2.4418379999999997,-0.0482997328463435,0.2689761328434304,16.77,15.01,1.0987,1
2023-04-24,Germany,10Y,Germany_10Y,-0.009106500000000128,2.424127,2.4332335,0.007779839773704,0.3063869248405624,16.89,15.03,1.1041,1
2023-04-25,Germany,10Y,Germany_10Y,-0.001076000000000299,2.315085,2.316161,-0.0730009276955824,0.4300378604189481,18.76,15.03,1.0972,1
2023-04-26,Germany,10Y,Germany_10Y,0.0009104999999998142,2.2942785,2.293368,-0.1002301269301031,0.3524552239762737,18.84,15.01,1.104,1
2023-04-27,Germany,10Y,Germany_10Y,-0.014080000000000314,2.3642045,2.3782845000000004,0.0807552402633496,0.3200028716351614,17.03,15.02,1.1027,1
2023-04-28,Germany,10Y,Germany_10Y,-0.02413600000000038,2.2155709999999997,2.239707,-0.0865672995870827,0.2597731475385498,15.78,15.04,1.102,1
2023-05-01,Germany,10Y,Germany_10Y,-0.02396649999999978,2.213267,2.2372335,-0.0893265341544855,0.2353726366310897,16.08,15.01,1.0975,1
2023-05-02,Germany,10Y,Germany_10Y,-0.01714849999999979,2.166458,2.1836065,-0.0922013459741882,0.2645195702964458,17.78,14.99,1.0999,1
2023-05-03,Germany,10Y,Germany_10Y,-0.013048000000000393,2.1661335,2.1791815000000003,-0.0522662816781337,0.3497222272788103,18.34,15.02,1.1059,1
2023-05-04,Germany,10Y,Germany_10Y,-0.014115000000000322,2.082686,2.096801,-0.0939527902415981,0.3953903530839534,20.09,14.03,1.1011,1
2023-05-05,Germany,10Y,Germany_10Y,-0.018987999999999783,2.1684495,2.1874374999999997,-0.0504231616474907,0.2668657195362799,17.19,13.99,1.1017,1
2023-05-08,Germany,10Y,Germany_10Y,-0.01955449999999992,2.2104305,2.229985,-0.1896508002651319,0.3575452577372831,16.98,14.02,1.1004,1
2023-05-09,Germany,10Y,Germany_10Y,-0.013952999999999882,2.217213,2.231166,-0.1538877470294264,0.3669127615738838,17.71,14.02,1.096,1
2023-05-10,Germany,10Y,Germany_10Y,-0.02212000000000014,2.159587,2.1817070000000003,-0.0165566285275659,0.2370438794325153,16.94,14.03,1.098,1
2023-05-11,Germany,10Y,Germany_10Y,-0.01810500000000026,2.1033049999999998,2.12141,-0.0254033951131315,0.2899624813221792,16.93,14.05,1.0914,1
2023-05-12,Germany,10Y,Germany_10Y,0.0009065000000001433,2.1742475,2.1733409999999997,-0.0289305168576877,0.2639463167816996,17.03,14.03,1.0848,1
2023-05-15,Germany,10Y,Germany_10Y,-0.0030535000000000423,2.1978405,2.200894,-0.0235504160616045,0.2842058606870091,17.12,14.08,1.0872,1
2023-05-16,Germany,10Y,Germany_10Y,-0.019133000000000067,2.2269550000000002,2.2460880000000003,-0.1092359913299764,0.3183686110062115,17.99,13.96,1.0861,1
2023-05-17,Germany,10Y,Germany_10Y,-0.01996249999999966,2.2233365000000003,2.243299,-0.1376464986144529,0.2779726779456248,16.87,14.11,1.0839,1
2023-05-18,Germany,10Y,Germany_10Y,-0.014985499999999874,2.3462955,2.361281,-0.0669700179708068,0.2209535445784236,16.05,14.38,1.0769,1
2023-05-19,Germany,10Y,Germany_10Y,-0.016154000000000224,2.3388275,2.3549815,-0.1124008946495224,0.2700668668367164,16.81,14.0,1.0802,1
2023-05-22,Germany,10Y,Germany_10Y,-0.007966999999999835,2.3641835,2.3721505,-0.070945375114447,0.2416353356463762,17.21,14.01,1.0811,1
2023-05-23,Germany,10Y,Germany_10Y,-0.019218500000000027,2.3629094999999998,2.382128,-0.1427749052692709,0.349823660795747,18.53,14.02,1.0768,1
2023-05-24,Germany,10Y,Germany_10Y,-0.018040000000000056,2.356771,2.3748110000000002,-0.1837408831698644,0.3496913431341174,20.03,14.03,1.0748,1
2023-05-25,Germany,10Y,Germany_10Y,-0.020124999999999726,2.3882305,2.4083555,-0.1133482166479867,0.3306569033376189,19.14,14.48,1.0719,1
2023-05-26,Germany,10Y,Germany_10Y,-0.020241500000000023,2.4565004999999998,2.4767419999999998,-0.1104141854584661,0.333714412895164,17.95,14.01,1.0724,1
2023-05-29,Germany,10Y,Germany_10Y,-0.010162999999999922,2.3544155,2.3645785,0.1115726676325823,0.3702173370904438,17.46,14.01,1.0705,1
2023-05-30,Germany,10Y,Germany_10Y,-0.018090499999999565,2.2527625000000002,2.270853,-0.0280979780658163,0.283130109327261,17.46,14.02,1.0733,1
2023-05-31,Germany,10Y,Germany_10Y,-0.0201365,2.172386,2.1925225,-0.0146518939365973,0.3075791550112533,17.94,13.54,1.0688,1
2023-06-01,Germany,10Y,Germany_10Y,-0.014981999999999829,2.149223,2.164205,-0.0755385811281644,0.3014215809900821,15.65,13.53,1.0761,1
2023-06-02,Germany,10Y,Germany_10Y,-0.016067000000000053,2.216434,2.232501,-0.037096445093895,0.3239304410958435,14.6,13.47,1.0706,1
2023-06-05,Germany,10Y,Germany_10Y,-0.022021499999999694,2.281375,2.3033965,-0.063837826457001,0.2981685466585255,14.73,14.03,1.0712,1
2023-06-06,Germany,10Y,Germany_10Y,-0.019185999999999925,2.2862725,2.3054585,-0.0697206743010139,0.4155333567671067,13.96,14.01,1.0691,1
2023-06-07,Germany,10Y,Germany_10Y,-0.02011900000000022,2.341208,2.361327,-0.0572992670385196,0.3243375308507168,13.94,14.0,1.0697,1
2023-06-08,Germany,10Y,Germany_10Y,-0.01321249999999985,2.329276,2.3424885,-0.0848807345131994,0.3144957600498358,13.65,13.53,1.0781,1
2023-06-09,Germany,10Y,Germany_10Y,-0.015022999999999787,2.290353,2.305376,-0.1272692167948903,0.252187072854885,13.83,13.51,1.0747,1
2023-06-12,Germany,10Y,Germany_10Y,-0.014016499999999876,2.286875,2.3008915,-0.1806356843700967,0.3415175918295849,15.01,13.52,1.0757,1
2023-06-13,Germany,10Y,Germany_10Y,-0.011222000000000065,2.351194,2.362416,-0.1097017711762613,0.3011170371530719,14.61,13.52,1.0791,1
2023-06-14,Germany,10Y,Germany_10Y,-0.022248999999999963,2.3738915,2.3961405,-0.0824321704285271,0.2914617911331012,13.88,13.52,1.0831,1
2023-06-15,Germany,10Y,Germany_10Y,-0.00417500000000004,2.4634345,2.4676095,-0.0559282869325855,0.3642076886565076,14.5,14.01,1.0945,1
2023-06-16,Germany,10Y,Germany_10Y,-0.017079999999999984,2.416744,2.433824,-0.0457465067241738,0.2897857735643425,13.54,14.01,1.0933,1
2023-06-19,Germany,10Y,Germany_10Y,-0.016055000000000152,2.469899,2.485954,-0.0745154604792501,0.3195842819024145,14.19,14.02,1.0922,1
2023-06-20,Germany,10Y,Germany_10Y,-0.015913000000000288,2.354774,2.370687,-0.0856472039306583,0.3389674589742198,13.88,13.51,1.0916,1
2023-06-21,Germany,10Y,Germany_10Y,-0.018340999999999497,2.389076,2.4074169999999997,-0.0655996375143056,0.2824922694475656,13.2,13.51,1.0984,1
2023-06-22,Germany,10Y,Germany_10Y,-0.01555400000000029,2.459838,2.4753920000000003,-0.0790793525315175,0.2173879002547865,12.91,13.51,1.0956,1
2023-06-23,Germany,10Y,Germany_10Y,-0.021965000000000234,2.3072559999999998,2.329221,-0.0569246345619927,0.2747793120053074,13.44,13.52,1.0889,1
2023-06-26,Germany,10Y,Germany_10Y,-0.013993000000000144,2.279141,2.2931340000000002,-0.0944662765253092,0.3090790994417807,14.25,13.53,1.0904,1
2023-06-27,Germany,10Y,Germany_10Y,-0.012030000000000207,2.340179,2.352209,-0.1362715570113654,0.3179107304867876,13.74,13.51,1.0959,1
2023-06-28,Germany,10Y,Germany_10Y,-0.007944000000000173,2.305729,2.313673,0.0013520469872167,0.3038017276621479,13.43,13.51,1.0911,1
2023-06-29,Germany,10Y,Germany_10Y,-0.009024999999999839,2.386991,2.396016,-0.0547398873228654,0.2530396840724941,13.54,13.51,1.0864,1
2023-06-30,Germany,10Y,Germany_10Y,-0.009876999999999914,2.384348,2.394225,0.0079756348671923,0.3232779168205139,13.59,13.51,1.091,1
2023-07-03,Germany,10Y,Germany_10Y,-0.010083999999999982,2.426901,2.436985,-0.0500822933544421,0.2805338042329151,13.57,13.5,1.0911,1
2023-07-04,Germany,10Y,Germany_10Y,0.009930999999999912,2.454713,2.444782,-0.0824822279243142,0.3056973445242033,13.7,13.52,1.0877,1
2023-07-05,Germany,10Y,Germany_10Y,-0.015071999999999974,2.441972,2.457044,-0.0983934638720753,0.3161903567589107,14.18,13.52,1.0851,1
2023-07-06,Germany,10Y,Germany_10Y,-0.013013999999999637,2.5956900000000003,2.608704,-0.1158331192440039,0.336880114510832,15.44,13.5,1.0887,1
2023-07-07,Germany,10Y,Germany_10Y,-0.0019080000000002428,2.591329,2.5932370000000002,-0.084926184766203,0.2484306558587529,14.83,13.51,1.0967,1
2023-07-10,Germany,10Y,Germany_10Y,-0.01492799999999983,2.591478,2.606406,-0.0118283152363756,0.3349598744923655,15.07,13.51,1.0999,1
2023-07-11,Germany,10Y,Germany_10Y,-0.0059109999999997775,2.610382,2.6162929999999998,0.0296805680311113,0.3897084756352444,14.84,14.02,1.1006,1
2023-07-12,Germany,10Y,Germany_10Y,-0.014330000000000176,2.515276,2.5296060000000002,-0.1027320223513205,0.3743073966011975,13.54,14.02,1.1128,1
2023-07-13,Germany,10Y,Germany_10Y,-0.0018889999999998075,2.443654,2.445543,-0.1409034428282383,0.3777994860521089,13.61,14.02,1.1224,1
2023-07-14,Germany,10Y,Germany_10Y,-0.015128000000000252,2.444614,2.4597420000000003,-0.0398349621148929,0.3252422192503183,13.34,14.01,1.1227,1
2023-07-17,Germany,10Y,Germany_10Y,-0.01098700000000008,2.424793,2.4357800000000003,-0.0163659072518151,0.3016885026641177,13.48,14.02,1.1234,1
2023-07-18,Germany,10Y,Germany_10Y,-0.01702600000000043,2.312778,2.329804,-0.0386331576829172,0.2933128867821595,13.3,14.52,1.1226,1
2023-07-19,Germany,10Y,Germany_10Y,-0.014002999999999766,2.348116,2.362119,-0.1358528003710257,0.2819848330219081,13.76,14.52,1.1198,1
2023-07-20,Germany,10Y,Germany_10Y,-0.011005999999999627,2.4269860000000003,2.437992,-0.0598828825160686,0.3527715659676611,13.99,14.01,1.1128,1
2023-07-21,Germany,10Y,Germany_10Y,-0.016993999999999954,2.396166,2.41316,-0.0703511125961213,0.2349176653816466,13.6,14.01,1.1123,1
2023-07-24,Germany,10Y,Germany_10Y,-0.009924999999999962,2.355475,2.3654,-0.037031114175101,0.2848106343203346,13.91,14.01,1.1062,1
2023-07-25,Germany,10Y,Germany_10Y,-0.013027999999999818,2.372499,2.3855269999999997,-0.1281529117846135,0.2814929053606402,13.86,14.02,1.1053,1
2023-07-26,Germany,10Y,Germany_10Y,-0.016878999999999866,2.426336,2.443215,-0.1336517090109915,0.2855602627877765,13.19,14.01,1.1083,1
2023-07-27,Germany,10Y,Germany_10Y,-0.0070589999999999264,2.414914,2.421973,-0.1181856202476846,0.2530590307481238,14.41,14.02,1.0973,1
2023-07-28,Germany,10Y,Germany_10Y,-0.012048000000000059,2.404163,2.416211,-0.1462066970915214,0.3285209233081042,13.33,14.02,1.1015,1
2023-07-31,Germany,10Y,Germany_10Y,-0.0158349999999996,2.3973690000000003,2.413204,-0.1135993473522619,0.272660806506428,13.63,14.01,1.0993,1
2023-08-01,Germany,10Y,Germany_10Y,-0.01090100000000005,2.463527,2.474428,-0.1228600708385124,0.2624312098396269,13.93,14.02,1.0982,1
2023-08-02,Germany,10Y,Germany_10Y,-0.012086999999999737,2.431668,2.443755,-0.0737781718828071,0.2655893565662615,16.09,14.02,1.0936,1
2023-08-03,Germany,10Y,Germany_10Y,-0.00797800000000004,2.478866,2.486844,-0.1016302808636055,0.2616927192111344,15.92,14.02,1.0944,1
2023-08-04,Germany,10Y,Germany_10Y,-0.0029479999999999507,2.474818,2.477766,-0.0364814321886784,0.2697890780234474,17.1,14.01,1.101,1
2023-08-07,Germany,10Y,Germany_10Y,0.003125999999999962,2.49003,2.486904,-0.0705399737466759,0.2582373302764264,15.77,14.01,1.1002,1
2023-08-08,Germany,10Y,Germany_10Y,0.007916999999999952,2.375838,2.367921,-0.17170819943265,0.2663002285952613,15.99,14.02,1.0954,1
2023-08-09,Germany,10Y,Germany_10Y,-0.013974000000000153,2.39091,2.404884,-0.1321376948757384,0.3864154221267992,15.96,14.02,1.0973,1
2023-08-10,Germany,10Y,Germany_10Y,0.003985999999999823,2.4470359999999998,2.44305,-0.1844532206729329,0.2630145861582477,15.85,14.01,1.0979,1
2023-08-11,Germany,10Y,Germany_10Y,0.002966999999999942,2.532045,2.529078,-0.1138182403435759,0.3888062459240708,14.84,14.02,1.0944,1
2023-08-14,Germany,10Y,Germany_10Y,0.004897000000000151,2.554021,2.549124,-0.1123625384582061,0.3514775397220204,14.82,14.01,1.0904,1
2023-08-15,Germany,10Y,Germany_10Y,-0.014031999999999822,2.578152,2.592184,-0.10907233043448,0.2798444058741599,16.46,14.51,1.0904,1
2023-08-16,Germany,10Y,Germany_10Y,-0.01873699999999978,2.551146,2.569883,-0.0722766964284641,0.267061548792347,16.78,14.52,1.0874,1
2023-08-17,Germany,10Y,Germany_10Y,-0.0019359999999997157,2.611251,2.613187,-0.0784879041858349,0.3831593120907964,17.89,15.01,1.0871,1
2023-08-18,Germany,10Y,Germany_10Y,-0.014353999999999978,2.531033,2.545387,-0.0440787690644474,0.3143801574424535,17.3,15.02,1.0865,1
2023-08-21,Germany,10Y,Germany_10Y,-0.0029970000000001384,2.622311,2.625308,-0.0970421078096834,0.2633314677895175,17.13,16.51,1.0891,1
2023-08-22,Germany,10Y,Germany_10Y,0.002108000000000221,2.5805800000000003,2.578472,-0.0688858321164621,0.3155863235349539,16.97,16.51,1.0844,1
2023-08-23,Germany,10Y,Germany_10Y,-0.012854000000000365,2.4207039999999997,2.433558,-0.0719869549300287,0.3192797013200136,15.98,16.51,1.0859,1
2023-08-24,Germany,10Y,Germany_10Y,-0.014962000000000142,2.426722,2.441684,-0.123116407722905,0.3004572937688459,17.2,16.51,1.0809,1
2023-08-25,Germany,10Y,Germany_10Y,-0.012049000000000198,2.472817,2.4848660000000002,-0.0635126063033562,0.2613665528925206,15.68,16.51,1.08,1
2023-08-28,Germany,10Y,Germany_10Y,-0.010851000000000166,2.498097,2.508948,-0.0040435924022109,0.2357367236818708,15.08,16.51,1.0817,1
2023-08-29,Germany,10Y,Germany_10Y,-0.014105999999999952,2.42823,2.442336,-0.054819636305207,0.2964545750083849,14.45,16.51,1.0877,1
2023-08-30,Germany,10Y,Germany_10Y,-0.014121999999999968,2.438081,2.452203,-0.0538820567779673,0.3208332202328138,13.88,16.0,1.0924,1
2023-08-31,Germany,10Y,Germany_10Y,-0.01699900000000021,2.358917,2.375916,-0.0303476421859354,0.3111204008430538,13.57,16.01,1.0841,1
2023-09-01,Germany,10Y,Germany_10Y,-0.014114999999999878,2.41495,2.429065,-0.122010797479549,0.362408835423576,13.09,16.01,1.0773,1
2023-09-04,Germany,10Y,Germany_10Y,-0.00997799999999982,2.47214,2.482118,-0.0718292395613289,0.2948179954373963,13.82,16.01,1.0794,1
2023-09-05,Germany,10Y,Germany_10Y,-0.010698000000000096,2.490821,2.501519,-0.013769236322113,0.292778207737994,14.01,16.0,1.072,1
2023-09-06,Germany,10Y,Germany_10Y,-0.010926999999999687,2.5507020000000002,2.561629,-0.1192657869876677,0.3380672272131453,14.45,16.01,1.0727,1
2023-09-07,Germany,10Y,Germany_10Y,-0.0140760000000002,2.514665,2.528741,-0.1092563343631071,0.37482265186837,14.4,16.01,1.0699,1
2023-09-08,Germany,10Y,Germany_10Y,-0.010018000000000082,2.497036,2.507054,-0.0844969391747994,0.2248119393129036,13.84,16.02,1.0699,1
2023-09-11,Germany,10Y,Germany_10Y,-0.006878000000000384,2.538874,2.5457520000000002,0.0275594344287566,0.3173711843688018,13.8,16.0,1.0748,1
2023-09-12,Germany,10Y,Germany_10Y,-0.012002999999999986,2.544302,2.556305,-0.036781387349729,0.3259963615981232,14.23,16.51,1.0752,1
2023-09-13,Germany,10Y,Germany_10Y,0.012042000000000108,2.593598,2.581556,-0.0098583694727127,0.3706711736275991,13.48,16.5,1.0728,1
2023-09-14,Germany,10Y,Germany_10Y,-0.012862999999999403,2.5039290000000003,2.5167919999999997,-0.0080256919395236,0.3456973120843097,12.82,17.51,1.0641,1
2023-09-15,Germany,10Y,Germany_10Y,-0.013115999999999683,2.5763100000000003,2.589426,0.012607971911884,0.3221586896550399,13.79,17.51,1.0655,1
2023-09-18,Germany,10Y,Germany_10Y,0.002851000000000159,2.646472,2.643621,-0.13164056910377,0.3499963191548924,14.0,17.5,1.069,1
2023-09-19,Germany,10Y,Germany_10Y,-0.013025999999999982,2.654846,2.667872,-0.0996261878264752,0.263131454515783,14.11,17.51,1.0677,1
2023-09-20,Germany,10Y,Germany_10Y,-0.014064999999999994,2.621168,2.635233,-0.0510496032581251,0.3130441831777305,15.14,17.51,1.0659,1
2023-09-21,Germany,10Y,Germany_10Y,-0.011959999999999749,2.643411,2.6553709999999997,-0.07161696006874,0.3281914522167967,17.54,19.0,1.0658,1
2023-09-22,Germany,10Y,Germany_10Y,0.006076000000000192,2.662159,2.6560829999999997,-0.0079609070799305,0.1986091538328178,17.2,19.01,1.0652,1
2023-09-25,Germany,10Y,Germany_10Y,-0.011101000000000028,2.67486,2.685961,-0.0761982795604682,0.3407846580322669,16.9,19.01,1.059,1
2023-09-26,Germany,10Y,Germany_10Y,0.006098000000000159,2.702643,2.696545,-0.1282164171165371,0.3349943422921047,18.94,19.01,1.057,1
2023-09-27,Germany,10Y,Germany_10Y,0.012043000000000248,2.7278070000000003,2.715764,-0.0541157285393142,0.2969377357520835,18.22,20.51,1.05,1
2023-09-28,Germany,10Y,Germany_10Y,-0.015988000000000113,2.842126,2.858114,-0.1193380456593997,0.3680808189311804,17.34,20.51,1.0559,1
2023-09-29,Germany,10Y,Germany_10Y,-0.005929000000000073,2.69768,2.703609,-0.0605430222033557,0.2759439331704548,17.52,21.01,1.057,1
2023-10-02,Germany,10Y,Germany_10Y,-0.010845999999999911,2.770491,2.7813369999999997,-0.1736810033559947,0.3352064446088752,17.61,21.0,1.0476,1
2023-10-03,Germany,10Y,Germany_10Y,-0.0009070000000002132,2.808178,2.809085,-0.0788218692973162,0.3169510499471714,19.78,21.01,1.0465,1
2023-10-04,Germany,10Y,Germany_10Y,-0.009964000000000084,2.7908299999999997,2.800794,-0.0458991747661113,0.3086464635714997,18.58,21.0,1.0503,1
2023-10-05,Germany,10Y,Germany_10Y,-0.010998999999999981,2.715224,2.726223,-0.0487326464250637,0.3176886077315771,18.49,22.01,1.0548,1
2023-10-06,Germany,10Y,Germany_10Y,-0.003972000000000087,2.732742,2.736714,-0.1608089836173718,0.2973379909167251,17.45,22.0,1.0586,1
2023-10-09,Germany,10Y,Germany_10Y,-0.010022999999999893,2.611613,2.621636,-0.1500139118931842,0.3449266170191725,17.7,22.01,1.0565,1
2023-10-10,Germany,10Y,Germany_10Y,-0.0041240000000000165,2.6320170000000003,2.6361410000000003,-0.1505241880231644,0.3712567796315009,17.03,22.01,1.0603,1
2023-10-11,Germany,10Y,Germany_10Y,0.012888999999999928,2.616775,2.603886,-0.0184535466992534,0.3402772433202611,16.09,22.0,1.0617,1
2023-10-12,Germany,10Y,Germany_10Y,0.007016000000000133,2.665412,2.6583959999999998,-0.0648029322748798,0.3413432540451831,16.69,22.0,1.0526,1
2023-10-13,Germany,10Y,Germany_10Y,0.008077000000000112,2.63,2.621923,0.02179561224578,0.3473533077356175,19.32,22.01,1.0509,1
2023-10-16,Germany,10Y,Germany_10Y,-0.008998000000000062,2.652638,2.661636,-0.035160322526246,0.2652846163953485,17.21,22.5,1.0558,1
2023-10-17,Germany,10Y,Germany_10Y,-0.010698000000000096,2.746006,2.756704,-0.0343730232658525,0.2805624445168453,17.88,22.5,1.0575,1
2023-10-18,Germany,10Y,Germany_10Y,0.0020010000000003636,2.79435,2.7923489999999997,-0.0527839191702483,0.3094554490726927,19.22,22.5,1.0535,1
2023-10-19,Germany,10Y,Germany_10Y,-0.0020060000000001743,2.806696,2.8087020000000003,-0.0306348578522183,0.3691842622415437,21.4,23.0,1.0579,1
2023-10-20,Germany,10Y,Germany_10Y,0.012883999999999673,2.747425,2.734541,-0.063711896365419,0.3874199301308752,21.71,23.44,1.0593,1
2023-10-23,Germany,10Y,Germany_10Y,0.0010890000000003397,2.739103,2.7380139999999997,-0.1169976072876033,0.3393892237400064,20.37,23.0,1.0668,1
2023-10-24,Germany,10Y,Germany_10Y,0.022081000000000017,2.7083019999999998,2.6862209999999997,-0.0465551559781202,0.3054781906870707,18.97,23.5,1.0588,1
2023-10-25,Germany,10Y,Germany_10Y,0.003086000000000144,2.734074,2.730988,-0.0602827582113664,0.3006656884356918,20.19,23.0,1.0563,1
2023-10-26,Germany,10Y,Germany_10Y,-0.009958999999999829,2.681013,2.690972,-0.1134938746363125,0.3100953462798574,20.68,23.0,1.056,1
2023-10-27,Germany,10Y,Germany_10Y,-0.011025000000000063,2.652084,2.663109,-0.0812547826263599,0.3727677860379244,21.27,23.0,1.0564,1
2023-10-30,Germany,10Y,Germany_10Y,-0.008852999999999778,2.644676,2.653529,-0.1185332447130585,0.296838808352618,19.75,22.5,1.0613,1
2023-10-31,Germany,10Y,Germany_10Y,-0.011906000000000194,2.617779,2.6296850000000003,-0.0412569136211603,0.3812583705350637,18.14,21.51,1.0576,1
2023-11-01,Germany,10Y,Germany_10Y,0.0008989999999999831,2.585699,2.5848,-0.0593308315771943,0.3905454948088802,16.87,21.5,1.0568,1
2023-11-02,Germany,10Y,Germany_10Y,-0.007903999999999911,2.5464260000000003,2.55433,-0.1033753567830885,0.3499975335186279,15.66,21.51,1.062,1
2023-11-03,Germany,10Y,Germany_10Y,0.006984000000000101,2.508362,2.501378,-0.1478326367264012,0.40936676960231,14.91,21.01,1.0729,1
2023-11-06,Germany,10Y,Germany_10Y,0.009007999999999683,2.5846869999999997,2.575679,-0.0141066612024279,0.3214771243602403,14.89,21.0,1.0715,1
2023-11-07,Germany,10Y,Germany_10Y,-0.0008970000000001477,2.519743,2.52064,-0.082879665039862,0.2959260369491456,14.81,21.01,1.0699,1
2023-11-08,Germany,10Y,Germany_10Y,0.016138999999999903,2.517725,2.501586,-0.0025837746266817,0.2641493018454541,14.45,21.0,1.0707,1
2023-11-09,Germany,10Y,Germany_10Y,-0.00772299999999948,2.5132820000000002,2.5210049999999997,-0.0110319292171561,0.3498012468239306,15.29,21.01,1.0666,1
2023-11-10,Germany,10Y,Germany_10Y,-0.009018999999999888,2.564524,2.573543,-0.0873089092495317,0.2985402294466614,14.17,20.01,1.0681,1
2023-11-13,Germany,10Y,Germany_10Y,-0.0030730000000001034,2.589771,2.592844,-0.0593132134999495,0.2988118919999227,14.76,20.0,1.0697,1
2023-11-14,Germany,10Y,Germany_10Y,0.0030479999999997176,2.482805,2.479757,-0.0729511281270779,0.322589004999894,14.16,20.01,1.0879,1
2023-11-15,Germany,10Y,Germany_10Y,0.012032000000000043,2.504112,2.49208,-0.0514003363098431,0.2811610299742799,14.18,20.01,1.0846,1
2023-11-16,Germany,10Y,Germany_10Y,0.0039349999999998,2.433831,2.4298960000000003,-0.0874352292900578,0.2882145136246786,14.32,20.01,1.085,1
2023-11-17,Germany,10Y,Germany_10Y,0.003045999999999882,2.45328,2.450234,0.0219474545050486,0.2930527990808956,13.8,19.51,1.0907,1
2023-11-20,Germany,10Y,Germany_10Y,0.00899400000000039,2.502969,2.493975,-0.0459922453086521,0.378212550709397,13.41,18.51,1.0938,1
2023-11-21,Germany,10Y,Germany_10Y,0.009854999999999947,2.445261,2.435406,-0.072281515006498,0.2972594013344606,13.35,18.51,1.0909,1
2023-11-22,Germany,10Y,Germany_10Y,-0.00896299999999961,2.4380230000000003,2.446986,-0.1596586151950738,0.2829106795054752,12.85,19.01,1.0887,1
2023-11-23,Germany,10Y,Germany_10Y,0.010998999999999981,2.512283,2.501284,-0.0387413642253028,0.3305621548585102,12.8,19.01,1.0904,1
2023-11-24,Germany,10Y,Germany_10Y,0.024950000000000028,2.550367,2.525417,-0.001995812502543,0.3285341230758338,12.46,19.0,1.0939,1
2023-11-27,Germany,10Y,Germany_10Y,0.00896700000000017,2.430313,2.4213459999999998,-0.0951888369332735,0.3824819571159684,12.69,19.0,1.0953,1
2023-11-28,Germany,10Y,Germany_10Y,0.0008919999999994488,2.3586489999999998,2.3577570000000003,-0.1966560023998309,0.2962743888495172,12.69,19.0,1.099,1
2023-11-29,Germany,10Y,Germany_10Y,0.006925999999999988,2.289808,2.282882,-0.172394041543077,0.2913935822460527,12.98,19.01,1.0968,1
2023-11-30,Germany,10Y,Germany_10Y,0.026928000000000285,2.3416490000000003,2.314721,-0.0203067093333265,0.2815462446311135,12.92,19.01,1.0886,1
2023-12-01,Germany,10Y,Germany_10Y,-0.0010609999999999786,2.2123530000000002,2.213414,-0.1710261704877049,0.3106620356026366,12.63,19.01,1.0881,1
2023-12-04,Germany,10Y,Germany_10Y,0.02583700000000011,2.229378,2.203541,-0.095781488207887,0.2940444564482837,13.08,19.96,1.0836,1
2023-12-05,Germany,10Y,Germany_10Y,-0.004040999999999961,2.115963,2.1200039999999998,-0.0860562147942285,0.322829598042137,12.85,18.01,1.0795,1
2023-12-06,Germany,10Y,Germany_10Y,-0.0008759999999998769,2.079103,2.079979,-0.0610423867800347,0.3431438242598941,12.97,17.5,1.0762,1
2023-12-07,Germany,10Y,Germany_10Y,-0.007882000000000389,2.0539899999999998,2.061872,-0.0516574805950486,0.2908096396344408,13.06,17.51,1.0792,1
2023-12-08,Germany,10Y,Germany_10Y,-0.004936999999999969,2.136909,2.141846,-0.0372307780716715,0.3029588097997416,12.35,17.5,1.0761,1
2023-12-11,Germany,10Y,Germany_10Y,-0.01005900000000004,2.142558,2.1526170000000002,-0.1203229796718093,0.2480634909439412,12.63,17.51,1.0761,1
2023-12-12,Germany,10Y,Germany_10Y,-0.0038760000000004347,2.1198189999999997,2.123695,-0.0431375040976622,0.3074205002770206,12.07,17.51,1.0792,1
2023-12-13,Germany,10Y,Germany_10Y,0.0,2.071967,2.071967,-0.1081899541369975,0.2984026394312183,12.19,17.01,1.0873,1
2023-12-14,Germany,10Y,Germany_10Y,0.00402400000000025,2.0103530000000003,2.006329,-0.095179213592952,0.3168725786832183,12.48,17.02,1.0991,1
2023-12-15,Germany,10Y,Germany_10Y,0.0,1.9187310000000002,1.9187310000000002,-0.1666290846310576,0.2937020896731981,12.28,17.0,1.0894,1
2023-12-18,Germany,10Y,Germany_10Y,-0.0050600000000002865,1.9618579999999999,1.9669180000000002,-0.0125082493812292,0.3461984031070753,12.56,17.01,1.0922,1
2023-12-19,Germany,10Y,Germany_10Y,-0.00991300000000006,1.91024,1.920153,-0.1332670925774083,0.2602282025855439,12.53,17.01,1.098,1
2023-12-20,Germany,10Y,Germany_10Y,-0.004858000000000029,1.874212,1.87907,-0.0836005092958746,0.3429414616921818,13.67,17.02,1.0938,1
2023-12-21,Germany,10Y,Germany_10Y,-0.009016999999999609,1.8408000000000002,1.8498169999999998,-0.16950497765407,0.3555466454302338,13.65,17.01,1.1008,1
2023-12-22,Germany,10Y,Germany_10Y,-0.005201999999999707,1.8382740000000002,1.843476,-0.1272464108157625,0.363022383158999,13.03,17.01,1.101,1
2023-12-25,Germany,10Y,Germany_10Y,-0.005205999999999822,1.8469440000000001,1.85215,-0.1711101014280423,0.4321605223880209,13.03,17.01,1.1007,1
2023-12-26,Germany,10Y,Germany_10Y,-0.005205999999999822,1.8469440000000001,1.85215,-0.175112313821836,0.370733875591355,12.99,17.01,1.1042,1
2023-12-27,Germany,10Y,Germany_10Y,0.0019010000000001526,1.7916050000000001,1.789704,-0.150921884411334,0.3762424378759861,12.43,17.01,1.1103,1
2023-12-28,Germany,10Y,Germany_10Y,-0.010048999999999975,1.802391,1.81244,-0.144477568652087,0.3355793583473062,12.47,17.01,1.1059,1
2023-12-29,Germany,10Y,Germany_10Y,0.023388999999999882,1.9118849999999998,1.888496,-0.2132035120817492,0.3358464552008338,12.45,17.01,1.1036,1
2024-01-01,Germany,10Y,Germany_10Y,0.023395000000000277,1.915728,1.8923329999999998,-0.087889778739158,0.2487763621618482,12.45,17.01,1.1044,1
2024-01-02,Germany,10Y,Germany_10Y,-0.0029719999999997526,1.912684,1.9156559999999998,-0.0850339487867317,0.284660983255161,13.2,17.01,1.0947,1
2024-01-03,Germany,10Y,Germany_10Y,-0.004013000000000044,1.8846669999999999,1.88868,-0.1027358998483706,0.3814616925477436,14.04,17.01,1.0921,1
2024-01-04,Germany,10Y,Germany_10Y,-0.010902999999999885,1.971324,1.982227,-0.1844829151902427,0.2794191630507974,14.13,17.01,1.0943,1
2024-01-05,Germany,10Y,Germany_10Y,-0.004058999999999813,2.015129,2.0191879999999998,-0.0519059004020807,0.3271510131883671,13.35,17.01,1.0941,1
2024-01-08,Germany,10Y,Germany_10Y,-0.008995000000000086,2.000451,2.009446,-0.2256735793598603,0.3249432074334704,13.08,17.01,1.0949,1
2024-01-09,Germany,10Y,Germany_10Y,-0.016127000000000002,2.057671,2.073798,-0.0144810423373229,0.3305598631976907,12.76,17.01,1.0931,1
2024-01-10,Germany,10Y,Germany_10Y,-0.0030209999999994963,2.094552,2.0975729999999997,-0.1267834141665449,0.2576835328366953,12.69,16.01,1.0971,1
2024-01-11,Germany,10Y,Germany_10Y,-0.0033769999999995193,2.085637,2.0890139999999997,-0.0330207666941287,0.2810418879409548,12.44,16.02,1.097,1
2024-01-12,Germany,10Y,Germany_10Y,-0.0049570000000001,2.0230069999999998,2.027964,-0.2494747695936697,0.2978666554301893,12.7,16.01,1.0949,1
2024-01-15,Germany,10Y,Germany_10Y,0.0019559999999998468,2.079034,2.077078,-0.1314344516482843,0.2224774687882551,13.25,16.01,1.0948,1
2024-01-16,Germany,10Y,Germany_10Y,-0.0019580000000001263,2.094679,2.0966370000000003,0.0419899519050048,0.2262649069297933,13.84,16.0,1.0874,1
2024-01-17,Germany,10Y,Germany_10Y,-0.001970999999999723,2.179898,2.181869,-0.1494646658009189,0.3894767338500831,14.79,15.51,1.0881,1
2024-01-18,Germany,10Y,Germany_10Y,-0.005745000000000111,2.1848099999999997,2.190555,-0.0549585295610457,0.3293013195442904,14.13,15.52,1.0874,1
2024-01-19,Germany,10Y,Germany_10Y,-0.005034999999999901,2.202083,2.207118,-0.0204049550447946,0.3060186838531952,13.3,15.51,1.0897,1
2024-01-22,Germany,10Y,Germany_10Y,-0.006993000000000027,2.156686,2.163679,-0.0275365213682396,0.2584471664767139,13.19,15.51,1.0881,1
2024-01-23,Germany,10Y,Germany_10Y,0.007019999999999804,2.212403,2.2053830000000003,-0.0450775514472021,0.3435817634574606,12.55,14.51,1.0851,1
2024-01-24,Germany,10Y,Germany_10Y,-0.002699000000000229,2.196776,2.199475,-0.110489466739912,0.3359746082226937,13.14,14.52,1.0883,1
2024-01-25,Germany,10Y,Germany_10Y,-0.0019719999999994187,2.1327160000000003,2.1346879999999997,-0.0846917509954052,0.2733736958309463,13.45,14.52,1.0846,1
2024-01-26,Germany,10Y,Germany_10Y,-0.004128999999999827,2.147075,2.151204,-0.1512501004779331,0.3194641378547401,13.26,14.52,1.0852,1
2024-01-29,Germany,10Y,Germany_10Y,-0.003940000000000055,2.1078159999999997,2.1117559999999997,0.0146214041971269,0.3285187678053189,13.6,14.02,1.0833,1
2024-01-30,Germany,10Y,Germany_10Y,-0.003946000000000005,2.12484,2.128786,-0.1779320790372504,0.2833862189140024,13.31,14.01,1.084,1
2024-01-31,Germany,10Y,Germany_10Y,-0.005155999999999938,1.99859,2.003746,-0.0660036718555942,0.2981183784358467,14.35,13.52,1.0816,1
2024-02-01,Germany,10Y,Germany_10Y,-0.004969000000000001,1.9607929999999998,1.9657619999999998,-0.1316705968380128,0.2565743946196729,13.88,13.51,1.0872,1
2024-02-02,Germany,10Y,Germany_10Y,-0.009511999999999965,2.1043890000000003,2.1139010000000003,-0.0922824600005398,0.2955634256488304,13.85,13.5,1.0784,1
2024-02-05,Germany,10Y,Germany_10Y,-0.005602999999999803,2.196402,2.2020049999999998,-0.0402935206879735,0.3152860708754245,13.67,13.5,1.0741,1
2024-02-06,Germany,10Y,Germany_10Y,-0.00541299999999989,2.17097,2.176383,-0.1622226322213945,0.3048174966553833,13.06,13.52,1.0754,1
2024-02-07,Germany,10Y,Germany_10Y,0.0,2.165577,2.165577,-0.1238229091598122,0.332804264138156,12.83,13.51,1.0771,1
2024-02-08,Germany,10Y,Germany_10Y,0.001996000000000109,2.229534,2.227538,-0.0781607500171273,0.3122233857857525,12.79,13.52,1.0776,1
2024-02-09,Germany,10Y,Germany_10Y,-0.0030940000000003742,2.261923,2.2650170000000003,-0.0782022700733133,0.2307685757817815,12.93,13.51,1.0782,1
2024-02-12,Germany,10Y,Germany_10Y,0.010920000000000485,2.2674380000000003,2.256518,0.0474656376804681,0.3698627954032501,13.93,13.51,1.0771,1
2024-02-13,Germany,10Y,Germany_10Y,0.004929000000000183,2.299043,2.294114,-0.207455705981913,0.2497062795084525,15.85,13.51,1.0709,1
2024-02-14,Germany,10Y,Germany_10Y,-0.00509399999999971,2.243336,2.24843,-0.1343026107575022,0.2960042276711809,14.38,13.52,1.0725,1
2024-02-15,Germany,10Y,Germany_10Y,-0.003279000000000032,2.244752,2.248031,-0.0381737165371168,0.3265591392645397,14.01,13.52,1.0771,1
2024-02-16,Germany,10Y,Germany_10Y,-0.00695699999999988,2.308345,2.315302,-0.2011370901942253,0.3671375141521348,14.24,13.51,1.0774,1
2024-02-19,Germany,10Y,Germany_10Y,-0.006045999999999996,2.314826,2.320872,-0.047977392171278,0.3279973455552974,14.71,13.01,1.0777,1
2024-02-20,Germany,10Y,Germany_10Y,-0.004935999999999829,2.278847,2.2837829999999997,-0.0131073637582839,0.2777919712925373,15.42,13.02,1.0803,1
2024-02-21,Germany,10Y,Germany_10Y,0.0034909999999994668,2.3489269999999998,2.3454360000000003,-0.1582560749238665,0.3007688980084651,15.34,13.0,1.0817,1
2024-02-22,Germany,10Y,Germany_10Y,-0.0020249999999997215,2.3605970000000003,2.362622,-0.0919752908599937,0.3495651434877886,14.54,12.5,1.0823,1
2024-02-23,Germany,10Y,Germany_10Y,-0.006968000000000085,2.297656,2.304624,-0.0943502016612127,0.3632662092951506,13.75,12.5,1.0818,1
2024-02-26,Germany,10Y,Germany_10Y,-0.004974999999999952,2.356172,2.361147,-0.1650106072881721,0.3867452581744742,13.74,12.51,1.0847,1
2024-02-27,Germany,10Y,Germany_10Y,-0.007749999999999702,2.3715640000000002,2.379314,-0.0794481289361098,0.2616333579849292,13.43,12.51,1.0844,1
2024-02-28,Germany,10Y,Germany_10Y,-0.012183000000000277,2.3692599999999997,2.381443,-0.1443391714104093,0.3214722586796024,13.84,12.02,1.0836,1
2024-02-29,Germany,10Y,Germany_10Y,-0.0009209999999999496,2.3359680000000003,2.336889,-0.0726966655184606,0.3446076900899895,13.4,11.51,1.0803,1
2024-03-01,Germany,10Y,Germany_10Y,-0.009948000000000068,2.324074,2.334022,-0.0718035247849173,0.3420633010332019,13.11,11.51,1.0837,1
2024-03-04,Germany,10Y,Germany_10Y,-0.010867999999999434,2.3162320000000003,2.3270999999999997,-0.0561000316965331,0.2770705732682762,13.49,11.51,1.0854,1
2024-03-05,Germany,10Y,Germany_10Y,-0.003849999999999909,2.251075,2.254925,-0.0729242801683778,0.3279894264847622,14.46,11.51,1.0855,1
2024-03-06,Germany,10Y,Germany_10Y,-0.013039000000000023,2.26452,2.277559,-0.0412981777193202,0.4075865976020993,14.5,11.51,1.0897,1
2024-03-07,Germany,10Y,Germany_10Y,-0.008068999999999882,2.231284,2.239353,-0.0812175823073897,0.3151385569978044,14.44,11.51,1.0946,1
2024-03-08,Germany,10Y,Germany_10Y,-0.008771999999999558,2.178796,2.1875679999999997,-0.0540581122017868,0.325584693785119,14.74,11.01,1.0937,1
2024-03-11,Germany,10Y,Germany_10Y,-0.00898500000000002,2.22037,2.229355,-0.0478933852273025,0.3265412626187716,15.22,11.01,1.0926,1
2024-03-12,Germany,10Y,Germany_10Y,-0.00790700000000033,2.254377,2.262284,-0.1544931606255726,0.3063655393671767,13.84,11.01,1.0924,1
2024-03-13,Germany,10Y,Germany_10Y,-0.011986000000000274,2.286282,2.298268,-0.0243159556816715,0.4113204289331342,13.75,11.01,1.0946,1
2024-03-14,Germany,10Y,Germany_10Y,-0.005006999999999984,2.353253,2.35826,-0.0656825332259002,0.2913542675570258,14.4,11.01,1.0881,1
2024-03-15,Germany,10Y,Germany_10Y,-0.012998000000000065,2.361135,2.374133,-0.0381405745602662,0.3119091264534484,14.41,11.01,1.0887,1
2024-03-18,Germany,10Y,Germany_10Y,-0.01301600000000036,2.374974,2.3879900000000003,-0.0325144658113442,0.2966210501812298,14.33,11.0,1.0871,1
2024-03-19,Germany,10Y,Germany_10Y,-0.00928400000000007,2.3531519999999997,2.3624359999999998,-0.0762594851295598,0.3053790671990503,13.82,10.52,1.0865,1
2024-03-20,Germany,10Y,Germany_10Y,-0.009840999999999767,2.346744,2.356585,0.094924848597433,0.3158961671736335,13.04,11.84,1.0918,1
2024-03-21,Germany,10Y,Germany_10Y,-0.0070430000000003545,2.3093399999999997,2.316383,0.0765411459867809,0.3321607002536597,12.92,11.52,1.086,1
2024-03-22,Germany,10Y,Germany_10Y,-0.012357000000000173,2.232881,2.245238,-0.0387790558900172,0.2190974542334899,13.06,11.53,1.0805,1
2024-03-25,Germany,10Y,Germany_10Y,-0.013894999999999769,2.2892900000000003,2.303185,-0.113950761207099,0.3553371754052339,13.19,11.52,1.0836,1
2024-03-26,Germany,10Y,Germany_10Y,-0.00888499999999981,2.274916,2.283801,-0.039513007181642,0.2809467761336643,13.24,11.53,1.083,1
2024-03-27,Germany,10Y,Germany_10Y,-0.005907000000000107,2.213443,2.21935,-0.0323485332235855,0.3099149003728006,12.78,11.52,1.0826,1
2024-03-28,Germany,10Y,Germany_10Y,-0.009961999999999804,2.1970590000000003,2.207021,-0.0464698957229959,0.2618843604162473,13.01,11.51,1.0787,1
2024-03-29,Germany,10Y,Germany_10Y,-0.008307999999999982,2.208129,2.216437,-0.0908319442490735,0.2721042313230487,13.01,11.53,1.0793,1
2024-04-01,Germany,10Y,Germany_10Y,-0.008307999999999982,2.208129,2.216437,-0.0604163678468082,0.2250045394481744,13.65,11.53,1.0743,1
2024-04-02,Germany,10Y,Germany_10Y,-0.009854999999999947,2.300792,2.310647,-0.0677630189538152,0.3144051894088339,14.61,11.53,1.0768,1
2024-04-03,Germany,10Y,Germany_10Y,-0.008553000000000033,2.296774,2.305327,-0.0170564243951404,0.4435731947108589,14.33,11.52,1.0835,1
2024-04-04,Germany,10Y,Germany_10Y,-0.010951999999999629,2.2555490000000002,2.266501,-0.0475319151063927,0.3396925851521691,16.35,11.52,1.0835,1
2024-04-05,Germany,10Y,Germany_10Y,-0.009875000000000078,2.303947,2.313822,-0.1547834950410335,0.2547251199742401,16.03,11.52,1.0835,1
2024-04-08,Germany,10Y,Germany_10Y,-0.011031000000000013,2.345446,2.356477,-0.0040808510911799,0.3011676180913379,15.19,11.51,1.0858,1
2024-04-09,Germany,10Y,Germany_10Y,-0.0087480000000002,2.2789539999999997,2.287702,-0.0315982214267659,0.3004616720867595,14.98,11.02,1.0855,1
2024-04-10,Germany,10Y,Germany_10Y,-0.006921000000000177,2.345625,2.3525460000000002,-0.079974124591714,0.2507281787702571,15.8,10.52,1.0742,1
2024-04-11,Germany,10Y,Germany_10Y,-0.00827100000000014,2.396913,2.405184,-0.0541698943393618,0.3178297065549244,14.91,10.52,1.0724,1
2024-04-12,Germany,10Y,Germany_10Y,-0.008007999999999793,2.2626980000000003,2.270706,-0.1235336511966738,0.3202572312829733,17.31,10.52,1.0642,1
2024-04-15,Germany,10Y,Germany_10Y,0.0,2.3486979999999997,2.3486979999999997,-0.1593624298632997,0.3502520780647267,19.23,10.51,1.0622,1
2024-04-16,Germany,10Y,Germany_10Y,-0.007525000000000226,2.3917859999999997,2.399311,-0.0619062384071014,0.298212804941484,18.4,10.52,1.0617,1
2024-04-17,Germany,10Y,Germany_10Y,-0.0060149999999996595,2.377416,2.383431,-0.1473258990212015,0.346811935214487,18.21,10.51,1.0671,1
2024-04-18,Germany,10Y,Germany_10Y,-0.005090999999999735,2.4065380000000003,2.411629,-0.0502017071862906,0.2358760224416658,18.0,10.52,1.0643,1
2024-04-19,Germany,10Y,Germany_10Y,-0.0035889999999998423,2.4289240000000003,2.432513,-0.1477556662126469,0.3422583366957431,18.71,10.54,1.0654,1
2024-04-22,Germany,10Y,Germany_10Y,-0.0030200000000002447,2.41186,2.41488,0.0203151385212216,0.2806548967276288,16.94,10.51,1.0654,1
2024-04-23,Germany,10Y,Germany_10Y,-0.0009449999999997516,2.415941,2.416886,-0.1263853092005991,0.2626167978015589,15.69,10.52,1.0699,1
2024-04-24,Germany,10Y,Germany_10Y,-0.004938000000000109,2.487278,2.492216,0.0427108919004787,0.3502953810690829,15.97,10.51,1.0697,1
2024-04-25,Germany,10Y,Germany_10Y,-0.00534100000000004,2.531314,2.536655,-0.0574249130613276,0.3314320989573022,15.37,10.5,1.0729,1
2024-04-26,Germany,10Y,Germany_10Y,-0.003994999999999749,2.4895680000000002,2.493563,-0.0565118373096941,0.3061642837907395,15.03,10.52,1.0692,1
2024-04-29,Germany,10Y,Germany_10Y,-0.0039839999999999876,2.4402660000000003,2.4442500000000003,0.0001973659749526,0.2749209689464741,14.67,10.52,1.0719,1
2024-04-30,Germany,10Y,Germany_10Y,-0.007061999999999902,2.517643,2.524705,-0.0024878111500378,0.2503991048980317,15.65,10.49,1.0665,1
2024-05-01,Germany,10Y,Germany_10Y,-0.004961999999999911,2.518788,2.5237499999999997,-0.17253673213217,0.3246225920838901,15.39,10.55,1.0709,1
2024-05-02,Germany,10Y,Germany_10Y,-0.005908999999999942,2.4860610000000003,2.4919700000000002,-0.0271018344913857,0.3086540395586659,14.68,10.53,1.0725,1
2024-05-03,Germany,10Y,Germany_10Y,-0.006268000000000384,2.4298859999999998,2.436154,-0.153209517779786,0.2982820574429529,13.49,10.02,1.0758,1
2024-05-06,Germany,10Y,Germany_10Y,-0.0053080000000003125,2.398891,2.404199,-0.0541247224124962,0.3105441926711456,13.49,10.02,1.0768,1
2024-05-07,Germany,10Y,Germany_10Y,-0.003970000000000251,2.353191,2.357161,-0.0393317546842961,0.3442832120541035,13.23,10.02,1.0752,1
2024-05-08,Germany,10Y,Germany_10Y,-0.003033999999999981,2.392478,2.395512,-0.0471973744326404,0.3648870521296746,13.0,10.01,1.0745,1
2024-05-09,Germany,10Y,Germany_10Y,-0.003994000000000053,2.418837,2.422831,-0.1152643329011367,0.3104785022377502,12.69,10.01,1.0781,1
2024-05-10,Germany,10Y,Germany_10Y,-0.0049570000000001,2.448475,2.4534320000000003,-0.057575379665629,0.2876656863090483,12.55,10.02,1.0769,1
2024-05-13,Germany,10Y,Germany_10Y,-0.0009519999999998419,2.4329780000000003,2.43393,-0.0724726698992394,0.2754733125171455,13.6,10.02,1.0788,1
2024-05-14,Germany,10Y,Germany_10Y,0.0,2.475473,2.475473,-0.0339407474690608,0.2657520387983627,13.42,10.02,1.0818,1
2024-05-15,Germany,10Y,Germany_10Y,-0.00037899999999968514,2.3550940000000002,2.355473,-0.0828789249038843,0.2897692528880735,12.45,6.26,1.0882,1
2024-05-16,Germany,10Y,Germany_10Y,-0.003231000000000428,2.370576,2.3738070000000002,-0.1006073397179708,0.3042228303653997,12.42,10.03,1.0865,1
2024-05-17,Germany,10Y,Germany_10Y,-0.0024850000000000705,2.4465339999999998,2.449019,-0.0621842840954861,0.2787867719640811,11.99,10.02,1.087,1
2024-05-20,Germany,10Y,Germany_10Y,-0.003830999999999918,2.4709659999999998,2.4747969999999997,0.04136217824333,0.3160278770603217,12.15,10.02,1.0855,1
2024-05-21,Germany,10Y,Germany_10Y,0.0011470000000000091,2.442783,2.441636,-0.2189552130514821,0.3760626826108658,11.86,10.09,1.0854,1
2024-05-22,Germany,10Y,Germany_10Y,0.0019160000000004729,2.473549,2.4716329999999997,-0.1511897811458836,0.3137681251212636,12.29,9.01,1.0821,1
2024-05-23,Germany,10Y,Germany_10Y,0.0028960000000002317,2.565424,2.562528,0.0132030153405353,0.2799025562400334,12.77,9.01,1.0813,1
2024-05-24,Germany,10Y,Germany_10Y,0.004626000000000019,2.535107,2.530481,-0.0921305586801432,0.3051269425085177,11.93,8.52,1.0845,1
2024-05-27,Germany,10Y,Germany_10Y,0.004809999999999981,2.502523,2.497713,-0.0284177949943756,0.3002916350153727,12.36,8.51,1.0858,1
2024-05-28,Germany,10Y,Germany_10Y,0.0019279999999999298,2.523676,2.521748,-0.0316025820224521,0.2701197101713995,12.92,8.51,1.0855,1
2024-05-29,Germany,10Y,Germany_10Y,0.005044999999999966,2.6126389999999997,2.6075939999999997,-0.0642014485439684,0.348797955765791,14.28,8.5,1.08,1
2024-05-30,Germany,10Y,Germany_10Y,0.001164000000000165,2.593426,2.592262,0.0246627013159359,0.3920049343367802,14.47,12.82,1.0832,1
2024-05-31,Germany,10Y,Germany_10Y,0.0,2.5844959999999997,2.5844959999999997,0.0096611138182901,0.2859549097800997,12.92,12.82,1.0841,1
2024-06-03,Germany,10Y,Germany_10Y,0.004056999999999977,2.520984,2.516927,-0.1781064828236307,0.2336511661032131,13.11,8.52,1.0902,1
2024-06-04,Germany,10Y,Germany_10Y,0.0,2.476188,2.476188,-0.12869986097505,0.3164410133777265,13.16,8.26,1.0878,1
2024-06-05,Germany,10Y,Germany_10Y,0.002693999999999974,2.4549570000000003,2.4522630000000003,-0.0864211826399416,0.2443444118497088,12.63,8.51,1.0868,1
2024-06-06,Germany,10Y,Germany_10Y,0.0028969999999999274,2.495305,2.492408,-0.1304197489218803,0.3539910765929983,12.58,8.51,1.0888,1
2024-06-07,Germany,10Y,Germany_10Y,0.0011660000000004445,2.5741430000000003,2.572977,-0.0591718033942814,0.2635425530715737,12.22,8.51,1.08,1
2024-06-10,Germany,10Y,Germany_10Y,0.0,2.608389,2.608389,-0.1362964595177677,0.2856943158279577,12.74,8.51,1.0763,1
2024-06-11,Germany,10Y,Germany_10Y,0.0001939999999995834,2.5475019999999997,2.547308,-0.0106843212503271,0.2747552571857196,12.85,9.02,1.0739,1
2024-06-12,Germany,10Y,Germany_10Y,0.0003859999999997754,2.464028,2.463642,-0.1160412466656538,0.2783045114953084,12.04,9.51,1.0807,1
2024-06-13,Germany,10Y,Germany_10Y,0.00501499999999977,2.437033,2.4320180000000002,-0.1663919021831385,0.2909397773361117,11.94,14.3,1.0735,1
2024-06-14,Germany,10Y,Germany_10Y,-0.0051480000000001525,2.2622299999999997,2.267378,-0.0846265616205395,0.3668535940850322,12.66,9.01,1.07,1
2024-06-17,Germany,10Y,Germany_10Y,0.0,2.323072,2.323072,-0.082308451942146,0.3145941004730894,12.75,12.01,1.0734,1
2024-06-18,Germany,10Y,Germany_10Y,0.003445999999999394,2.3154969999999997,2.3120510000000003,-0.0559722801586108,0.2632876499086874,12.3,12.02,1.0738,1
2024-06-19,Germany,10Y,Germany_10Y,0.00402300000000011,2.318264,2.314241,0.03429389284647,0.2667955655537169,12.48,11.01,1.0742,1
2024-06-20,Germany,10Y,Germany_10Y,-0.0021130000000000315,2.336951,2.339064,-0.0508079502850843,0.3561369494535846,13.28,11.0,1.07,1
2024-06-21,Germany,10Y,Germany_10Y,0.0021100000000000563,2.3084420000000003,2.3063320000000003,-0.0390512280097693,0.257032677329184,13.2,11.01,1.0691,1
2024-06-24,Germany,10Y,Germany_10Y,0.0021130000000000315,2.328106,2.325993,-0.1116915836355507,0.337551101769442,13.33,11.02,1.0732,1
2024-06-25,Germany,10Y,Germany_10Y,-0.0034559999999999036,2.3153259999999998,2.3187819999999997,-0.0293663607832779,0.2939790392673319,12.84,11.02,1.0713,1
2024-06-26,Germany,10Y,Germany_10Y,-0.007380000000000386,2.349004,2.3563840000000003,-0.0075477829598894,0.3138605694089216,12.55,11.01,1.0679,1
2024-06-27,Germany,10Y,Germany_10Y,-0.0025609999999995914,2.342947,2.3455079999999997,-0.0192766055195422,0.3350957684677995,12.24,11.01,1.0702,1
2024-06-28,Germany,10Y,Germany_10Y,-0.008340000000000458,2.379161,2.3875010000000003,-0.10939357431774,0.3392927227420211,12.44,11.01,1.0713,1
2024-07-01,Germany,10Y,Germany_10Y,-0.007550999999999863,2.485674,2.493225,-0.0880196764670665,0.3009893676668906,12.22,11.02,1.0738,1
2024-07-02,Germany,10Y,Germany_10Y,-0.006185000000000329,2.488365,2.4945500000000003,-0.1788277486816666,0.3043405002581545,12.03,10.03,1.0744,1
2024-07-03,Germany,10Y,Germany_10Y,-0.005611999999999728,2.444116,2.449728,-0.0577203793410781,0.3249084376812846,12.09,10.01,1.0786,1
2024-07-04,Germany,10Y,Germany_10Y,-0.007547999999999888,2.484309,2.491857,-0.0686588645378832,0.3496324815541467,12.26,10.02,1.081,1
2024-07-05,Germany,10Y,Germany_10Y,-0.011640000000000317,2.427355,2.4389950000000002,-0.1386962509776858,0.2951565058192317,12.48,10.02,1.0836,1
2024-07-08,Germany,10Y,Germany_10Y,-0.007554999999999978,2.421457,2.429012,-0.1001899059998091,0.2804667562887209,12.37,10.01,1.0822,1
2024-07-09,Germany,10Y,Germany_10Y,-0.013789000000000051,2.4482749999999998,2.462064,-0.0245108097645588,0.2944589435967549,12.51,9.52,1.0812,1
2024-07-10,Germany,10Y,Germany_10Y,-0.009110000000000174,2.4228899999999998,2.432,-0.0305537593707019,0.3137691394032093,12.85,9.51,1.083,1
2024-07-11,Germany,10Y,Germany_10Y,-0.011244000000000476,2.334287,2.3455310000000003,0.0146742738079432,0.2885692287325725,12.92,9.52,1.0865,1
2024-07-12,Germany,10Y,Germany_10Y,-0.01027699999999987,2.372227,2.382504,-0.1322522471989507,0.2658076772547775,12.46,9.51,1.0906,1
2024-07-15,Germany,10Y,Germany_10Y,-0.011633999999999922,2.343406,2.35504,-0.1423871125625487,0.3297926539977298,13.12,9.51,1.0894,1
2024-07-16,Germany,10Y,Germany_10Y,-0.011630000000000251,2.309971,2.3216010000000002,-0.1381165484026498,0.3231663385660068,13.19,9.52,1.0897,1
2024-07-17,Germany,10Y,Germany_10Y,-0.010468999999999618,2.3077360000000002,2.318205,-0.101527855230709,0.3276106462537139,14.48,9.51,1.0937,1
2024-07-18,Germany,10Y,Germany_10Y,-0.007176999999999545,2.28514,2.2923169999999997,-0.0572149635074828,0.252804702047465,15.93,9.51,1.0896,1
2024-07-19,Germany,10Y,Germany_10Y,-0.00852900000000023,2.330221,2.33875,-0.0865445172156568,0.374150690324607,16.52,9.51,1.0877,1
2024-07-22,Germany,10Y,Germany_10Y,-0.007553000000000143,2.354049,2.361602,-0.0216169883130454,0.3341875812112942,14.91,9.52,1.0889,1
2024-07-23,Germany,10Y,Germany_10Y,-0.006393999999999789,2.31021,2.316604,-0.0750982522364115,0.3647323546468745,14.72,9.52,1.0851,1
2024-07-24,Germany,10Y,Germany_10Y,-0.004650999999999517,2.291472,2.2961229999999997,-0.0496626341259616,0.4261677480192204,18.04,9.52,1.0839,1
2024-07-25,Germany,10Y,Germany_10Y,-0.0034929999999997463,2.261261,2.264754,-0.1320292427726423,0.3698745963154288,18.46,9.53,1.0844,1
2024-07-26,Germany,10Y,Germany_10Y,-0.00949999999999962,2.239246,2.2487459999999997,-0.059103960176791,0.2862645246812315,16.39,10.02,1.0857,1
2024-07-29,Germany,10Y,Germany_10Y,-0.0064069999999998295,2.212028,2.218435,-0.07320165457063,0.3417537555746121,16.6,10.02,1.0819,1
2024-07-30,Germany,10Y,Germany_10Y,-0.003519000000000272,2.1825229999999998,2.186042,-0.0777154836202326,0.295857152413945,17.69,10.01,1.0815,1
2024-07-31,Germany,10Y,Germany_10Y,-0.00757399999999997,2.149395,2.156969,-0.0728684622927845,0.3358260110844067,16.36,10.01,1.0825,1
2024-08-01,Germany,10Y,Germany_10Y,-0.004318000000000044,2.080601,2.084919,-0.1511918068913368,0.4170274614275615,18.59,10.01,1.0791,1
2024-08-02,Germany,10Y,Germany_10Y,-0.006637000000000004,1.9942600000000001,2.000897,-0.0877750419215633,0.3220799775234514,23.39,10.02,1.0908,1
2024-08-05,Germany,10Y,Germany_10Y,-0.00586999999999982,2.000338,2.006208,-0.1836034798178688,0.3147429147152429,38.57,10.03,1.0952,1
2024-08-06,Germany,10Y,Germany_10Y,-0.003378000000000103,2.017516,2.020894,0.001744055327663,0.4084844176573826,27.71,10.49,1.093,1
2024-08-07,Germany,10Y,Germany_10Y,-0.0069989999999999775,2.09214,2.099139,-0.0725362798557696,0.3137017627689066,27.85,10.5,1.0921,1
2024-08-08,Germany,10Y,Germany_10Y,-0.009114999999999984,2.084066,2.093181,-0.0255883041267148,0.2504581730317131,23.79,10.04,1.0918,1
2024-08-09,Germany,10Y,Germany_10Y,-0.006618000000000013,2.053862,2.06048,-0.0720525635449136,0.3104987307631135,20.37,9.02,1.0916,1
2024-08-12,Germany,10Y,Germany_10Y,-0.006612999999999758,2.070589,2.0772019999999998,-0.0331236465347041,0.2596678317061668,20.71,9.26,1.0931,1
2024-08-13,Germany,10Y,Germany_10Y,-0.008541000000000132,2.009477,2.018018,-0.1595487558745172,0.3629454529349268,18.12,9.27,1.0992,1
2024-08-14,Germany,10Y,Germany_10Y,-0.01237599999999972,2.003698,2.0160739999999997,-0.2197892111488795,0.3660717281164359,16.19,9.26,1.1012,1
2024-08-15,Germany,10Y,Germany_10Y,-0.01858599999999999,2.100123,2.118709,-0.2084768975921843,0.3281585886110674,15.23,9.27,1.0971,1
2024-08-16,Germany,10Y,Germany_10Y,0.005393000000000203,2.113287,2.107894,-0.0989164032033194,0.2809776199209419,14.8,9.02,1.1028,1
2024-08-19,Germany,10Y,Germany_10Y,-0.006597999999999882,2.103434,2.110032,-0.0112797268046027,0.2933905091959999,14.65,9.01,1.1085,1
2024-08-20,Germany,10Y,Germany_10Y,-0.007378000000000107,2.0617,2.069078,-0.0662476862991785,0.3334624637170176,15.88,9.01,1.113,1
2024-08-21,Germany,10Y,Germany_10Y,-0.006607999999999947,2.040667,2.047275,-0.0160482106786956,0.3131904477197374,16.27,9.02,1.115,1
2024-08-22,Germany,10Y,Germany_10Y,-0.0025279999999998637,2.092258,2.094786,-0.0975343676694382,0.2926101378635299,17.55,9.01,1.1112,1
2024-08-23,Germany,10Y,Germany_10Y,-0.00949999999999962,2.052401,2.0619009999999998,-0.1159036233967933,0.3473673141553409,15.86,9.05,1.119,1
2024-08-26,Germany,10Y,Germany_10Y,-0.00039400000000000546,2.088011,2.088405,0.0203795803177618,0.3111549515144288,16.15,9.02,1.1161,1
2024-08-27,Germany,10Y,Germany_10Y,-0.0005660000000000664,2.117518,2.118084,-0.1068870790255238,0.3286440018201554,15.43,9.01,1.1184,1
2024-08-28,Germany,10Y,Germany_10Y,-0.015512999999999888,2.086667,2.1021799999999997,-0.1715373820885704,0.3206540126964041,17.11,9.01,1.112,1
2024-08-29,Germany,10Y,Germany_10Y,-0.006584000000000145,2.103979,2.110563,-0.0904216637949058,0.3925601712806223,15.65,9.02,1.1077,1
2024-08-30,Germany,10Y,Germany_10Y,-0.00035700000000016274,2.111385,2.111742,-0.0691663340860817,0.3352414297024552,15.0,9.01,1.1047,1
2024-09-02,Germany,10Y,Germany_10Y,-0.007548000000000332,2.157218,2.164766,-0.0552035702409717,0.2843088709063286,15.55,9.02,1.1071,1
2024-09-03,Germany,10Y,Germany_10Y,-0.005997000000000252,2.103825,2.1098220000000003,-0.0925195371138074,0.3291723031671407,20.72,9.46,1.1043,1
2024-09-04,Germany,10Y,Germany_10Y,-0.003878999999999966,2.039721,2.0436,-0.0848419829747337,0.2590912156612999,21.32,9.02,1.1082,1
2024-09-05,Germany,10Y,Germany_10Y,-0.006008000000000013,2.033474,2.039482,0.0124689324378448,0.2997069278980668,19.9,9.01,1.111,1
2024-09-06,Germany,10Y,Germany_10Y,-0.005438000000000054,1.983852,1.98929,-0.0774476028653852,0.28849071082643,22.38,9.02,1.1083,1
2024-09-09,Germany,10Y,Germany_10Y,-0.0006029999999999092,1.979174,1.979777,-0.0538162208926367,0.340637897839886,19.45,9.01,1.1034,1
2024-09-10,Germany,10Y,Germany_10Y,-0.003509999999999902,1.957669,1.961179,-0.1417837608563121,0.3316470394783166,19.08,9.01,1.1019,1
2024-09-11,Germany,10Y,Germany_10Y,-0.0035319999999998686,1.896268,1.8998,-0.0747076555719783,0.3316354757846322,17.69,9.02,1.1011,1
2024-09-12,Germany,10Y,Germany_10Y,-0.003697999999999979,1.9478119999999999,1.9515099999999999,0.0363906357313241,0.2848979399824178,17.07,9.01,1.1074,1
2024-09-13,Germany,10Y,Germany_10Y,-0.005433000000000021,1.95938,1.964813,-0.1180955834739404,0.3322527370196979,16.56,9.04,1.1076,1
2024-09-16,Germany,10Y,Germany_10Y,-0.008533000000000124,1.923726,1.9322590000000002,-0.0703761932952003,0.3104792855081059,17.14,9.02,1.1132,1
2024-09-17,Germany,10Y,Germany_10Y,-0.004074000000000133,1.9581279999999999,1.962202,-0.0223336430641738,0.3465833649922486,17.61,9.02,1.1113,1
2024-09-18,Germany,10Y,Germany_10Y,-0.004640999999999895,1.9961380000000002,2.000779,-0.0284024264096782,0.2743207631324765,18.23,9.02,1.1118,1
2024-09-19,Germany,10Y,Germany_10Y,-0.0005589999999999762,1.9795150000000001,1.9800740000000001,-0.1151189593792547,0.3037691539801612,16.33,9.02,1.1161,1
2024-09-20,Germany,10Y,Germany_10Y,-0.004623999999999739,2.022333,2.026957,-0.0825221333240896,0.3350414731016807,16.15,10.29,1.1162,1
2024-09-23,Germany,10Y,Germany_10Y,-0.007557999999999954,1.947371,1.954929,-0.0882781423474963,0.281881160014527,15.89,10.52,1.1112,1
2024-09-24,Germany,10Y,Germany_10Y,-0.004663000000000084,1.891291,1.8959540000000001,-0.0719568726732812,0.3273193126264754,15.39,10.52,1.118,1
2024-09-25,Germany,10Y,Germany_10Y,-0.0036720000000001196,1.94397,1.947642,-0.0587604913774803,0.3125674001401479,15.41,10.51,1.1132,1
2024-09-26,Germany,10Y,Germany_10Y,-0.0005619999999997294,1.931958,1.9325199999999998,-0.1344536597329241,0.3676245181939562,15.37,10.52,1.1176,1
2024-09-27,Germany,10Y,Germany_10Y,-0.004455000000000098,1.903153,1.9076080000000002,0.0688386565592143,0.2250356568439022,16.96,10.52,1.1163,1
2024-09-30,Germany,10Y,Germany_10Y,-0.002906000000000075,1.891441,1.894347,0.0200438009567355,0.3918610144406341,16.73,10.52,1.1134,1
2024-10-01,Germany,10Y,Germany_10Y,-0.0015859999999998653,1.813556,1.8151419999999998,0.0616806545030252,0.2984454463226142,19.26,10.52,1.1067,1
2024-10-02,Germany,10Y,Germany_10Y,-0.005430000000000046,1.8695680000000001,1.8749980000000002,-0.2220293452633798,0.321613874174692,18.9,10.52,1.1045,1
2024-10-03,Germany,10Y,Germany_10Y,-0.0036680000000000046,1.895554,1.899222,-0.0362962418764663,0.3159865444131108,20.49,10.52,1.1031,1
2024-10-04,Germany,10Y,Germany_10Y,-0.007541000000000242,1.999533,2.0070740000000002,-0.1371166506519218,0.3960199391563249,19.21,10.52,1.0976,1
2024-10-07,Germany,10Y,Germany_10Y,-0.007534000000000152,2.048778,2.056312,-0.1654748577400739,0.4118149265578847,22.64,10.01,1.0974,1
2024-10-08,Germany,10Y,Germany_10Y,-0.0034040000000001847,2.046804,2.050208,-0.130547052704915,0.346804802710078,21.42,9.53,1.098,1
2024-10-09,Germany,10Y,Germany_10Y,-0.012647000000000297,2.0416819999999998,2.054329,-0.0654666611965964,0.3652818988554226,20.86,9.79,1.0939,1
2024-10-10,Germany,10Y,Germany_10Y,-0.007331999999999894,2.053474,2.060806,0.0371869806198932,0.3211416521384453,20.93,9.53,1.0935,1
2024-10-11,Germany,10Y,Germany_10Y,-0.013446999999999765,2.061753,2.0751999999999997,-0.0224776801798677,0.3306533343184858,20.46,9.52,1.0937,1
2024-10-14,Germany,10Y,Germany_10Y,-0.0045639999999997904,2.070044,2.074608,-0.0960854897595847,0.3380633831996055,19.7,9.52,1.0909,1
2024-10-15,Germany,10Y,Germany_10Y,0.0005329999999998947,2.012863,2.01233,-0.0743493797964439,0.3410935516497465,20.64,9.51,1.089,1
2024-10-16,Germany,10Y,Germany_10Y,-0.00047400000000008546,1.966841,1.9673150000000001,-0.0881976706709862,0.3456421955443819,19.58,10.02,1.0861,1
2024-10-17,Germany,10Y,Germany_10Y,-0.0016340000000001353,1.980877,1.9825110000000001,-0.088513018388351,0.3721674526764316,19.11,10.01,1.0831,1
2024-10-18,Germany,10Y,Germany_10Y,-0.0016490000000000116,1.946247,1.947896,-0.0400110272874798,0.3565141385225808,18.03,9.52,1.0866,1
2024-10-21,Germany,10Y,Germany_10Y,0.0005829999999997781,2.048292,2.0477090000000002,-0.0165307028191025,0.2494826095659944,18.37,9.52,1.0815,1
2024-10-22,Germany,10Y,Germany_10Y,-0.007519999999999971,2.066696,2.074216,-0.0510139117518411,0.4381537773166572,18.2,9.51,1.0797,1
2024-10-23,Germany,10Y,Germany_10Y,-0.013461999999999641,2.056,2.0694619999999997,-0.0023129771903957,0.322159705494115,19.24,9.51,1.0781,1
2024-10-24,Germany,10Y,Germany_10Y,-0.0006139999999996704,1.9993910000000001,2.000005,0.0029719715908646,0.3020963176656613,19.08,9.53,1.0827,1
2024-10-25,Germany,10Y,Germany_10Y,-0.006527999999999867,2.041119,2.047647,-0.0981325605345314,0.3380772783089409,20.33,9.52,1.0793,1
2024-10-28,Germany,10Y,Germany_10Y,-0.010491000000000028,2.037146,2.047637,-0.0888279680687451,0.3110984151898483,19.8,9.51,1.0812,1
2024-10-29,Germany,10Y,Germany_10Y,-0.004527000000000392,2.088577,2.0931040000000003,-0.063437357457905,0.2435140150706183,19.34,9.51,1.0818,1
2024-10-30,Germany,10Y,Germany_10Y,-0.004499000000000031,2.165414,2.169913,-0.1699172969152301,0.3179200074074417,20.35,9.53,1.0855,1
2024-10-31,Germany,10Y,Germany_10Y,-0.00649299999999986,2.17897,2.185463,-0.0397259507573733,0.3173208432164233,23.16,9.52,1.0883,1
2024-11-01,Germany,10Y,Germany_10Y,-0.005685999999999858,2.190657,2.1963429999999997,-0.0623203975638386,0.3490980249064352,21.88,9.52,1.0834,1
2024-11-04,Germany,10Y,Germany_10Y,-0.0024800000000002598,2.176259,2.178739,-0.1728020590943042,0.3624233063581488,21.98,9.54,1.0877,1
2024-11-05,Germany,10Y,Germany_10Y,-0.005479000000000234,2.204633,2.210112,-0.0587856636860329,0.2944430458586548,20.49,9.52,1.093,1
2024-11-06,Germany,10Y,Germany_10Y,-0.007496999999999865,2.140257,2.147754,-0.0367827625879012,0.268729289267259,16.27,9.49,1.0728,1
2024-11-07,Germany,10Y,Germany_10Y,-0.004478000000000204,2.167858,2.172336,-0.0552911927547951,0.282925798612716,15.2,10.02,1.0804,1
2024-11-08,Germany,10Y,Germany_10Y,0.0035319999999998686,2.135776,2.132244,-0.0648567881564067,0.3466410797701925,14.94,10.02,1.0718,1
2024-11-11,Germany,10Y,Germany_10Y,-0.005503999999999731,2.0715310000000002,2.077035,0.0311577030341093,0.2497310625957301,14.97,10.01,1.0654,1
2024-11-12,Germany,10Y,Germany_10Y,-0.005297000000000107,2.092139,2.097436,-0.045591540469011,0.2848694141859684,14.71,10.0,1.0623,1
2024-11-13,Germany,10Y,Germany_10Y,0.008575000000000443,2.145112,2.1365369999999997,-0.0805629633336764,0.2739331749884445,14.02,10.02,1.0563,1
2024-11-14,Germany,10Y,Germany_10Y,-0.0034880000000003797,2.085778,2.0892660000000003,-0.0550820479068664,0.3492826340935254,14.31,10.0,1.053,1
2024-11-15,Germany,10Y,Germany_10Y,0.0005290000000002237,2.096419,2.09589,0.033604656671995,0.374027182546265,16.14,10.01,1.0541,1
2024-11-18,Germany,10Y,Germany_10Y,-0.0004550000000000942,2.12215,2.122605,-0.151881785938772,0.2645835228851813,15.58,10.02,1.0599,1
2024-11-19,Germany,10Y,Germany_10Y,0.0005299999999999194,2.085409,2.084879,-0.1386225874384261,0.3316560817625299,16.35,10.02,1.0595,1
2024-11-20,Germany,10Y,Germany_10Y,-0.004474999999999785,2.1073180000000002,2.111793,-0.0440620480323528,0.3410865660001708,17.16,11.01,1.0543,1
2024-11-21,Germany,10Y,Germany_10Y,-0.00749399999999989,2.059946,2.06744,-0.0899364562467401,0.3514564667282154,16.87,11.02,1.0473,1
2024-11-22,Germany,10Y,Germany_10Y,-0.004500999999999866,2.0016380000000003,2.006139,-0.1218442764481476,0.3084799643931658,15.24,11.02,1.0417,1
2024-11-25,Germany,10Y,Germany_10Y,-0.0007199999999998319,1.965843,1.9665629999999998,-0.0690702338865224,0.2972539988383715,14.6,11.53,1.0494,1
2024-11-26,Germany,10Y,Germany_10Y,-0.0005100000000000104,1.97699,1.9775,-0.0755718101570541,0.2437084499211361,14.1,11.51,1.0486,1
2024-11-27,Germany,10Y,Germany_10Y,-0.0015239999999998588,1.942209,1.943733,-0.1104417281789376,0.3688624739223994,14.1,11.52,1.0564,1
2024-11-28,Germany,10Y,Germany_10Y,-0.0025300000000001432,1.902171,1.9047010000000002,-0.034418644418985,0.3828145229490914,13.9,11.52,1.0553,1
2024-11-29,Germany,10Y,Germany_10Y,-0.0005670000000002062,1.8483939999999999,1.848961,-0.0771541909751425,0.259474195879468,13.51,11.52,1.0575,1
2024-12-02,Germany,10Y,Germany_10Y,-0.00336599999999998,1.790605,1.793971,-0.0500275367160341,0.3410869723211193,13.34,11.51,1.0497,1
2024-12-03,Germany,10Y,Germany_10Y,-0.0045400000000002105,1.824981,1.8295210000000002,-0.064794105891236,0.3225428347467727,13.3,12.51,1.0509,1
2024-12-04,Germany,10Y,Germany_10Y,-0.0025489999999999124,1.833223,1.835772,-0.0630246387192497,0.3335489551007295,13.45,12.52,1.051,1
2024-12-05,Germany,10Y,Germany_10Y,-0.0035089999999999844,1.897912,1.901421,-0.0970378838444048,0.3030062388822915,13.54,12.51,1.0586,1
2024-12-06,Germany,10Y,Germany_10Y,-0.006504000000000065,1.890053,1.896557,-0.0169822547827404,0.3932865407628829,12.77,12.51,1.0568,1
2024-12-09,Germany,10Y,Germany_10Y,-0.009500000000000064,1.884788,1.894288,-0.090886005615186,0.3847016072246558,14.19,12.52,1.0552,1
2024-12-10,Germany,10Y,Germany_10Y,-0.0025100000000000122,1.881517,1.8840270000000001,-0.0541174965184579,0.280081197132103,14.18,12.52,1.0526,1
2024-12-11,Germany,10Y,Germany_10Y,-0.006504000000000065,1.870454,1.8769580000000001,-0.0471137935902495,0.3591332047571914,13.58,12.51,1.0494,1
2024-12-12,Germany,10Y,Germany_10Y,0.0025479999999997727,1.938159,1.9356110000000002,0.0166066965530883,0.2681269255740683,13.92,12.51,1.0467,1
2024-12-13,Germany,10Y,Germany_10Y,-0.009500000000000064,1.9876230000000001,1.9971230000000002,-0.1106646436402351,0.304453883368309,13.81,12.02,1.0502,1
2024-12-16,Germany,10Y,Germany_10Y,0.0003750000000000142,1.981141,1.980766,-0.1187385424378077,0.3285353214401102,14.69,12.02,1.051,1
2024-12-17,Germany,10Y,Germany_10Y,-0.005467999999999806,1.976672,1.9821399999999998,-0.1183069030580132,0.3252384031037457,15.87,12.52,1.0489,1
2024-12-18,Germany,10Y,Germany_10Y,-0.0036480000000000956,1.986526,1.990174,-0.013776825277363,0.3755710013547857,27.62,12.52,1.0352,1
2024-12-19,Germany,10Y,Germany_10Y,-0.0015890000000000626,2.045162,2.046751,-0.0871976170075016,0.2723781273013845,24.09,12.51,1.0362,1
2024-12-20,Germany,10Y,Germany_10Y,-0.005652999999999686,2.0108930000000003,2.016546,-0.1353837950237725,0.2625605907037501,18.36,14.02,1.0429,1
2024-12-23,Germany,10Y,Germany_10Y,-0.002585999999999977,2.056937,2.059523,-0.0938346433311445,0.2924093476879489,16.78,14.02,1.0405,1
2024-12-24,Germany,10Y,Germany_10Y,-0.0027800000000000047,2.059384,2.062164,0.0344103420770338,0.3433708826276999,14.27,14.02,1.0397,1
2024-12-25,Germany,10Y,Germany_10Y,-0.0027800000000000047,2.059384,2.062164,-0.1416900282506231,0.3653186421027327,14.27,14.02,1.0404,1
2024-12-26,Germany,10Y,Germany_10Y,-0.0027800000000000047,2.059384,2.062164,-0.1290057179814618,0.312499955419408,14.73,14.01,1.0422,1
2024-12-27,Germany,10Y,Germany_10Y,-0.0035720000000001306,2.112049,2.115621,-0.1441757332051437,0.309946040316195,15.95,14.02,1.0427,1
2024-12-30,Germany,10Y,Germany_10Y,0.0025419999999996,2.076736,2.0741940000000003,-0.1943163982785199,0.367593764012885,17.4,14.02,1.0407,1
2024-12-31,Germany,10Y,Germany_10Y,0.0023529999999998275,2.089416,2.087063,-0.0968375958845637,0.3338139703706406,17.35,14.02,1.0353,1
2025-01-01,Germany,10Y,Germany_10Y,0.0023529999999998275,2.089416,2.087063,-0.1790719723467668,0.3001485194812369,17.35,13.52,1.0355,1
2025-01-02,Germany,10Y,Germany_10Y,-0.0004980000000003315,2.086187,2.086685,-0.135021182950158,0.3432403424815531,17.93,13.51,1.0265,1
2025-01-03,Germany,10Y,Germany_10Y,-0.004562999999999651,2.159469,2.1640319999999997,-0.0594436019326465,0.2996249802204076,16.13,14.02,1.0308,1
2025-01-06,Germany,10Y,Germany_10Y,-0.009500000000000064,2.193304,2.202804,-0.0547043395291456,0.3804526718110192,16.04,14.02,1.039,1
2025-01-07,Germany,10Y,Germany_10Y,-0.0024770000000002845,2.212773,2.21525,-0.0514975191737779,0.2582866832168175,17.82,14.02,1.0339,1
2025-01-08,Germany,10Y,Germany_10Y,-0.007432000000000105,2.216977,2.224409,-0.1206428726758401,0.264179839822529,17.7,14.02,1.0318,1
2025-01-09,Germany,10Y,Germany_10Y,-0.003483000000000125,2.255744,2.259227,-0.1394496950223757,0.2494847927252713,18.07,14.02,1.0298,1
2025-01-10,Germany,10Y,Germany_10Y,-0.009500000000000064,2.3055339999999998,2.315034,-0.1301794885577502,0.2888410935351748,19.54,14.02,1.0244,1
2025-01-13,Germany,10Y,Germany_10Y,-0.002609999999999779,2.340482,2.343092,-0.0637011741538123,0.3732310242466168,19.19,14.01,1.0244,1
2025-01-14,Germany,10Y,Germany_10Y,-0.003430999999999962,2.370305,2.373736,-0.0085662597787117,0.313938949090602,18.71,14.52,1.0307,1
2025-01-15,Germany,10Y,Germany_10Y,-0.010540999999999912,2.276485,2.287026,-0.1647391542133232,0.372291380433636,16.12,14.02,1.0289,1
2025-01-16,Germany,10Y,Germany_10Y,-0.00866699999999998,2.267194,2.275861,-0.0728021373128556,0.3000832566139445,16.6,13.51,1.0298,1
2025-01-17,Germany,10Y,Germany_10Y,-0.0034600000000000186,2.262287,2.265747,-0.0474641072308619,0.2740854356299448,15.97,13.52,1.0271,1
2025-01-20,Germany,10Y,Germany_10Y,0.0004939999999997724,2.251753,2.251259,-0.1023392256994029,0.2977706790268227,15.81,13.02,1.0414,1
2025-01-21,Germany,10Y,Germany_10Y,-0.006377000000000077,2.240801,2.247178,-0.0317714465758702,0.3141492655684625,15.06,13.04,1.0429,1
2025-01-22,Germany,10Y,Germany_10Y,-0.007624999999999993,2.246509,2.254134,-0.0994644429278477,0.2686325225954871,15.1,13.01,1.0407,1
2025-01-23,Germany,10Y,Germany_10Y,-0.011591000000000129,2.275171,2.286762,0.0183012297973255,0.338364415044488,15.02,13.02,1.0415,1
2025-01-24,Germany,10Y,Germany_10Y,-0.006143999999999927,2.324914,2.331058,-0.1776630279719578,0.3451375631744212,14.85,13.02,1.0493,1
2025-01-27,Germany,10Y,Germany_10Y,-0.014518999999999949,2.26491,2.279429,-0.1242937859233594,0.2773048562818138,17.9,13.02,1.0491,1
2025-01-28,Germany,10Y,Germany_10Y,-0.00719499999999984,2.293479,2.300674,-0.2225769780643757,0.3522791896318378,16.41,13.01,1.0428,1
2025-01-29,Germany,10Y,Germany_10Y,-0.007191999999999865,2.302394,2.309586,-0.1042332198502914,0.3992619791088616,16.56,13.02,1.042,1
2025-01-30,Germany,10Y,Germany_10Y,-0.009290999999999716,2.234608,2.243899,-0.0483164192739953,0.3185928498370692,15.84,13.02,1.039,1
2025-01-31,Germany,10Y,Germany_10Y,-0.0063749999999997975,2.16642,2.172795,-0.0941536474479377,0.3254210613019057,16.43,13.01,1.0362,1
2025-02-03,Germany,10Y,Germany_10Y,-0.008255000000000123,2.101788,2.110043,-0.0615878163748799,0.3089833626011367,18.62,13.02,1.0344,1
2025-02-04,Germany,10Y,Germany_10Y,-0.007632000000000083,2.1007730000000002,2.1084050000000003,-0.1292312011337704,0.3148565886912168,17.21,13.51,1.0377,1
2025-02-05,Germany,10Y,Germany_10Y,-0.007425000000000015,2.08149,2.088915,-0.1530890865582479,0.3545451489502111,15.77,14.02,1.0402,1
2025-02-06,Germany,10Y,Germany_10Y,-0.008875999999999884,2.098993,2.107869,-0.0807959442389874,0.3422710900734185,15.5,14.02,1.0381,1
2025-02-07,Germany,10Y,Germany_10Y,-0.0063789999999999125,2.101095,2.107474,-0.2269573272595386,0.2981968921392807,16.54,13.51,1.0327,1
2025-02-10,Germany,10Y,Germany_10Y,-0.007006000000000068,2.079274,2.08628,-0.045508586380235,0.3531249109291149,15.81,13.52,1.0306,1
2025-02-11,Germany,10Y,Germany_10Y,-0.011589000000000294,2.147865,2.159454,-0.0138373561832048,0.2797703161598628,16.02,13.52,1.036,1
2025-02-12,Germany,10Y,Germany_10Y,-0.00929000000000002,2.2054869999999998,2.2147769999999998,-0.0723238923925913,0.2832551855628733,15.89,13.52,1.0382,1
2025-02-13,Germany,10Y,Germany_10Y,-0.008035000000000014,2.14867,2.156705,-0.0343894135341565,0.3382891014227672,15.1,13.02,1.0464,1
2025-02-14,Germany,10Y,Germany_10Y,-0.01075600000000021,2.151018,2.1617740000000003,-0.0606688297023851,0.2689140078800703,14.77,12.02,1.0491,1
2025-02-17,Germany,10Y,Germany_10Y,-0.014540999999999471,2.1888170000000002,2.2033579999999997,-0.0336189133127457,0.2699964868241939,15.37,12.02,1.0482,1
2025-02-18,Germany,10Y,Germany_10Y,-0.00865899999999975,2.203803,2.212462,-0.0468636225242588,0.2276105250862715,15.35,12.01,1.0445,1
2025-02-19,Germany,10Y,Germany_10Y,-0.006545000000000023,2.2574,2.263945,-0.059118664207325,0.3229387963005847,15.27,12.02,1.0421,1
2025-02-20,Germany,10Y,Germany_10Y,-0.011401000000000217,2.23909,2.2504910000000002,-0.0898089744517334,0.240925944071971,15.66,12.02,1.05,1
2025-02-21,Germany,10Y,Germany_10Y,-0.013497000000000092,2.17257,2.186067,-0.1070635301524187,0.2818665355920268,18.21,12.02,1.0458,1
2025-02-24,Germany,10Y,Germany_10Y,-0.006764999999999688,2.170732,2.177497,-0.0927571016619126,0.2879377683821992,18.98,12.01,1.0466,1
2025-02-25,Germany,10Y,Germany_10Y,-0.005501999999999896,2.164264,2.169766,-0.0370673506761803,0.262625914283325,19.43,11.52,1.0513,1
2025-02-26,Germany,10Y,Germany_10Y,-0.013493000000000421,2.1376049999999998,2.151098,-0.102090862965501,0.3915101492554594,19.1,11.5,1.0483,1
2025-02-27,Germany,10Y,Germany_10Y,-0.006768999999999803,2.113336,2.1201049999999997,-0.0125995922454952,0.2960812789830441,21.13,11.51,1.0397,1
2025-02-28,Germany,10Y,Germany_10Y,-0.007401999999999909,2.080819,2.088221,-0.0695609759271212,0.3291507058203836,19.63,12.03,1.0375,1
2025-03-03,Germany,10Y,Germany_10Y,-0.007600999999999747,2.161838,2.1694389999999997,-0.0748066151529246,0.2834569828288612,22.78,12.0,1.0486,1
2025-03-04,Germany,10Y,Germany_10Y,-0.019391999999999854,2.11511,2.134502,-0.0833858473693088,0.3036206470147986,23.51,12.01,1.0624,1
2025-03-05,Germany,10Y,Germany_10Y,-0.009500000000000064,2.432362,2.441862,-0.0488625706159522,0.2960900025608671,21.93,12.49,1.079,1
2025-03-06,Germany,10Y,Germany_10Y,-0.003442000000000167,2.534274,2.537716,-0.0301608258844129,0.2097799238007575,24.87,13.02,1.0783,1
2025-03-07,Germany,10Y,Germany_10Y,-0.0013139999999998153,2.458464,2.459778,-0.0637046892615332,0.3387423461603415,23.37,13.0,1.0832,1
2025-03-20,Germany,10Y,Germany_10Y,-0.012522000000000144,2.38953,2.4020520000000003,-0.0149081820756381,0.3259959610609492,19.8,14.52,1.0851,1
2025-03-21,Germany,10Y,Germany_10Y,-0.007344999999999935,2.360785,2.36813,-0.1327203099430619,0.3369355083665096,19.28,14.52,1.0814,1
2025-03-24,Germany,10Y,Germany_10Y,-0.011441000000000034,2.364378,2.375819,0.0145949073608062,0.4053985365290115,17.48,13.49,1.08,1
2025-03-25,Germany,10Y,Germany_10Y,-0.012091000000000296,2.377042,2.389133,-0.091082492902082,0.2924933684352238,17.15,13.52,1.0791,1
2025-04-01,Germany,10Y,Germany_10Y,-0.013586000000000098,2.261356,2.2749420000000002,-0.0618583957673664,0.3196854008612652,21.77,14.03,1.0793,1
2025-04-02,Germany,10Y,Germany_10Y,-0.018549999999999844,2.283413,2.3019629999999998,-0.1762862889197587,0.2789157400940691,21.51,13.5,1.0855,1
2025-04-03,Germany,10Y,Germany_10Y,-0.012503000000000153,2.190611,2.2031140000000002,-0.1638482267073935,0.2366764070140737,30.02,14.08,1.105,1
2025-04-04,Germany,10Y,Germany_10Y,-0.011635000000000062,2.107857,2.119492,-0.1514728614132034,0.2705775361356928,45.31,15.07,1.0955,1
2025-04-07,Germany,10Y,Germany_10Y,-0.01355200000000023,2.08356,2.097112,-0.2188461959850322,0.2560119811192029,46.98,15.49,1.0904,1
2025-04-08,Germany,10Y,Germany_10Y,-0.014643000000000406,2.154991,2.1696340000000003,-0.1192533271268937,0.331466999081271,52.33,15.05,1.0956,1
2025-04-09,Germany,10Y,Germany_10Y,-0.013548999999999811,2.059287,2.0728359999999997,-0.0761238230604801,0.2851360391636838,33.62,14.46,1.0951,1
2025-04-10,Germany,10Y,Germany_10Y,-0.014641999999999822,2.1221740000000002,2.136816,-0.0653937951067337,0.2701017619478597,40.72,14.04,1.1197,1
2025-04-11,Germany,10Y,Germany_10Y,-0.012492999999999643,2.0791880000000003,2.091681,-0.1169793530039632,0.337654951800019,37.56,13.99,1.136,1
2025-04-14,Germany,10Y,Germany_10Y,-0.01741500000000018,2.081345,2.09876,-0.0962320028060623,0.3317726701180795,30.89,13.56,1.1349,1
2025-04-15,Germany,10Y,Germany_10Y,-0.009500000000000064,2.088426,2.097926,-0.1265032383994332,0.3377337439331833,30.12,13.54,1.1281,1
2025-04-16,Germany,10Y,Germany_10Y,-0.008429999999999715,2.043113,2.0515429999999997,-0.0518271738276616,0.386989771398784,32.64,14.04,1.1398,1
2025-04-17,Germany,10Y,Germany_10Y,-0.014409999999999812,1.995234,2.0096439999999998,-0.0255054878999324,0.3010052156190813,29.65,13.52,1.1363,1
2025-04-18,Germany,10Y,Germany_10Y,-0.014410999999999952,2.000144,2.014555,-0.0512012895031388,0.2843721159324192,29.65,13.53,1.1391,1
2025-04-21,Germany,10Y,Germany_10Y,-0.014410999999999952,2.000144,2.014555,-0.1341357018768051,0.2630801839556915,33.82,13.54,1.1513,1
2025-04-22,Germany,10Y,Germany_10Y,-0.018451000000000217,1.95938,1.9778310000000001,-0.1912261948533972,0.3198911757684584,30.57,13.51,1.142,1
2025-04-23,Germany,10Y,Germany_10Y,-0.02064200000000005,2.036905,2.057547,-0.0910143337623396,0.3133807366460255,28.45,13.51,1.1315,1
2025-04-24,Germany,10Y,Germany_10Y,-0.018683999999999923,1.965852,1.9845359999999999,-0.0849591558036151,0.3121706392530292,26.47,13.04,1.1389,1
2025-04-25,Germany,10Y,Germany_10Y,-0.01656700000000022,2.001963,2.01853,-0.0412772230859484,0.2609100346381942,24.84,13.03,1.1365,1
2025-04-28,Germany,10Y,Germany_10Y,-0.006495999999999835,2.0283160000000002,2.034812,-0.055295880485127,0.2311581814910205,25.15,13.03,1.1422,1
2025-04-29,Germany,10Y,Germany_10Y,-0.01443599999999945,2.0134950000000003,2.0279309999999997,-0.0155625050715101,0.276907468588191,24.17,13.03,1.1386,1
2025-04-30,Germany,10Y,Germany_10Y,-0.012285999999999797,1.972688,1.9849739999999998,0.060972919959195,0.3771468624202795,24.7,13.03,1.1329,1
2025-05-01,Germany,10Y,Germany_10Y,-0.012285999999999797,1.964545,1.9768309999999998,-0.1104497600142364,0.3297753865353839,24.6,12.99,1.1292,1
2025-05-02,Germany,10Y,Germany_10Y,-0.011874000000000162,2.074614,2.086488,-0.0521791495133323,0.254591710536342,22.68,12.98,1.1296,1
2025-05-05,Germany,10Y,Germany_10Y,-0.01854800000000001,2.036035,2.054583,0.109410207952275,0.3181634760828297,23.64,13.01,1.1315,1
2025-05-06,Germany,10Y,Germany_10Y,-0.015535999999999994,2.041422,2.056958,-0.095761373034097,0.3533103833921658,24.76,13.03,1.137,1
2025-05-07,Germany,10Y,Germany_10Y,-0.014446999999999655,1.9996450000000001,2.0140919999999998,-0.0995806452593759,0.3395151300160967,23.55,13.03,1.13,1
2025-05-08,Germany,10Y,Germany_10Y,-0.013386999999999816,2.039918,2.053305,-0.1102433034097273,0.3038458284659205,22.48,12.98,1.1228,1
2025-05-09,Germany,10Y,Germany_10Y,-0.013612999999999875,2.071272,2.084885,-0.077193317484572,0.3460480061210056,21.9,13.02,1.1248,1
2025-05-12,Germany,10Y,Germany_10Y,-0.013429000000000357,2.1997619999999998,2.213191,0.0132437840748943,0.3965443841190383,18.39,12.48,1.1088,1
2025-05-13,Germany,10Y,Germany_10Y,-0.012559999999999683,2.216222,2.228782,-0.0275576609834144,0.3755284284208444,18.22,12.51,1.1186,1
2025-05-14,Germany,10Y,Germany_10Y,-0.015413000000000565,2.2362159999999998,2.2516290000000003,-0.0666457722769256,0.3183740134371796,18.62,12.5,1.1175,1
2025-05-15,Germany,10Y,Germany_10Y,-0.012341999999999853,2.192708,2.20505,0.0256749325932466,0.2696847351418199,17.83,12.55,1.1189,1
2025-05-16,Germany,10Y,Germany_10Y,-0.011462999999999557,2.143635,2.1550979999999997,0.0096963417597402,0.3315947810574937,17.24,12.52,1.1164,1
2025-05-19,Germany,10Y,Germany_10Y,-0.007321000000000133,2.123405,2.130726,-0.0567696854353423,0.3519679401973519,18.14,13.02,1.1244,1
2025-05-20,Germany,10Y,Germany_10Y,-0.01670000000000016,2.130861,2.147561,0.0080779815148505,0.2964723182376404,18.09,12.52,1.1283,1
2025-05-21,Germany,10Y,Germany_10Y,-0.015403000000000056,2.158208,2.173611,-0.0259866852218959,0.3124486564699724,20.87,12.5,1.1331,1
2025-05-22,Germany,10Y,Germany_10Y,-0.013659999999999783,2.159256,2.172916,-0.0510545223518961,0.2483937228516146,20.28,12.52,1.1281,1
2025-05-23,Germany,10Y,Germany_10Y,-0.012114999999999654,2.076951,2.089066,-0.1368838677103102,0.3017535997027993,22.29,13.02,1.1365,1
2025-05-26,Germany,10Y,Germany_10Y,-0.010153999999999996,2.081114,2.091268,0.012646606807828,0.2046552731941122,20.57,13.01,1.1388,1
2025-05-27,Germany,10Y,Germany_10Y,-0.013424999999999798,2.06914,2.0825649999999998,-0.0100461661613704,0.3334475813673351,18.96,12.52,1.1329,1
2025-05-28,Germany,10Y,Germany_10Y,-0.008408999999999889,2.080502,2.088911,-0.0954423124916732,0.2391413671507774,19.31,12.51,1.1293,1
2025-05-29,Germany,10Y,Germany_10Y,-0.014518999999999949,2.048903,2.063422,-0.011636651472467,0.2733670404011608,19.18,12.53,1.1372,1
2025-05-30,Germany,10Y,Germany_10Y,-0.012337999999999738,2.0476,2.059938,-0.0501030099496965,0.2913914229092023,18.57,12.52,1.1348,1
2025-06-02,Germany,10Y,Germany_10Y,-0.01561699999999977,2.051756,2.067373,-0.1202700044125601,0.3289264790991561,18.36,12.0,1.1442,1
2025-06-03,Germany,10Y,Germany_10Y,-0.014521999999999924,2.037567,2.052089,-0.0387859777307025,0.2675054777895287,17.69,11.51,1.1372,1
2025-06-04,Germany,10Y,Germany_10Y,-0.014533999999999825,2.068615,2.0831489999999997,-0.0927478202544886,0.3026814372564336,17.61,10.79,1.1418,1
2025-06-05,Germany,10Y,Germany_10Y,-0.018533000000000133,2.151711,2.1702440000000003,-0.0671160082004471,0.3354020858564094,18.48,10.75,1.1445,1
2025-06-06,Germany,10Y,Germany_10Y,-0.017433000000000032,2.147801,2.165234,-0.1174250698133492,0.2994041478901329,16.77,10.73,1.1395,1
2025-06-09,Germany,10Y,Germany_10Y,-0.011482999999999688,2.14455,2.156033,-0.0744193139255013,0.3889315485398106,17.16,10.03,1.1421,1
2025-06-10,Germany,10Y,Germany_10Y,-0.013681000000000054,2.1100250000000003,2.1237060000000003,-0.0827570092889206,0.3165885685741278,16.95,10.02,1.1425,1
2025-06-11,Germany,10Y,Germany_10Y,-0.008620000000000072,2.108961,2.117581,-0.0956127904566404,0.330436518687438,17.26,10.04,1.1488,1
2025-06-12,Germany,10Y,Germany_10Y,-0.012357999999999869,2.063067,2.075425,-0.0548792785363925,0.3147404220305247,18.02,9.53,1.1585,1
2025-06-13,Germany,10Y,Germany_10Y,-0.014574000000000087,2.112855,2.1274290000000002,-0.1217673321231842,0.3120046802273405,20.82,9.5,1.1553,1
2025-07-02,Germany,10Y,Germany_10Y,-0.014629000000000225,2.158276,2.172905,-0.1562485204612578,0.3793022351350816,16.64,8.51,1.1799,1
2025-07-03,Germany,10Y,Germany_10Y,-0.017520999999999898,2.118318,2.135839,-0.0244906919943003,0.3546077034852773,16.38,8.48,1.1757,1
2025-07-04,Germany,10Y,Germany_10Y,-0.019518000000000146,2.096313,2.115831,-0.0713216531149845,0.3436339063503387,17.48,8.52,1.1779,1
2025-07-07,Germany,10Y,Germany_10Y,-0.013518000000000363,2.1364739999999998,2.149992,-0.119364772890957,0.3121250220206349,17.79,8.51,1.1709,1
2025-07-08,Germany,10Y,Germany_10Y,-0.016441000000000372,2.1772169999999997,2.193658,0.0090456894610676,0.3130460580465555,16.81,8.51,1.1726,1
2025-07-09,Germany,10Y,Germany_10Y,-0.01554499999999992,2.167885,2.18343,-0.114060575444543,0.2598096825280915,15.94,8.53,1.1721,1
2025-07-10,Germany,10Y,Germany_10Y,-0.012420000000000098,2.196354,2.208774,0.0074542906938117,0.3570540266090791,15.78,8.51,1.17,1
2025-07-11,Germany,10Y,Germany_10Y,-0.005673999999999957,2.227016,2.23269,-0.1874621887634922,0.300942929779406,16.4,8.5,1.169,1
2025-07-14,Germany,10Y,Germany_10Y,-0.016469999999999985,2.200563,2.217033,-0.1349408921379901,0.2678034080711394,17.2,8.51,1.1665,1
2025-07-15,Germany,10Y,Germany_10Y,-0.01444399999999968,2.183336,2.19778,-0.0235474079720412,0.274926011334631,17.38,8.49,1.1601,1
2025-07-16,Germany,10Y,Germany_10Y,-0.01354299999999986,2.168356,2.181899,-0.0414452532867211,0.327295348086704,17.16,8.54,1.1635,1
2025-07-17,Germany,10Y,Germany_10Y,-0.014441000000000148,2.143837,2.158278,0.0356712650575398,0.2864504668845892,16.52,8.5,1.1596,1
2025-07-18,Germany,10Y,Germany_10Y,-0.010626000000000246,2.171779,2.182405,-0.0838595143541318,0.3147596708326144,16.41,8.53,1.1626,1
2025-07-21,Germany,10Y,Germany_10Y,-0.012415000000000287,2.09658,2.108995,-0.1193373377874776,0.3294851702542597,16.65,8.53,1.1696,1
2025-07-22,Germany,10Y,Germany_10Y,-0.014427999999999663,2.070392,2.0848199999999997,0.0907472064354731,0.215177173137117,16.5,8.53,1.1755,1
2025-07-23,Germany,10Y,Germany_10Y,-0.00658000000000003,2.113261,2.119841,-0.1704884337560092,0.3703013096762054,15.37,8.5,1.1772,1
2025-07-24,Germany,10Y,Germany_10Y,-0.011533999999999711,2.1936590000000002,2.205193,-0.0163735705278545,0.2868813813405054,15.39,8.5,1.1755,1
2025-07-25,Germany,10Y,Germany_10Y,-0.012445999999999735,2.2265610000000002,2.239007,0.024451788535237,0.3168870169444174,14.93,8.52,1.1742,1
2025-07-28,Germany,10Y,Germany_10Y,-0.01153599999999999,2.188393,2.199929,-0.0577740198180341,0.4281305357277493,15.03,8.51,1.1589,1
2025-07-29,Germany,10Y,Germany_10Y,-0.014482999999999802,2.2002420000000003,2.214725,-0.1078411200457735,0.3271214492471544,15.98,8.53,1.1546,1
2025-07-30,Germany,10Y,Germany_10Y,-0.013355999999999923,2.219141,2.232497,-0.1976275899816489,0.3191567485699781,15.48,8.49,1.1406,1
2025-07-31,Germany,10Y,Germany_10Y,-0.01245200000000013,2.214655,2.227107,-0.058587235735245,0.3410913227823132,16.72,8.51,1.1416,1
2025-08-01,Germany,10Y,Germany_10Y,-0.013581999999999983,2.182745,2.196327,-0.1175513508643046,0.2832233069195986,20.38,8.6,1.1586,1
2025-08-04,Germany,10Y,Germany_10Y,-0.013576000000000032,2.149506,2.163082,-0.089012489993879,0.344633217322651,17.52,8.52,1.1571,1
2025-08-05,Germany,10Y,Germany_10Y,-0.009500000000000064,2.145263,2.154763,-0.1601831927831309,0.3081745436596761,17.85,8.51,1.1576,1
2025-08-06,Germany,10Y,Germany_10Y,-0.012448000000000015,2.154387,2.166835,-0.0747527024269525,0.3177836433212286,16.77,8.52,1.166,1
2025-08-07,Germany,10Y,Germany_10Y,-0.009500000000000064,2.156848,2.166348,-0.1107983903550403,0.284960167514405,16.57,8.5,1.1666,1
2025-08-08,Germany,10Y,Germany_10Y,-0.011095999999999773,2.208788,2.219884,-0.045535962116512,0.2227035357260604,15.15,8.5,1.164,1
2025-08-11,Germany,10Y,Germany_10Y,-0.01246500000000017,2.214807,2.227272,-0.1044000853056034,0.2972952989750159,16.25,8.52,1.1616,1
2025-08-12,Germany,10Y,Germany_10Y,-0.010415000000000063,2.246647,2.257062,-0.0890535296975381,0.31470750166796,14.73,8.53,1.1673,1
2025-08-13,Germany,10Y,Germany_10Y,-0.012461000000000055,2.177596,2.190057,-0.1057853857731241,0.2470366308599958,14.49,8.53,1.1706,1
2025-08-14,Germany,10Y,Germany_10Y,-0.013612999999999875,2.206134,2.219747,-0.10293693365394,0.2964958871984606,14.83,8.5,1.1648,1
2025-08-15,Germany,10Y,Germany_10Y,-0.013398999999999717,2.25774,2.271139,-0.1171069475692885,0.257001158603227,15.09,8.0,1.1698,1
2025-08-18,Germany,10Y,Germany_10Y,-0.013628999999999891,2.255103,2.268732,-0.0183557017704979,0.258229340972791,14.99,8.01,1.1661,1
2025-08-19,Germany,10Y,Germany_10Y,-0.012480000000000047,2.234804,2.247284,-0.0518113973773002,0.2377525466571361,15.57,8.03,1.1647,1
2025-08-20,Germany,10Y,Germany_10Y,-0.012473999999999652,2.1964230000000002,2.208897,-0.0367727099797656,0.3316167685325777,15.69,8.02,1.1652,1
2025-08-21,Germany,10Y,Germany_10Y,-0.012487000000000137,2.241195,2.253682,-0.2227946943489922,0.3957237111107948,16.6,8.0,1.1606,1
2025-08-22,Germany,10Y,Germany_10Y,-0.010645999999999933,2.19539,2.206036,-0.1149131476616476,0.3105310543190867,14.22,8.05,1.1717,1
2025-08-25,Germany,10Y,Germany_10Y,-0.012030999999999459,2.2503830000000002,2.2624139999999997,-0.1326903300499384,0.2735874493146872,14.79,8.0,1.1618,1
2025-08-26,Germany,10Y,Germany_10Y,-0.014548999999999701,2.192807,2.207356,0.0109412652319072,0.301743117924193,14.62,8.03,1.1643,1
2025-08-27,Germany,10Y,Germany_10Y,-0.012477999999999767,2.155513,2.167991,-0.0755322186095138,0.268527266069361,14.85,8.03,1.1639,1
2025-08-28,Germany,10Y,Germany_10Y,-0.011566999999999883,2.172466,2.184033,-0.1505423889519092,0.2311615454923135,14.43,8.01,1.1683,1
2025-08-29,Germany,10Y,Germany_10Y,-0.011568000000000023,2.177826,2.189394,-0.048077497183643,0.3432655036389211,15.36,8.26,1.1686,1
2025-09-01,Germany,10Y,Germany_10Y,-0.012494999999999923,2.206668,2.219163,-0.0039393748959098,0.3147249130768026,16.12,8.26,1.1711,1
2025-09-02,Germany,10Y,Germany_10Y,-0.013425000000000242,2.237435,2.2508600000000003,-0.0388994940654477,0.3346259638669074,17.17,8.5,1.164,1
2025-09-03,Germany,10Y,Germany_10Y,-0.012497999999999898,2.208927,2.221425,-0.0351753145655735,0.2810541946473608,16.35,8.27,1.1662,1
2025-09-04,Germany,10Y,Germany_10Y,-0.014574999999999783,2.191206,2.205781,-0.0614506910244387,0.3556631512951785,15.3,8.27,1.165,1
2025-09-05,Germany,10Y,Germany_10Y,-0.013641999999999932,2.137369,2.151011,-0.0008736984908128,0.3587355540781251,15.18,8.27,1.1719,1
2025-09-08,Germany,10Y,Germany_10Y,-0.016401999999999806,2.124081,2.1404829999999997,0.0687258534725384,0.2882053638862036,15.11,7.76,1.1764,1
2025-09-09,Germany,10Y,Germany_10Y,-0.015493999999999897,2.150617,2.166111,0.0278759377486269,0.2936574138801126,15.04,7.5,1.1708,1
2025-09-10,Germany,10Y,Germany_10Y,-0.011575999999999809,2.155525,2.1671009999999997,-0.0760340249282322,0.3902490095872411,15.35,7.51,1.1695,1
2025-09-11,Germany,10Y,Germany_10Y,-0.014591000000000243,2.185091,2.199682,-0.0447257029575058,0.3170475532509033,14.71,7.26,1.1734,1
2025-09-12,Germany,10Y,Germany_10Y,-0.014606999999999815,2.226432,2.241039,-0.0323504062045323,0.3221731447892131,14.76,7.75,1.1734,1
2025-09-15,Germany,10Y,Germany_10Y,-0.017393000000000214,2.220268,2.237661,-0.1166488501374844,0.4225009531211579,15.69,7.26,1.1761,1
2025-09-16,Germany,10Y,Germany_10Y,-0.013446000000000069,2.212011,2.225457,-0.0919391289775792,0.3307343182510055,16.36,7.51,1.1868,1
2025-09-17,Germany,10Y,Germany_10Y,-0.01739399999999991,2.205142,2.222536,-0.0282083572555916,0.3558727708191253,15.72,7.5,1.1813,1
2025-09-18,Germany,10Y,Germany_10Y,-0.01858000000000004,2.224728,2.243308,-0.0599732895565232,0.3684419606611271,15.7,7.25,1.1788,1
2025-09-19,Germany,10Y,Germany_10Y,-0.02046699999999957,2.253963,2.2744299999999997,-0.0544329439804422,0.2922231263778262,15.45,7.26,1.1746,1
2025-09-22,Germany,10Y,Germany_10Y,-0.022331000000000323,2.242184,2.2645150000000003,0.0631851375301441,0.4103685902940613,16.1,8.51,1.1803,1
2025-09-23,Germany,10Y,Germany_10Y,-0.017443999999999793,2.262608,2.280052,-0.0606534691895452,0.33735728115122,16.64,7.64,1.1816,1
2025-09-24,Germany,10Y,Germany_10Y,-0.017446000000000073,2.258291,2.275737,0.0349657533424584,0.2919225726881088,16.18,8.75,1.1738,1
2025-09-25,Germany,10Y,Germany_10Y,-0.01747199999999971,2.2879300000000002,2.305402,-0.1409080771667483,0.3053145296204109,16.74,8.75,1.1667,1
2025-09-26,Germany,10Y,Germany_10Y,-0.01746599999999976,2.266503,2.283969,-0.0513482801646229,0.3340863842454775,15.29,8.76,1.1702,1
2025-09-29,Germany,10Y,Germany_10Y,-0.020503999999999856,2.243677,2.2641809999999998,-0.0473253174185269,0.2438781432731172,16.12,8.52,1.1727,1
2025-09-30,Germany,10Y,Germany_10Y,-0.019568000000000474,2.2381729999999997,2.257741,-0.1032864160409616,0.3574370749003219,16.28,8.77,1.1734,1
2025-10-01,Germany,10Y,Germany_10Y,-0.013481000000000076,2.234069,2.24755,-0.0646779936390267,0.3735771203037035,16.29,8.77,1.173,1
2025-10-02,Germany,10Y,Germany_10Y,-0.015595999999999943,2.227364,2.24296,-0.0054436448217975,0.3739729036386683,16.63,8.76,1.1716,1
2025-10-03,Germany,10Y,Germany_10Y,-0.012550000000000061,2.233335,2.245885,-0.1601841602281373,0.3717067728706191,16.65,8.75,1.1743,1
2025-10-06,Germany,10Y,Germany_10Y,-0.014428999999999803,2.228516,2.2429449999999997,-0.1147712847119183,0.2709927214608108,16.37,9.01,1.171,1
2025-10-07,Germany,10Y,Germany_10Y,-0.015369999999999884,2.228389,2.243759,-0.0437283057712301,0.2905091040354084,17.24,8.77,1.1657,1
2025-10-08,Germany,10Y,Germany_10Y,-0.013487000000000027,2.199627,2.213114,-0.0468160712783052,0.3000681519680259,16.3,8.76,1.1628,1
2025-10-09,Germany,10Y,Germany_10Y,-0.014673999999999854,2.221058,2.235732,-0.0602851168070006,0.3130669581959892,16.43,8.76,1.1565,1
2025-10-10,Germany,10Y,Germany_10Y,-0.006450000000000067,2.169946,2.176396,-0.1004175313683145,0.243616788772308,21.66,8.78,1.162,1
2025-10-13,Germany,10Y,Germany_10Y,-0.012547000000000086,2.14399,2.156537,0.061902740474603,0.3884783586118203,19.03,8.52,1.157,1
2025-10-14,Germany,10Y,Germany_10Y,-0.016528999999999794,2.1269460000000002,2.143475,-0.1228761798516828,0.3406835173492099,20.81,8.52,1.1607,1
2025-10-15,Germany,10Y,Germany_10Y,-0.017452000000000023,2.085801,2.103253,-0.0326437315285058,0.3115142592194069,20.64,8.26,1.1648,1
2025-10-16,Germany,10Y,Germany_10Y,-0.015591999999999828,2.093169,2.108761,-0.0505315819914929,0.3715324842566586,25.31,8.28,1.1688,1
2025-10-17,Germany,10Y,Germany_10Y,-0.01161000000000012,2.096256,2.107866,-0.0834886583191735,0.3634929830398035,20.78,8.0,1.1652,1
2025-10-20,Germany,10Y,Germany_10Y,-0.01654100000000014,2.1031,2.119641,0.0616540195033494,0.3543510147376245,18.23,8.26,1.1641,1
2025-10-21,Germany,10Y,Germany_10Y,-0.016538000000000164,2.0857799999999997,2.102318,-0.0923873216735858,0.3247313607536117,17.87,8.76,1.1599,1
2025-10-22,Germany,10Y,Germany_10Y,-0.017482999999999915,2.092388,2.109871,-0.0621157483079812,0.3083213555384155,18.6,8.76,1.1611,1
2025-10-23,Germany,10Y,Germany_10Y,-0.0153859999999999,2.111796,2.127182,-0.1282680816019164,0.303363657398447,17.3,8.5,1.1618,1
2025-10-24,Germany,10Y,Germany_10Y,-0.013516000000000084,2.164912,2.1784280000000003,-0.1337507047534158,0.3157332598490737,16.37,8.51,1.1626,1
2025-10-27,Germany,10Y,Germany_10Y,-0.012572000000000028,2.163808,2.17638,-0.0690009798759411,0.388737254564209,15.79,8.76,1.1645,1
2025-10-28,Germany,10Y,Germany_10Y,-0.012573000000000167,2.161757,2.1743300000000003,-0.1396303230805312,0.3855521416585905,16.42,8.76,1.1652,1
2025-10-29,Germany,10Y,Germany_10Y,-0.015413999999999817,2.160413,2.175827,-0.0856928828838253,0.3625265100314938,16.92,8.49,1.1601,1
2025-10-30,Germany,10Y,Germany_10Y,-0.014717999999999787,2.178888,2.193606,-0.1222889190981595,0.2928509978945304,16.91,8.76,1.1566,1
2025-10-31,Germany,10Y,Germany_10Y,-0.014477000000000295,2.157634,2.172111,-0.1295720240052479,0.2305046291140553,17.44,8.76,1.1536,1
2025-11-03,Germany,10Y,Germany_10Y,-0.014490000000000336,2.194019,2.2085090000000003,-0.1451038065045368,0.2824375110620555,17.17,8.76,1.152,1
2025-11-04,Germany,10Y,Germany_10Y,-0.016385000000000094,2.171309,2.187694,-0.1073375305688592,0.2894359208672206,19.0,8.76,1.1483,1
2025-11-05,Germany,10Y,Germany_10Y,-0.01568499999999995,2.194443,2.210128,-0.0143986676628561,0.3162087930510784,18.01,8.75,1.1492,1
2025-11-06,Germany,10Y,Germany_10Y,-0.014498999999999818,2.183534,2.1980329999999997,-0.0137421752877263,0.3240375649270647,19.5,8.78,1.1548,1
2025-11-07,Germany,10Y,Germany_10Y,-0.012357999999999869,2.1824310000000002,2.194789,0.0094686646263733,0.2540672882146409,19.08,8.77,1.1566,1
2025-11-10,Germany,10Y,Germany_10Y,-0.01641300000000001,2.185855,2.202268,-0.2367382450668187,0.3625639008498604,17.6,8.76,1.1557,1
2025-11-11,Germany,10Y,Germany_10Y,-0.014505999999999908,2.1785550000000002,2.193061,-0.0473896986143901,0.2909523504081658,17.28,8.52,1.1582,1
2025-11-12,Germany,10Y,Germany_10Y,-0.014507999999999743,2.179834,2.194342,-0.0521559929411098,0.3351635472242474,17.51,8.52,1.1593,1
2025-11-17,Germany,10Y,Germany_10Y,-0.015495999999999732,2.231992,2.2474879999999997,0.0104112576779564,0.3418842042271083,22.38,8.51,1.1591,1
2025-11-18,Germany,10Y,Germany_10Y,-0.017411000000000065,2.213882,2.231293,-0.0796317982981866,0.3790015786033416,24.69,8.52,1.1581,1
2025-11-19,Germany,10Y,Germany_10Y,-0.015498000000000012,2.2178240000000002,2.2333220000000003,-0.0106913589496411,0.3703236245564694,23.66,8.26,1.1538,1
2025-11-20,Germany,10Y,Germany_10Y,-0.01646800000000015,2.216226,2.232694,0.0318554677465937,0.3174489769223636,26.42,8.02,1.1529,1
2025-11-21,Germany,10Y,Germany_10Y,-0.016464000000000034,2.1968769999999997,2.213341,0.0027944621695743,0.3363867660952125,23.43,8.52,1.1513,1
2025-11-24,Germany,10Y,Germany_10Y,-0.017675000000000107,2.209469,2.227144,-0.0056716551683251,0.3094147975976197,20.52,8.26,1.1521,1
2025-11-25,Germany,10Y,Germany_10Y,-0.015267000000000142,2.191545,2.206812,-0.0207231794273093,0.347287038681582,18.56,8.27,1.1571,1
2025-11-26,Germany,10Y,Germany_10Y,-0.016475999999999935,2.2010170000000002,2.217493,-0.0698472338468574,0.4034896353966672,17.19,7.76,1.1595,1
2025-11-27,Germany,10Y,Germany_10Y,-0.015524999999999789,2.206135,2.22166,-0.0323390108741148,0.3233914635323639,17.21,8.26,1.1595,1
2025-11-28,Germany,10Y,Germany_10Y,-0.015532999999999575,2.2202260000000003,2.235759,0.0142360459884726,0.294313803113599,16.35,8.0,1.1596,1
2025-12-01,Germany,10Y,Germany_10Y,-0.014583000000000013,2.267229,2.281812,-0.0224122297981534,0.3414441159687938,17.24,8.5,1.1611,1
2025-12-02,Germany,10Y,Germany_10Y,-0.01652599999999982,2.271481,2.288007,-0.0866634416760179,0.3085197552014366,16.59,8.26,1.1624,1
2025-12-03,Germany,10Y,Germany_10Y,-0.01652599999999982,2.26532,2.281846,-0.0203483324464707,0.324185404210045,16.08,7.76,1.1672,1
2025-12-04,Germany,10Y,Germany_10Y,-0.014359999999999928,2.291706,2.306066,-0.0294582422288679,0.3458119507578157,15.78,8.0,1.1644,1
2025-12-05,Germany,10Y,Germany_10Y,-0.017538000000000054,2.321053,2.338591,-0.0262201833128434,0.3056561110624058,15.41,7.75,1.1643,1
2025-12-08,Germany,10Y,Germany_10Y,-0.017584999999999518,2.417225,2.4348099999999997,-0.0174582557159397,0.3141194913908611,16.66,7.75,1.1637,1
2025-12-09,Germany,10Y,Germany_10Y,-0.017332000000000125,2.388056,2.4053880000000003,-0.0377534848619811,0.2517540958938108,16.93,7.75,1.1627,1
2025-12-10,Germany,10Y,Germany_10Y,-0.016364000000000267,2.407362,2.4237260000000003,-0.0915955253673491,0.3668381345180198,15.77,7.26,1.1696,1
2025-12-11,Germany,10Y,Germany_10Y,-0.01661400000000013,2.392295,2.408909,-0.0703213604351774,0.354036812159305,14.85,7.76,1.1738,1
2025-12-12,Germany,10Y,Germany_10Y,-0.016618000000000244,2.393726,2.4103440000000003,0.0292887822052299,0.3041001294813694,15.74,7.76,1.174,1
2025-12-15,Germany,10Y,Germany_10Y,-0.016373000000000193,2.387549,2.403922,-0.0864486676337669,0.2607504467548237,16.5,7.76,1.1753,1
2025-12-16,Germany,10Y,Germany_10Y,-0.01661899999999994,2.376458,2.393077,-0.0459528565875369,0.303877304690184,16.48,7.76,1.1747,1
2025-12-17,Germany,10Y,Germany_10Y,-0.01638099999999998,2.387216,2.403597,-0.0768499219140724,0.3132784061302721,17.62,7.76,1.174,1
2025-12-18,Germany,10Y,Germany_10Y,-0.016386000000000234,2.372327,2.388713,0.0295999962143971,0.3361773745453839,16.87,7.77,1.1722,1
2025-12-19,Germany,10Y,Germany_10Y,-0.015414999999999957,2.402559,2.417974,-0.1120133576578423,0.2060085427962945,14.91,7.75,1.171,1
2025-12-22,Germany,10Y,Germany_10Y,-0.013449000000000044,2.421024,2.434473,0.0041306314140219,0.3549201398708771,14.08,7.76,1.1761,1
2025-12-23,Germany,10Y,Germany_10Y,-0.016664000000000012,2.389252,2.405916,-0.0342795169550832,0.3197077665146305,14.0,7.76,1.1795,1
2025-12-24,Germany,10Y,Germany_10Y,-0.016668000000000127,2.388963,2.405631,-0.0077163324517145,0.3455129236465719,13.47,7.76,1.1778,1
2025-12-25,Germany,10Y,Germany_10Y,-0.016668999999999823,2.390693,2.407362,-0.1115250499238857,0.2947903322341456,13.47,7.76,1.1778,1
2025-12-26,Germany,10Y,Germany_10Y,-0.016668999999999823,2.390693,2.407362,-0.0145942418298875,0.3092905524962341,13.6,7.77,1.1772,1
2025-12-29,Germany,10Y,Germany_10Y,-0.016408999999999896,2.349648,2.366057,-0.0317005612298267,0.3022012157173849,14.2,7.51,1.1772,1
2025-12-30,Germany,10Y,Germany_10Y,-0.01741400000000004,2.368551,2.385965,-0.0800473307397195,0.3447878257363166,14.33,7.51,1.1748,1
2025-12-31,Germany,10Y,Germany_10Y,-0.017426999999999637,2.368641,2.386068,-0.0638577926506892,0.3034344620121868,14.95,7.51,1.1746,1
2026-01-01,Germany,10Y,Germany_10Y,-0.017424999999999802,2.365422,2.382847,-0.0788121701038394,0.4067718411575459,14.95,7.51,1.1746,1
2026-01-02,Germany,10Y,Germany_10Y,-0.016453000000000273,2.4048,2.421253,-0.0513348609457492,0.3830402345257434,14.51,7.51,1.172,1
2026-01-05,Germany,10Y,Germany_10Y,-0.01942300000000019,2.375975,2.395398,-0.1150286882910162,0.3428541637204931,14.9,7.26,1.1721,1
2026-01-06,Germany,10Y,Germany_10Y,-0.018669999999999742,2.348652,2.3673219999999997,0.0206935292536831,0.3492935606291467,14.75,7.26,1.1689,1
2026-01-07,Germany,10Y,Germany_10Y,-0.016680000000000028,2.322331,2.339011,-0.1227744668191252,0.2903745381761577,15.38,7.26,1.1674,1
2026-01-08,Germany,10Y,Germany_10Y,-0.017443000000000097,2.339466,2.356909,-0.161016362556128,0.3245258611539914,15.45,7.25,1.166,1
2026-01-09,Germany,10Y,Germany_10Y,-0.01645500000000011,2.343123,2.359578,-0.1259201899957051,0.3257298792033188,14.49,7.25,1.1638,1
2026-01-12,Germany,10Y,Germany_10Y,-0.017694999999999794,2.32592,2.343615,-0.0002635630783859,0.3314884154469833,15.12,7.26,1.1668,1
2026-01-13,Germany,10Y,Germany_10Y,-0.015463000000000449,2.327088,2.3425510000000003,-0.1338655721246232,0.3129894467298172,15.98,7.39,1.1643,1
2026-01-14,Germany,10Y,Germany_10Y,-0.018435999999999897,2.299944,2.31838,-0.0027821577464997,0.3061491142089785,16.75,7.26,1.1644,1
2026-01-15,Germany,10Y,Germany_10Y,-0.01646599999999987,2.311366,2.327832,-0.1089363650800382,0.2840706760555484,15.84,7.25,1.1608,1
2026-01-16,Germany,10Y,Germany_10Y,-0.017479000000000244,2.34142,2.358899,-0.0392725771952982,0.2815211086121404,15.86,7.0,1.1599,1
2026-01-19,Germany,10Y,Germany_10Y,-0.018466000000000093,2.312946,2.3314120000000003,-0.118570051592177,0.3008651872647263,18.84,7.26,1.1646,1
2026-01-20,Germany,10Y,Germany_10Y,-0.01648000000000005,2.319343,2.335823,-0.0998763869694642,0.3037919617678486,20.09,7.26,1.1725,1
2026-01-21,Germany,10Y,Germany_10Y,-0.017490000000000006,2.339476,2.356966,-0.0703756068893205,0.2690204844854324,16.9,7.26,1.1684,1
2026-01-22,Germany,10Y,Germany_10Y,-0.017510000000000137,2.355285,2.372795,-0.0881645144070091,0.2447076368557875,15.64,7.01,1.1755,1
2026-01-23,Germany,10Y,Germany_10Y,-0.018526999999999738,2.37577,2.394297,-0.1489124337744253,0.3888504861524228,16.09,7.26,1.1828,1
2026-01-26,Germany,10Y,Germany_10Y,-0.015509999999999913,2.3444000000000003,2.35991,-0.1393226376453119,0.291983075868364,16.15,7.27,1.1881,1
2026-01-27,Germany,10Y,Germany_10Y,-0.017517000000000227,2.340328,2.357845,-0.1665822863117604,0.3605311609228199,16.35,7.01,1.2041,1
2026-01-28,Germany,10Y,Germany_10Y,-0.014507000000000048,2.322229,2.336736,-0.1184445348379785,0.29469755982694,16.35,7.01,1.1954,1
2026-01-29,Germany,10Y,Germany_10Y,-0.021517999999999482,2.2884320000000002,2.3099499999999997,-0.0022458669571973,0.3142489318852527,16.88,7.27,1.1971,1
2026-01-30,Germany,10Y,Germany_10Y,-0.016514999999999613,2.29435,2.3108649999999997,-0.0578563248125877,0.3416770087595758,17.44,7.26,1.185,1
2026-02-02,Germany,10Y,Germany_10Y,-0.017285999999999913,2.327123,2.3444089999999997,-0.0885692329595868,0.2728850025850625,16.34,7.25,1.1791,1
2026-02-03,Germany,10Y,Germany_10Y,-0.015536000000000438,2.343136,2.3586720000000003,-0.0868422873506875,0.3320333173899255,18.0,7.01,1.1819,1
2026-02-04,Germany,10Y,Germany_10Y,-0.017539000000000193,2.3136609999999997,2.3312,0.0114992887736466,0.3150556498365575,18.64,7.01,1.1807,1
2026-02-05,Germany,10Y,Germany_10Y,-0.017542999999999864,2.292803,2.310346,-0.0564611278028746,0.2995658878274514,21.77,7.27,1.1777,1
2026-02-06,Germany,10Y,Germany_10Y,-0.0185550000000001,2.295478,2.3140330000000002,-0.0351147681616702,0.2896206349053111,17.76,7.25,1.1817,1
2026-02-09,Germany,10Y,Germany_10Y,-0.018553000000000264,2.280046,2.2985990000000003,-0.1135870285676795,0.2567378162722502,17.36,7.01,1.1915,1
2026-02-10,Germany,10Y,Germany_10Y,-0.017541999999999724,2.258579,2.276121,-0.0543224018263547,0.3298550376241122,17.79,7.02,1.1895,1
2026-02-11,Germany,10Y,Germany_10Y,-0.01754900000000026,2.265259,2.282808,-0.0485239431330381,0.2920671344238421,17.65,7.0,1.1871,1
2026-02-12,Germany,10Y,Germany_10Y,-0.017304000000000208,2.251093,2.268397,-0.124794714976626,0.3694281273533557,20.82,7.27,1.1871,1
2026-02-13,Germany,10Y,Germany_10Y,-0.017544000000000004,2.213241,2.230785,-0.143653328441264,0.3638139486083756,20.6,7.27,1.1869,1
2026-02-16,Germany,10Y,Germany_10Y,-0.018305999999999933,2.218389,2.236695,-0.0046524118321373,0.4032853523057341,21.2,7.26,1.1851,1
2026-02-17,Germany,10Y,Germany_10Y,-0.01654599999999995,2.2099539999999998,2.2264999999999997,-0.1668275794082028,0.3403793067462709,20.29,7.26,1.1855,1
2026-02-18,Germany,10Y,Germany_10Y,-0.018567,2.21712,2.235687,-0.1326078404745741,0.2651465944356917,19.62,7.25,1.1784,1
2026-02-19,Germany,10Y,Germany_10Y,-0.015554999999999986,2.219499,2.235054,-0.1381893640883291,0.2952154672463878,20.23,7.26,1.1774,1
2026-02-20,Germany,10Y,Germany_10Y,-0.016568999999999612,2.2221450000000003,2.238714,-0.1201729814772997,0.3140238623155999,19.09,7.26,1.1782,1
2026-02-23,Germany,10Y,Germany_10Y,-0.01858000000000004,2.192742,2.211322,-0.1413295445854654,0.3790603960420649,21.01,7.27,1.1786,1
2026-02-24,Germany,10Y,Germany_10Y,-0.015557000000000265,2.194616,2.210173,-0.1810356058311596,0.293112101254087,19.55,7.25,1.1772,1
2026-02-25,Germany,10Y,Germany_10Y,-0.018337999999999965,2.194472,2.21281,-0.0122306019609567,0.3330351694837988,17.93,7.5,1.1811,1
2026-02-26,Germany,10Y,Germany_10Y,-0.017593000000000192,2.191005,2.2085980000000003,-0.0402542111251825,0.2485250067396278,18.63,7.51,1.1797,1
2026-02-27,Germany,10Y,Germany_10Y,-0.016563000000000105,2.135286,2.151849,-0.0219339933249973,0.2631775827130682,19.86,7.52,1.1814,1
2026-03-02,Germany,10Y,Germany_10Y,-0.017609999999999904,2.211481,2.229091,-0.2682002709529068,0.2781347210508486,21.44,7.99,1.1689,1
2026-03-03,Germany,10Y,Germany_10Y,-0.01841600000000021,2.295966,2.314382,-0.195323485629837,0.3671455646702059,23.57,8.0,1.1614,1
2026-03-04,Germany,10Y,Germany_10Y,-0.016367000000000242,2.254895,2.271262,-0.216872818945646,0.3497570518172486,21.15,7.75,1.1633,1
2026-03-05,Germany,10Y,Germany_10Y,-0.016424000000000216,2.381828,2.3982520000000003,-0.1028312982617961,0.2871878410712795,23.75,8.0,1.1609,1
2026-03-06,Germany,10Y,Germany_10Y,-0.018501999999999796,2.4239100000000002,2.442412,-0.1164683989712227,0.3303021039752608,29.49,8.01,1.1618,1
2026-03-09,Germany,10Y,Germany_10Y,-0.01645299999999983,2.438305,2.454758,-0.0326726039952304,0.357276450306701,25.5,8.5,1.1637,1
2026-03-10,Germany,10Y,Germany_10Y,-0.01951400000000003,2.370151,2.389665,-0.0678814783012424,0.2997623466631105,24.93,7.5,1.1611,1
2026-03-11,Germany,10Y,Germany_10Y,-0.01932199999999984,2.486031,2.505353,-0.1666004497554042,0.2910071607818987,24.23,7.75,1.1567,1
2026-03-12,Germany,10Y,Germany_10Y,-0.01727600000000029,2.51043,2.5277060000000002,-0.0521988530507114,0.3438195441626477,27.29,7.99,1.1511,1
2026-03-13,Germany,10Y,Germany_10Y,-0.020401000000000113,2.521874,2.542275,-0.0795509470321428,0.355778936315973,27.19,9.01,1.1416,1
2026-03-16,Germany,10Y,Germany_10Y,-0.014426999999999968,2.499079,2.513506,-0.1653393183580475,0.2758157497052457,23.51,8.52,1.1505,1
2026-03-17,Germany,10Y,Germany_10Y,-0.018311000000000188,2.4731769999999997,2.491488,-0.1365384715059213,0.3161958125703724,22.37,8.01,1.154,1
2026-03-18,Germany,10Y,Germany_10Y,-0.01469900000000024,2.525886,2.540585,-0.124289482232738,0.3093685806538262,25.09,8.0,1.1452,1
2026-03-19,Germany,10Y,Germany_10Y,-0.017597000000000307,2.5805059999999997,2.598103,-0.1806604133969798,0.2582323882019354,24.06,8.99,1.1589,1
2026-03-20,Germany,10Y,Germany_10Y,-0.016589000000000187,2.669096,2.6856850000000003,-0.1469748086011655,0.3266820217374818,26.78,10.24,1.1571,1
2026-03-23,Germany,10Y,Germany_10Y,-0.01658000000000026,2.633005,2.649585,-0.1264738215712259,0.2699096033686026,26.15,10.02,1.1613,1
2026-03-24,Germany,10Y,Germany_10Y,-0.017651000000000305,2.675645,2.693296,-0.169846798098965,0.2902081115633887,26.95,9.76,1.1608,1
2026-03-25,Germany,10Y,Germany_10Y,-0.014482000000000106,2.615107,2.629589,-0.1273641171462336,0.3025716593338914,25.33,9.52,1.1559,1
2026-03-26,Germany,10Y,Germany_10Y,-0.014515999999999973,2.710426,2.724942,-0.1793419819739277,0.2998968918571591,27.44,9.74,1.1528,1
2026-03-27,Germany,10Y,Germany_10Y,-0.01637500000000003,2.732768,2.749143,-0.2030692526219378,0.1979130407237653,31.05,10.02,1.151,1
2026-03-30,Germany,10Y,Germany_10Y,-0.01740800000000009,2.66084,2.678248,-0.0856386161178607,0.3017487218326391,30.61,10.52,1.1466,1
2026-03-31,Germany,10Y,Germany_10Y,-0.01846199999999998,2.649622,2.668084,-0.1601389275266929,0.2929576274406277,25.25,10.52,1.1553,1
2026-04-01,Germany,10Y,Germany_10Y,-0.015570000000000306,2.622451,2.638021,-0.0863384505449667,0.2843834399344712,24.54,10.51,1.1589,1
2026-04-02,Germany,10Y,Germany_10Y,-0.01663199999999998,2.626509,2.643141,-0.1436343397501646,0.2903875140753736,23.87,9.77,1.1538,1
2026-04-03,Germany,10Y,Germany_10Y,-0.016369999999999774,2.631527,2.647897,-0.04219350070973,0.2697251530165949,23.87,9.76,1.1517,1
2026-04-06,Germany,10Y,Germany_10Y,-0.016369999999999774,2.631527,2.647897,-0.1717183430408021,0.3187510814419964,24.17,9.76,1.1542,1
2026-04-07,Germany,10Y,Germany_10Y,-0.007640000000000313,2.736853,2.7444930000000003,-0.2531577514013325,0.2137357739579989,25.78,10.27,1.1595,1
2026-04-08,Germany,10Y,Germany_10Y,-0.017396999999999885,2.537021,2.554418,-0.0437115093856233,0.2128757390798702,21.04,9.27,1.1663,1
2026-04-09,Germany,10Y,Germany_10Y,-0.01638699999999993,2.624359,2.640746,-0.1615153094163366,0.2682261184918733,19.49,9.51,1.17,1
2026-04-10,Germany,10Y,Germany_10Y,-0.01533400000000018,2.635855,2.651189,-0.0473043943815051,0.2578824160849973,19.23,9.51,1.172,1
2026-04-13,Germany,10Y,Germany_10Y,-0.01748200000000022,2.688822,2.7063040000000003,-0.1262302534004628,0.3061152738634182,19.12,9.52,1.1759,1
2026-04-14,Germany,10Y,Germany_10Y,-0.016395999999999855,2.616435,2.632831,-0.0836026512782071,0.2656944367537943,18.36,9.27,1.1796,1
2026-04-15,Germany,10Y,Germany_10Y,-0.017460000000000253,2.614143,2.631603,-0.1316715230786371,0.2876880217978518,18.17,9.26,1.1799,1
2026-04-16,Germany,10Y,Germany_10Y,-0.016668999999999823,2.596896,2.613565,-0.1613147758812848,0.2809387886659675,17.94,9.01,1.1782,1
2026-04-17,Germany,10Y,Germany_10Y,-0.014525000000000343,2.510315,2.52484,-0.0528633567197098,0.2389767672243214,17.94,8.71,1.1764,1
2026-04-20,Germany,10Y,Germany_10Y,-0.016920999999999964,2.538417,2.555338,-0.079615000705947,0.2874305596523422,17.94,8.76,1.1789,1
2026-04-21,Germany,10Y,Germany_10Y,-0.01747299999999985,2.580404,2.597877,-0.0858761437154816,0.2744206668314549,17.94,8.69,1.1743,1
2026-04-22,Germany,10Y,Germany_10Y,-0.015355000000000452,2.5967029999999998,2.612058,-0.0785873440292359,0.3251451415445259,17.94,8.51,1.1705,1
2026-04-23,Germany,10Y,Germany_10Y,-0.01750000000000007,2.602024,2.619524,-0.2058265853218454,0.3100001672015809,17.94,8.38,1.1684,1
2026-04-24,Germany,10Y,Germany_10Y,-0.01670399999999983,2.604514,2.621218,-0.1108750376086207,0.3086770491503096,17.94,8.52,1.1722,1
2026-04-27,Germany,10Y,Germany_10Y,-0.016449999999999854,2.6278420000000002,2.644292,-0.1314911051284641,0.3129011444464993,17.94,8.5,1.1721,1
2026-04-28,Germany,10Y,Germany_10Y,-0.015663999999999678,2.6689030000000002,2.684567,-0.1739812820628762,0.2328659179915625,17.94,8.5,1.1712,1
2026-04-29,Germany,10Y,Germany_10Y,-0.015433000000000252,2.746114,2.761547,-0.0781953219401835,0.3199483533752042,17.94,8.74,1.1677,1
2026-04-30,Germany,10Y,Germany_10Y,-0.014873000000000136,2.661482,2.676355,-0.1750138944494076,0.2950106695985873,17.94,8.52,1.1732,1
2026-05-01,Germany,10Y,Germany_10Y,-0.014873000000000136,2.661482,2.676355,-0.1445167672634322,0.2995960825501981,17.94,8.26,1.1721,1
