date,country,tenor,pair_id,greenium,ytm_green,ytm_conv,sentiment,signaling_noise,vix,cds,fx,post,sentiment_climatebert
2023-01-27,India,10Y_new,India_10Y_new,-0.14550000000000018,7.24,7.3855,0.0346000373580212,0.2345880954499721,18.51,80.5,81.515,1,
2023-01-30,India,10Y_new,India_10Y_new,-0.013500000000000512,7.385,7.3985,-0.0757739594087659,0.3822940139748868,19.94,80.5,81.525,1,
2023-01-31,India,10Y_new,India_10Y_new,-0.018500000000000405,7.324,7.3425,0.0264219003513944,0.3199970231501663,19.4,80.54,81.7685,1,
2023-02-01,India,10Y_new,India_10Y_new,-0.007550000000000168,7.268,7.27555,-0.0916483123177201,0.3679737700041245,17.87,80.52,81.7575,1,
2023-02-02,India,10Y_new,India_10Y_new,-0.09454999999999991,7.2,7.29455,0.023045178588015,0.4188350801485823,18.73,80.51,82.04400000000001,1,
2023-02-03,India,10Y_new,India_10Y_new,-0.07955000000000023,7.197,7.27655,-0.1493694593607593,0.340053773529094,18.33,80.52,82.23349999999999,1,
2023-02-06,India,10Y_new,India_10Y_new,-0.07950000000000035,7.239,7.3185,-0.0351162889008436,0.3235852111641787,19.43,80.5,82.75,1,
2023-02-07,India,10Y_new,India_10Y_new,-0.04050000000000065,7.268,7.3085,-0.1236931885558891,0.372896799139763,18.66,80.54,82.87,1,
2023-02-08,India,10Y_new,India_10Y_new,-0.0934999999999997,7.2490000000000006,7.3425,-0.0472262774389766,0.359762238395042,19.63,80.53,82.655,1,
2023-02-09,India,10Y_new,India_10Y_new,-0.09750000000000014,7.244,7.3415,0.0115270044516027,0.2926589760195364,20.71,80.53,82.53999999999999,1,
2023-02-10,India,10Y_new,India_10Y_new,-0.11549999999999994,7.246,7.3615,0.0344437905879656,0.3594118758672885,20.53,80.51,82.52000000000001,1,
2023-02-13,India,10Y_new,India_10Y_new,-0.059499999999999886,7.304,7.3635,-0.0399342536809368,0.3614272890942555,20.34,80.51,82.59700000000001,1,
2023-02-14,India,10Y_new,India_10Y_new,-0.07049999999999912,7.297000000000001,7.3675,-0.0177863757002142,0.476854330576901,18.91,80.52,82.91499999999999,1,
2023-02-15,India,10Y_new,India_10Y_new,-0.07850000000000001,7.268,7.3465,0.0117854486027415,0.3746169781071463,18.23,80.53,82.765,1,
2023-02-16,India,10Y_new,India_10Y_new,-0.04449999999999932,7.297000000000001,7.3415,-0.0389880766577973,0.3528794515245459,20.17,80.53,82.715,1,
2023-02-17,India,10Y_new,India_10Y_new,-0.05550000000000033,7.332,7.3875,-0.0068847397735303,0.3434121961274127,20.02,80.5,82.765,1,
2023-02-20,India,10Y_new,India_10Y_new,-0.05550000000000033,7.316,7.3715,-0.1648161814610001,0.4299709757827638,21.23,80.5,82.7205,1,
2023-02-21,India,10Y_new,India_10Y_new,-0.08450000000000024,7.302,7.3865,-0.1153114620383676,0.39326591506391,22.87,80.48,82.84899999999999,1,
2023-02-22,India,10Y_new,India_10Y_new,-0.10850000000000026,7.3149999999999995,7.4235,-0.0760032568991517,0.2548157963359598,22.29,80.52,82.83500000000001,1,
2023-02-23,India,10Y_new,India_10Y_new,-0.05649999999999977,7.332,7.3885,0.0166994500216639,0.3274446470794807,21.14,80.51,82.6175,1,
2023-02-24,India,10Y_new,India_10Y_new,-0.08750000000000036,7.329,7.4165,-0.2473283496162866,0.3333948118951398,21.67,80.5,82.9254,1,
2023-02-27,India,10Y_new,India_10Y_new,-0.10949999999999971,7.3420000000000005,7.4515,-0.0177375968423675,0.3439823836323135,20.95,80.49,82.652,1,
2023-02-28,India,10Y_new,India_10Y_new,-0.09249999999999936,7.368,7.4605,-0.0839499127241545,0.3411593006458155,20.7,80.5,82.64500000000001,1,
2023-03-01,India,10Y_new,India_10Y_new,-0.048499999999999766,7.368,7.4165,-0.0654515966565766,0.3477561573818652,20.58,80.5,82.435,1,
2023-03-02,India,10Y_new,India_10Y_new,-0.05449999999999999,7.383,7.4375,-0.1700688811898962,0.3370638414938725,19.59,80.51,82.35499999999999,1,
2023-03-03,India,10Y_new,India_10Y_new,-0.06050000000000022,7.354,7.4145,-0.0769503683310321,0.2414656461154842,18.49,80.52,81.71000000000001,1,
2023-03-06,India,10Y_new,India_10Y_new,-0.07050000000000001,7.354,7.4245,-0.0865653833261741,0.3264146568776202,18.61,80.51,81.815,1,
2023-03-07,India,10Y_new,India_10Y_new,-0.07050000000000001,7.354,7.4245,-0.112629114692967,0.3287326476255731,19.59,80.52,82.025,1,
2023-03-08,India,10Y_new,India_10Y_new,-0.06649999999999956,7.3870000000000005,7.4535,-0.0914969971180212,0.3282856785678341,19.11,80.49,81.955,1,
2023-03-09,India,10Y_new,India_10Y_new,-0.0804999999999998,7.3580000000000005,7.4385,-0.0648299385980572,0.3246926040081186,22.61,80.51,82.025,1,
2023-03-10,India,10Y_new,India_10Y_new,-0.08250000000000046,7.348,7.4305,-0.0671934553308281,0.3184788615144067,24.8,80.54,81.965,1,
2023-03-13,India,10Y_new,India_10Y_new,-0.01750000000000007,7.339,7.3565000000000005,-0.097743602741501,0.3165821903376816,26.52,80.55,82.2625,1,
2023-03-14,India,10Y_new,India_10Y_new,-0.09949999999999992,7.274,7.3735,-0.0002638320386968,0.3954920572604895,23.73,80.61,82.26,1,
2023-03-15,India,10Y_new,India_10Y_new,-0.15450000000000053,7.209,7.3635,0.0103739574396784,0.3602258713409031,26.14,80.59,82.9075,1,
2023-03-16,India,10Y_new,India_10Y_new,-0.08950000000000014,7.258,7.3475,-0.0140541224150789,0.2767834839105854,22.99,80.49,82.625,1,
2023-03-17,India,10Y_new,India_10Y_new,-0.11249999999999982,7.237,7.3495,0.0069325669746558,0.2841597565976315,25.51,80.5,82.53999999999999,1,
2023-03-20,India,10Y_new,India_10Y_new,-0.09250000000000025,7.237,7.3295,-0.006849682283746,0.3598092029039403,24.15,81.8,82.53,1,
2023-03-21,India,10Y_new,India_10Y_new,-0.16249999999999964,7.1850000000000005,7.3475,-0.0096130506894999,0.3967493953192306,21.38,81.73,82.7045,1,
2023-03-22,India,10Y_new,India_10Y_new,-0.16249999999999964,7.1850000000000005,7.3475,-0.0928961423997547,0.2241033410742993,22.26,81.74,82.525,1,
2023-03-23,India,10Y_new,India_10Y_new,-0.14149999999999974,7.205,7.3465,0.1014429252229941,0.3665608354392566,22.61,81.71,82.265,1,
2023-03-24,India,10Y_new,India_10Y_new,-0.12849999999999984,7.183,7.3115,-0.0936181286473116,0.3508971898668547,21.74,81.76,82.339,1,
2023-03-27,India,10Y_new,India_10Y_new,-0.12349999999999994,7.179,7.3025,-0.0765895110368836,0.4130753475210612,20.6,81.69,82.2,1,
2023-03-28,India,10Y_new,India_10Y_new,-0.15249999999999986,7.17,7.3225,-0.0930161945174262,0.2910730305275639,19.97,81.72,82.1995,1,
2023-03-29,India,10Y_new,India_10Y_new,-0.11649999999999938,7.172000000000001,7.2885,0.0318383085282553,0.3604509011087299,19.12,81.74,82.2055,1,
2023-03-30,India,10Y_new,India_10Y_new,-0.11649999999999938,7.172000000000001,7.2885,-0.0287945474223187,0.2752912145830363,19.02,81.73,82.1,1,
2023-03-31,India,10Y_new,India_10Y_new,-0.07850000000000001,7.2379999999999995,7.3165,-0.1317620505533439,0.3447242223656985,18.7,81.72,82.185,1,
2023-04-03,India,10Y_new,India_10Y_new,-0.07450000000000045,7.2379999999999995,7.3125,-0.1002712058171067,0.360670179390672,18.55,81.7,82.205,1,
2023-04-04,India,10Y_new,India_10Y_new,-0.07450000000000045,7.2379999999999995,7.3125,-0.1666546538067023,0.3035100070018338,19.0,81.73,82.11,1,
2023-04-05,India,10Y_new,India_10Y_new,-0.08650000000000091,7.186999999999999,7.2735,-0.1236001463526547,0.3187845050967331,19.08,81.72,81.945,1,
2023-04-06,India,10Y_new,India_10Y_new,-0.04449999999999932,7.166,7.2105,-0.154422122458299,0.2964977774686307,18.4,81.76,81.84,1,
2023-04-07,India,10Y_new,India_10Y_new,-0.04449999999999932,7.166,7.2105,-0.0456054124461382,0.4158204598148369,18.4,81.73,81.88499999999999,1,
2023-04-10,India,10Y_new,India_10Y_new,-0.06349999999999945,7.166,7.2295,0.0268378793624408,0.4352212362617265,18.97,81.74,81.985,1,
2023-04-11,India,10Y_new,India_10Y_new,-0.07350000000000012,7.147,7.2205,-0.0977288459763849,0.3775138314383089,19.1,81.75,82.07,1,
2023-04-12,India,10Y_new,India_10Y_new,-0.06050000000000022,7.151,7.2115,-0.0408874931109655,0.4050153322382666,19.09,81.72,81.96000000000001,1,
2023-04-13,India,10Y_new,India_10Y_new,-0.067499999999999,7.156000000000001,7.2235,-0.0601903972838794,0.3599966577521469,17.8,81.73,81.67500000000001,1,
2023-04-14,India,10Y_new,India_10Y_new,-0.067499999999999,7.156000000000001,7.2235,-0.1005924485219735,0.4108309777657367,17.07,81.73,81.845,1,
2023-04-17,India,10Y_new,India_10Y_new,-0.09049999999999958,7.156000000000001,7.2465,-0.0919069387199775,0.2845494754339014,16.95,81.71,82.005,1,
2023-04-18,India,10Y_new,India_10Y_new,-0.06850000000000023,7.151,7.2195,-0.0667601961174197,0.3133646091912067,16.83,81.73,82.10499999999999,1,
2023-04-19,India,10Y_new,India_10Y_new,-0.07249999999999979,7.151,7.2235,0.0331836888218552,0.2846039436256824,16.46,81.7,82.28,1,
2023-04-20,India,10Y_new,India_10Y_new,-0.09649999999999981,7.122,7.2185,-0.0192631553673541,0.2779503425867001,17.17,81.75,82.14,1,
2023-04-21,India,10Y_new,India_10Y_new,-0.0034999999999998366,7.181,7.1845,-0.1171292795192413,0.3332995980522879,16.77,81.74,82.055,1,
2023-04-24,India,10Y_new,India_10Y_new,0.026500000000000412,7.165,7.1385,-0.0232893996429002,0.2639740323732926,16.89,81.74,81.96000000000001,1,
2023-04-25,India,10Y_new,India_10Y_new,-0.037499999999999645,7.121,7.1585,0.0380445167572897,0.2917521757899374,18.76,81.77,81.99000000000001,1,
2023-04-26,India,10Y_new,India_10Y_new,-0.04749999999999943,7.102,7.1495,-0.0992658923674306,0.2344216422167745,18.84,81.71,81.75999999999999,1,
2023-04-27,India,10Y_new,India_10Y_new,-0.04750000000000032,7.093,7.1405,0.0182630996885956,0.4012327783472398,17.03,81.72,81.715,1,
2023-04-28,India,10Y_new,India_10Y_new,-0.06449999999999978,7.09,7.1545,-0.0585077041822351,0.3387813338540965,15.78,81.75,81.745,1,
2023-05-01,India,10Y_new,India_10Y_new,-0.06449999999999978,7.09,7.1545,0.0742810817525796,0.3462618505096728,16.08,81.71,81.78999999999999,1,
2023-05-02,India,10Y_new,India_10Y_new,-0.048499999999999766,7.09,7.1385,-0.0057586126103313,0.3350377643069846,17.78,81.74,81.77000000000001,1,
2023-05-03,India,10Y_new,India_10Y_new,0.04344999999999999,7.099,7.05555,-0.021038896728867,0.3089237529272755,18.34,81.74,81.78,1,
2023-05-04,India,10Y_new,India_10Y_new,-0.03655000000000008,7.02,7.05655,-0.1440574953115276,0.3705993554296968,20.09,81.74,81.725,1,
2023-05-05,India,10Y_new,India_10Y_new,-0.03655000000000008,7.02,7.05655,-0.13678706865306,0.3637887089763654,17.19,81.71,81.725,1,
2023-05-08,India,10Y_new,India_10Y_new,-0.06950000000000056,7.02,7.0895,-0.1399360207328783,0.3965508383886282,16.98,81.71,81.78,1,
2023-05-09,India,10Y_new,India_10Y_new,-0.07355000000000089,7.02,7.0935500000000005,0.028998107781375,0.2781050634812492,17.71,81.74,82.125,1,
2023-05-10,India,10Y_new,India_10Y_new,-0.05849999999999955,7.027,7.0855,-0.0523417660001875,0.3132426292905526,16.94,81.75,81.92500000000001,1,
2023-05-11,India,10Y_new,India_10Y_new,-0.042500000000000426,7.032,7.0745000000000005,-0.0931278388126732,0.2656449954654423,16.93,81.78,82.1,1,
2023-05-12,India,10Y_new,India_10Y_new,-0.026499999999999524,7.014,7.0405,-0.1533769503072821,0.3060002250887896,17.03,81.78,82.2005,1,
2023-05-15,India,10Y_new,India_10Y_new,-0.04954999999999998,7.004,7.0535499999999995,-0.1162264029084695,0.3136303929239168,17.12,81.8,82.26650000000001,1,
2023-05-16,India,10Y_new,India_10Y_new,-0.0185499999999994,6.987,7.0055499999999995,-0.014596733803478,0.2725960658671585,17.99,81.81,82.2915,1,
2023-05-17,India,10Y_new,India_10Y_new,-0.08355000000000068,6.92,7.003550000000001,-0.0758266629201397,0.3195937956966733,16.87,81.82,82.405,1,
2023-05-18,India,10Y_new,India_10Y_new,-0.06755000000000067,6.952999999999999,7.02055,0.0060803002498901,0.2943092665180136,16.05,82.11,82.725,1,
2023-05-19,India,10Y_new,India_10Y_new,-0.08455000000000013,6.963,7.04755,-0.1367870222112282,0.3055889734478862,16.81,81.72,82.905,1,
2023-05-22,India,10Y_new,India_10Y_new,-0.058549999999999436,6.963,7.0215499999999995,0.0427459099651292,0.3183294999703426,17.21,81.74,82.845,1,
2023-05-23,India,10Y_new,India_10Y_new,-0.09949999999999992,6.954,7.0535,0.0394376805392086,0.3044567711349408,18.53,81.69,82.83500000000001,1,
2023-05-24,India,10Y_new,India_10Y_new,-0.05154999999999976,6.98,7.03155,-0.0028092452039314,0.3160198122208064,20.03,81.73,82.67500000000001,1,
2023-05-25,India,10Y_new,India_10Y_new,-0.07355,6.971,7.04455,0.1251180700655417,0.4042906749525499,19.14,81.71,82.7418,1,
2023-05-26,India,10Y_new,India_10Y_new,-0.0674999999999999,6.977,7.0445,0.039848286428639,0.3117878093100193,17.95,81.74,82.57499999999999,1,
2023-05-29,India,10Y_new,India_10Y_new,-0.07950000000000035,6.9879999999999995,7.0675,-0.0025769701427929,0.3566639902191558,17.46,81.72,82.6135,1,
2023-05-30,India,10Y_new,India_10Y_new,-0.03849999999999998,7.01,7.0485,-0.0316759969736802,0.3506494351872098,17.46,81.74,82.6925,1,
2023-05-31,India,10Y_new,India_10Y_new,-0.01750000000000007,7.011,7.0285,-0.0250322737471751,0.3188651184081776,17.94,81.73,82.69,1,
2023-06-01,India,10Y_new,India_10Y_new,-0.04549999999999965,6.974,7.0195,-0.0198981218176041,0.2803774640204311,15.65,81.7,82.2769,1,
2023-06-02,India,10Y_new,India_10Y_new,-0.01249999999999929,7.009,7.0215,-0.0403482445303228,0.252445435075569,14.6,81.71,82.40299999999999,1,
2023-06-05,India,10Y_new,India_10Y_new,-0.02549999999999919,7.009,7.0344999999999995,-0.1336433107234764,0.388104296516308,14.73,81.7,82.525,1,
2023-06-06,India,10Y_new,India_10Y_new,0.0024500000000005073,7.021,7.018549999999999,-0.0581269069608457,0.3065852368398445,13.96,81.73,82.515,1,
2023-06-07,India,10Y_new,India_10Y_new,-0.00849999999999973,7.0120000000000005,7.0205,-0.1466724394615035,0.3344888350198693,13.94,81.72,82.50999999999999,1,
2023-06-08,India,10Y_new,India_10Y_new,-0.04349999999999987,7.018,7.0615,-0.0805526117282396,0.3249918749956055,13.65,81.72,82.5155,1,
2023-06-09,India,10Y_new,India_10Y_new,-0.020500000000000185,7.051,7.0715,0.0230066516055061,0.4435516824672081,13.83,81.69,82.445,1,
2023-06-12,India,10Y_new,India_10Y_new,0.006499999999999062,7.061999999999999,7.0555,-0.0806380749182227,0.3818233779036659,15.01,81.71,82.41499999999999,1,
2023-06-13,India,10Y_new,India_10Y_new,0.014500000000000846,7.0600000000000005,7.0455,-0.0855098367802027,0.3247247941030016,14.61,81.71,82.2399,1,
2023-06-14,India,10Y_new,India_10Y_new,-0.011499999999999844,7.039,7.0504999999999995,-0.0202077102695212,0.2793571408080718,13.88,81.73,81.96000000000001,1,
2023-06-15,India,10Y_new,India_10Y_new,-0.03450000000000042,7.045,7.0795,-0.0898340732677903,0.4447131957646469,14.5,81.69,81.905,1,
2023-06-16,India,10Y_new,India_10Y_new,-0.009500000000000952,7.061999999999999,7.0715,-0.0994177449359121,0.4283534400301997,13.54,81.7,81.91499999999999,1,
2023-06-19,India,10Y_new,India_10Y_new,-0.0365000000000002,7.061999999999999,7.0985,-0.0087624587120171,0.3725493399130789,14.19,81.7,81.91499999999999,1,
2023-06-20,India,10Y_new,India_10Y_new,-0.01750000000000096,7.077999999999999,7.0955,-0.0209834575088191,0.2885670865346822,13.88,81.71,82.005,1,
2023-06-21,India,10Y_new,India_10Y_new,0.0015000000000000568,7.101,7.0995,0.034638327793247,0.3152868565536247,13.2,81.71,81.94,1,
2023-06-22,India,10Y_new,India_10Y_new,-0.020500000000000185,7.101,7.1215,0.0239070745846841,0.3753159498741484,12.91,81.71,81.96000000000001,1,
2023-06-23,India,10Y_new,India_10Y_new,0.0004999999999997229,7.107,7.1065000000000005,-0.0928053831408565,0.2536047413214631,13.44,81.73,81.985,1,
2023-06-26,India,10Y_new,India_10Y_new,0.014499999999999957,7.116,7.1015,-0.0580051886147098,0.3477783215878259,14.25,81.72,81.975,1,
2023-06-27,India,10Y_new,India_10Y_new,0.009500000000000064,7.107,7.0975,0.0010064334548174,0.2418812636385728,13.74,81.71,82.01050000000001,1,
2023-06-28,India,10Y_new,India_10Y_new,0.011499999999999844,7.106,7.0945,0.0158927099338312,0.2910992592678122,13.43,81.72,82.03,1,
2023-06-29,India,10Y_new,India_10Y_new,0.011499999999999844,7.106,7.0945,-0.0477165280422192,0.3744137978534902,13.54,81.7,82.10499999999999,1,1.0
2023-06-30,India,10Y_new,India_10Y_new,-0.05149999999999988,7.099,7.1505,0.0527210408574704,0.2878388479565249,13.59,81.69,82.096,1,0.0
2023-07-03,India,10Y_new,India_10Y_new,-0.05649999999999977,7.099,7.1555,0.0050896135049551,0.354175567554517,13.57,81.69,81.945,1,
2023-07-04,India,10Y_new,India_10Y_new,-0.025500000000000078,7.132,7.1575,-0.0093693609549868,0.4237442959591649,13.7,81.72,81.9735,1,
2023-07-05,India,10Y_new,India_10Y_new,0.0015000000000000568,7.144,7.1425,-0.0498821441471649,0.3248373376523771,14.18,81.72,82.4034,1,
2023-07-06,India,10Y_new,India_10Y_new,-0.03849999999999998,7.141,7.1795,0.0743163380225039,0.4044393147148423,15.44,81.68,82.76599999999999,1,
2023-07-07,India,10Y_new,India_10Y_new,-0.03849999999999998,7.154,7.1925,-0.0243156092348377,0.4725783034528204,14.83,81.7,82.61500000000001,1,
2023-07-10,India,10Y_new,India_10Y_new,0.0034999999999998366,7.175,7.1715,-0.0136947782690613,0.3568888878760873,15.07,81.72,82.525,1,
2023-07-11,India,10Y_new,India_10Y_new,0.04549999999999965,7.178,7.1325,-0.0525491961610422,0.3683413164402541,14.84,81.73,82.39500000000001,1,
2023-07-12,India,10Y_new,India_10Y_new,-0.04449999999999932,7.118,7.1625,-0.0447380668120966,0.3323253263604693,13.54,81.72,81.985,1,
2023-07-13,India,10Y_new,India_10Y_new,0.007500000000000284,7.122,7.1145,0.000622798763642,0.3534337101017468,13.61,81.75,82.05000000000001,1,
2023-07-14,India,10Y_new,India_10Y_new,-0.029500000000000526,7.0969999999999995,7.1265,-0.0308438418373782,0.3453362314511325,13.34,81.69,82.077,1,
2023-07-17,India,10Y_new,India_10Y_new,-0.07950000000000035,7.032,7.1115,-0.0878906699393008,0.3254908716206957,13.48,81.73,82.05000000000001,1,
2023-07-18,India,10Y_new,India_10Y_new,0.009499999999999176,7.0969999999999995,7.0875,-0.0502449182796577,0.3622809523033888,13.3,81.73,82.065,1,
2023-07-19,India,10Y_new,India_10Y_new,-0.035499999999999865,7.074,7.1095,-0.1393810338300961,0.3529953496473337,13.76,81.72,82.055,1,
2023-07-20,India,10Y_new,India_10Y_new,-0.04349999999999987,7.077,7.1205,-0.0170928243297542,0.3525078485571423,13.99,81.69,82.08,1,
2023-07-21,India,10Y_new,India_10Y_new,-0.02549999999999919,7.0920000000000005,7.1175,-0.1723021895136232,0.351464986265567,13.6,81.7,81.99000000000001,1,
2023-07-24,India,10Y_new,India_10Y_new,-0.00649999999999995,7.102,7.1085,-0.00205079952649,0.315660393887364,13.91,81.72,81.795,1,
2023-07-25,India,10Y_new,India_10Y_new,-0.09550000000000036,7.04,7.1355,-0.0561571225236042,0.3770350758630935,13.86,81.7,81.85499999999999,1,
2023-07-26,India,10Y_new,India_10Y_new,-0.09350000000000058,7.039,7.1325,-0.0591585601252602,0.2975245781566638,13.19,81.71,81.955,1,
2023-07-27,India,10Y_new,India_10Y_new,-0.04049999999999976,7.109,7.1495,0.0034054596402107,0.3416180799108783,14.41,81.71,82.155,1,
2023-07-28,India,10Y_new,India_10Y_new,-0.07449999999999957,7.118,7.1925,-0.0457326956714849,0.2949333258152878,13.33,81.73,82.253,1,
2023-07-31,India,10Y_new,India_10Y_new,-0.0884999999999998,7.122,7.2105,0.0658745201995913,0.2933152850961556,13.63,81.7,82.245,1,
2023-08-01,India,10Y_new,India_10Y_new,-0.08550000000000058,7.0969999999999995,7.1825,0.071567234241455,0.3272927440677123,13.93,81.7,82.345,1,
2023-08-02,India,10Y_new,India_10Y_new,-0.09549999999999947,7.096,7.1915,-0.0241813139598982,0.2695080431700998,16.09,81.73,82.735,1,
2023-08-03,India,10Y_new,India_10Y_new,-0.07449999999999957,7.1530000000000005,7.2275,-0.0093307744805352,0.3113572014606575,15.92,81.69,82.755,1,
2023-08-04,India,10Y_new,India_10Y_new,-0.048499999999999766,7.173,7.2215,0.0149989844838862,0.4686903217979365,17.1,81.69,82.69550000000001,1,
2023-08-07,India,10Y_new,India_10Y_new,-0.05550000000000033,7.173,7.2285,-0.083475514961608,0.3407145132956359,15.77,81.69,82.7775,1,
2023-08-08,India,10Y_new,India_10Y_new,-0.044500000000000206,7.152,7.1965,-0.1055089493666314,0.3755075299919523,15.99,81.73,82.8805,1,
2023-08-09,India,10Y_new,India_10Y_new,-0.06250000000000089,7.1419999999999995,7.2045,-0.0948144330653302,0.2660958161036997,15.96,81.7,82.8715,1,
2023-08-10,India,10Y_new,India_10Y_new,-0.08950000000000014,7.099,7.1885,0.1281568794823971,0.3651425453470124,15.85,81.71,82.6435,1,
2023-08-11,India,10Y_new,India_10Y_new,-0.12649999999999917,7.0920000000000005,7.2185,-0.0476150146842936,0.3025952739274771,14.84,81.71,82.89750000000001,1,
2023-08-14,India,10Y_new,India_10Y_new,-0.06650000000000045,7.1579999999999995,7.2245,-0.1412917671660793,0.3735214081983798,14.82,81.69,83.18,1,
2023-08-15,India,10Y_new,India_10Y_new,-0.06650000000000045,7.1579999999999995,7.2245,-0.0997944469461171,0.3970722652138904,16.46,81.69,83.23949999999999,1,
2023-08-16,India,10Y_new,India_10Y_new,-0.06650000000000045,7.1579999999999995,7.2245,0.1253127379863258,0.3438309644666301,16.78,81.72,83.22229999999999,1,
2023-08-17,India,10Y_new,India_10Y_new,-0.0774499999999998,7.195,7.27245,0.0990275310593631,0.415696728715316,17.89,81.71,83.14,1,
2023-08-18,India,10Y_new,India_10Y_new,-0.017450000000000188,7.215,7.23245,-0.0433859843306999,0.4694472581651147,17.3,81.72,83.16749999999999,1,
2023-08-21,India,10Y_new,India_10Y_new,-0.017450000000000188,7.215,7.23245,-0.0638317687446306,0.2861693446861942,17.13,81.69,83.095,1,
2023-08-22,India,10Y_new,India_10Y_new,-0.036450000000000315,7.194,7.23045,0.0388127471697367,0.321702130662026,16.97,81.7,83.045,1,
2023-08-23,India,10Y_new,India_10Y_new,0.0004999999999997229,7.205,7.2045,-0.0616101734995872,0.2940207741215461,15.98,81.72,82.5221,1,
2023-08-24,India,10Y_new,India_10Y_new,-0.020449999999999413,7.184,7.20445,0.079390590685019,0.3518365706808133,17.2,81.69,82.59,1,
2023-08-25,India,10Y_new,India_10Y_new,-0.05745000000000022,7.159,7.21645,-0.0402904370552624,0.3237431988146034,15.68,81.7,82.6645,1,
2023-08-28,India,10Y_new,India_10Y_new,-0.019449999999999967,7.17,7.18945,0.0830304719945041,0.2828452270522963,15.08,81.69,82.6275,1,
2023-08-29,India,10Y_new,India_10Y_new,-0.03049999999999997,7.15,7.1805,-0.1024709109288053,0.3509989827915398,14.45,81.69,82.6005,1,
2023-08-30,India,10Y_new,India_10Y_new,-0.062450000000000117,7.136,7.19845,-0.0632778283330664,0.2714538719505932,13.88,81.69,82.6155,1,
2023-08-31,India,10Y_new,India_10Y_new,-0.04049999999999976,7.141,7.1815,2.5530722788437306e-06,0.3673168277619253,13.57,81.71,82.7096,1,
2023-09-01,India,10Y_new,India_10Y_new,-0.048499999999999766,7.138,7.1865,-0.0991132342122119,0.2808785544160848,13.09,81.71,82.6972,1,
2023-09-04,India,10Y_new,India_10Y_new,-0.08145000000000024,7.138,7.21945,-0.0031073877713042,0.2636667365963608,13.82,81.69,82.7244,1,
2023-09-05,India,10Y_new,India_10Y_new,-0.0644499999999999,7.163,7.22745,0.0275487883041828,0.3532299475356943,14.01,81.68,83.04175000000001,1,
2023-09-06,India,10Y_new,India_10Y_new,-0.049450000000000216,7.176,7.22545,0.0968217970911128,0.1984173921911587,14.45,81.7,83.2245,1,
2023-09-07,India,10Y_new,India_10Y_new,-0.0014500000000001734,7.195,7.1964500000000005,0.1018265663367351,0.3174924420188293,14.4,81.71,83.155,1,
2023-09-08,India,10Y_new,India_10Y_new,-0.062450000000000117,7.149,7.21145,0.0013439594837169,0.3156177829294961,13.84,81.71,83.0315,1,
2023-09-11,India,10Y_new,India_10Y_new,-0.10045000000000037,7.159,7.25945,0.0498418408554074,0.326909576291454,13.8,81.69,82.91,1,
2023-09-12,India,10Y_new,India_10Y_new,-0.04144999999999932,7.208,7.2494499999999995,0.0175251831188565,0.3710395350973133,14.23,81.69,82.86,1,
2023-09-13,India,10Y_new,India_10Y_new,-0.0014500000000001734,7.21,7.21145,-0.0079162508835453,0.2639159187724948,13.48,81.68,82.94120000000001,1,
2023-09-14,India,10Y_new,India_10Y_new,0.028550000000000075,7.183,7.15445,0.0799394160133926,0.3126611499883404,12.82,81.71,83.03,1,
2023-09-15,India,10Y_new,India_10Y_new,-0.06045000000000034,7.127,7.18745,-0.0968931153054016,0.3546551326727968,13.79,81.69,83.086,1,
2023-09-18,India,10Y_new,India_10Y_new,-0.07945000000000046,7.127,7.20645,-0.0198717909623562,0.3630314001557304,14.0,81.69,83.2975,1,
2023-09-19,India,10Y_new,India_10Y_new,-0.07945000000000046,7.127,7.20645,-0.0365784829710673,0.3278387766176381,14.11,81.7,83.315,1,
2023-09-20,India,10Y_new,India_10Y_new,-0.021450000000000635,7.177,7.19845,-0.0545904930094811,0.3275386263396365,15.14,82.94,82.92500000000001,1,
2023-09-21,India,10Y_new,India_10Y_new,-0.029449999999999754,7.168,7.19745,0.0495560041220973,0.2878955835980172,17.54,82.89,83.12700000000001,1,
2023-09-22,India,10Y_new,India_10Y_new,-0.032450000000000756,7.1739999999999995,7.20645,-0.1020250876115346,0.3003462469140392,17.2,82.93,82.975,1,
2023-09-25,India,10Y_new,India_10Y_new,-0.06144999999999978,7.146,7.20745,0.1130976439792445,0.3278134218495669,16.9,82.91,83.13499999999999,1,
2023-09-26,India,10Y_new,India_10Y_new,-0.04544999999999977,7.157,7.20245,-0.0077099291881781,0.3141314363911459,18.94,82.93,83.255,1,
2023-09-27,India,10Y_new,India_10Y_new,-0.034450000000000536,7.18,7.21445,0.0635340090374248,0.399026048891935,18.22,82.93,83.2085,1,
2023-09-28,India,10Y_new,India_10Y_new,-0.11045000000000016,7.18,7.29045,-0.0327575838061516,0.273897704648166,17.34,82.92,83.165,1,
2023-09-29,India,10Y_new,India_10Y_new,-0.025450000000000195,7.241,7.26645,-0.0399564333943665,0.4108413297193991,17.52,82.94,83.035,1,
2023-10-02,India,10Y_new,India_10Y_new,-0.025450000000000195,7.241,7.26645,-0.0147091736738704,0.3751481457016303,17.61,82.89,83.18705,1,
2023-10-03,India,10Y_new,India_10Y_new,-0.0464500000000001,7.241,7.28745,0.0356788321596503,0.34392736213662,19.78,82.92,83.2217,1,
2023-10-04,India,10Y_new,India_10Y_new,-0.04344999999999999,7.25,7.29345,-0.1459714704668233,0.4261252644703144,18.58,82.94,83.255,1,
2023-10-05,India,10Y_new,India_10Y_new,-0.010449999999999626,7.269,7.27945,-0.0557957308590728,0.3770091935238735,18.49,82.93,83.21000000000001,1,
2023-10-06,India,10Y_new,India_10Y_new,-0.11545000000000005,7.269,7.38445,-0.1452326025449189,0.4668411747476439,17.45,82.87,83.1248,1,
2023-10-09,India,10Y_new,India_10Y_new,-0.17745000000000033,7.269,7.4464500000000005,-0.085806721327086,0.3380875466315861,17.7,82.95,83.2805,1,
2023-10-10,India,10Y_new,India_10Y_new,-0.002449999999999619,7.405,7.40745,-0.0864083457853381,0.4224302795446683,17.03,82.96,83.18950000000001,1,
2023-10-11,India,10Y_new,India_10Y_new,0.03155000000000019,7.402,7.37045,0.0154658665338254,0.4024508364271069,16.09,82.92,83.16499999999999,1,
2023-10-12,India,10Y_new,India_10Y_new,-0.004450000000000287,7.369,7.37345,0.0943265372345695,0.4033855746082923,16.69,82.9,83.295,1,
2023-10-13,India,10Y_new,India_10Y_new,-0.021449999999999747,7.3580000000000005,7.37945,0.0158329460675385,0.372344149952233,19.32,82.94,83.2825,1,
2023-10-16,India,10Y_new,India_10Y_new,-0.03544999999999998,7.369,7.40445,-0.1012475409455068,0.3387152384355472,17.21,82.91,83.195,1,
2023-10-17,India,10Y_new,India_10Y_new,-0.019449999999999967,7.377,7.39645,0.0148805507554264,0.2751164792179458,17.88,87.21,83.25,1,
2023-10-18,India,10Y_new,India_10Y_new,-0.06539999999999946,7.355,7.4204,0.0056398889433579,0.4630329940858944,19.22,82.94,83.30000000000001,1,
2023-10-19,India,10Y_new,India_10Y_new,-0.04844999999999988,7.381,7.42945,-0.0695109031618616,0.2928833257330744,21.4,82.91,83.10390000000001,1,
2023-10-20,India,10Y_new,India_10Y_new,-0.02644999999999964,7.4030000000000005,7.42945,-0.0753947420109995,0.331674272478608,21.71,84.49,83.16,1,
2023-10-23,India,10Y_new,India_10Y_new,-0.05239999999999956,7.4030000000000005,7.4554,-0.0627641854806875,0.4110493690637495,20.37,82.89,83.0985,1,
2023-10-24,India,10Y_new,India_10Y_new,-0.05239999999999956,7.4030000000000005,7.4554,-0.1344269003199044,0.4257914271796532,18.97,85.23,83.015,1,
2023-10-25,India,10Y_new,India_10Y_new,0.006550000000000722,7.4030000000000005,7.39645,-0.075538257042329,0.4126909437139004,20.19,82.91,83.14500000000001,1,
2023-10-26,India,10Y_new,India_10Y_new,-0.05945,7.366,7.42545,-0.0985309339235875,0.4157250997106902,20.68,82.91,83.2493,1,
2023-10-27,India,10Y_new,India_10Y_new,-0.058399999999999785,7.386,7.4444,-0.0704017509908271,0.4066205879053174,21.27,82.92,83.2723,1,
2023-10-30,India,10Y_new,India_10Y_new,-0.04239999999999977,7.377,7.4193999999999996,-0.0148138258700566,0.3682885944602868,19.75,82.89,83.255,1,
2023-10-31,India,10Y_new,India_10Y_new,-0.033449999999999314,7.389,7.4224499999999995,0.0176893836623494,0.3558414887270167,18.14,82.93,83.2835,1,
2023-11-01,India,10Y_new,India_10Y_new,-0.0613999999999999,7.375,7.4364,-0.0842853635391046,0.4037601885332738,16.87,82.93,83.2645,1,
2023-11-02,India,10Y_new,India_10Y_new,-0.01144999999999996,7.378,7.38945,0.039183300778249,0.3821011291920535,15.66,82.93,83.2615,1,
2023-11-03,India,10Y_new,India_10Y_new,-0.0334500000000002,7.351,7.38445,-0.1074764621199997,0.3636254214121164,14.91,81.58,83.15,1,
2023-11-06,India,10Y_new,India_10Y_new,-0.02245000000000008,7.351,7.37345,-0.1308182255282355,0.4598910267201486,14.89,82.91,83.223,1,
2023-11-07,India,10Y_new,India_10Y_new,-0.04045000000000076,7.3149999999999995,7.35545,-0.0216811930834116,0.4065028321102342,14.81,82.93,83.235,1,
2023-11-08,India,10Y_new,India_10Y_new,-0.011449999999999072,7.313000000000001,7.32445,-0.0751794546027995,0.4504937373891419,14.45,82.9,83.21799999999999,1,
2023-11-09,India,10Y_new,India_10Y_new,-0.03544999999999998,7.301,7.33645,-0.0962600448497674,0.4743536654003796,15.29,82.91,83.32,1,
2023-11-10,India,10Y_new,India_10Y_new,-0.07840000000000025,7.287,7.3654,0.0390560146685289,0.3932799133237304,14.17,82.93,83.314,1,
2023-11-13,India,10Y_new,India_10Y_new,-0.023450000000000415,7.33,7.3534500000000005,-0.0485366601444738,0.354473873843747,14.76,82.92,83.209,1,
2023-11-14,India,10Y_new,India_10Y_new,-0.02340000000000053,7.33,7.353400000000001,-0.1206504831263454,0.3163270287516482,14.16,82.91,82.97800000000001,1,
2023-11-15,India,10Y_new,India_10Y_new,0.02754999999999974,7.318,7.29045,-0.0177368479444363,0.2803565603809002,14.18,82.91,83.193,1,
2023-11-16,India,10Y_new,India_10Y_new,-0.040449999999999875,7.259,7.29945,-0.0832105921111227,0.3804436217687347,14.32,82.93,83.1603,1,
2023-11-17,India,10Y_new,India_10Y_new,-0.030450000000000088,7.253,7.28345,-0.1054511843516392,0.3021348996455436,13.8,82.93,83.249,1,
2023-11-20,India,10Y_new,India_10Y_new,-0.06845000000000034,7.253,7.3214500000000005,-0.0513090687262516,0.2499692968819048,13.41,82.9,83.322,1,
2023-11-21,India,10Y_new,India_10Y_new,-0.07445000000000057,7.26,7.33445,0.1036920114360873,0.3815581087458161,13.35,82.92,83.3355,1,
2023-11-22,India,10Y_new,India_10Y_new,-0.038450000000000095,7.277,7.31545,-0.0624776213896683,0.3990808116999311,12.85,82.92,83.31450000000001,1,
2023-11-23,India,10Y_new,India_10Y_new,-0.014450000000000074,7.289,7.30345,-0.1631248322789588,0.40648042736181,12.8,82.9,83.3335,1,
2023-11-24,India,10Y_new,India_10Y_new,-0.05245000000000033,7.282,7.33445,-0.0576152373690752,0.3827388893151985,12.46,82.89,83.345,1,
2023-11-27,India,10Y_new,India_10Y_new,-0.05245000000000033,7.282,7.33445,-0.0898192003633658,0.4030971206885568,12.69,82.91,83.33500000000001,1,
2023-11-28,India,10Y_new,India_10Y_new,-0.14639999999999986,7.18,7.3264,-0.0429609045529248,0.3467541149883034,12.69,82.9,83.345,1,
2023-11-29,India,10Y_new,India_10Y_new,-0.0204500000000003,7.292,7.31245,0.0519253909872412,0.2593629865022703,12.98,82.93,83.357,1,
2023-11-30,India,10Y_new,India_10Y_new,-0.05445000000000011,7.285,7.33945,0.0675721522735195,0.3274400551833711,12.92,82.9,83.38300000000001,1,
2023-12-01,India,10Y_new,India_10Y_new,-0.049399999999999444,7.296,7.3454,0.0275737711216371,0.3295711631874473,12.63,82.92,83.265,1,
2023-12-04,India,10Y_new,India_10Y_new,-0.02540000000000031,7.296,7.321400000000001,0.0730151417781628,0.3648636962633933,13.08,82.89,83.43100000000001,1,
2023-12-05,India,10Y_new,India_10Y_new,-0.04540000000000077,7.276,7.321400000000001,-0.0458192672957313,0.351563140262158,12.85,82.92,83.32499999999999,1,
2023-12-06,India,10Y_new,India_10Y_new,-0.0334500000000002,7.274,7.30745,-0.0980825811084435,0.3178393151867629,12.97,82.9,83.33699999999999,1,
2023-12-07,India,10Y_new,India_10Y_new,-0.03739999999999988,7.258,7.2954,0.0570776091491266,0.3961042213587781,13.06,82.9,83.348,1,
2023-12-08,India,10Y_new,India_10Y_new,-0.06645000000000056,7.252,7.31845,-0.0452974966416105,0.3721593959213368,12.35,82.9,83.43,1,
2023-12-11,India,10Y_new,India_10Y_new,-0.07639999999999958,7.25,7.3264,0.112564829974251,0.317440772054764,12.63,82.9,83.35499999999999,1,
2023-12-12,India,10Y_new,India_10Y_new,-0.05339999999999989,7.269,7.3224,-0.0603785975806497,0.2506210415810909,12.07,82.92,83.40100000000001,1,
2023-12-13,India,10Y_new,India_10Y_new,-0.05239999999999956,7.256,7.3084,-0.0593377321586446,0.3161856079132095,12.19,82.91,83.35499999999999,1,
2023-12-14,India,10Y_new,India_10Y_new,-0.004450000000000287,7.244,7.24845,-0.0485256945908608,0.2887354258347774,12.48,82.95,83.312,1,
2023-12-15,India,10Y_new,India_10Y_new,-0.025450000000000195,7.184,7.20945,-0.0298338544934059,0.3751615459360063,12.28,82.9,83.025,1,
2023-12-18,India,10Y_new,India_10Y_new,-0.09445000000000014,7.109999999999999,7.20445,0.0225773932794203,0.3550463701603236,12.56,82.92,83.149,1,
2023-12-19,India,10Y_new,India_10Y_new,-0.06144999999999978,7.143,7.20445,0.0786313242344997,0.4081365206492103,12.53,82.92,83.11099999999999,1,
2023-12-20,India,10Y_new,India_10Y_new,-0.09644999999999992,7.12,7.21645,0.0142549815878283,0.4598892956200726,13.67,82.93,83.1665,1,
2023-12-21,India,10Y_new,India_10Y_new,-0.09445000000000014,7.13,7.22445,0.0564542705478738,0.3467525350102172,13.65,82.91,83.219,1,
2023-12-22,India,10Y_new,India_10Y_new,-0.06545000000000023,7.152,7.21745,-0.094419262894144,0.4008256949705817,13.03,82.92,83.19149999999999,1,
2023-12-25,India,10Y_new,India_10Y_new,-0.06545000000000023,7.152,7.21745,-0.1229399998950934,0.2872672221995475,13.03,82.92,83.16900000000001,1,
2023-12-26,India,10Y_new,India_10Y_new,-0.05945,7.17,7.22945,-0.1217749908248511,0.3165563678620492,12.99,82.91,83.16300000000001,1,
2023-12-27,India,10Y_new,India_10Y_new,-0.08539999999999992,7.1579999999999995,7.243399999999999,-0.1374986548524537,0.3536838453847256,12.43,82.92,83.268,1,
2023-12-28,India,10Y_new,India_10Y_new,-0.07944999999999958,7.166,7.24545,-0.05312048251349,0.3320141455999325,12.47,82.9,83.174,1,
2023-12-29,India,10Y_new,India_10Y_new,-0.09745000000000026,7.135,7.23245,0.0186696505436924,0.2495401732295225,12.45,82.91,83.2175,1,
2024-01-01,India,10Y_new,India_10Y_new,-0.10640000000000072,7.135,7.2414000000000005,-0.069463408967203,0.34466397865834,12.45,82.91,83.2425,1,0.0
2024-01-02,India,10Y_new,India_10Y_new,-0.09940000000000015,7.164,7.2634,-0.0720168193342256,0.3718034234880091,13.2,82.88,83.275,1,
2024-01-03,India,10Y_new,India_10Y_new,-0.07539999999999925,7.172000000000001,7.2474,-0.1331973042890171,0.2909375138506103,14.04,82.89,83.2907,1,
2024-01-04,India,10Y_new,India_10Y_new,-0.07439999999999891,7.1690000000000005,7.243399999999999,-0.0126998601936604,0.3521548209090288,14.13,82.9,83.24799999999999,1,
2024-01-05,India,10Y_new,India_10Y_new,-0.08539999999999992,7.177,7.2623999999999995,0.0607313625758556,0.331233705590499,13.35,82.9,83.132,1,
2024-01-08,India,10Y_new,India_10Y_new,-0.051400000000001,7.177,7.228400000000001,0.0096451008229858,0.3073215622582985,13.08,82.91,83.05000000000001,1,
2024-01-09,India,10Y_new,India_10Y_new,-0.04640000000000022,7.175,7.2214,-0.0351911908826771,0.4210103970501575,12.76,82.9,83.114,1,
2024-01-10,India,10Y_new,India_10Y_new,-0.058399999999999785,7.157,7.2154,0.0669978051108359,0.4072940071404617,12.69,82.92,83.02799999999999,1,
2024-01-11,India,10Y_new,India_10Y_new,-0.04440000000000044,7.149,7.1934000000000005,0.1186681232308933,0.3396525072073427,12.44,82.92,83.068,1,
2024-01-12,India,10Y_new,India_10Y_new,-0.06844999999999946,7.139,7.20745,-0.0012051448457365,0.4235394118636895,12.7,82.9,82.862,1,
2024-01-15,India,10Y_new,India_10Y_new,-0.0824000000000007,7.095,7.1774000000000004,-0.0608357599941131,0.3630132889063167,13.25,82.9,82.832,1,
2024-01-16,India,10Y_new,India_10Y_new,-0.07240000000000002,7.101,7.1734,0.0726900530683039,0.4136040068024444,13.84,82.89,83.089,1,
2024-01-17,India,10Y_new,India_10Y_new,-0.05800000000000072,7.1262,7.184200000000001,-0.0486807790042696,0.2319502442261334,14.79,82.89,83.187,1,
2024-01-18,India,10Y_new,India_10Y_new,-0.08315000000000072,7.122199999999999,7.20535,-0.037763534421636,0.3769732825724255,14.13,82.92,83.17,1,
2024-01-19,India,10Y_new,India_10Y_new,-0.07104999999999961,7.1345,7.20555,-0.010178042443207,0.3291762092185449,13.3,82.91,83.0989,1,
2024-01-22,India,10Y_new,India_10Y_new,-0.07580000000000009,7.1337,7.2095,0.0693403462694592,0.35498178394118,13.19,82.91,83.10499999999999,1,
2024-01-23,India,10Y_new,India_10Y_new,-0.07484999999999964,7.1258,7.2006499999999996,-0.0394207140128564,0.3105252248644163,12.55,82.9,83.155,1,
2024-01-24,India,10Y_new,India_10Y_new,-0.055150000000000254,7.1389,7.19405,0.1618595197780679,0.302095137509968,13.14,82.92,83.13499999999999,1,
2024-01-25,India,10Y_new,India_10Y_new,-0.06420000000000048,7.1358999999999995,7.2001,0.0195627341061907,0.3356903080420737,13.45,82.91,83.172,1,
2024-01-26,India,10Y_new,India_10Y_new,-0.06290000000000084,7.1358999999999995,7.1988,0.0693570306791612,0.3663865455439595,13.26,82.91,83.12,1,
2024-01-29,India,10Y_new,India_10Y_new,-0.05550000000000033,7.1358999999999995,7.1914,-0.0147781971519572,0.2624313741103211,13.6,82.92,83.13900000000001,1,
2024-01-30,India,10Y_new,India_10Y_new,-0.04499999999999993,7.1429,7.1879,-0.0937556076753805,0.3212990002139336,13.31,82.9,83.125,1,
2024-01-31,India,10Y_new,India_10Y_new,-0.04800000000000004,7.127,7.175,-0.0653179660133577,0.3476222377576292,14.35,82.92,83.1,1,
2024-02-01,India,10Y_new,India_10Y_new,0.02024999999999899,7.109999999999999,7.08975,-0.0098152453034891,0.3221134681116538,13.88,82.91,82.952,1,
2024-02-02,India,10Y_new,India_10Y_new,0.004550000000000054,7.0828,7.07825,-0.060503808795877,0.3151882896213559,13.85,82.89,83.00399999999999,1,
2024-02-05,India,10Y_new,India_10Y_new,0.0019999999999997797,7.114,7.112,0.0319527155297706,0.322421593923437,13.67,82.87,83.041,1,
2024-02-06,India,10Y_new,India_10Y_new,-0.0409499999999996,7.075200000000001,7.11615,0.0678098329958685,0.2991426575201461,13.06,82.91,83.06700000000001,1,
2024-02-07,India,10Y_new,India_10Y_new,-0.05925000000000047,7.0401,7.09935,-0.0101839083565642,0.29377551058761,12.83,82.9,82.982,1,
2024-02-08,India,10Y_new,India_10Y_new,-0.08014999999999972,7.0361,7.11625,-0.0413465798454749,0.3317368111054482,12.79,82.9,82.983,1,
2024-02-09,India,10Y_new,India_10Y_new,-0.04889999999999972,7.07,7.1189,0.0713512984260243,0.3291299708677651,12.93,82.9,83.005,1,
2024-02-12,India,10Y_new,India_10Y_new,0.0020500000000005514,7.105,7.10295,0.0246090638697338,0.3637096707574017,13.93,82.9,82.975,1,
2024-02-13,India,10Y_new,India_10Y_new,-0.05710000000000015,7.0669,7.1240000000000006,-0.0642155291505235,0.3680859258668764,15.85,82.9,83.10300000000001,1,
2024-02-14,India,10Y_new,India_10Y_new,-0.06059999999999999,7.1072,7.1678,0.0301544879249873,0.4816643087236471,14.38,82.92,83.039,1,
2024-02-15,India,10Y_new,India_10Y_new,0.011949999999999683,7.1289,7.11695,0.0030339250711236,0.346295913227414,14.01,82.92,82.993,1,
2024-02-16,India,10Y_new,India_10Y_new,-0.01624999999999943,7.089700000000001,7.10595,-0.1040906318202947,0.3414651384769595,14.24,82.89,83.018,1,
2024-02-19,India,10Y_new,India_10Y_new,-0.01285000000000025,7.0832,7.09605,0.0215357097033456,0.3564070766710966,14.71,82.9,83.031,1,
2024-02-20,India,10Y_new,India_10Y_new,-0.058399999999999785,7.053,7.1114,-0.0593207661523112,0.4115049197459158,15.42,82.91,82.89500000000001,1,
2024-02-21,India,10Y_new,India_10Y_new,0.0024500000000005073,7.0829,7.08045,0.0527186816683166,0.3362670599685726,15.34,82.9,82.935,1,
2024-02-22,India,10Y_new,India_10Y_new,-0.02445000000000075,7.061999999999999,7.08645,-0.0232225534769187,0.3913547954180503,14.54,82.89,82.842,1,
2024-02-23,India,10Y_new,India_10Y_new,-0.04974999999999952,7.0742,7.12395,0.0958008201616267,0.3749143348823748,13.75,82.89,82.8865,1,
2024-02-26,India,10Y_new,India_10Y_new,-0.02099999999999902,7.0745000000000005,7.0954999999999995,-0.0397191881642745,0.3878988688407476,13.74,82.9,82.8735,1,
2024-02-27,India,10Y_new,India_10Y_new,-0.03885000000000005,7.0591,7.09795,-0.0663525281381985,0.3436632727531828,13.43,82.9,82.9045,1,
2024-02-28,India,10Y_new,India_10Y_new,-0.030999999999999694,7.0655,7.0965,0.0150847975776374,0.3397261956118533,13.84,82.9,82.92500000000001,1,
2024-02-29,India,10Y_new,India_10Y_new,-0.06095000000000006,7.0666,7.12755,0.0069852827037973,0.3333710164003237,13.4,82.88,82.91,1,
2024-03-01,India,10Y_new,India_10Y_new,-0.0484,7.058,7.1064,0.0170463370263792,0.3523196045965337,13.11,82.89,82.846,1,
2024-03-04,India,10Y_new,India_10Y_new,-0.04190000000000005,7.0568,7.0987,0.1183845365107289,0.3777858911796585,13.49,82.89,82.916,1,
2024-03-05,India,10Y_new,India_10Y_new,-0.04839999999999911,7.047000000000001,7.0954,-0.0757927413203205,0.3951354257444496,14.46,82.9,82.896,1,
2024-03-06,India,10Y_new,India_10Y_new,-0.03974999999999973,7.0433,7.08305,-0.047470240161845,0.3898624163159413,14.5,82.89,82.805,1,
2024-03-07,India,10Y_new,India_10Y_new,-0.0810000000000004,6.9857,7.0667,-0.0170721944686226,0.4123090054839501,14.44,82.89,82.713,1,
2024-03-08,India,10Y_new,India_10Y_new,-0.0810000000000004,6.9867,7.0677,0.011206076093862,0.457187615903931,14.74,82.9,82.744,1,
2024-03-11,India,10Y_new,India_10Y_new,-0.06015000000000015,6.9885,7.04865,0.0322670937349317,0.3910358827068153,15.22,82.89,82.731,1,
2024-03-12,India,10Y_new,India_10Y_new,-0.05934999999999935,6.9922,7.05155,-0.0701047596893623,0.3108558433887124,13.84,82.89,82.78585000000001,1,
2024-03-13,India,10Y_new,India_10Y_new,-0.04969999999999963,7.0174,7.0671,0.0669593947270599,0.3721483705349558,13.75,82.88,82.835,1,
2024-03-14,India,10Y_new,India_10Y_new,-0.0879500000000002,7.0009,7.08885,-0.0053679072410476,0.3400004355375188,14.4,82.89,82.9425,1,
2024-03-15,India,10Y_new,India_10Y_new,-0.07589999999999986,7.0121,7.088,-0.1103793264112232,0.3632966502069039,14.41,82.89,82.888,1,
2024-03-18,India,10Y_new,India_10Y_new,-0.06789999999999985,7.0369,7.1048,-0.0042898760518633,0.2961876650976322,14.33,82.9,82.92500000000001,1,
2024-03-19,India,10Y_new,India_10Y_new,-0.06789999999999985,7.0649,7.1328,-0.064757265015338,0.3652581518146578,13.82,82.89,83.03450000000001,1,
2024-03-20,India,10Y_new,India_10Y_new,-0.06099999999999994,7.0709,7.1319,0.0082412526363503,0.2708449391784497,13.04,84.11,83.2005,1,
2024-03-21,India,10Y_new,India_10Y_new,-0.009299999999999642,7.0823,7.0916,-0.139628576743776,0.4140082507655686,12.92,84.13,83.20150000000001,1,
2024-03-22,India,10Y_new,India_10Y_new,-0.06125000000000025,7.0599,7.12115,-0.0251095401527895,0.4145068208769217,13.06,84.13,83.58699999999999,1,
2024-03-25,India,10Y_new,India_10Y_new,-0.05439999999999934,7.0273,7.0817,0.0313908382999412,0.1786168467345315,13.19,84.09,83.4148,1,
2024-03-26,India,10Y_new,India_10Y_new,-0.056700000000000195,7.0703,7.127,0.0496038468067573,0.3553527059418075,13.24,84.12,83.3295,1,
2024-03-27,India,10Y_new,India_10Y_new,-0.039699999999999847,7.0705,7.1102,0.0494736764748067,0.3334368460221984,12.78,84.11,83.3215,1,
2024-03-28,India,10Y_new,India_10Y_new,-0.024999999999999467,7.0605,7.0855,-0.068033182063663,0.3172880699077282,13.01,84.1,83.37950000000001,1,
2024-03-29,India,10Y_new,India_10Y_new,-0.027600000000000513,7.053599999999999,7.0812,0.0382383737535303,0.3174913477548708,13.01,84.12,83.365,1,
2024-04-01,India,10Y_new,India_10Y_new,-0.027600000000000513,7.053599999999999,7.0812,-0.1433304146892569,0.3871144803793509,13.65,84.11,83.3875,1,
2024-04-02,India,10Y_new,India_10Y_new,-0.009599999999998943,7.1126000000000005,7.122199999999999,-0.0056854014578003,0.3255767671618069,14.61,84.1,83.3495,1,
2024-04-03,India,10Y_new,India_10Y_new,-0.07719999999999949,7.0534,7.130599999999999,0.0925315724284063,0.3819385940672261,14.33,84.11,83.51050000000001,1,
2024-04-04,India,10Y_new,India_10Y_new,-0.04800000000000004,7.0698,7.1178,-0.1662438371807585,0.381984522462625,16.35,84.1,83.36500000000001,1,
2024-04-05,India,10Y_new,India_10Y_new,-0.061200000000000365,7.0656,7.1268,-0.0514480871783133,0.3112171547441133,16.03,84.1,83.32050000000001,1,
2024-04-08,India,10Y_new,India_10Y_new,-0.06494999999999962,7.0984,7.163349999999999,-0.0779010799517011,0.427212690262977,15.19,84.09,83.285,1,
2024-04-09,India,10Y_new,India_10Y_new,-0.06930000000000014,7.0854,7.1547,0.0711873432825159,0.3496731250007253,14.98,84.12,83.1925,1,
2024-04-10,India,10Y_new,India_10Y_new,-0.045900000000000496,7.0977,7.1436,-0.0755978669888737,0.2934241591422578,15.8,84.11,83.3963,1,
2024-04-11,India,10Y_new,India_10Y_new,-0.04750000000000032,7.0946,7.1421,0.0692353521122224,0.3537904440319427,14.91,84.11,83.33359999999999,1,
2024-04-12,India,10Y_new,India_10Y_new,-0.11719999999999953,7.0753,7.1925,-0.0085394737509587,0.3328366053576165,17.31,84.12,83.565,1,
2024-04-15,India,10Y_new,India_10Y_new,-0.05579999999999963,7.1287,7.1845,-0.0940791370896638,0.3573955944258386,19.23,84.07,83.5115,1,
2024-04-16,India,10Y_new,India_10Y_new,-0.08669999999999956,7.1201,7.206799999999999,-0.0582470207639148,0.3598197494313602,18.4,84.1,83.6645,1,
2024-04-17,India,10Y_new,India_10Y_new,-0.09310000000000063,7.1114999999999995,7.2046,-0.0186366365191152,0.400055344631632,18.21,84.11,83.6613,1,
2024-04-18,India,10Y_new,India_10Y_new,-0.060900000000000176,7.1424,7.2033000000000005,-0.0556926993398041,0.4142328304302796,18.0,84.1,83.53999999999999,1,
2024-04-19,India,10Y_new,India_10Y_new,-0.1122500000000004,7.1291,7.241350000000001,-0.0461364153935487,0.3632052158054137,18.71,84.11,83.38550000000001,1,
2024-04-22,India,10Y_new,India_10Y_new,-0.1192000000000002,7.0995,7.2187,-0.0359978590601834,0.2875636365826807,16.94,84.1,83.37,1,
2024-04-23,India,10Y_new,India_10Y_new,-0.0246000000000004,7.1688,7.1934000000000005,0.0127001279300131,0.3275371921119004,15.69,84.1,83.29650000000001,1,
2024-04-24,India,10Y_new,India_10Y_new,-0.0954000000000006,7.1353,7.230700000000001,-0.0710409791989774,0.3727557158253614,15.97,84.09,83.3249,1,
2024-04-25,India,10Y_new,India_10Y_new,-0.08055000000000057,7.1402,7.220750000000001,-0.0689131817194115,0.3338372450989742,15.37,84.07,83.315,1,
2024-04-26,India,10Y_new,India_10Y_new,-0.03629999999999978,7.1127,7.149,-0.0902912201389645,0.3411842881803151,15.03,84.1,83.405,1,
2024-04-29,India,10Y_new,India_10Y_new,-0.062249999999999694,7.1653,7.22755,0.01113378907027,0.255921133617021,14.67,84.11,83.425,1,
2024-04-30,India,10Y_new,India_10Y_new,-0.028400000000000425,7.1579999999999995,7.1864,0.0292244874144989,0.3434416837213916,15.65,84.1,83.46000000000001,1,
2024-05-01,India,10Y_new,India_10Y_new,-0.028799999999999493,7.1543,7.1831,-0.0903762703643939,0.2953230867896757,15.39,84.11,83.4675,1,
2024-05-02,India,10Y_new,India_10Y_new,-0.018799999999999706,7.1673,7.1861,-0.035796637711596,0.4656821023057726,14.68,84.12,83.4625,1,
2024-05-03,India,10Y_new,India_10Y_new,-0.028799999999999493,7.1393,7.1681,-0.13218928085925,0.3242375617426255,13.49,84.15,83.381,1,
2024-05-06,India,10Y_new,India_10Y_new,-0.038000000000000256,7.0977,7.1357,0.0260712370779906,0.3067641893207239,13.49,84.12,83.495,1,
2024-05-07,India,10Y_new,India_10Y_new,-0.06270000000000042,7.0858,7.1485,-0.0367869332537806,0.3611276514274801,13.23,84.11,83.4671,1,
2024-05-08,India,10Y_new,India_10Y_new,-0.06664999999999921,7.0829,7.14955,-0.029931838302034,0.3054305515742305,13.0,84.09,83.47149999999999,1,
2024-05-09,India,10Y_new,India_10Y_new,-0.07365000000000066,7.0579,7.131550000000001,-0.0775490714303758,0.2899856250269624,12.69,84.1,83.4495,1,
2024-05-10,India,10Y_new,India_10Y_new,-0.048799999999999955,7.1003,7.1491,-0.0179995014699769,0.3855766376863513,12.55,84.1,83.54599999999999,1,
2024-05-13,India,10Y_new,India_10Y_new,-0.06794999999999973,7.0707,7.13865,0.0158489958063633,0.418106842711366,13.6,84.11,83.47,1,
2024-05-14,India,10Y_new,India_10Y_new,-0.06625000000000014,7.0625,7.12875,-0.0637412715286025,0.3814515039482405,13.42,84.11,83.4907,1,
2024-05-15,India,10Y_new,India_10Y_new,-0.05925000000000047,7.053599999999999,7.11285,-0.0830248605872316,0.4160919328135556,12.45,84.14,83.4204,1,
2024-05-16,India,10Y_new,India_10Y_new,-0.0658000000000003,7.0362,7.102,-0.0513845483469102,0.3412888852107742,12.42,84.09,83.465,1,
2024-05-17,India,10Y_new,India_10Y_new,-0.10630000000000095,7.0154,7.121700000000001,0.0038098341964577,0.3907220201686696,11.99,84.1,83.3075,1,
2024-05-20,India,10Y_new,India_10Y_new,-0.10580000000000034,7.0100999999999996,7.1159,-0.0188983079880208,0.3557570895409126,12.15,84.09,83.305,1,
2024-05-21,India,10Y_new,India_10Y_new,-0.10795000000000066,6.9917,7.0996500000000005,-0.1071807021767956,0.4445233955815029,11.86,84.11,83.265,1,
2024-05-22,India,10Y_new,India_10Y_new,-0.0411999999999999,7.0178,7.059,-0.1194230194733637,0.3657385332420209,12.29,84.08,83.235,1,
2024-05-23,India,10Y_new,India_10Y_new,-0.04039999999999999,7.0201,7.0605,-0.0341626681738719,0.4029583428636893,12.77,84.1,83.25,1,
2024-05-24,India,10Y_new,India_10Y_new,-0.06820000000000004,7.0027,7.0709,-0.0003300068808761,0.2938701368141507,11.93,84.09,83.065,1,
2024-05-27,India,10Y_new,India_10Y_new,-0.08040000000000003,6.9734,7.0538,-0.1310030029076743,0.4605210565537986,12.36,84.1,83.12950000000001,1,
2024-05-28,India,10Y_new,India_10Y_new,-0.09905000000000008,6.9725,7.07155,-0.2398564184272075,0.3432162894090628,12.92,84.1,83.18,1,
2024-05-29,India,10Y_new,India_10Y_new,-0.10130000000000017,6.9822,7.0835,-0.0426718107094831,0.2934903410518436,14.28,84.09,83.36500000000001,1,
2024-05-30,India,10Y_new,India_10Y_new,-0.08430000000000071,6.9986,7.0829,-0.0194447136685794,0.335386878957983,14.47,84.1,83.305,1,
2024-05-31,India,10Y_new,India_10Y_new,-0.06865000000000077,7.0004,7.069050000000001,-0.0745692705862042,0.2845640179049113,12.92,84.09,83.451,1,
2024-06-03,India,10Y_new,India_10Y_new,-0.0633000000000008,6.9654,7.028700000000001,-0.0066274579128992,0.2391416455317732,13.11,84.1,83.1105,1,
2024-06-04,India,10Y_new,India_10Y_new,-0.14639999999999986,6.9739,7.1203,-0.0651824846468283,0.3128395727068526,13.16,84.1,83.5515,1,
2024-06-05,India,10Y_new,India_10Y_new,-0.047399999999999665,7.0425,7.0899,0.0467104254472455,0.3398623407120917,12.63,84.09,83.3788,1,
2024-06-06,India,10Y_new,India_10Y_new,-0.018600000000000172,7.0497,7.0683,0.072797921884449,0.300929944378715,12.58,84.09,83.4746,1,
2024-06-07,India,10Y_new,India_10Y_new,-0.0669000000000004,7.0123999999999995,7.0793,0.0637455348803709,0.344231418067914,12.22,84.09,83.52600000000001,1,
2024-06-10,India,10Y_new,India_10Y_new,-0.0851999999999995,7.008,7.0931999999999995,-0.1348861449576635,0.4012687221259504,12.74,84.09,83.515,1,
2024-06-11,India,10Y_new,India_10Y_new,-0.0569500000000005,7.0205,7.077450000000001,0.0192455032873154,0.3209319918529406,12.85,84.11,83.625,1,
2024-06-12,India,10Y_new,India_10Y_new,-0.06739999999999924,7.008900000000001,7.0763,-0.0741347333632548,0.4032318646209151,12.04,84.09,83.44,1,
2024-06-13,India,10Y_new,India_10Y_new,-0.048200000000000465,7.0078,7.056,-0.0322068132581613,0.3763836208665851,11.94,84.1,83.55000000000001,1,
2024-06-14,India,10Y_new,India_10Y_new,-0.06599999999999895,6.9891000000000005,7.0550999999999995,-0.0171963770764377,0.3460537536945195,12.66,84.12,83.55199999999999,1,
2024-06-17,India,10Y_new,India_10Y_new,-0.06349999999999945,6.9847,7.0482,-0.0461334510418997,0.3415653644091741,12.75,84.08,83.50999999999999,1,
2024-06-18,India,10Y_new,India_10Y_new,-0.05820000000000025,6.9881,7.0463000000000005,0.0253196253068685,0.3144541276543164,12.3,84.1,83.345,1,
2024-06-19,India,10Y_new,India_10Y_new,-0.0691000000000006,6.9719,7.041,-0.1064228529431342,0.4193201325918825,12.48,84.09,83.47,1,
2024-06-20,India,10Y_new,India_10Y_new,-0.08249999999999957,6.9602,7.0427,-0.1180084777044654,0.3583776210074069,13.28,84.08,83.63,1,
2024-06-21,India,10Y_new,India_10Y_new,-0.06604999999999972,6.9714,7.03745,-0.0929963102905605,0.3171054571010109,13.2,84.11,83.563,1,
2024-06-24,India,10Y_new,India_10Y_new,-0.0635500000000011,6.9658999999999995,7.029450000000001,-0.1076914465221029,0.4724729486784443,13.33,84.09,83.475,1,
2024-06-25,India,10Y_new,India_10Y_new,-0.08524999999999938,6.9576,7.04285,-0.0566379399583312,0.3923246793350978,12.84,84.09,83.4305,1,
2024-06-26,India,10Y_new,India_10Y_new,-0.08304999999999918,6.9706,7.053649999999999,-0.0111989560836267,0.410736811866684,12.55,84.08,83.57,1,
2024-06-27,India,10Y_new,India_10Y_new,-0.08389999999999986,6.9695,7.0534,-0.1161165705957772,0.3572325478204967,12.24,84.1,83.4464,1,
2024-06-28,India,10Y_new,India_10Y_new,-0.08309999999999995,6.980700000000001,7.0638000000000005,-0.0213727852954463,0.4551525832250847,12.44,84.09,83.36,1,
2024-07-01,India,10Y_new,India_10Y_new,-0.07175000000000065,6.9905,7.062250000000001,-0.0389750173101896,0.3593962163696408,12.22,84.08,83.46549999999999,1,1.0
2024-07-02,India,10Y_new,India_10Y_new,-0.04434999999999967,7.021100000000001,7.06545,-0.1706284767928578,0.3964222313411925,12.03,84.11,83.50999999999999,1,
2024-07-03,India,10Y_new,India_10Y_new,-0.044350000000000556,7.0100999999999996,7.05445,-0.0690664367037575,0.4026781797413886,12.09,84.09,83.53,1,
2024-07-04,India,10Y_new,India_10Y_new,-0.033500000000000085,7.0203,7.0538,-0.0725197355338729,0.4282008839568062,12.26,84.09,83.5025,1,
2024-07-05,India,10Y_new,India_10Y_new,-0.0309500000000007,7.0146999999999995,7.04565,-0.1602494457729255,0.3855861542777685,12.48,84.1,83.50999999999999,1,
2024-07-08,India,10Y_new,India_10Y_new,-0.03304999999999936,7.0120000000000005,7.04505,-0.0638661204188877,0.4005385515349636,12.37,84.09,83.50999999999999,1,
2024-07-09,India,10Y_new,India_10Y_new,-0.0226999999999995,7.0095,7.0322,-0.1609290221751365,0.4209853500255779,12.51,84.09,83.4925,1,
2024-07-10,India,10Y_new,India_10Y_new,-0.02010000000000023,7.0038,7.0239,-0.0993403255894619,0.3415035385179747,12.85,84.1,83.52000000000001,1,
2024-07-11,India,10Y_new,India_10Y_new,-0.021000000000000796,7.0017,7.0227,0.1203950721750063,0.3611295838881937,12.92,84.13,83.5157,1,
2024-07-12,India,10Y_new,India_10Y_new,-0.03964999999999996,6.994400000000001,7.034050000000001,0.0042459882673976,0.328955270408503,12.46,84.09,83.518,1,
2024-07-15,India,10Y_new,India_10Y_new,-0.027500000000000746,6.9921,7.0196000000000005,-0.0662112414742974,0.3536788066899746,13.12,84.09,83.5595,1,
2024-07-16,India,10Y_new,India_10Y_new,-0.004400000000000404,6.9936,6.998,-0.1472097729010628,0.3605777617377757,13.19,84.09,83.5331,1,
2024-07-17,India,10Y_new,India_10Y_new,0.002449999999999619,6.9879999999999995,6.98555,-0.0373851490354046,0.4359421567651963,14.48,84.08,83.59,1,
2024-07-18,India,10Y_new,India_10Y_new,-0.02414999999999967,6.9762,7.00035,0.0003907307978719,0.4258622980356564,15.93,84.08,83.59,1,
2024-07-19,India,10Y_new,India_10Y_new,-0.03414999999999946,6.9401,6.97425,-0.085085667218522,0.3410709974021985,16.52,84.08,83.729,1,
2023-01-27,India,10Y_orig,India_10Y_orig,-0.03514999999999979,7.24,7.27515,0.0346000373580212,0.2345880954499721,18.51,80.5,81.515,1,
2023-01-30,India,10Y_orig,India_10Y_orig,0.07885000000000009,7.385,7.30615,-0.0757739594087659,0.3822940139748868,19.94,80.5,81.525,1,
2023-01-31,India,10Y_orig,India_10Y_orig,-0.0001499999999996504,7.324,7.3241499999999995,0.0264219003513944,0.3199970231501663,19.4,80.54,81.7685,1,
2023-02-01,India,10Y_orig,India_10Y_orig,0.015799999999999592,7.268,7.2522,-0.0916483123177201,0.3679737700041245,17.87,80.52,81.7575,1,
2023-02-02,India,10Y_orig,India_10Y_orig,-0.010200000000000209,7.2,7.2102,0.023045178588015,0.4188350801485823,18.73,80.51,82.04400000000001,1,
2023-02-03,India,10Y_orig,India_10Y_orig,-0.0011999999999998678,7.197,7.1982,-0.1493694593607593,0.340053773529094,18.33,80.52,82.23349999999999,1,
2023-02-06,India,10Y_orig,India_10Y_orig,-0.014149999999999885,7.239,7.25315,-0.0351162889008436,0.3235852111641787,19.43,80.5,82.75,1,
2023-02-07,India,10Y_orig,India_10Y_orig,0.01485000000000003,7.268,7.25315,-0.1236931885558891,0.372896799139763,18.66,80.54,82.87,1,
2023-02-08,India,10Y_orig,India_10Y_orig,-0.03414999999999946,7.2490000000000006,7.28315,-0.0472262774389766,0.359762238395042,19.63,80.53,82.655,1,
2023-02-09,India,10Y_orig,India_10Y_orig,-0.07910000000000039,7.244,7.3231,0.0115270044516027,0.2926589760195364,20.71,80.53,82.53999999999999,1,
2023-02-10,India,10Y_orig,India_10Y_orig,-0.11804999999999932,7.246,7.36405,0.0344437905879656,0.3594118758672885,20.53,80.51,82.52000000000001,1,
2023-02-13,India,10Y_orig,India_10Y_orig,-0.030100000000000016,7.304,7.3341,-0.0399342536809368,0.3614272890942555,20.34,80.51,82.59700000000001,1,
2023-02-14,India,10Y_orig,India_10Y_orig,-0.048049999999999926,7.297000000000001,7.3450500000000005,-0.0177863757002142,0.476854330576901,18.91,80.52,82.91499999999999,1,
2023-02-15,India,10Y_orig,India_10Y_orig,-0.05710000000000015,7.268,7.3251,0.0117854486027415,0.3746169781071463,18.23,80.53,82.765,1,
2023-02-16,India,10Y_orig,India_10Y_orig,-0.015099999999999447,7.297000000000001,7.3121,-0.0389880766577973,0.3528794515245459,20.17,80.53,82.715,1,
2023-02-17,India,10Y_orig,India_10Y_orig,-0.014050000000000118,7.332,7.34605,-0.0068847397735303,0.3434121961274127,20.02,80.5,82.765,1,
2023-02-20,India,10Y_orig,India_10Y_orig,-0.031050000000000466,7.316,7.34705,-0.1648161814610001,0.4299709757827638,21.23,80.5,82.7205,1,
2023-02-21,India,10Y_orig,India_10Y_orig,-0.061050000000000715,7.302,7.36305,-0.1153114620383676,0.39326591506391,22.87,80.48,82.84899999999999,1,
2023-02-22,India,10Y_orig,India_10Y_orig,-0.10200000000000031,7.3149999999999995,7.417,-0.0760032568991517,0.2548157963359598,22.29,80.52,82.83500000000001,1,
2023-02-23,India,10Y_orig,India_10Y_orig,-0.06599999999999984,7.332,7.398,0.0166994500216639,0.3274446470794807,21.14,80.51,82.6175,1,
2023-02-24,India,10Y_orig,India_10Y_orig,-0.05800000000000072,7.329,7.3870000000000005,-0.2473283496162866,0.3333948118951398,21.67,80.5,82.9254,1,
2023-02-27,India,10Y_orig,India_10Y_orig,-0.04499999999999993,7.3420000000000005,7.3870000000000005,-0.0177375968423675,0.3439823836323135,20.95,80.49,82.652,1,
2023-02-28,India,10Y_orig,India_10Y_orig,-0.10195000000000043,7.368,7.469950000000001,-0.0839499127241545,0.3411593006458155,20.7,80.5,82.64500000000001,1,
2023-03-01,India,10Y_orig,India_10Y_orig,-0.0829500000000003,7.368,7.450950000000001,-0.0654515966565766,0.3477561573818652,20.58,80.5,82.435,1,
2023-03-02,India,10Y_orig,India_10Y_orig,-0.04394999999999971,7.383,7.42695,-0.1700688811898962,0.3370638414938725,19.59,80.51,82.35499999999999,1,
2023-03-03,India,10Y_orig,India_10Y_orig,-0.07394999999999996,7.354,7.42795,-0.0769503683310321,0.2414656461154842,18.49,80.52,81.71000000000001,1,
2023-03-06,India,10Y_orig,India_10Y_orig,-0.04194999999999993,7.354,7.39595,-0.0865653833261741,0.3264146568776202,18.61,80.51,81.815,1,
2023-03-07,India,10Y_orig,India_10Y_orig,-0.04194999999999993,7.354,7.39595,-0.112629114692967,0.3287326476255731,19.59,80.52,82.025,1,
2023-03-08,India,10Y_orig,India_10Y_orig,-0.029949999999999477,7.3870000000000005,7.41695,-0.0914969971180212,0.3282856785678341,19.11,80.49,81.955,1,
2023-03-09,India,10Y_orig,India_10Y_orig,-0.14589999999999925,7.3580000000000005,7.5039,-0.0648299385980572,0.3246926040081186,22.61,80.51,82.025,1,
2023-03-10,India,10Y_orig,India_10Y_orig,-0.055950000000000166,7.348,7.40395,-0.0671934553308281,0.3184788615144067,24.8,80.54,81.965,1,
2023-03-13,India,10Y_orig,India_10Y_orig,0.015000000000000568,7.339,7.324,-0.097743602741501,0.3165821903376816,26.52,80.55,82.2625,1,
2023-03-14,India,10Y_orig,India_10Y_orig,-0.051000000000000156,7.274,7.325,-0.0002638320386968,0.3954920572604895,23.73,80.61,82.26,1,
2023-03-15,India,10Y_orig,India_10Y_orig,-0.16595000000000049,7.209,7.37495,0.0103739574396784,0.3602258713409031,26.14,80.59,82.9075,1,
2023-03-16,India,10Y_orig,India_10Y_orig,-0.06599999999999984,7.258,7.324,-0.0140541224150789,0.2767834839105854,22.99,80.49,82.625,1,
2023-03-17,India,10Y_orig,India_10Y_orig,-0.07000000000000028,7.237,7.307,0.0069325669746558,0.2841597565976315,25.51,80.5,82.53999999999999,1,
2023-03-20,India,10Y_orig,India_10Y_orig,-0.04999999999999982,7.237,7.287,-0.006849682283746,0.3598092029039403,24.15,81.8,82.53,1,
2023-03-21,India,10Y_orig,India_10Y_orig,-0.10299999999999976,7.1850000000000005,7.288,-0.0096130506894999,0.3967493953192306,21.38,81.73,82.7045,1,
2023-03-22,India,10Y_orig,India_10Y_orig,-0.10299999999999976,7.1850000000000005,7.288,-0.0928961423997547,0.2241033410742993,22.26,81.74,82.525,1,
2023-03-23,India,10Y_orig,India_10Y_orig,-0.052999999999999936,7.205,7.258,0.1014429252229941,0.3665608354392566,22.61,81.71,82.265,1,
2023-03-24,India,10Y_orig,India_10Y_orig,-0.03599999999999959,7.183,7.218999999999999,-0.0936181286473116,0.3508971898668547,21.74,81.76,82.339,1,
2023-03-27,India,10Y_orig,India_10Y_orig,-0.03999999999999915,7.179,7.218999999999999,-0.0765895110368836,0.4130753475210612,20.6,81.69,82.2,1,
2023-03-28,India,10Y_orig,India_10Y_orig,-0.05000000000000071,7.17,7.220000000000001,-0.0930161945174262,0.2910730305275639,19.97,81.72,82.1995,1,
2023-03-29,India,10Y_orig,India_10Y_orig,-0.05399999999999938,7.172000000000001,7.226,0.0318383085282553,0.3604509011087299,19.12,81.74,82.2055,1,
2023-03-30,India,10Y_orig,India_10Y_orig,-0.05399999999999938,7.172000000000001,7.226,-0.0287945474223187,0.2752912145830363,19.02,81.73,82.1,1,
2023-03-31,India,10Y_orig,India_10Y_orig,0.07695000000000007,7.2379999999999995,7.1610499999999995,-0.1317620505533439,0.3447242223656985,18.7,81.72,82.185,1,
2023-04-03,India,10Y_orig,India_10Y_orig,-0.012950000000000017,7.2379999999999995,7.25095,-0.1002712058171067,0.360670179390672,18.55,81.7,82.205,1,
2023-04-04,India,10Y_orig,India_10Y_orig,-0.012950000000000017,7.2379999999999995,7.25095,-0.1666546538067023,0.3035100070018338,19.0,81.73,82.11,1,
2023-04-05,India,10Y_orig,India_10Y_orig,-0.015000000000000568,7.186999999999999,7.202,-0.1236001463526547,0.3187845050967331,19.08,81.72,81.945,1,
2023-04-06,India,10Y_orig,India_10Y_orig,0.06295000000000073,7.166,7.10305,-0.154422122458299,0.2964977774686307,18.4,81.76,81.84,1,
2023-04-07,India,10Y_orig,India_10Y_orig,0.06295000000000073,7.166,7.10305,-0.0456054124461382,0.4158204598148369,18.4,81.73,81.88499999999999,1,
2023-04-10,India,10Y_orig,India_10Y_orig,0.06295000000000073,7.166,7.10305,0.0268378793624408,0.4352212362617265,18.97,81.74,81.985,1,
2023-04-11,India,10Y_orig,India_10Y_orig,-0.07594999999999974,7.147,7.22295,-0.0977288459763849,0.3775138314383089,19.1,81.75,82.07,1,
2023-04-12,India,10Y_orig,India_10Y_orig,0.017999999999999794,7.151,7.133,-0.0408874931109655,0.4050153322382666,19.09,81.72,81.96000000000001,1,
2023-04-13,India,10Y_orig,India_10Y_orig,0.030000000000001137,7.156000000000001,7.1259999999999994,-0.0601903972838794,0.3599966577521469,17.8,81.73,81.67500000000001,1,
2023-04-14,India,10Y_orig,India_10Y_orig,0.030000000000001137,7.156000000000001,7.1259999999999994,-0.1005924485219735,0.4108309777657367,17.07,81.73,81.845,1,
2023-04-17,India,10Y_orig,India_10Y_orig,0.030000000000001137,7.156000000000001,7.1259999999999994,-0.0919069387199775,0.2845494754339014,16.95,81.71,82.005,1,
2023-04-18,India,10Y_orig,India_10Y_orig,-0.014000000000000234,7.151,7.165,-0.0667601961174197,0.3133646091912067,16.83,81.73,82.10499999999999,1,
2023-04-19,India,10Y_orig,India_10Y_orig,-0.009999999999999787,7.151,7.161,0.0331836888218552,0.2846039436256824,16.46,81.7,82.28,1,
2023-04-20,India,10Y_orig,India_10Y_orig,-0.022949999999999804,7.122,7.14495,-0.0192631553673541,0.2779503425867001,17.17,81.75,82.14,1,
2023-04-21,India,10Y_orig,India_10Y_orig,0.05600000000000005,7.181,7.125,-0.1171292795192413,0.3332995980522879,16.77,81.74,82.055,1,
2023-04-24,India,10Y_orig,India_10Y_orig,0.0699999999999994,7.165,7.095000000000001,-0.0232893996429002,0.2639740323732926,16.89,81.74,81.96000000000001,1,
2023-04-25,India,10Y_orig,India_10Y_orig,0.08495000000000097,7.121,7.0360499999999995,0.0380445167572897,0.2917521757899374,18.76,81.77,81.99000000000001,1,
2023-04-26,India,10Y_orig,India_10Y_orig,0.06595000000000084,7.102,7.0360499999999995,-0.0992658923674306,0.2344216422167745,18.84,81.71,81.75999999999999,1,
2023-04-27,India,10Y_orig,India_10Y_orig,0.046949999999999825,7.093,7.04605,0.0182630996885956,0.4012327783472398,17.03,81.72,81.715,1,
2023-04-28,India,10Y_orig,India_10Y_orig,0.03699999999999992,7.09,7.053,-0.0585077041822351,0.3387813338540965,15.78,81.75,81.745,1,
2023-05-01,India,10Y_orig,India_10Y_orig,0.03699999999999992,7.09,7.053,0.0742810817525796,0.3462618505096728,16.08,81.71,81.78999999999999,1,
2023-05-02,India,10Y_orig,India_10Y_orig,0.03699999999999992,7.09,7.053,-0.0057586126103313,0.3350377643069846,17.78,81.74,81.77000000000001,1,
2023-05-03,India,10Y_orig,India_10Y_orig,0.10195000000000043,7.099,6.99705,-0.021038896728867,0.3089237529272755,18.34,81.74,81.78,1,
2023-05-04,India,10Y_orig,India_10Y_orig,0.029949999999999477,7.02,6.99005,-0.1440574953115276,0.3705993554296968,20.09,81.74,81.725,1,
2023-05-05,India,10Y_orig,India_10Y_orig,0.029949999999999477,7.02,6.99005,-0.13678706865306,0.3637887089763654,17.19,81.71,81.725,1,
2023-05-08,India,10Y_orig,India_10Y_orig,-0.038000000000000256,7.02,7.058,-0.1399360207328783,0.3965508383886282,16.98,81.71,81.78,1,
2023-05-09,India,10Y_orig,India_10Y_orig,-0.02800000000000047,7.02,7.048,0.028998107781375,0.2781050634812492,17.71,81.74,82.125,1,
2023-05-10,India,10Y_orig,India_10Y_orig,-0.020999999999999908,7.027,7.048,-0.0523417660001875,0.3132426292905526,16.94,81.75,81.92500000000001,1,
2023-05-11,India,10Y_orig,India_10Y_orig,0.0039999999999995595,7.032,7.0280000000000005,-0.0931278388126732,0.2656449954654423,16.93,81.78,82.1,1,
2023-05-12,India,10Y_orig,India_10Y_orig,-0.01499999999999968,7.014,7.029,-0.1533769503072821,0.3060002250887896,17.03,81.78,82.2005,1,
2023-05-15,India,10Y_orig,India_10Y_orig,-0.009000000000000341,7.004,7.013,-0.1162264029084695,0.3136303929239168,17.12,81.8,82.26650000000001,1,
2023-05-16,India,10Y_orig,India_10Y_orig,-0.03200000000000003,6.987,7.019,-0.014596733803478,0.2725960658671585,17.99,81.81,82.2915,1,
2023-05-17,India,10Y_orig,India_10Y_orig,-0.05900000000000016,6.92,6.979,-0.0758266629201397,0.3195937956966733,16.87,81.82,82.405,1,
2023-05-18,India,10Y_orig,India_10Y_orig,-0.04500000000000082,6.952999999999999,6.998,0.0060803002498901,0.2943092665180136,16.05,82.11,82.725,1,
2023-05-19,India,10Y_orig,India_10Y_orig,-0.007000000000000561,6.963,6.970000000000001,-0.1367870222112282,0.3055889734478862,16.81,81.72,82.905,1,
2023-05-22,India,10Y_orig,India_10Y_orig,-0.008999999999999453,6.963,6.9719999999999995,0.0427459099651292,0.3183294999703426,17.21,81.74,82.845,1,
2023-05-23,India,10Y_orig,India_10Y_orig,0.03599999999999959,6.954,6.918,0.0394376805392086,0.3044567711349408,18.53,81.69,82.83500000000001,1,
2023-05-24,India,10Y_orig,India_10Y_orig,0.02800000000000047,6.98,6.952,-0.0028092452039314,0.3160198122208064,20.03,81.73,82.67500000000001,1,
2023-05-25,India,10Y_orig,India_10Y_orig,-0.025949999999999918,6.971,6.99695,0.1251180700655417,0.4042906749525499,19.14,81.71,82.7418,1,
2023-05-26,India,10Y_orig,India_10Y_orig,-0.017949999999999022,6.977,6.994949999999999,0.039848286428639,0.3117878093100193,17.95,81.74,82.57499999999999,1,
2023-05-29,India,10Y_orig,India_10Y_orig,-0.022949999999999804,6.9879999999999995,7.010949999999999,-0.0025769701427929,0.3566639902191558,17.46,81.72,82.6135,1,
2023-05-30,India,10Y_orig,India_10Y_orig,-0.0009499999999995623,7.01,7.010949999999999,-0.0316759969736802,0.3506494351872098,17.46,81.74,82.6925,1,
2023-05-31,India,10Y_orig,India_10Y_orig,0.020050000000000345,7.011,6.99095,-0.0250322737471751,0.3188651184081776,17.94,81.73,82.69,1,
2023-06-01,India,10Y_orig,India_10Y_orig,-0.027949999999999697,6.974,7.00195,-0.0198981218176041,0.2803774640204311,15.65,81.7,82.2769,1,
2023-06-02,India,10Y_orig,India_10Y_orig,0.027050000000000907,7.009,6.981949999999999,-0.0403482445303228,0.252445435075569,14.6,81.71,82.40299999999999,1,
2023-06-05,India,10Y_orig,India_10Y_orig,0.01705000000000023,7.009,6.99195,-0.1336433107234764,0.388104296516308,14.73,81.7,82.525,1,
2023-06-06,India,10Y_orig,India_10Y_orig,0.05304999999999982,7.021,6.96795,-0.0581269069608457,0.3065852368398445,13.96,81.73,82.515,1,
2023-06-07,India,10Y_orig,India_10Y_orig,0.02210000000000001,7.0120000000000005,6.9899000000000004,-0.1466724394615035,0.3344888350198693,13.94,81.72,82.50999999999999,1,
2023-06-08,India,10Y_orig,India_10Y_orig,0.015099999999999447,7.018,7.0029,-0.0805526117282396,0.3249918749956055,13.65,81.72,82.5155,1,
2023-06-09,India,10Y_orig,India_10Y_orig,0.03710000000000058,7.051,7.0139,0.0230066516055061,0.4435516824672081,13.83,81.69,82.445,1,
2023-06-12,India,10Y_orig,India_10Y_orig,0.04809999999999981,7.061999999999999,7.0139,-0.0806380749182227,0.3818233779036659,15.01,81.71,82.41499999999999,1,
2023-06-13,India,10Y_orig,India_10Y_orig,0.04809999999999981,7.0600000000000005,7.011900000000001,-0.0855098367802027,0.3247247941030016,14.61,81.71,82.2399,1,
2023-06-14,India,10Y_orig,India_10Y_orig,0.03509999999999991,7.039,7.0039,-0.0202077102695212,0.2793571408080718,13.88,81.73,81.96000000000001,1,
2023-06-15,India,10Y_orig,India_10Y_orig,0.02909999999999968,7.045,7.0159,-0.0898340732677903,0.4447131957646469,14.5,81.69,81.905,1,
2023-06-16,India,10Y_orig,India_10Y_orig,0.01714999999999911,7.061999999999999,7.04485,-0.0994177449359121,0.4283534400301997,13.54,81.7,81.91499999999999,1,
2023-06-19,India,10Y_orig,India_10Y_orig,0.01714999999999911,7.061999999999999,7.04485,-0.0087624587120171,0.3725493399130789,14.19,81.7,81.91499999999999,1,
2023-06-20,India,10Y_orig,India_10Y_orig,-0.018800000000000594,7.077999999999999,7.0968,-0.0209834575088191,0.2885670865346822,13.88,81.71,82.005,1,
2023-06-21,India,10Y_orig,India_10Y_orig,0.04714999999999936,7.101,7.053850000000001,0.034638327793247,0.3152868565536247,13.2,81.71,81.94,1,
2023-06-22,India,10Y_orig,India_10Y_orig,0.014199999999999768,7.101,7.0868,0.0239070745846841,0.3753159498741484,12.91,81.71,81.96000000000001,1,
2023-06-23,India,10Y_orig,India_10Y_orig,0.030199999999999783,7.107,7.0768,-0.0928053831408565,0.2536047413214631,13.44,81.73,81.985,1,
2023-06-26,India,10Y_orig,India_10Y_orig,0.03819999999999979,7.116,7.0778,-0.0580051886147098,0.3477783215878259,14.25,81.72,81.975,1,
2023-06-27,India,10Y_orig,India_10Y_orig,0.031200000000000117,7.107,7.0758,0.0010064334548174,0.2418812636385728,13.74,81.71,82.01050000000001,1,
2023-06-28,India,10Y_orig,India_10Y_orig,0.048199999999999577,7.106,7.0578,0.0158927099338312,0.2910992592678122,13.43,81.72,82.03,1,
2023-06-29,India,10Y_orig,India_10Y_orig,0.048199999999999577,7.106,7.0578,-0.0477165280422192,0.3744137978534902,13.54,81.7,82.10499999999999,1,1.0
2023-06-30,India,10Y_orig,India_10Y_orig,0.010250000000000092,7.099,7.08875,0.0527210408574704,0.2878388479565249,13.59,81.69,82.096,1,0.0
2023-07-03,India,10Y_orig,India_10Y_orig,-0.03074999999999939,7.099,7.12975,0.0050896135049551,0.354175567554517,13.57,81.69,81.945,1,
2023-07-04,India,10Y_orig,India_10Y_orig,0.0012499999999997513,7.132,7.13075,-0.0093693609549868,0.4237442959591649,13.7,81.72,81.9735,1,
2023-07-05,India,10Y_orig,India_10Y_orig,-0.006750000000000256,7.144,7.15075,-0.0498821441471649,0.3248373376523771,14.18,81.72,82.4034,1,
2023-07-06,India,10Y_orig,India_10Y_orig,0.03524999999999956,7.141,7.1057500000000005,0.0743163380225039,0.4044393147148423,15.44,81.68,82.76599999999999,1,
2023-07-07,India,10Y_orig,India_10Y_orig,-0.000700000000000145,7.154,7.1547,-0.0243156092348377,0.4725783034528204,14.83,81.7,82.61500000000001,1,
2023-07-10,India,10Y_orig,India_10Y_orig,0.020299999999999763,7.175,7.1547,-0.0136947782690613,0.3568888878760873,15.07,81.72,82.525,1,
2023-07-11,India,10Y_orig,India_10Y_orig,0.02629999999999999,7.178,7.1517,-0.0525491961610422,0.3683413164402541,14.84,81.73,82.39500000000001,1,
2023-07-12,India,10Y_orig,India_10Y_orig,0.01625000000000032,7.118,7.10175,-0.0447380668120966,0.3323253263604693,13.54,81.72,81.985,1,
2023-07-13,India,10Y_orig,India_10Y_orig,0.045250000000000234,7.122,7.07675,0.000622798763642,0.3534337101017468,13.61,81.75,82.05000000000001,1,
2023-07-14,India,10Y_orig,India_10Y_orig,0.015249999999999986,7.0969999999999995,7.0817499999999995,-0.0308438418373782,0.3453362314511325,13.34,81.69,82.077,1,
2023-07-17,India,10Y_orig,India_10Y_orig,-0.13269999999999982,7.032,7.1647,-0.0878906699393008,0.3254908716206957,13.48,81.73,82.05000000000001,1,
2023-07-18,India,10Y_orig,India_10Y_orig,0.014299999999999535,7.0969999999999995,7.0827,-0.0502449182796577,0.3622809523033888,13.3,81.73,82.065,1,
2023-07-19,India,10Y_orig,India_10Y_orig,0.02224999999999966,7.074,7.05175,-0.1393810338300961,0.3529953496473337,13.76,81.72,82.055,1,
2023-07-20,India,10Y_orig,India_10Y_orig,-0.06770000000000032,7.077,7.1447,-0.0170928243297542,0.3525078485571423,13.99,81.69,82.08,1,
2023-07-21,India,10Y_orig,India_10Y_orig,0.004300000000000637,7.0920000000000005,7.0877,-0.1723021895136232,0.351464986265567,13.6,81.7,81.99000000000001,1,
2023-07-24,India,10Y_orig,India_10Y_orig,0.0033000000000003027,7.102,7.0987,-0.00205079952649,0.315660393887364,13.91,81.72,81.795,1,
2023-07-25,India,10Y_orig,India_10Y_orig,-0.04670000000000041,7.04,7.0867,-0.0561571225236042,0.3770350758630935,13.86,81.7,81.85499999999999,1,
2023-07-26,India,10Y_orig,India_10Y_orig,-0.13865000000000016,7.039,7.17765,-0.0591585601252602,0.2975245781566638,13.19,81.71,81.955,1,
2023-07-27,India,10Y_orig,India_10Y_orig,-0.05865000000000009,7.109,7.16765,0.0034054596402107,0.3416180799108783,14.41,81.71,82.155,1,
2023-07-28,India,10Y_orig,India_10Y_orig,0.016350000000000087,7.118,7.10165,-0.0457326956714849,0.2949333258152878,13.33,81.73,82.253,1,
2023-07-31,India,10Y_orig,India_10Y_orig,-0.03765000000000018,7.122,7.15965,0.0658745201995913,0.2933152850961556,13.63,81.7,82.245,1,
2023-08-01,India,10Y_orig,India_10Y_orig,-0.07560000000000056,7.0969999999999995,7.1726,0.071567234241455,0.3272927440677123,13.93,81.7,82.345,1,
2023-08-02,India,10Y_orig,India_10Y_orig,-0.09360000000000035,7.096,7.1896,-0.0241813139598982,0.2695080431700998,16.09,81.73,82.735,1,
2023-08-03,India,10Y_orig,India_10Y_orig,-0.05659999999999954,7.1530000000000005,7.2096,-0.0093307744805352,0.3113572014606575,15.92,81.69,82.755,1,
2023-08-04,India,10Y_orig,India_10Y_orig,-0.08055000000000057,7.173,7.253550000000001,0.0149989844838862,0.4686903217979365,17.1,81.69,82.69550000000001,1,
2023-08-07,India,10Y_orig,India_10Y_orig,-0.013600000000000279,7.173,7.1866,-0.083475514961608,0.3407145132956359,15.77,81.69,82.7775,1,
2023-08-08,India,10Y_orig,India_10Y_orig,-0.10155000000000047,7.152,7.253550000000001,-0.1055089493666314,0.3755075299919523,15.99,81.73,82.8805,1,
2023-08-09,India,10Y_orig,India_10Y_orig,-0.04560000000000031,7.1419999999999995,7.1876,-0.0948144330653302,0.2660958161036997,15.96,81.7,82.8715,1,
2023-08-10,India,10Y_orig,India_10Y_orig,-0.08854999999999968,7.099,7.18755,0.1281568794823971,0.3651425453470124,15.85,81.71,82.6435,1,
2023-08-11,India,10Y_orig,India_10Y_orig,-0.05459999999999887,7.0920000000000005,7.146599999999999,-0.0476150146842936,0.3025952739274771,14.84,81.71,82.89750000000001,1,
2023-08-14,India,10Y_orig,India_10Y_orig,-0.018550000000001177,7.1579999999999995,7.176550000000001,-0.1412917671660793,0.3735214081983798,14.82,81.69,83.18,1,
2023-08-15,India,10Y_orig,India_10Y_orig,-0.018550000000001177,7.1579999999999995,7.176550000000001,-0.0997944469461171,0.3970722652138904,16.46,81.69,83.23949999999999,1,
2023-08-16,India,10Y_orig,India_10Y_orig,-0.018550000000001177,7.1579999999999995,7.176550000000001,0.1253127379863258,0.3438309644666301,16.78,81.72,83.22229999999999,1,
2023-08-17,India,10Y_orig,India_10Y_orig,0.017450000000000188,7.195,7.17755,0.0990275310593631,0.415696728715316,17.89,81.71,83.14,1,
2023-08-18,India,10Y_orig,India_10Y_orig,-0.007500000000000284,7.215,7.2225,-0.0433859843306999,0.4694472581651147,17.3,81.72,83.16749999999999,1,
2023-08-21,India,10Y_orig,India_10Y_orig,-0.007500000000000284,7.215,7.2225,-0.0638317687446306,0.2861693446861942,17.13,81.69,83.095,1,
2023-08-22,India,10Y_orig,India_10Y_orig,-0.005550000000000388,7.194,7.19955,0.0388127471697367,0.321702130662026,16.97,81.7,83.045,1,
2023-08-23,India,10Y_orig,India_10Y_orig,0.0005000000000006111,7.205,7.2044999999999995,-0.0616101734995872,0.2940207741215461,15.98,81.72,82.5221,1,
2023-08-24,India,10Y_orig,India_10Y_orig,-0.0015499999999990521,7.184,7.185549999999999,0.079390590685019,0.3518365706808133,17.2,81.69,82.59,1,
2023-08-25,India,10Y_orig,India_10Y_orig,-0.07149999999999945,7.159,7.230499999999999,-0.0402904370552624,0.3237431988146034,15.68,81.7,82.6645,1,
2023-08-28,India,10Y_orig,India_10Y_orig,-0.025500000000000078,7.17,7.1955,0.0830304719945041,0.2828452270522963,15.08,81.69,82.6275,1,
2023-08-29,India,10Y_orig,India_10Y_orig,-0.026500000000000412,7.15,7.176500000000001,-0.1024709109288053,0.3509989827915398,14.45,81.69,82.6005,1,
2023-08-30,India,10Y_orig,India_10Y_orig,-0.04050000000000065,7.136,7.176500000000001,-0.0632778283330664,0.2714538719505932,13.88,81.69,82.6155,1,
2023-08-31,India,10Y_orig,India_10Y_orig,-0.01950000000000074,7.141,7.160500000000001,2.5530722788437306e-06,0.3673168277619253,13.57,81.71,82.7096,1,
2023-09-01,India,10Y_orig,India_10Y_orig,-0.020500000000000185,7.138,7.1585,-0.0991132342122119,0.2808785544160848,13.09,81.71,82.6972,1,
2023-09-04,India,10Y_orig,India_10Y_orig,-0.020500000000000185,7.138,7.1585,-0.0031073877713042,0.2636667365963608,13.82,81.69,82.7244,1,
2023-09-05,India,10Y_orig,India_10Y_orig,-0.06845000000000034,7.163,7.231450000000001,0.0275487883041828,0.3532299475356943,14.01,81.68,83.04175000000001,1,
2023-09-06,India,10Y_orig,India_10Y_orig,-0.040449999999999875,7.176,7.21645,0.0968217970911128,0.1984173921911587,14.45,81.7,83.2245,1,
2023-09-07,India,10Y_orig,India_10Y_orig,-0.03444999999999965,7.195,7.22945,0.1018265663367351,0.3174924420188293,14.4,81.71,83.155,1,
2023-09-08,India,10Y_orig,India_10Y_orig,-0.05045000000000055,7.149,7.199450000000001,0.0013439594837169,0.3156177829294961,13.84,81.71,83.0315,1,
2023-09-11,India,10Y_orig,India_10Y_orig,-0.04844999999999988,7.159,7.20745,0.0498418408554074,0.326909576291454,13.8,81.69,82.91,1,
2023-09-12,India,10Y_orig,India_10Y_orig,-0.04239999999999977,7.208,7.2504,0.0175251831188565,0.3710395350973133,14.23,81.69,82.86,1,
2023-09-13,India,10Y_orig,India_10Y_orig,-0.04239999999999977,7.21,7.2524,-0.0079162508835453,0.2639159187724948,13.48,81.68,82.94120000000001,1,
2023-09-14,India,10Y_orig,India_10Y_orig,0.0055499999999995,7.183,7.17745,0.0799394160133926,0.3126611499883404,12.82,81.71,83.03,1,
2023-09-15,India,10Y_orig,India_10Y_orig,-0.04045000000000076,7.127,7.1674500000000005,-0.0968931153054016,0.3546551326727968,13.79,81.69,83.086,1,
2023-09-18,India,10Y_orig,India_10Y_orig,-0.04045000000000076,7.127,7.1674500000000005,-0.0198717909623562,0.3630314001557304,14.0,81.69,83.2975,1,
2023-09-19,India,10Y_orig,India_10Y_orig,-0.04045000000000076,7.127,7.1674500000000005,-0.0365784829710673,0.3278387766176381,14.11,81.7,83.315,1,
2023-09-20,India,10Y_orig,India_10Y_orig,-0.04240000000000066,7.177,7.2194,-0.0545904930094811,0.3275386263396365,15.14,82.94,82.92500000000001,1,
2023-09-21,India,10Y_orig,India_10Y_orig,-0.026399999999999757,7.168,7.1944,0.0495560041220973,0.2878955835980172,17.54,82.89,83.12700000000001,1,
2023-09-22,India,10Y_orig,India_10Y_orig,-0.0004000000000008441,7.1739999999999995,7.1744,-0.1020250876115346,0.3003462469140392,17.2,82.93,82.975,1,
2023-09-25,India,10Y_orig,India_10Y_orig,-0.007449999999999513,7.146,7.153449999999999,0.1130976439792445,0.3278134218495669,16.9,82.91,83.13499999999999,1,
2023-09-26,India,10Y_orig,India_10Y_orig,-0.11134999999999984,7.157,7.26835,-0.0077099291881781,0.3141314363911459,18.94,82.93,83.255,1,
2023-09-27,India,10Y_orig,India_10Y_orig,-0.09135000000000026,7.18,7.27135,0.0635340090374248,0.399026048891935,18.22,82.93,83.2085,1,
2023-09-28,India,10Y_orig,India_10Y_orig,-0.04240000000000066,7.18,7.2224,-0.0327575838061516,0.273897704648166,17.34,82.92,83.165,1,
2023-09-29,India,10Y_orig,India_10Y_orig,0.0006499999999993733,7.241,7.24035,-0.0399564333943665,0.4108413297193991,17.52,82.94,83.035,1,
2023-10-02,India,10Y_orig,India_10Y_orig,0.0006499999999993733,7.241,7.24035,-0.0147091736738704,0.3751481457016303,17.61,82.89,83.18705,1,
2023-10-03,India,10Y_orig,India_10Y_orig,-0.03230000000000022,7.241,7.2733,0.0356788321596503,0.34392736213662,19.78,82.92,83.2217,1,
2023-10-04,India,10Y_orig,India_10Y_orig,-0.0003500000000000725,7.25,7.25035,-0.1459714704668233,0.4261252644703144,18.58,82.94,83.255,1,
2023-10-05,India,10Y_orig,India_10Y_orig,-0.000300000000000189,7.269,7.2693,-0.0557957308590728,0.3770091935238735,18.49,82.93,83.21000000000001,1,
2023-10-06,India,10Y_orig,India_10Y_orig,-0.0912500000000005,7.269,7.360250000000001,-0.1452326025449189,0.4668411747476439,17.45,82.87,83.1248,1,
2023-10-09,India,10Y_orig,India_10Y_orig,-0.1891999999999996,7.269,7.4582,-0.085806721327086,0.3380875466315861,17.7,82.95,83.2805,1,
2023-10-10,India,10Y_orig,India_10Y_orig,-0.005199999999999427,7.405,7.4102,-0.0864083457853381,0.4224302795446683,17.03,82.96,83.18950000000001,1,
2023-10-11,India,10Y_orig,India_10Y_orig,-0.013200000000000323,7.402,7.4152000000000005,0.0154658665338254,0.4024508364271069,16.09,82.92,83.16499999999999,1,
2023-10-12,India,10Y_orig,India_10Y_orig,-0.012199999999999989,7.369,7.3812,0.0943265372345695,0.4033855746082923,16.69,82.9,83.295,1,
2023-10-13,India,10Y_orig,India_10Y_orig,-0.037199999999999456,7.3580000000000005,7.3952,0.0158329460675385,0.372344149952233,19.32,82.94,83.2825,1,
2023-10-16,India,10Y_orig,India_10Y_orig,-0.026200000000000223,7.369,7.3952,-0.1012475409455068,0.3387152384355472,17.21,82.91,83.195,1,
2023-10-17,India,10Y_orig,India_10Y_orig,-0.018200000000000216,7.377,7.3952,0.0148805507554264,0.2751164792179458,17.88,87.21,83.25,1,
2023-10-18,India,10Y_orig,India_10Y_orig,-0.05119999999999969,7.355,7.4062,0.0056398889433579,0.4630329940858944,19.22,82.94,83.30000000000001,1,
2023-10-19,India,10Y_orig,India_10Y_orig,-0.028200000000000003,7.381,7.4092,-0.0695109031618616,0.2928833257330744,21.4,82.91,83.10390000000001,1,
2023-10-20,India,10Y_orig,India_10Y_orig,-0.02815000000000012,7.4030000000000005,7.431150000000001,-0.0753947420109995,0.331674272478608,21.71,84.49,83.16,1,
2023-10-23,India,10Y_orig,India_10Y_orig,-0.005149999999999544,7.4030000000000005,7.40815,-0.0627641854806875,0.4110493690637495,20.37,82.89,83.0985,1,
2023-10-24,India,10Y_orig,India_10Y_orig,-0.005149999999999544,7.4030000000000005,7.40815,-0.1344269003199044,0.4257914271796532,18.97,85.23,83.015,1,
2023-10-25,India,10Y_orig,India_10Y_orig,-0.005149999999999544,7.4030000000000005,7.40815,-0.075538257042329,0.4126909437139004,20.19,82.91,83.14500000000001,1,
2023-10-26,India,10Y_orig,India_10Y_orig,-0.04315000000000069,7.366,7.40915,-0.0985309339235875,0.4157250997106902,20.68,82.91,83.2493,1,
2023-10-27,India,10Y_orig,India_10Y_orig,0.008849999999999802,7.386,7.37715,-0.0704017509908271,0.4066205879053174,21.27,82.92,83.2723,1,
2023-10-30,India,10Y_orig,India_10Y_orig,-0.09509999999999952,7.377,7.472099999999999,-0.0148138258700566,0.3682885944602868,19.75,82.89,83.255,1,
2023-10-31,India,10Y_orig,India_10Y_orig,-0.0871000000000004,7.389,7.476100000000001,0.0176893836623494,0.3558414887270167,18.14,82.93,83.2835,1,
2023-11-01,India,10Y_orig,India_10Y_orig,-0.02415000000000056,7.375,7.399150000000001,-0.0842853635391046,0.4037601885332738,16.87,82.93,83.2645,1,
2023-11-02,India,10Y_orig,India_10Y_orig,-0.0001499999999996504,7.378,7.37815,0.039183300778249,0.3821011291920535,15.66,82.93,83.2615,1,
2023-11-03,India,10Y_orig,India_10Y_orig,-0.008149999999999658,7.351,7.35915,-0.1074764621199997,0.3636254214121164,14.91,81.58,83.15,1,
2023-11-06,India,10Y_orig,India_10Y_orig,0.011849999999999916,7.351,7.33915,-0.1308182255282355,0.4598910267201486,14.89,82.91,83.223,1,
2023-11-07,India,10Y_orig,India_10Y_orig,-0.0461500000000008,7.3149999999999995,7.36115,-0.0216811930834116,0.4065028321102342,14.81,82.93,83.235,1,
2023-11-08,India,10Y_orig,India_10Y_orig,0.018800000000000594,7.313000000000001,7.2942,-0.0751794546027995,0.4504937373891419,14.45,82.9,83.21799999999999,1,
2023-11-09,India,10Y_orig,India_10Y_orig,0.007849999999999469,7.301,7.293150000000001,-0.0962600448497674,0.4743536654003796,15.29,82.91,83.32,1,
2023-11-10,India,10Y_orig,India_10Y_orig,-0.040149999999999686,7.287,7.32715,0.0390560146685289,0.3932799133237304,14.17,82.93,83.314,1,
2023-11-13,India,10Y_orig,India_10Y_orig,-0.028100000000000236,7.33,7.3581,-0.0485366601444738,0.354473873843747,14.76,82.92,83.209,1,
2023-11-14,India,10Y_orig,India_10Y_orig,-0.028100000000000236,7.33,7.3581,-0.1206504831263454,0.3163270287516482,14.16,82.91,82.97800000000001,1,
2023-11-15,India,10Y_orig,India_10Y_orig,0.0658499999999993,7.318,7.25215,-0.0177368479444363,0.2803565603809002,14.18,82.91,83.193,1,
2023-11-16,India,10Y_orig,India_10Y_orig,0.00885000000000069,7.259,7.25015,-0.0832105921111227,0.3804436217687347,14.32,82.93,83.1603,1,
2023-11-17,India,10Y_orig,India_10Y_orig,0.0018500000000001293,7.253,7.25115,-0.1054511843516392,0.3021348996455436,13.8,82.93,83.249,1,
2023-11-20,India,10Y_orig,India_10Y_orig,-0.01115000000000066,7.253,7.264150000000001,-0.0513090687262516,0.2499692968819048,13.41,82.9,83.322,1,
2023-11-21,India,10Y_orig,India_10Y_orig,-0.015150000000000219,7.26,7.27515,0.1036920114360873,0.3815581087458161,13.35,82.92,83.3355,1,
2023-11-22,India,10Y_orig,India_10Y_orig,-0.009149999999999103,7.277,7.286149999999999,-0.0624776213896683,0.3990808116999311,12.85,82.92,83.31450000000001,1,
2023-11-23,India,10Y_orig,India_10Y_orig,-0.009100000000000108,7.289,7.2981,-0.1631248322789588,0.40648042736181,12.8,82.9,83.3335,1,
2023-11-24,India,10Y_orig,India_10Y_orig,0.0008999999999996788,7.282,7.2811,-0.0576152373690752,0.3827388893151985,12.46,82.89,83.345,1,
2023-11-27,India,10Y_orig,India_10Y_orig,0.0008999999999996788,7.282,7.2811,-0.0898192003633658,0.4030971206885568,12.69,82.91,83.33500000000001,1,
2023-11-28,India,10Y_orig,India_10Y_orig,-0.13010000000000055,7.18,7.3101,-0.0429609045529248,0.3467541149883034,12.69,82.9,83.345,1,
2023-11-29,India,10Y_orig,India_10Y_orig,0.02289999999999992,7.292,7.2691,0.0519253909872412,0.2593629865022703,12.98,82.93,83.357,1,
2023-11-30,India,10Y_orig,India_10Y_orig,-0.004099999999999326,7.285,7.2890999999999995,0.0675721522735195,0.3274400551833711,12.92,82.9,83.38300000000001,1,
2023-12-01,India,10Y_orig,India_10Y_orig,0.005899999999999572,7.296,7.290100000000001,0.0275737711216371,0.3295711631874473,12.63,82.92,83.265,1,
2023-12-04,India,10Y_orig,India_10Y_orig,0.005899999999999572,7.296,7.290100000000001,0.0730151417781628,0.3648636962633933,13.08,82.89,83.43100000000001,1,
2023-12-05,India,10Y_orig,India_10Y_orig,0.0029000000000003467,7.276,7.2730999999999995,-0.0458192672957313,0.351563140262158,12.85,82.92,83.32499999999999,1,
2023-12-06,India,10Y_orig,India_10Y_orig,-0.006050000000000111,7.274,7.28005,-0.0980825811084435,0.3178393151867629,12.97,82.9,83.33699999999999,1,
2023-12-07,India,10Y_orig,India_10Y_orig,-0.011050000000000004,7.258,7.26905,0.0570776091491266,0.3961042213587781,13.06,82.9,83.348,1,
2023-12-08,India,10Y_orig,India_10Y_orig,0.014899999999999913,7.252,7.2371,-0.0452974966416105,0.3721593959213368,12.35,82.9,83.43,1,
2023-12-11,India,10Y_orig,India_10Y_orig,-0.020049999999999457,7.25,7.2700499999999995,0.112564829974251,0.317440772054764,12.63,82.9,83.35499999999999,1,
2023-12-12,India,10Y_orig,India_10Y_orig,-0.01004999999999967,7.269,7.27905,-0.0603785975806497,0.2506210415810909,12.07,82.92,83.40100000000001,1,
2023-12-13,India,10Y_orig,India_10Y_orig,0.00694999999999979,7.256,7.24905,-0.0593377321586446,0.3161856079132095,12.19,82.91,83.35499999999999,1,
2023-12-14,India,10Y_orig,India_10Y_orig,0.12084999999999901,7.244,7.123150000000001,-0.0485256945908608,0.2887354258347774,12.48,82.95,83.312,1,
2023-12-15,India,10Y_orig,India_10Y_orig,0.060900000000000176,7.184,7.1231,-0.0298338544934059,0.3751615459360063,12.28,82.9,83.025,1,
2023-12-18,India,10Y_orig,India_10Y_orig,-0.013100000000000556,7.109999999999999,7.1231,0.0225773932794203,0.3550463701603236,12.56,82.92,83.149,1,
2023-12-19,India,10Y_orig,India_10Y_orig,-0.003100000000000769,7.143,7.146100000000001,0.0786313242344997,0.4081365206492103,12.53,82.92,83.11099999999999,1,
2023-12-20,India,10Y_orig,India_10Y_orig,-0.026100000000000456,7.12,7.146100000000001,0.0142549815878283,0.4598892956200726,13.67,82.93,83.1665,1,
2023-12-21,India,10Y_orig,India_10Y_orig,-0.05604999999999993,7.13,7.18605,0.0564542705478738,0.3467525350102172,13.65,82.91,83.219,1,
2023-12-22,India,10Y_orig,India_10Y_orig,-0.006099999999999106,7.152,7.158099999999999,-0.094419262894144,0.4008256949705817,13.03,82.92,83.19149999999999,1,
2023-12-25,India,10Y_orig,India_10Y_orig,-0.006099999999999106,7.152,7.158099999999999,-0.1229399998950934,0.2872672221995475,13.03,82.92,83.16900000000001,1,
2023-12-26,India,10Y_orig,India_10Y_orig,-0.0020500000000005514,7.17,7.1720500000000005,-0.1217749908248511,0.3165563678620492,12.99,82.91,83.16300000000001,1,
2023-12-27,India,10Y_orig,India_10Y_orig,0.0009499999999995623,7.1579999999999995,7.15705,-0.1374986548524537,0.3536838453847256,12.43,82.92,83.268,1,
2023-12-28,India,10Y_orig,India_10Y_orig,0.00694999999999979,7.166,7.159050000000001,-0.05312048251349,0.3320141455999325,12.47,82.9,83.174,1,
2023-12-29,India,10Y_orig,India_10Y_orig,0.011949999999999683,7.135,7.12305,0.0186696505436924,0.2495401732295225,12.45,82.91,83.2175,1,
2024-01-01,India,10Y_orig,India_10Y_orig,0.011949999999999683,7.135,7.12305,-0.069463408967203,0.34466397865834,12.45,82.91,83.2425,1,0.0
2024-01-02,India,10Y_orig,India_10Y_orig,0.0019499999999998963,7.164,7.16205,-0.0720168193342256,0.3718034234880091,13.2,82.88,83.275,1,
2024-01-03,India,10Y_orig,India_10Y_orig,0.01595000000000013,7.172000000000001,7.1560500000000005,-0.1331973042890171,0.2909375138506103,14.04,82.89,83.2907,1,
2024-01-04,India,10Y_orig,India_10Y_orig,0.055950000000001054,7.1690000000000005,7.113049999999999,-0.0126998601936604,0.3521548209090288,14.13,82.9,83.24799999999999,1,
2024-01-05,India,10Y_orig,India_10Y_orig,0.06095000000000006,7.177,7.1160499999999995,0.0607313625758556,0.331233705590499,13.35,82.9,83.132,1,
2024-01-08,India,10Y_orig,India_10Y_orig,0.03500000000000014,7.177,7.1419999999999995,0.0096451008229858,0.3073215622582985,13.08,82.91,83.05000000000001,1,
2024-01-09,India,10Y_orig,India_10Y_orig,0.0389999999999997,7.175,7.136,-0.0351911908826771,0.4210103970501575,12.76,82.9,83.114,1,
2024-01-10,India,10Y_orig,India_10Y_orig,0.057949999999999946,7.157,7.09905,0.0669978051108359,0.4072940071404617,12.69,82.92,83.02799999999999,1,
2024-01-11,India,10Y_orig,India_10Y_orig,0.0669499999999994,7.149,7.082050000000001,0.1186681232308933,0.3396525072073427,12.44,82.92,83.068,1,
2024-01-12,India,10Y_orig,India_10Y_orig,0.03200000000000003,7.139,7.107,-0.0012051448457365,0.4235394118636895,12.7,82.9,82.862,1,
2024-01-15,India,10Y_orig,India_10Y_orig,-0.0030500000000008853,7.095,7.098050000000001,-0.0608357599941131,0.3630132889063167,13.25,82.9,82.832,1,
2024-01-16,India,10Y_orig,India_10Y_orig,0.01794999999999991,7.101,7.08305,0.0726900530683039,0.4136040068024444,13.84,82.89,83.089,1,
2024-01-17,India,10Y_orig,India_10Y_orig,0.03730000000000011,7.1262,7.0889,-0.0486807790042696,0.2319502442261334,14.79,82.89,83.187,1,
2024-01-18,India,10Y_orig,India_10Y_orig,0.02859999999999907,7.122199999999999,7.0936,-0.037763534421636,0.3769732825724255,14.13,82.92,83.17,1,
2024-01-19,India,10Y_orig,India_10Y_orig,0.03279999999999994,7.1345,7.1017,-0.010178042443207,0.3291762092185449,13.3,82.91,83.0989,1,
2024-01-22,India,10Y_orig,India_10Y_orig,0.03160000000000007,7.1337,7.1021,0.0693403462694592,0.35498178394118,13.19,82.91,83.10499999999999,1,
2024-01-23,India,10Y_orig,India_10Y_orig,0.024799999999999933,7.1258,7.101,-0.0394207140128564,0.3105252248644163,12.55,82.9,83.155,1,
2024-01-24,India,10Y_orig,India_10Y_orig,0.036999999999999034,7.1389,7.1019000000000005,0.1618595197780679,0.302095137509968,13.14,82.92,83.13499999999999,1,
2024-01-25,India,10Y_orig,India_10Y_orig,0.03524999999999956,7.1358999999999995,7.10065,0.0195627341061907,0.3356903080420737,13.45,82.91,83.172,1,
2024-01-26,India,10Y_orig,India_10Y_orig,0.039199999999999235,7.1358999999999995,7.0967,0.0693570306791612,0.3663865455439595,13.26,82.91,83.12,1,
2024-01-29,India,10Y_orig,India_10Y_orig,0.032849999999999824,7.1358999999999995,7.10305,-0.0147781971519572,0.2624313741103211,13.6,82.92,83.13900000000001,1,
2024-01-30,India,10Y_orig,India_10Y_orig,0.0365000000000002,7.1429,7.1064,-0.0937556076753805,0.3212990002139336,13.31,82.9,83.125,1,
2024-01-31,India,10Y_orig,India_10Y_orig,0.039349999999999774,7.127,7.08765,-0.0653179660133577,0.3476222377576292,14.35,82.92,83.1,1,
2024-02-01,India,10Y_orig,India_10Y_orig,0.06089999999999929,7.109999999999999,7.0491,-0.0098152453034891,0.3221134681116538,13.88,82.91,82.952,1,
2024-02-02,India,10Y_orig,India_10Y_orig,0.06699999999999928,7.0828,7.0158000000000005,-0.060503808795877,0.3151882896213559,13.85,82.89,83.00399999999999,1,
2024-02-05,India,10Y_orig,India_10Y_orig,0.05644999999999989,7.114,7.05755,0.0319527155297706,0.322421593923437,13.67,82.87,83.041,1,
2024-02-06,India,10Y_orig,India_10Y_orig,0.06840000000000046,7.075200000000001,7.0068,0.0678098329958685,0.2991426575201461,13.06,82.91,83.06700000000001,1,
2024-02-07,India,10Y_orig,India_10Y_orig,0.03080000000000016,7.0401,7.0093,-0.0101839083565642,0.29377551058761,12.83,82.9,82.982,1,
2024-02-08,India,10Y_orig,India_10Y_orig,0.015249999999999986,7.0361,7.02085,-0.0413465798454749,0.3317368111054482,12.79,82.9,82.983,1,
2024-02-09,India,10Y_orig,India_10Y_orig,-0.07369999999999965,7.07,7.1437,0.0713512984260243,0.3291299708677651,12.93,82.9,83.005,1,
2024-02-12,India,10Y_orig,India_10Y_orig,0.02600000000000069,7.105,7.079,0.0246090638697338,0.3637096707574017,13.93,82.9,82.975,1,
2024-02-13,India,10Y_orig,India_10Y_orig,-0.025299999999999656,7.0669,7.0922,-0.0642155291505235,0.3680859258668764,15.85,82.9,83.10300000000001,1,
2024-02-14,India,10Y_orig,India_10Y_orig,0.014800000000000146,7.1072,7.0924,0.0301544879249873,0.4816643087236471,14.38,82.92,83.039,1,
2024-02-15,India,10Y_orig,India_10Y_orig,0.03669999999999973,7.1289,7.0922,0.0030339250711236,0.346295913227414,14.01,82.92,82.993,1,
2024-02-16,India,10Y_orig,India_10Y_orig,0.01610000000000067,7.089700000000001,7.0736,-0.1040906318202947,0.3414651384769595,14.24,82.89,83.018,1,
2024-02-19,India,10Y_orig,India_10Y_orig,0.017599999999999838,7.0832,7.0656,0.0215357097033456,0.3564070766710966,14.71,82.9,83.031,1,
2024-02-20,India,10Y_orig,India_10Y_orig,-0.006800000000000139,7.053,7.0598,-0.0593207661523112,0.4115049197459158,15.42,82.91,82.89500000000001,1,
2024-02-21,India,10Y_orig,India_10Y_orig,0.02415000000000056,7.0829,7.05875,0.0527186816683166,0.3362670599685726,15.34,82.9,82.935,1,
2024-02-22,India,10Y_orig,India_10Y_orig,0.01669999999999927,7.061999999999999,7.0453,-0.0232225534769187,0.3913547954180503,14.54,82.89,82.842,1,
2024-02-23,India,10Y_orig,India_10Y_orig,-0.007950000000000124,7.0742,7.08215,0.0958008201616267,0.3749143348823748,13.75,82.89,82.8865,1,
2024-02-26,India,10Y_orig,India_10Y_orig,0.009350000000000414,7.0745000000000005,7.06515,-0.0397191881642745,0.3878988688407476,13.74,82.9,82.8735,1,
2024-02-27,India,10Y_orig,India_10Y_orig,0.0024500000000005073,7.0591,7.056649999999999,-0.0663525281381985,0.3436632727531828,13.43,82.9,82.9045,1,
2024-02-28,India,10Y_orig,India_10Y_orig,0.003449999999999953,7.0655,7.06205,0.0150847975776374,0.3397261956118533,13.84,82.9,82.92500000000001,1,
2024-02-29,India,10Y_orig,India_10Y_orig,-0.028349999999999653,7.0666,7.09495,0.0069852827037973,0.3333710164003237,13.4,82.88,82.91,1,
2024-03-01,India,10Y_orig,India_10Y_orig,0.016149999999999665,7.058,7.04185,0.0170463370263792,0.3523196045965337,13.11,82.89,82.846,1,
2024-03-04,India,10Y_orig,India_10Y_orig,-0.017900000000000027,7.0568,7.0747,0.1183845365107289,0.3777858911796585,13.49,82.89,82.916,1,
2024-03-05,India,10Y_orig,India_10Y_orig,-0.0129999999999999,7.047000000000001,7.0600000000000005,-0.0757927413203205,0.3951354257444496,14.46,82.9,82.896,1,
2024-03-06,India,10Y_orig,India_10Y_orig,-0.024250000000000327,7.0433,7.067550000000001,-0.047470240161845,0.3898624163159413,14.5,82.89,82.805,1,
2024-03-07,India,10Y_orig,India_10Y_orig,-0.07360000000000078,6.9857,7.0593,-0.0170721944686226,0.4123090054839501,14.44,82.89,82.713,1,
2024-03-08,India,10Y_orig,India_10Y_orig,-0.06919999999999948,6.9867,7.055899999999999,0.011206076093862,0.457187615903931,14.74,82.9,82.744,1,
2024-03-11,India,10Y_orig,India_10Y_orig,-0.040599999999999525,6.9885,7.0291,0.0322670937349317,0.3910358827068153,15.22,82.89,82.731,1,
2024-03-12,India,10Y_orig,India_10Y_orig,-0.01944999999999908,6.9922,7.0116499999999995,-0.0701047596893623,0.3108558433887124,13.84,82.89,82.78585000000001,1,
2024-03-13,India,10Y_orig,India_10Y_orig,-0.00709999999999944,7.0174,7.0245,0.0669593947270599,0.3721483705349558,13.75,82.88,82.835,1,
2024-03-14,India,10Y_orig,India_10Y_orig,-0.033200000000000784,7.0009,7.0341000000000005,-0.0053679072410476,0.3400004355375188,14.4,82.89,82.9425,1,
2024-03-15,India,10Y_orig,India_10Y_orig,-0.039199999999999235,7.0121,7.0512999999999995,-0.1103793264112232,0.3632966502069039,14.41,82.89,82.888,1,
2024-03-18,India,10Y_orig,India_10Y_orig,-0.033449999999999314,7.0369,7.0703499999999995,-0.0042898760518633,0.2961876650976322,14.33,82.9,82.92500000000001,1,
2024-03-19,India,10Y_orig,India_10Y_orig,-0.02325000000000088,7.0649,7.088150000000001,-0.064757265015338,0.3652581518146578,13.82,82.89,83.03450000000001,1,
2024-03-20,India,10Y_orig,India_10Y_orig,-0.022149999999999892,7.0709,7.09305,0.0082412526363503,0.2708449391784497,13.04,84.11,83.2005,1,
2024-03-21,India,10Y_orig,India_10Y_orig,-0.011499999999999844,7.0823,7.0938,-0.139628576743776,0.4140082507655686,12.92,84.13,83.20150000000001,1,
2024-03-22,India,10Y_orig,India_10Y_orig,-0.028900000000000148,7.0599,7.0888,-0.0251095401527895,0.4145068208769217,13.06,84.13,83.58699999999999,1,
2024-03-25,India,10Y_orig,India_10Y_orig,-0.03945000000000043,7.0273,7.066750000000001,0.0313908382999412,0.1786168467345315,13.19,84.09,83.4148,1,
2024-03-26,India,10Y_orig,India_10Y_orig,-0.02540000000000031,7.0703,7.0957,0.0496038468067573,0.3553527059418075,13.24,84.12,83.3295,1,
2024-03-27,India,10Y_orig,India_10Y_orig,-0.007200000000000095,7.0705,7.0777,0.0494736764748067,0.3334368460221984,12.78,84.11,83.3215,1,
2024-03-28,India,10Y_orig,India_10Y_orig,-0.01839999999999975,7.0605,7.0789,-0.068033182063663,0.3172880699077282,13.01,84.1,83.37950000000001,1,
2024-03-29,India,10Y_orig,India_10Y_orig,-0.02490000000000059,7.053599999999999,7.0785,0.0382383737535303,0.3174913477548708,13.01,84.12,83.365,1,
2024-04-01,India,10Y_orig,India_10Y_orig,-0.02490000000000059,7.053599999999999,7.0785,-0.1433304146892569,0.3871144803793509,13.65,84.11,83.3875,1,
2024-04-02,India,10Y_orig,India_10Y_orig,0.03410000000000046,7.1126000000000005,7.0785,-0.0056854014578003,0.3255767671618069,14.61,84.1,83.3495,1,
2024-04-03,India,10Y_orig,India_10Y_orig,-0.033350000000000435,7.0534,7.08675,0.0925315724284063,0.3819385940672261,14.33,84.11,83.51050000000001,1,
2024-04-04,India,10Y_orig,India_10Y_orig,0.009699999999999598,7.0698,7.0601,-0.1662438371807585,0.381984522462625,16.35,84.1,83.36500000000001,1,
2024-04-05,India,10Y_orig,India_10Y_orig,0.00590000000000046,7.0656,7.059699999999999,-0.0514480871783133,0.3112171547441133,16.03,84.1,83.32050000000001,1,
2024-04-08,India,10Y_orig,India_10Y_orig,-0.010500000000000398,7.0984,7.1089,-0.0779010799517011,0.427212690262977,15.19,84.09,83.285,1,
2024-04-09,India,10Y_orig,India_10Y_orig,-0.04269999999999996,7.0854,7.1281,0.0711873432825159,0.3496731250007253,14.98,84.12,83.1925,1,
2024-04-10,India,10Y_orig,India_10Y_orig,-0.014499999999999957,7.0977,7.1122,-0.0755978669888737,0.2934241591422578,15.8,84.11,83.3963,1,
2024-04-11,India,10Y_orig,India_10Y_orig,-0.0005500000000004945,7.0946,7.09515,0.0692353521122224,0.3537904440319427,14.91,84.11,83.33359999999999,1,
2024-04-12,India,10Y_orig,India_10Y_orig,-0.04634999999999945,7.0753,7.12165,-0.0085394737509587,0.3328366053576165,17.31,84.12,83.565,1,
2024-04-15,India,10Y_orig,India_10Y_orig,-0.03925000000000001,7.1287,7.16795,-0.0940791370896638,0.3573955944258386,19.23,84.07,83.5115,1,
2024-04-16,India,10Y_orig,India_10Y_orig,-0.07335000000000047,7.1201,7.19345,-0.0582470207639148,0.3598197494313602,18.4,84.1,83.6645,1,
2024-04-17,India,10Y_orig,India_10Y_orig,-0.09465000000000057,7.1114999999999995,7.20615,-0.0186366365191152,0.400055344631632,18.21,84.11,83.6613,1,
2024-04-18,India,10Y_orig,India_10Y_orig,-0.03664999999999985,7.1424,7.17905,-0.0556926993398041,0.4142328304302796,18.0,84.1,83.53999999999999,1,
2024-04-19,India,10Y_orig,India_10Y_orig,-0.13464999999999971,7.1291,7.26375,-0.0461364153935487,0.3632052158054137,18.71,84.11,83.38550000000001,1,
2024-04-22,India,10Y_orig,India_10Y_orig,-0.07594999999999974,7.0995,7.17545,-0.0359978590601834,0.2875636365826807,16.94,84.1,83.37,1,
2024-04-23,India,10Y_orig,India_10Y_orig,-0.0038999999999997925,7.1688,7.1727,0.0127001279300131,0.3275371921119004,15.69,84.1,83.29650000000001,1,
2024-04-24,India,10Y_orig,India_10Y_orig,-0.06144999999999978,7.1353,7.19675,-0.0710409791989774,0.3727557158253614,15.97,84.09,83.3249,1,
2024-04-25,India,10Y_orig,India_10Y_orig,-0.037200000000000344,7.1402,7.1774000000000004,-0.0689131817194115,0.3338372450989742,15.37,84.07,83.315,1,
2024-04-26,India,10Y_orig,India_10Y_orig,-0.0818999999999992,7.1127,7.194599999999999,-0.0902912201389645,0.3411842881803151,15.03,84.1,83.405,1,
2024-04-29,India,10Y_orig,India_10Y_orig,-0.03500000000000014,7.1653,7.2003,0.01113378907027,0.255921133617021,14.67,84.11,83.425,1,
2024-04-30,India,10Y_orig,India_10Y_orig,-0.0351000000000008,7.1579999999999995,7.1931,0.0292244874144989,0.3434416837213916,15.65,84.1,83.46000000000001,1,
2024-05-01,India,10Y_orig,India_10Y_orig,-0.0248999999999997,7.1543,7.1792,-0.0903762703643939,0.2953230867896757,15.39,84.11,83.4675,1,
2024-05-02,India,10Y_orig,India_10Y_orig,-0.033500000000000085,7.1673,7.2008,-0.035796637711596,0.4656821023057726,14.68,84.12,83.4625,1,
2024-05-03,India,10Y_orig,India_10Y_orig,-0.01869999999999905,7.1393,7.1579999999999995,-0.13218928085925,0.3242375617426255,13.49,84.15,83.381,1,
2024-05-06,India,10Y_orig,India_10Y_orig,-0.01144999999999996,7.0977,7.10915,0.0260712370779906,0.3067641893207239,13.49,84.12,83.495,1,
2024-05-07,India,10Y_orig,India_10Y_orig,-0.011700000000000266,7.0858,7.0975,-0.0367869332537806,0.3611276514274801,13.23,84.11,83.4671,1,
2024-05-08,India,10Y_orig,India_10Y_orig,-0.09924999999999962,7.0829,7.18215,-0.029931838302034,0.3054305515742305,13.0,84.09,83.47149999999999,1,
2024-05-09,India,10Y_orig,India_10Y_orig,-0.11244999999999994,7.0579,7.17035,-0.0775490714303758,0.2899856250269624,12.69,84.1,83.4495,1,
2024-05-10,India,10Y_orig,India_10Y_orig,-0.007449999999999513,7.1003,7.107749999999999,-0.0179995014699769,0.3855766376863513,12.55,84.1,83.54599999999999,1,
2024-05-13,India,10Y_orig,India_10Y_orig,-0.01499999999999968,7.0707,7.0857,0.0158489958063633,0.418106842711366,13.6,84.11,83.47,1,
2024-05-14,India,10Y_orig,India_10Y_orig,-0.04875000000000007,7.0625,7.11125,-0.0637412715286025,0.3814515039482405,13.42,84.11,83.4907,1,
2024-05-15,India,10Y_orig,India_10Y_orig,-0.06495000000000051,7.053599999999999,7.11855,-0.0830248605872316,0.4160919328135556,12.45,84.14,83.4204,1,
2024-05-16,India,10Y_orig,India_10Y_orig,-0.05694999999999961,7.0362,7.09315,-0.0513845483469102,0.3412888852107742,12.42,84.09,83.465,1,
2024-05-17,India,10Y_orig,India_10Y_orig,-0.007000000000000561,7.0154,7.0224,0.0038098341964577,0.3907220201686696,11.99,84.1,83.3075,1,
2024-05-20,India,10Y_orig,India_10Y_orig,-0.001000000000000334,7.0100999999999996,7.0111,-0.0188983079880208,0.3557570895409126,12.15,84.09,83.305,1,
2024-05-21,India,10Y_orig,India_10Y_orig,-0.0008499999999997954,6.9917,6.99255,-0.1071807021767956,0.4445233955815029,11.86,84.11,83.265,1,
2024-05-22,India,10Y_orig,India_10Y_orig,0.00140000000000029,7.0178,7.0164,-0.1194230194733637,0.3657385332420209,12.29,84.08,83.235,1,
2024-05-23,India,10Y_orig,India_10Y_orig,0.0033000000000003027,7.0201,7.0168,-0.0341626681738719,0.4029583428636893,12.77,84.1,83.25,1,
2024-05-24,India,10Y_orig,India_10Y_orig,-0.11745000000000072,7.0027,7.120150000000001,-0.0003300068808761,0.2938701368141507,11.93,84.09,83.065,1,
2024-05-27,India,10Y_orig,India_10Y_orig,-0.1089500000000001,6.9734,7.08235,-0.1310030029076743,0.4605210565537986,12.36,84.1,83.12950000000001,1,
2024-05-28,India,10Y_orig,India_10Y_orig,-0.09159999999999968,6.9725,7.0641,-0.2398564184272075,0.3432162894090628,12.92,84.1,83.18,1,
2024-05-29,India,10Y_orig,India_10Y_orig,-0.07069999999999954,6.9822,7.052899999999999,-0.0426718107094831,0.2934903410518436,14.28,84.09,83.36500000000001,1,
2024-05-30,India,10Y_orig,India_10Y_orig,-0.07545000000000002,6.9986,7.07405,-0.0194447136685794,0.335386878957983,14.47,84.1,83.305,1,
2024-05-31,India,10Y_orig,India_10Y_orig,-0.046650000000000524,7.0004,7.0470500000000005,-0.0745692705862042,0.2845640179049113,12.92,84.09,83.451,1,
2024-06-03,India,10Y_orig,India_10Y_orig,-0.0508999999999995,6.9654,7.016299999999999,-0.0066274579128992,0.2391416455317732,13.11,84.1,83.1105,1,
2024-06-04,India,10Y_orig,India_10Y_orig,-0.04875000000000007,6.9739,7.0226500000000005,-0.0651824846468283,0.3128395727068526,13.16,84.1,83.5515,1,
2024-06-05,India,10Y_orig,India_10Y_orig,-0.040300000000000225,7.0425,7.082800000000001,0.0467104254472455,0.3398623407120917,12.63,84.09,83.3788,1,
2024-06-06,India,10Y_orig,India_10Y_orig,-0.04124999999999979,7.0497,7.090949999999999,0.072797921884449,0.300929944378715,12.58,84.09,83.4746,1,
2024-06-07,India,10Y_orig,India_10Y_orig,-0.010200000000001097,7.0123999999999995,7.022600000000001,0.0637455348803709,0.344231418067914,12.22,84.09,83.52600000000001,1,
2024-06-10,India,10Y_orig,India_10Y_orig,-0.010000000000000675,7.008,7.018000000000001,-0.1348861449576635,0.4012687221259504,12.74,84.09,83.515,1,
2024-06-11,India,10Y_orig,India_10Y_orig,-0.024799999999999045,7.0205,7.045299999999999,0.0192455032873154,0.3209319918529406,12.85,84.11,83.625,1,
2024-06-12,India,10Y_orig,India_10Y_orig,-0.02289999999999992,7.008900000000001,7.0318000000000005,-0.0741347333632548,0.4032318646209151,12.04,84.09,83.44,1,
2024-06-13,India,10Y_orig,India_10Y_orig,-0.025750000000000384,7.0078,7.03355,-0.0322068132581613,0.3763836208665851,11.94,84.1,83.55000000000001,1,
2024-06-14,India,10Y_orig,India_10Y_orig,-0.029650000000000176,6.9891000000000005,7.018750000000001,-0.0171963770764377,0.3460537536945195,12.66,84.12,83.55199999999999,1,
2024-06-17,India,10Y_orig,India_10Y_orig,-0.021250000000000213,6.9847,7.00595,-0.0461334510418997,0.3415653644091741,12.75,84.08,83.50999999999999,1,
2024-06-18,India,10Y_orig,India_10Y_orig,-0.021099999999999675,6.9881,7.0092,0.0253196253068685,0.3144541276543164,12.3,84.1,83.345,1,
2024-06-19,India,10Y_orig,India_10Y_orig,-0.03964999999999996,6.9719,7.01155,-0.1064228529431342,0.4193201325918825,12.48,84.09,83.47,1,
2024-06-20,India,10Y_orig,India_10Y_orig,-0.03444999999999965,6.9602,6.99465,-0.1180084777044654,0.3583776210074069,13.28,84.08,83.63,1,
2024-06-21,India,10Y_orig,India_10Y_orig,-0.019449999999999967,6.9714,6.99085,-0.0929963102905605,0.3171054571010109,13.2,84.11,83.563,1,
2024-06-24,India,10Y_orig,India_10Y_orig,-0.022850000000000037,6.9658999999999995,6.98875,-0.1076914465221029,0.4724729486784443,13.33,84.09,83.475,1,
2024-06-25,India,10Y_orig,India_10Y_orig,-0.005700000000000038,6.9576,6.9633,-0.0566379399583312,0.3923246793350978,12.84,84.09,83.4305,1,
2024-06-26,India,10Y_orig,India_10Y_orig,-0.10739999999999927,6.9706,7.077999999999999,-0.0111989560836267,0.410736811866684,12.55,84.08,83.57,1,
2024-06-27,India,10Y_orig,India_10Y_orig,-0.028349999999999653,6.9695,6.99785,-0.1161165705957772,0.3572325478204967,12.24,84.1,83.4464,1,
2024-06-28,India,10Y_orig,India_10Y_orig,-0.02579999999999938,6.980700000000001,7.0065,-0.0213727852954463,0.4551525832250847,12.44,84.09,83.36,1,
2024-07-01,India,10Y_orig,India_10Y_orig,-0.012350000000000527,6.9905,7.0028500000000005,-0.0389750173101896,0.3593962163696408,12.22,84.08,83.46549999999999,1,1.0
2024-07-02,India,10Y_orig,India_10Y_orig,-0.010999999999999233,7.021100000000001,7.0321,-0.1706284767928578,0.3964222313411925,12.03,84.11,83.50999999999999,1,
2024-07-03,India,10Y_orig,India_10Y_orig,-0.015900000000000247,7.0100999999999996,7.026,-0.0690664367037575,0.4026781797413886,12.09,84.09,83.53,1,
2024-07-04,India,10Y_orig,India_10Y_orig,0.003749999999999254,7.0203,7.0165500000000005,-0.0725197355338729,0.4282008839568062,12.26,84.09,83.5025,1,
2024-07-05,India,10Y_orig,India_10Y_orig,-0.0038500000000007972,7.0146999999999995,7.01855,-0.1602494457729255,0.3855861542777685,12.48,84.1,83.50999999999999,1,
2024-07-08,India,10Y_orig,India_10Y_orig,0.05760000000000076,7.0120000000000005,6.9544,-0.0638661204188877,0.4005385515349636,12.37,84.09,83.50999999999999,1,
2024-07-09,India,10Y_orig,India_10Y_orig,0.03489999999999949,7.0095,6.974600000000001,-0.1609290221751365,0.4209853500255779,12.51,84.09,83.4925,1,
2024-07-10,India,10Y_orig,India_10Y_orig,-0.006349999999999412,7.0038,7.010149999999999,-0.0993403255894619,0.3415035385179747,12.85,84.1,83.52000000000001,1,
2024-07-11,India,10Y_orig,India_10Y_orig,-0.005349999999999966,7.0017,7.00705,0.1203950721750063,0.3611295838881937,12.92,84.13,83.5157,1,
2024-07-12,India,10Y_orig,India_10Y_orig,0.017600000000000726,6.994400000000001,6.9768,0.0042459882673976,0.328955270408503,12.46,84.09,83.518,1,
2024-07-15,India,10Y_orig,India_10Y_orig,-0.004850000000000243,6.9921,6.99695,-0.0662112414742974,0.3536788066899746,13.12,84.09,83.5595,1,
2024-07-16,India,10Y_orig,India_10Y_orig,0.0001499999999996504,6.9936,6.99345,-0.1472097729010628,0.3605777617377757,13.19,84.09,83.5331,1,
2024-07-17,India,10Y_orig,India_10Y_orig,-0.0014500000000001734,6.9879999999999995,6.98945,-0.0373851490354046,0.4359421567651963,14.48,84.08,83.59,1,
2024-07-18,India,10Y_orig,India_10Y_orig,0.06109999999999971,6.9762,6.915100000000001,0.0003907307978719,0.4258622980356564,15.93,84.08,83.59,1,
2024-07-19,India,10Y_orig,India_10Y_orig,0.02939999999999987,6.9401,6.9107,-0.085085667218522,0.3410709974021985,16.52,84.08,83.729,1,
2023-01-27,India,5Y_new,India_5Y_new,-0.27890000000000015,7.05,7.3289,0.0346000373580212,0.2345880954499721,18.51,80.5,81.515,1,
2023-01-30,India,5Y_new,India_5Y_new,-0.20590000000000064,7.159,7.3649000000000004,-0.0757739594087659,0.3822940139748868,19.94,80.5,81.525,1,
2023-01-31,India,5Y_new,India_5Y_new,-0.14389999999999947,7.171,7.3149,0.0264219003513944,0.3199970231501663,19.4,80.54,81.7685,1,
2023-02-01,India,5Y_new,India_5Y_new,-0.1739000000000006,7.05,7.2239,-0.0916483123177201,0.3679737700041245,17.87,80.52,81.7575,1,
2023-02-02,India,5Y_new,India_5Y_new,-0.22390000000000043,7.0009999999999994,7.2249,0.023045178588015,0.4188350801485823,18.73,80.51,82.04400000000001,1,
2023-02-03,India,5Y_new,India_5Y_new,-0.1499000000000006,7.0489999999999995,7.1989,-0.1493694593607593,0.340053773529094,18.33,80.52,82.23349999999999,1,
2023-02-06,India,5Y_new,India_5Y_new,-0.1399000000000008,7.109999999999999,7.2499,-0.0351162889008436,0.3235852111641787,19.43,80.5,82.75,1,
2023-02-07,India,5Y_new,India_5Y_new,-0.13390000000000057,7.109999999999999,7.2439,-0.1236931885558891,0.372896799139763,18.66,80.54,82.87,1,
2023-02-08,India,5Y_new,India_5Y_new,-0.0029000000000003467,7.298,7.3009,-0.0472262774389766,0.359762238395042,19.63,80.53,82.655,1,
2023-02-09,India,5Y_new,India_5Y_new,-0.1258499999999998,7.195,7.32085,0.0115270044516027,0.2926589760195364,20.71,80.53,82.53999999999999,1,
2023-02-10,India,5Y_new,India_5Y_new,-0.10785,7.22,7.32785,0.0344437905879656,0.3594118758672885,20.53,80.51,82.52000000000001,1,
2023-02-13,India,5Y_new,India_5Y_new,-0.10484999999999989,7.232,7.33685,-0.0399342536809368,0.3614272890942555,20.34,80.51,82.59700000000001,1,
2023-02-14,India,5Y_new,India_5Y_new,-0.10785,7.239,7.34685,-0.0177863757002142,0.476854330576901,18.91,80.52,82.91499999999999,1,
2023-02-15,India,5Y_new,India_5Y_new,-0.09385000000000066,7.232,7.325850000000001,0.0117854486027415,0.3746169781071463,18.23,80.53,82.765,1,
2023-02-16,India,5Y_new,India_5Y_new,0.0771500000000005,7.402,7.32485,-0.0389880766577973,0.3528794515245459,20.17,80.53,82.715,1,
2023-02-17,India,5Y_new,India_5Y_new,-0.1128499999999999,7.256,7.36885,-0.0068847397735303,0.3434121961274127,20.02,80.5,82.765,1,
2023-02-20,India,5Y_new,India_5Y_new,-0.09785000000000021,7.252,7.34985,-0.1648161814610001,0.4299709757827638,21.23,80.5,82.7205,1,
2023-02-21,India,5Y_new,India_5Y_new,-0.09284999999999854,7.281000000000001,7.373849999999999,-0.1153114620383676,0.39326591506391,22.87,80.48,82.84899999999999,1,
2023-02-22,India,5Y_new,India_5Y_new,-0.007799999999999585,7.41,7.4178,-0.0760032568991517,0.2548157963359598,22.29,80.52,82.83500000000001,1,
2023-02-23,India,5Y_new,India_5Y_new,-0.07985000000000042,7.318,7.39785,0.0166994500216639,0.3274446470794807,21.14,80.51,82.6175,1,
2023-02-24,India,5Y_new,India_5Y_new,0.042200000000001125,7.438000000000001,7.3957999999999995,-0.2473283496162866,0.3333948118951398,21.67,80.5,82.9254,1,
2023-02-27,India,5Y_new,India_5Y_new,0.019199999999999662,7.455,7.4358,-0.0177375968423675,0.3439823836323135,20.95,80.49,82.652,1,
2023-02-28,India,5Y_new,India_5Y_new,-0.09880000000000067,7.343999999999999,7.4428,-0.0839499127241545,0.3411593006458155,20.7,80.5,82.64500000000001,1,
2023-03-01,India,5Y_new,India_5Y_new,-0.05080000000000062,7.343999999999999,7.3948,-0.0654515966565766,0.3477561573818652,20.58,80.5,82.435,1,
2023-03-02,India,5Y_new,India_5Y_new,-0.04279999999999973,7.381,7.4238,-0.1700688811898962,0.3370638414938725,19.59,80.51,82.35499999999999,1,
2023-03-03,India,5Y_new,India_5Y_new,-0.04379999999999917,7.352,7.3957999999999995,-0.0769503683310321,0.2414656461154842,18.49,80.52,81.71000000000001,1,
2023-03-06,India,5Y_new,India_5Y_new,-0.04579999999999984,7.352,7.3978,-0.0865653833261741,0.3264146568776202,18.61,80.51,81.815,1,
2023-03-07,India,5Y_new,India_5Y_new,-0.04579999999999984,7.352,7.3978,-0.112629114692967,0.3287326476255731,19.59,80.52,82.025,1,
2023-03-08,India,5Y_new,India_5Y_new,-0.0968,7.354,7.4508,-0.0914969971180212,0.3282856785678341,19.11,80.49,81.955,1,
2023-03-09,India,5Y_new,India_5Y_new,-0.0268000000000006,7.412,7.4388000000000005,-0.0648299385980572,0.3246926040081186,22.61,80.51,82.025,1,
2023-03-10,India,5Y_new,India_5Y_new,-0.01980000000000004,7.4,7.4198,-0.0671934553308281,0.3184788615144067,24.8,80.54,81.965,1,
2023-03-13,India,5Y_new,India_5Y_new,-0.08679999999999932,7.245,7.331799999999999,-0.097743602741501,0.3165821903376816,26.52,80.55,82.2625,1,
2023-03-14,India,5Y_new,India_5Y_new,-0.06679999999999886,7.2780000000000005,7.344799999999999,-0.0002638320386968,0.3954920572604895,23.73,80.61,82.26,1,
2023-03-15,India,5Y_new,India_5Y_new,-0.0948000000000011,7.2379999999999995,7.332800000000001,0.0103739574396784,0.3602258713409031,26.14,80.59,82.9075,1,
2023-03-16,India,5Y_new,India_5Y_new,-0.029799999999999827,7.28,7.3098,-0.0140541224150789,0.2767834839105854,22.99,80.49,82.625,1,
2023-03-17,India,5Y_new,India_5Y_new,-0.06080000000000041,7.25,7.3108,0.0069325669746558,0.2841597565976315,25.51,80.5,82.53999999999999,1,
2023-03-20,India,5Y_new,India_5Y_new,-0.027800000000000047,7.25,7.2778,-0.006849682283746,0.3598092029039403,24.15,81.8,82.53,1,
2023-03-21,India,5Y_new,India_5Y_new,-0.10779999999999923,7.2010000000000005,7.3088,-0.0096130506894999,0.3967493953192306,21.38,81.73,82.7045,1,
2023-03-22,India,5Y_new,India_5Y_new,-0.10779999999999923,7.2010000000000005,7.3088,-0.0928961423997547,0.2241033410742993,22.26,81.74,82.525,1,
2023-03-23,India,5Y_new,India_5Y_new,-0.07379999999999942,7.216,7.2898,0.1014429252229941,0.3665608354392566,22.61,81.71,82.265,1,
2023-03-24,India,5Y_new,India_5Y_new,-0.04279999999999973,7.193,7.235799999999999,-0.0936181286473116,0.3508971898668547,21.74,81.76,82.339,1,
2023-03-27,India,5Y_new,India_5Y_new,-0.026799999999999713,7.198,7.2248,-0.0765895110368836,0.4130753475210612,20.6,81.69,82.2,1,
2023-03-28,India,5Y_new,India_5Y_new,-0.03780000000000072,7.209,7.2468,-0.0930161945174262,0.2910730305275639,19.97,81.72,82.1995,1,
2023-03-29,India,5Y_new,India_5Y_new,0.0031999999999996476,7.211,7.207800000000001,0.0318383085282553,0.3604509011087299,19.12,81.74,82.2055,1,
2023-03-30,India,5Y_new,India_5Y_new,0.0031999999999996476,7.211,7.207800000000001,-0.0287945474223187,0.2752912145830363,19.02,81.73,82.1,1,
2023-03-31,India,5Y_new,India_5Y_new,-0.006800000000000139,7.209,7.2158,-0.1317620505533439,0.3447242223656985,18.7,81.72,82.185,1,
2023-04-03,India,5Y_new,India_5Y_new,-0.06679999999999886,7.156000000000001,7.222799999999999,-0.1002712058171067,0.360670179390672,18.55,81.7,82.205,1,
2023-04-04,India,5Y_new,India_5Y_new,-0.06679999999999886,7.156000000000001,7.222799999999999,-0.1666546538067023,0.3035100070018338,19.0,81.73,82.11,1,
2023-04-05,India,5Y_new,India_5Y_new,-0.020799999999999486,7.1690000000000005,7.1898,-0.1236001463526547,0.3187845050967331,19.08,81.72,81.945,1,
2023-04-06,India,5Y_new,India_5Y_new,-0.10185000000000066,6.997,7.0988500000000005,-0.154422122458299,0.2964977774686307,18.4,81.76,81.84,1,
2023-04-07,India,5Y_new,India_5Y_new,-0.10185000000000066,6.997,7.0988500000000005,-0.0456054124461382,0.4158204598148369,18.4,81.73,81.88499999999999,1,
2023-04-10,India,5Y_new,India_5Y_new,-0.09980000000000011,7.034,7.1338,0.0268378793624408,0.4352212362617265,18.97,81.74,81.985,1,
2023-04-11,India,5Y_new,India_5Y_new,-0.04180000000000028,7.096,7.1378,-0.0977288459763849,0.3775138314383089,19.1,81.75,82.07,1,
2023-04-12,India,5Y_new,India_5Y_new,-0.08979999999999944,7.021,7.110799999999999,-0.0408874931109655,0.4050153322382666,19.09,81.72,81.96000000000001,1,
2023-04-13,India,5Y_new,India_5Y_new,-0.10880000000000045,7.019,7.127800000000001,-0.0601903972838794,0.3599966577521469,17.8,81.73,81.67500000000001,1,
2023-04-14,India,5Y_new,India_5Y_new,-0.10880000000000045,7.019,7.127800000000001,-0.1005924485219735,0.4108309777657367,17.07,81.73,81.845,1,
2023-04-17,India,5Y_new,India_5Y_new,-0.1257999999999999,7.019,7.1448,-0.0919069387199775,0.2845494754339014,16.95,81.71,82.005,1,
2023-04-18,India,5Y_new,India_5Y_new,-0.10080000000000044,7.021,7.1218,-0.0667601961174197,0.3133646091912067,16.83,81.73,82.10499999999999,1,
2023-04-19,India,5Y_new,India_5Y_new,-0.10579999999999945,7.021,7.126799999999999,0.0331836888218552,0.2846039436256824,16.46,81.7,82.28,1,
2023-04-20,India,5Y_new,India_5Y_new,-0.11679999999999957,6.996,7.1128,-0.0192631553673541,0.2779503425867001,17.17,81.75,82.14,1,
2023-04-21,India,5Y_new,India_5Y_new,-0.10880000000000045,6.971,7.0798000000000005,-0.1171292795192413,0.3332995980522879,16.77,81.74,82.055,1,
2023-04-24,India,5Y_new,India_5Y_new,-0.08179999999999943,6.971,7.0527999999999995,-0.0232893996429002,0.2639740323732926,16.89,81.74,81.96000000000001,1,
2023-04-25,India,5Y_new,India_5Y_new,-0.09179999999999922,6.971,7.062799999999999,0.0380445167572897,0.2917521757899374,18.76,81.77,81.99000000000001,1,
2023-04-26,India,5Y_new,India_5Y_new,-0.07580000000000009,6.968,7.0438,-0.0992658923674306,0.2344216422167745,18.84,81.71,81.75999999999999,1,
2023-04-27,India,5Y_new,India_5Y_new,-0.10180000000000078,6.936,7.037800000000001,0.0182630996885956,0.4012327783472398,17.03,81.72,81.715,1,
2023-04-28,India,5Y_new,India_5Y_new,-0.12979999999999947,6.923,7.0527999999999995,-0.0585077041822351,0.3387813338540965,15.78,81.75,81.745,1,
2023-05-01,India,5Y_new,India_5Y_new,-0.12979999999999947,6.923,7.0527999999999995,0.0742810817525796,0.3462618505096728,16.08,81.71,81.78999999999999,1,
2023-05-02,India,5Y_new,India_5Y_new,-0.13379999999999992,6.923,7.0568,-0.0057586126103313,0.3350377643069846,17.78,81.74,81.77000000000001,1,
2023-05-03,India,5Y_new,India_5Y_new,-0.05579999999999963,6.923,6.9788,-0.021038896728867,0.3089237529272755,18.34,81.74,81.78,1,
2023-05-04,India,5Y_new,India_5Y_new,-0.12879999999999914,6.857,6.985799999999999,-0.1440574953115276,0.3705993554296968,20.09,81.74,81.725,1,
2023-05-05,India,5Y_new,India_5Y_new,-0.12879999999999914,6.857,6.985799999999999,-0.13678706865306,0.3637887089763654,17.19,81.71,81.725,1,
2023-05-08,India,5Y_new,India_5Y_new,-0.16579999999999995,6.857,7.0228,-0.1399360207328783,0.3965508383886282,16.98,81.71,81.78,1,
2023-05-09,India,5Y_new,India_5Y_new,-0.17579999999999885,6.855,7.030799999999999,0.028998107781375,0.2781050634812492,17.71,81.74,82.125,1,
2023-05-10,India,5Y_new,India_5Y_new,-0.1618000000000004,6.867,7.0288,-0.0523417660001875,0.3132426292905526,16.94,81.75,81.92500000000001,1,
2023-05-11,India,5Y_new,India_5Y_new,-0.1487999999999996,6.872,7.0207999999999995,-0.0931278388126732,0.2656449954654423,16.93,81.78,82.1,1,
2023-05-12,India,5Y_new,India_5Y_new,-0.14179999999999993,6.854,6.9958,-0.1533769503072821,0.3060002250887896,17.03,81.78,82.2005,1,
2023-05-15,India,5Y_new,India_5Y_new,-0.14480000000000004,6.859,7.0038,-0.1162264029084695,0.3136303929239168,17.12,81.8,82.26650000000001,1,
2023-05-16,India,5Y_new,India_5Y_new,-0.12180000000000035,6.852,6.973800000000001,-0.014596733803478,0.2725960658671585,17.99,81.81,82.2915,1,
2023-05-17,India,5Y_new,India_5Y_new,-0.13180000000000014,6.8260000000000005,6.957800000000001,-0.0758266629201397,0.3195937956966733,16.87,81.82,82.405,1,
2023-05-18,India,5Y_new,India_5Y_new,-0.16380000000000017,6.804,6.9678,0.0060803002498901,0.2943092665180136,16.05,82.11,82.725,1,
2023-05-19,India,5Y_new,India_5Y_new,-0.18774999999999942,6.813000000000001,7.00075,-0.1367870222112282,0.3055889734478862,16.81,81.72,82.905,1,
2023-05-22,India,5Y_new,India_5Y_new,-0.1357999999999997,6.813000000000001,6.9488,0.0427459099651292,0.3183294999703426,17.21,81.74,82.845,1,
2023-05-23,India,5Y_new,India_5Y_new,-0.20579999999999998,6.7780000000000005,6.9838000000000005,0.0394376805392086,0.3044567711349408,18.53,81.69,82.83500000000001,1,
2023-05-24,India,5Y_new,India_5Y_new,-0.15080000000000027,6.816,6.9668,-0.0028092452039314,0.3160198122208064,20.03,81.73,82.67500000000001,1,
2023-05-25,India,5Y_new,India_5Y_new,-0.16875000000000107,6.8149999999999995,6.983750000000001,0.1251180700655417,0.4042906749525499,19.14,81.71,82.7418,1,
2023-05-26,India,5Y_new,India_5Y_new,-0.1587500000000004,6.818,6.97675,0.039848286428639,0.3117878093100193,17.95,81.74,82.57499999999999,1,
2023-05-29,India,5Y_new,India_5Y_new,-0.1847499999999993,6.82,7.00475,-0.0025769701427929,0.3566639902191558,17.46,81.72,82.6135,1,
2023-05-30,India,5Y_new,India_5Y_new,-0.1507499999999995,6.838,6.98875,-0.0316759969736802,0.3506494351872098,17.46,81.74,82.6925,1,
2023-05-31,India,5Y_new,India_5Y_new,0.04825000000000035,7.019,6.97075,-0.0250322737471751,0.3188651184081776,17.94,81.73,82.69,1,
2023-06-01,India,5Y_new,India_5Y_new,-0.16074999999999928,6.797000000000001,6.95775,-0.0198981218176041,0.2803774640204311,15.65,81.7,82.2769,1,
2023-06-02,India,5Y_new,India_5Y_new,-0.0677500000000002,6.883,6.95075,-0.0403482445303228,0.252445435075569,14.6,81.71,82.40299999999999,1,
2023-06-05,India,5Y_new,India_5Y_new,-0.0807500000000001,6.883,6.96375,-0.1336433107234764,0.388104296516308,14.73,81.7,82.525,1,
2023-06-06,India,5Y_new,India_5Y_new,-0.06575000000000042,6.883,6.94875,-0.0581269069608457,0.3065852368398445,13.96,81.73,82.515,1,
2023-06-07,India,5Y_new,India_5Y_new,-0.09175000000000022,6.87,6.96175,-0.1466724394615035,0.3344888350198693,13.94,81.72,82.50999999999999,1,
2023-06-08,India,5Y_new,India_5Y_new,-0.11775000000000002,6.891,7.00875,-0.0805526117282396,0.3249918749956055,13.65,81.72,82.5155,1,
2023-06-09,India,5Y_new,India_5Y_new,-0.05675000000000008,6.957,7.01375,0.0230066516055061,0.4435516824672081,13.83,81.69,82.445,1,
2023-06-12,India,5Y_new,India_5Y_new,-0.049750000000000405,6.947,6.9967500000000005,-0.0806380749182227,0.3818233779036659,15.01,81.71,82.41499999999999,1,
2023-06-13,India,5Y_new,India_5Y_new,-0.04774999999999974,6.934,6.98175,-0.0855098367802027,0.3247247941030016,14.61,81.71,82.2399,1,
2023-06-14,India,5Y_new,India_5Y_new,-0.07374999999999954,6.921,6.99475,-0.0202077102695212,0.2793571408080718,13.88,81.73,81.96000000000001,1,
2023-06-15,India,5Y_new,India_5Y_new,-0.08469999999999978,6.944,7.0287,-0.0898340732677903,0.4447131957646469,14.5,81.69,81.905,1,
2023-06-16,India,5Y_new,India_5Y_new,-0.06669999999999998,6.949,7.0157,-0.0994177449359121,0.4283534400301997,13.54,81.7,81.91499999999999,1,
2023-06-19,India,5Y_new,India_5Y_new,-0.08570000000000011,6.949,7.0347,-0.0087624587120171,0.3725493399130789,14.19,81.7,81.91499999999999,1,
2023-06-20,India,5Y_new,India_5Y_new,-0.0777000000000001,6.952,7.0297,-0.0209834575088191,0.2885670865346822,13.88,81.71,82.005,1,
2023-06-21,India,5Y_new,India_5Y_new,-0.05569999999999986,6.9830000000000005,7.0387,0.034638327793247,0.3152868565536247,13.2,81.71,81.94,1,
2023-06-22,India,5Y_new,India_5Y_new,-0.08769999999999989,6.9830000000000005,7.0707,0.0239070745846841,0.3753159498741484,12.91,81.71,81.96000000000001,1,
2023-06-23,India,5Y_new,India_5Y_new,-0.04470000000000063,7.0169999999999995,7.0617,-0.0928053831408565,0.2536047413214631,13.44,81.73,81.985,1,
2023-06-26,India,5Y_new,India_5Y_new,-0.03670000000000062,7.0169999999999995,7.0537,-0.0580051886147098,0.3477783215878259,14.25,81.72,81.975,1,
2023-06-27,India,5Y_new,India_5Y_new,-0.0387000000000004,7.0169999999999995,7.0557,0.0010064334548174,0.2418812636385728,13.74,81.71,82.01050000000001,1,
2023-06-28,India,5Y_new,India_5Y_new,-0.09370000000000012,6.96,7.0537,0.0158927099338312,0.2910992592678122,13.43,81.72,82.03,1,
2023-06-29,India,5Y_new,India_5Y_new,-0.09370000000000012,6.96,7.0537,-0.0477165280422192,0.3744137978534902,13.54,81.7,82.10499999999999,1,1.0
2023-06-30,India,5Y_new,India_5Y_new,-0.15664999999999996,6.96,7.11665,0.0527210408574704,0.2878388479565249,13.59,81.69,82.096,1,0.0
2023-07-03,India,5Y_new,India_5Y_new,-0.06864999999999988,7.048,7.11665,0.0050896135049551,0.354175567554517,13.57,81.69,81.945,1,
2023-07-04,India,5Y_new,India_5Y_new,-0.07164999999999999,7.048,7.11965,-0.0093693609549868,0.4237442959591649,13.7,81.72,81.9735,1,
2023-07-05,India,5Y_new,India_5Y_new,-0.03765000000000018,7.061,7.09865,-0.0498821441471649,0.3248373376523771,14.18,81.72,82.4034,1,
2023-07-06,India,5Y_new,India_5Y_new,-0.09764999999999979,7.046,7.14365,0.0743163380225039,0.4044393147148423,15.44,81.68,82.76599999999999,1,
2023-07-07,India,5Y_new,India_5Y_new,-0.08065000000000033,7.077,7.15765,-0.0243156092348377,0.4725783034528204,14.83,81.7,82.61500000000001,1,
2023-07-10,India,5Y_new,India_5Y_new,-0.06064999999999987,7.08,7.14065,-0.0136947782690613,0.3568888878760873,15.07,81.72,82.525,1,
2023-07-11,India,5Y_new,India_5Y_new,-0.015649999999999942,7.08,7.09565,-0.0525491961610422,0.3683413164402541,14.84,81.73,82.39500000000001,1,
2023-07-12,India,5Y_new,India_5Y_new,-0.07464999999999922,7.057,7.13165,-0.0447380668120966,0.3323253263604693,13.54,81.72,81.985,1,
2023-07-13,India,5Y_new,India_5Y_new,-0.004649999999999821,7.07,7.07465,0.000622798763642,0.3534337101017468,13.61,81.75,82.05000000000001,1,
2023-07-14,India,5Y_new,India_5Y_new,-0.0636499999999991,7.0280000000000005,7.09165,-0.0308438418373782,0.3453362314511325,13.34,81.69,82.077,1,
2023-07-17,India,5Y_new,India_5Y_new,-0.08365000000000045,6.994,7.07765,-0.0878906699393008,0.3254908716206957,13.48,81.73,82.05000000000001,1,
2023-07-18,India,5Y_new,India_5Y_new,-0.02865000000000073,7.023,7.05165,-0.0502449182796577,0.3622809523033888,13.3,81.73,82.065,1,
2023-07-19,India,5Y_new,India_5Y_new,-0.07364999999999977,7.0,7.07365,-0.1393810338300961,0.3529953496473337,13.76,81.72,82.055,1,
2023-07-20,India,5Y_new,India_5Y_new,-0.08265000000000011,7.002,7.08465,-0.0170928243297542,0.3525078485571423,13.99,81.69,82.08,1,
2023-07-21,India,5Y_new,India_5Y_new,-0.05259999999999998,7.039,7.0916,-0.1723021895136232,0.351464986265567,13.6,81.7,81.99000000000001,1,
2023-07-24,India,5Y_new,India_5Y_new,-0.059650000000000425,7.021,7.08065,-0.00205079952649,0.315660393887364,13.91,81.72,81.795,1,
2023-07-25,India,5Y_new,India_5Y_new,-0.07560000000000056,7.037,7.1126000000000005,-0.0561571225236042,0.3770350758630935,13.86,81.7,81.85499999999999,1,
2023-07-26,India,5Y_new,India_5Y_new,-0.04660000000000064,7.053,7.099600000000001,-0.0591585601252602,0.2975245781566638,13.19,81.71,81.955,1,
2023-07-27,India,5Y_new,India_5Y_new,-0.08560000000000034,7.045,7.1306,0.0034054596402107,0.3416180799108783,14.41,81.71,82.155,1,
2023-07-28,India,5Y_new,India_5Y_new,-0.11559999999999881,7.047000000000001,7.162599999999999,-0.0457326956714849,0.2949333258152878,13.33,81.73,82.253,1,
2023-07-31,India,5Y_new,India_5Y_new,-0.0686,7.111,7.1796,0.0658745201995913,0.2933152850961556,13.63,81.7,82.245,1,
2023-08-01,India,5Y_new,India_5Y_new,-0.027599999999999625,7.1240000000000006,7.1516,0.071567234241455,0.3272927440677123,13.93,81.7,82.345,1,
2023-08-02,India,5Y_new,India_5Y_new,-0.05960000000000054,7.1,7.1596,-0.0241813139598982,0.2695080431700998,16.09,81.73,82.735,1,
2023-08-03,India,5Y_new,India_5Y_new,-0.08754999999999935,7.1080000000000005,7.19555,-0.0093307744805352,0.3113572014606575,15.92,81.69,82.755,1,
2023-08-04,India,5Y_new,India_5Y_new,-0.05954999999999977,7.129,7.188549999999999,0.0149989844838862,0.4686903217979365,17.1,81.69,82.69550000000001,1,
2023-08-07,India,5Y_new,India_5Y_new,-0.06955000000000044,7.129,7.19855,-0.083475514961608,0.3407145132956359,15.77,81.69,82.7775,1,
2023-08-08,India,5Y_new,India_5Y_new,-0.054549999999999876,7.115,7.16955,-0.1055089493666314,0.3755075299919523,15.99,81.73,82.8805,1,
2023-08-09,India,5Y_new,India_5Y_new,-0.07754999999999956,7.105,7.18255,-0.0948144330653302,0.2660958161036997,15.96,81.7,82.8715,1,
2023-08-10,India,5Y_new,India_5Y_new,-0.058549999999999436,7.105,7.16355,0.1281568794823971,0.3651425453470124,15.85,81.71,82.6435,1,
2023-08-11,India,5Y_new,India_5Y_new,-0.06955000000000044,7.129,7.19855,-0.0476150146842936,0.3025952739274771,14.84,81.71,82.89750000000001,1,
2023-08-14,India,5Y_new,India_5Y_new,-0.06754999999999978,7.139,7.20655,-0.1412917671660793,0.3735214081983798,14.82,81.69,83.18,1,
2023-08-15,India,5Y_new,India_5Y_new,-0.06754999999999978,7.139,7.20655,-0.0997944469461171,0.3970722652138904,16.46,81.69,83.23949999999999,1,
2023-08-16,India,5Y_new,India_5Y_new,-0.06754999999999978,7.139,7.20655,0.1253127379863258,0.3438309644666301,16.78,81.72,83.22229999999999,1,
2023-08-17,India,5Y_new,India_5Y_new,-0.10949999999999882,7.15,7.259499999999999,0.0990275310593631,0.415696728715316,17.89,81.71,83.14,1,
2023-08-18,India,5Y_new,India_5Y_new,-0.05550000000000033,7.1690000000000005,7.224500000000001,-0.0433859843306999,0.4694472581651147,17.3,81.72,83.16749999999999,1,
2023-08-21,India,5Y_new,India_5Y_new,-0.05250000000000021,7.1690000000000005,7.221500000000001,-0.0638317687446306,0.2861693446861942,17.13,81.69,83.095,1,
2023-08-22,India,5Y_new,India_5Y_new,-0.06450000000000067,7.1579999999999995,7.2225,0.0388127471697367,0.321702130662026,16.97,81.7,83.045,1,
2023-08-23,India,5Y_new,India_5Y_new,-0.03850000000000087,7.1579999999999995,7.1965,-0.0616101734995872,0.2940207741215461,15.98,81.72,82.5221,1,
2023-08-24,India,5Y_new,India_5Y_new,-0.061499999999999666,7.139,7.2005,0.079390590685019,0.3518365706808133,17.2,81.69,82.59,1,
2023-08-25,India,5Y_new,India_5Y_new,-0.08150000000000013,7.131,7.2125,-0.0402904370552624,0.3237431988146034,15.68,81.7,82.6645,1,
2023-08-28,India,5Y_new,India_5Y_new,-0.09949999999999992,7.08,7.1795,0.0830304719945041,0.2828452270522963,15.08,81.69,82.6275,1,
2023-08-29,India,5Y_new,India_5Y_new,-0.10249999999999915,7.08,7.182499999999999,-0.1024709109288053,0.3509989827915398,14.45,81.69,82.6005,1,
2023-08-30,India,5Y_new,India_5Y_new,-0.05250000000000021,7.131,7.1835,-0.0632778283330664,0.2714538719505932,13.88,81.69,82.6155,1,
2023-08-31,India,5Y_new,India_5Y_new,-0.03950000000000031,7.131,7.1705000000000005,2.5530722788437306e-06,0.3673168277619253,13.57,81.71,82.7096,1,
2023-09-01,India,5Y_new,India_5Y_new,-0.048499999999999766,7.131,7.1795,-0.0991132342122119,0.2808785544160848,13.09,81.71,82.6972,1,
2023-09-04,India,5Y_new,India_5Y_new,-0.07049999999999912,7.131,7.201499999999999,-0.0031073877713042,0.2636667365963608,13.82,81.69,82.7244,1,
2023-09-05,India,5Y_new,India_5Y_new,-0.035499999999999865,7.155,7.1905,0.0275487883041828,0.3532299475356943,14.01,81.68,83.04175000000001,1,
2023-09-06,India,5Y_new,India_5Y_new,-0.030499999999999083,7.171,7.201499999999999,0.0968217970911128,0.1984173921911587,14.45,81.7,83.2245,1,
2023-09-07,India,5Y_new,India_5Y_new,0.00849999999999973,7.182,7.173500000000001,0.1018265663367351,0.3174924420188293,14.4,81.71,83.155,1,
2023-09-08,India,5Y_new,India_5Y_new,-0.044500000000001094,7.1579999999999995,7.202500000000001,0.0013439594837169,0.3156177829294961,13.84,81.71,83.0315,1,
2023-09-11,India,5Y_new,India_5Y_new,-0.08844999999999992,7.166,7.25445,0.0498418408554074,0.326909576291454,13.8,81.69,82.91,1,
2023-09-12,India,5Y_new,India_5Y_new,-0.042449999999999655,7.204,7.246449999999999,0.0175251831188565,0.3710395350973133,14.23,81.69,82.86,1,
2023-09-13,India,5Y_new,India_5Y_new,0.024499999999999744,7.212,7.1875,-0.0079162508835453,0.2639159187724948,13.48,81.68,82.94120000000001,1,
2023-09-14,India,5Y_new,India_5Y_new,0.05050000000000043,7.1690000000000005,7.1185,0.0799394160133926,0.3126611499883404,12.82,81.71,83.03,1,
2023-09-15,India,5Y_new,India_5Y_new,-0.015499999999999403,7.125,7.140499999999999,-0.0968931153054016,0.3546551326727968,13.79,81.69,83.086,1,
2023-09-18,India,5Y_new,India_5Y_new,-0.053449999999999775,7.125,7.17845,-0.0198717909623562,0.3630314001557304,14.0,81.69,83.2975,1,
2023-09-19,India,5Y_new,India_5Y_new,-0.053449999999999775,7.125,7.17845,-0.0365784829710673,0.3278387766176381,14.11,81.7,83.315,1,
2023-09-20,India,5Y_new,India_5Y_new,-0.012449999999999406,7.172000000000001,7.18445,-0.0545904930094811,0.3275386263396365,15.14,82.94,82.92500000000001,1,
2023-09-21,India,5Y_new,India_5Y_new,-0.006450000000000955,7.161,7.1674500000000005,0.0495560041220973,0.2878955835980172,17.54,82.89,83.12700000000001,1,
2023-09-22,India,5Y_new,India_5Y_new,-0.02844999999999942,7.166,7.19445,-0.1020250876115346,0.3003462469140392,17.2,82.93,82.975,1,
2023-09-25,India,5Y_new,India_5Y_new,-0.03944999999999954,7.1530000000000005,7.19245,0.1130976439792445,0.3278134218495669,16.9,82.91,83.13499999999999,1,
2023-09-26,India,5Y_new,India_5Y_new,-0.027449999999999974,7.161,7.18845,-0.0077099291881781,0.3141314363911459,18.94,82.93,83.255,1,
2023-09-27,India,5Y_new,India_5Y_new,-0.029449999999998866,7.172000000000001,7.2014499999999995,0.0635340090374248,0.399026048891935,18.22,82.93,83.2085,1,
2023-09-28,India,5Y_new,India_5Y_new,-0.0984499999999997,7.172000000000001,7.27045,-0.0327575838061516,0.273897704648166,17.34,82.92,83.165,1,
2023-09-29,India,5Y_new,India_5Y_new,-0.02340000000000053,7.221,7.244400000000001,-0.0399564333943665,0.4108413297193991,17.52,82.94,83.035,1,
2023-10-02,India,5Y_new,India_5Y_new,-0.02340000000000053,7.221,7.244400000000001,-0.0147091736738704,0.3751481457016303,17.61,82.89,83.18705,1,
2023-10-03,India,5Y_new,India_5Y_new,-0.0613999999999999,7.221,7.2824,0.0356788321596503,0.34392736213662,19.78,82.92,83.2217,1,
2023-10-04,India,5Y_new,India_5Y_new,-0.0743999999999998,7.208,7.2824,-0.1459714704668233,0.4261252644703144,18.58,82.94,83.255,1,
2023-10-05,India,5Y_new,India_5Y_new,-0.032399999999999096,7.2330000000000005,7.2654,-0.0557957308590728,0.3770091935238735,18.49,82.93,83.21000000000001,1,
2023-10-06,India,5Y_new,India_5Y_new,-0.17635000000000023,7.213,7.38935,-0.1452326025449189,0.4668411747476439,17.45,82.87,83.1248,1,
2023-10-09,India,5Y_new,India_5Y_new,-0.22735000000000039,7.213,7.4403500000000005,-0.085806721327086,0.3380875466315861,17.7,82.95,83.2805,1,
2023-10-10,India,5Y_new,India_5Y_new,-0.06935000000000002,7.349,7.41835,-0.0864083457853381,0.4224302795446683,17.03,82.96,83.18950000000001,1,
2023-10-11,India,5Y_new,India_5Y_new,-0.003350000000000186,7.361,7.36435,0.0154658665338254,0.4024508364271069,16.09,82.92,83.16499999999999,1,
2023-10-12,India,5Y_new,India_5Y_new,-0.03434999999999988,7.33,7.36435,0.0943265372345695,0.4033855746082923,16.69,82.9,83.295,1,
2023-10-13,India,5Y_new,India_5Y_new,-0.05534999999999979,7.325,7.38035,0.0158329460675385,0.372344149952233,19.32,82.94,83.2825,1,
2023-10-16,India,5Y_new,India_5Y_new,-0.05335000000000001,7.3309999999999995,7.3843499999999995,-0.1012475409455068,0.3387152384355472,17.21,82.91,83.195,1,
2023-10-17,India,5Y_new,India_5Y_new,-0.007350000000000634,7.356,7.3633500000000005,0.0148805507554264,0.2751164792179458,17.88,87.21,83.25,1,
2023-10-18,India,5Y_new,India_5Y_new,-0.04734999999999978,7.339,7.38635,0.0056398889433579,0.4630329940858944,19.22,82.94,83.30000000000001,1,
2023-10-19,India,5Y_new,India_5Y_new,-0.03434999999999988,7.37,7.40435,-0.0695109031618616,0.2928833257330744,21.4,82.91,83.10390000000001,1,
2023-10-20,India,5Y_new,India_5Y_new,-0.00435000000000052,7.388,7.39235,-0.0753947420109995,0.331674272478608,21.71,84.49,83.16,1,
2023-10-23,India,5Y_new,India_5Y_new,-0.03230000000000022,7.388,7.4203,-0.0627641854806875,0.4110493690637495,20.37,82.89,83.0985,1,
2023-10-24,India,5Y_new,India_5Y_new,-0.03230000000000022,7.388,7.4203,-0.1344269003199044,0.4257914271796532,18.97,85.23,83.015,1,
2023-10-25,India,5Y_new,India_5Y_new,0.00864999999999938,7.388,7.3793500000000005,-0.075538257042329,0.4126909437139004,20.19,82.91,83.14500000000001,1,
2023-10-26,India,5Y_new,India_5Y_new,-0.040300000000000225,7.349,7.3893,-0.0985309339235875,0.4157250997106902,20.68,82.91,83.2493,1,
2023-10-27,India,5Y_new,India_5Y_new,-0.000300000000000189,7.366,7.3663,-0.0704017509908271,0.4066205879053174,21.27,82.92,83.2723,1,
2023-10-30,India,5Y_new,India_5Y_new,-0.013349999999999085,7.355,7.3683499999999995,-0.0148138258700566,0.3682885944602868,19.75,82.89,83.255,1,
2023-10-31,India,5Y_new,India_5Y_new,-0.00930000000000053,7.361,7.3703,0.0176893836623494,0.3558414887270167,18.14,82.93,83.2835,1,
2023-11-01,India,5Y_new,India_5Y_new,-0.04230000000000089,7.343999999999999,7.3863,-0.0842853635391046,0.4037601885332738,16.87,82.93,83.2645,1,
2023-11-02,India,5Y_new,India_5Y_new,0.014699999999999491,7.356,7.3413,0.039183300778249,0.3821011291920535,15.66,82.93,83.2615,1,
2023-11-03,India,5Y_new,India_5Y_new,-0.011299999999999422,7.325,7.3363,-0.1074764621199997,0.3636254214121164,14.91,81.58,83.15,1,
2023-11-06,India,5Y_new,India_5Y_new,0.005700000000000038,7.325,7.3193,-0.1308182255282355,0.4598910267201486,14.89,82.91,83.223,1,
2023-11-07,India,5Y_new,India_5Y_new,-0.007299999999999862,7.298,7.3053,-0.0216811930834116,0.4065028321102342,14.81,82.93,83.235,1,
2023-11-08,India,5Y_new,India_5Y_new,0.014649999999999608,7.289,7.27435,-0.0751794546027995,0.4504937373891419,14.45,82.9,83.21799999999999,1,
2023-11-09,India,5Y_new,India_5Y_new,-0.03230000000000022,7.264,7.2963000000000005,-0.0962600448497674,0.4743536654003796,15.29,82.91,83.32,1,
2023-11-10,India,5Y_new,India_5Y_new,-0.0602999999999998,7.259,7.3193,0.0390560146685289,0.3932799133237304,14.17,82.93,83.314,1,
2023-11-13,India,5Y_new,India_5Y_new,-0.01529999999999987,7.281000000000001,7.2963000000000005,-0.0485366601444738,0.354473873843747,14.76,82.92,83.209,1,
2023-11-14,India,5Y_new,India_5Y_new,-0.01529999999999987,7.281000000000001,7.2963000000000005,-0.1206504831263454,0.3163270287516482,14.16,82.91,82.97800000000001,1,
2023-11-15,India,5Y_new,India_5Y_new,0.03169999999999984,7.276,7.2443,-0.0177368479444363,0.2803565603809002,14.18,82.91,83.193,1,
2023-11-16,India,5Y_new,India_5Y_new,-0.04129999999999967,7.214,7.2553,-0.0832105921111227,0.3804436217687347,14.32,82.93,83.1603,1,
2023-11-17,India,5Y_new,India_5Y_new,-0.03829999999999956,7.2010000000000005,7.2393,-0.1054511843516392,0.3021348996455436,13.8,82.93,83.249,1,
2023-11-20,India,5Y_new,India_5Y_new,-0.07929999999999993,7.2010000000000005,7.2803,-0.0513090687262516,0.2499692968819048,13.41,82.9,83.322,1,
2023-11-21,India,5Y_new,India_5Y_new,-0.08729999999999993,7.204,7.2913,0.1036920114360873,0.3815581087458161,13.35,82.92,83.3355,1,
2023-11-22,India,5Y_new,India_5Y_new,-0.06530000000000058,7.2059999999999995,7.2713,-0.0624776213896683,0.3990808116999311,12.85,82.92,83.31450000000001,1,
2023-11-23,India,5Y_new,India_5Y_new,-0.0602999999999998,7.218,7.2783,-0.1631248322789588,0.40648042736181,12.8,82.9,83.3335,1,
2023-11-24,India,5Y_new,India_5Y_new,-0.07224999999999948,7.224,7.29625,-0.0576152373690752,0.3827388893151985,12.46,82.89,83.345,1,
2023-11-27,India,5Y_new,India_5Y_new,-0.07224999999999948,7.224,7.29625,-0.0898192003633658,0.4030971206885568,12.69,82.91,83.33500000000001,1,
2023-11-28,India,5Y_new,India_5Y_new,-0.03929999999999989,7.244,7.2833,-0.0429609045529248,0.3467541149883034,12.69,82.9,83.345,1,
2023-11-29,India,5Y_new,India_5Y_new,-0.03729999999999922,7.23,7.2673,0.0519253909872412,0.2593629865022703,12.98,82.93,83.357,1,
2023-11-30,India,5Y_new,India_5Y_new,-0.05125000000000046,7.239,7.29025,0.0675721522735195,0.3274400551833711,12.92,82.9,83.38300000000001,1,
2023-12-01,India,5Y_new,India_5Y_new,-0.06524999999999981,7.242,7.30725,0.0275737711216371,0.3295711631874473,12.63,82.92,83.265,1,
2023-12-04,India,5Y_new,India_5Y_new,-0.025249999999999773,7.242,7.26725,0.0730151417781628,0.3648636962633933,13.08,82.89,83.43100000000001,1,
2023-12-05,India,5Y_new,India_5Y_new,-0.031299999999999883,7.22,7.2513,-0.0458192672957313,0.351563140262158,12.85,82.92,83.32499999999999,1,
2023-12-06,India,5Y_new,India_5Y_new,-0.01330000000000009,7.22,7.2333,-0.0980825811084435,0.3178393151867629,12.97,82.9,83.33699999999999,1,
2023-12-07,India,5Y_new,India_5Y_new,-0.02624999999999922,7.214,7.24025,0.0570776091491266,0.3961042213587781,13.06,82.9,83.348,1,
2023-12-08,India,5Y_new,India_5Y_new,-0.04624999999999968,7.2170000000000005,7.26325,-0.0452974966416105,0.3721593959213368,12.35,82.9,83.43,1,
2023-12-11,India,5Y_new,India_5Y_new,-0.056250000000000355,7.218,7.27425,0.112564829974251,0.317440772054764,12.63,82.9,83.35499999999999,1,
2023-12-12,India,5Y_new,India_5Y_new,-0.049249999999999794,7.223,7.27225,-0.0603785975806497,0.2506210415810909,12.07,82.92,83.40100000000001,1,
2023-12-13,India,5Y_new,India_5Y_new,-0.03825000000000056,7.2059999999999995,7.24425,-0.0593377321586446,0.3161856079132095,12.19,82.91,83.35499999999999,1,
2023-12-14,India,5Y_new,India_5Y_new,0.03169999999999984,7.192,7.1603,-0.0485256945908608,0.2887354258347774,12.48,82.95,83.312,1,
2023-12-15,India,5Y_new,India_5Y_new,0.02970000000000006,7.135,7.1053,-0.0298338544934059,0.3751615459360063,12.28,82.9,83.025,1,
2023-12-18,India,5Y_new,India_5Y_new,0.013700000000000045,7.135,7.1213,0.0225773932794203,0.3550463701603236,12.56,82.92,83.149,1,
2023-12-19,India,5Y_new,India_5Y_new,-0.03824999999999967,7.096,7.13425,0.0786313242344997,0.4081365206492103,12.53,82.92,83.11099999999999,1,
2023-12-20,India,5Y_new,India_5Y_new,-0.028249999999999886,7.096,7.12425,0.0142549815878283,0.4598892956200726,13.67,82.93,83.1665,1,
2023-12-21,India,5Y_new,India_5Y_new,-0.08725000000000005,7.061,7.14825,0.0564542705478738,0.3467525350102172,13.65,82.91,83.219,1,
2023-12-22,India,5Y_new,India_5Y_new,-0.08125000000000071,7.061999999999999,7.14325,-0.094419262894144,0.4008256949705817,13.03,82.92,83.19149999999999,1,
2023-12-25,India,5Y_new,India_5Y_new,-0.08125000000000071,7.061999999999999,7.14325,-0.1229399998950934,0.2872672221995475,13.03,82.92,83.16900000000001,1,
2023-12-26,India,5Y_new,India_5Y_new,-0.05325000000000024,7.09,7.14325,-0.1217749908248511,0.3165563678620492,12.99,82.91,83.16300000000001,1,
2023-12-27,India,5Y_new,India_5Y_new,-0.05624999999999947,7.1080000000000005,7.16425,-0.1374986548524537,0.3536838453847256,12.43,82.92,83.268,1,
2023-12-28,India,5Y_new,India_5Y_new,-0.05224999999999902,7.1080000000000005,7.16025,-0.05312048251349,0.3320141455999325,12.47,82.9,83.174,1,
2023-12-29,India,5Y_new,India_5Y_new,-0.008250000000000313,7.122,7.13025,0.0186696505436924,0.2495401732295225,12.45,82.91,83.2175,1,
2024-01-01,India,5Y_new,India_5Y_new,-0.027249999999999552,7.105,7.13225,-0.069463408967203,0.34466397865834,12.45,82.91,83.2425,1,0.0
2024-01-02,India,5Y_new,India_5Y_new,-0.06125000000000025,7.071,7.13225,-0.0720168193342256,0.3718034234880091,13.2,82.88,83.275,1,
2024-01-03,India,5Y_new,India_5Y_new,-0.05525000000000002,7.068,7.12325,-0.1331973042890171,0.2909375138506103,14.04,82.89,83.2907,1,
2024-01-04,India,5Y_new,India_5Y_new,-0.06524999999999981,7.0600000000000005,7.12525,-0.0126998601936604,0.3521548209090288,14.13,82.9,83.24799999999999,1,
2024-01-05,India,5Y_new,India_5Y_new,-0.0851999999999995,7.063000000000001,7.1482,0.0607313625758556,0.331233705590499,13.35,82.9,83.132,1,
2024-01-08,India,5Y_new,India_5Y_new,-0.05024999999999924,7.063000000000001,7.11325,0.0096451008229858,0.3073215622582985,13.08,82.91,83.05000000000001,1,
2024-01-09,India,5Y_new,India_5Y_new,-0.02925000000000022,7.08,7.10925,-0.0351911908826771,0.4210103970501575,12.76,82.9,83.114,1,
2024-01-10,India,5Y_new,India_5Y_new,-0.02024999999999988,7.075,7.09525,0.0669978051108359,0.4072940071404617,12.69,82.92,83.02799999999999,1,
2024-01-11,India,5Y_new,India_5Y_new,-0.012249999999999872,7.072,7.08425,0.1186681232308933,0.3396525072073427,12.44,82.92,83.068,1,
2024-01-12,India,5Y_new,India_5Y_new,-0.024199999999999555,7.066,7.090199999999999,-0.0012051448457365,0.4235394118636895,12.7,82.9,82.862,1,
2024-01-15,India,5Y_new,India_5Y_new,-0.01425000000000054,7.0489999999999995,7.06325,-0.0608357599941131,0.3630132889063167,13.25,82.9,82.832,1,
2024-01-16,India,5Y_new,India_5Y_new,-0.05325000000000024,7.006,7.0592500000000005,0.0726900530683039,0.4136040068024444,13.84,82.89,83.089,1,
2024-01-17,India,5Y_new,India_5Y_new,-0.029599999999999405,7.0486,7.0782,-0.0486807790042696,0.2319502442261334,14.79,82.89,83.187,1,
2024-01-18,India,5Y_new,India_5Y_new,-0.028400000000000425,7.0626,7.091,-0.037763534421636,0.3769732825724255,14.13,82.92,83.17,1,
2024-01-19,India,5Y_new,India_5Y_new,-0.033500000000000085,7.0538,7.0873,-0.010178042443207,0.3291762092185449,13.3,82.91,83.0989,1,
2024-01-22,India,5Y_new,India_5Y_new,-0.034999999999999254,7.056900000000001,7.0919,0.0693403462694592,0.35498178394118,13.19,82.91,83.10499999999999,1,
2024-01-23,India,5Y_new,India_5Y_new,-0.04010000000000069,7.055899999999999,7.096,-0.0394207140128564,0.3105252248644163,12.55,82.9,83.155,1,
2024-01-24,India,5Y_new,India_5Y_new,-0.027899999999999814,7.061,7.0889,0.1618595197780679,0.302095137509968,13.14,82.92,83.13499999999999,1,
2024-01-25,India,5Y_new,India_5Y_new,-0.03229999999999933,7.0449,7.0771999999999995,0.0195627341061907,0.3356903080420737,13.45,82.91,83.172,1,
2024-01-26,India,5Y_new,India_5Y_new,-0.03330000000000055,7.039899999999999,7.0732,0.0693570306791612,0.3663865455439595,13.26,82.91,83.12,1,
2024-01-29,India,5Y_new,India_5Y_new,-0.009400000000000297,7.0649,7.0743,-0.0147781971519572,0.2624313741103211,13.6,82.92,83.13900000000001,1,
2024-01-30,India,5Y_new,India_5Y_new,-0.060900000000000176,7.0159,7.0768,-0.0937556076753805,0.3212990002139336,13.31,82.9,83.125,1,
2024-01-31,India,5Y_new,India_5Y_new,-0.018899999999999473,7.0529,7.0718,-0.0653179660133577,0.3476222377576292,14.35,82.92,83.1,1,
2024-02-01,India,5Y_new,India_5Y_new,0.026900000000000368,7.05,7.0230999999999995,-0.0098152453034891,0.3221134681116538,13.88,82.91,82.952,1,
2024-02-02,India,5Y_new,India_5Y_new,0.03570000000000029,7.0389,7.0032,-0.060503808795877,0.3151882896213559,13.85,82.89,83.00399999999999,1,
2024-02-05,India,5Y_new,India_5Y_new,0.028399999999999537,7.0876,7.059200000000001,0.0319527155297706,0.322421593923437,13.67,82.87,83.041,1,
2024-02-06,India,5Y_new,India_5Y_new,-0.03750000000000053,7.0184999999999995,7.056,0.0678098329958685,0.2991426575201461,13.06,82.91,83.06700000000001,1,
2024-02-07,India,5Y_new,India_5Y_new,-0.007649999999999935,7.0305,7.03815,-0.0101839083565642,0.29377551058761,12.83,82.9,82.982,1,
2024-02-08,India,5Y_new,India_5Y_new,0.023149999999999338,7.0794,7.05625,-0.0413465798454749,0.3317368111054482,12.79,82.9,82.983,1,
2024-02-09,India,5Y_new,India_5Y_new,-0.08585000000000065,7.0024,7.08825,0.0713512984260243,0.3291299708677651,12.93,82.9,83.005,1,
2024-02-12,India,5Y_new,India_5Y_new,-0.046649999999999636,7.0387,7.08535,0.0246090638697338,0.3637096707574017,13.93,82.9,82.975,1,
2024-02-13,India,5Y_new,India_5Y_new,-0.043849999999999945,7.0438,7.08765,-0.0642155291505235,0.3680859258668764,15.85,82.9,83.10300000000001,1,
2024-02-14,India,5Y_new,India_5Y_new,-0.06505000000000027,7.0398,7.10485,0.0301544879249873,0.4816643087236471,14.38,82.92,83.039,1,
2024-02-15,India,5Y_new,India_5Y_new,-0.01144999999999996,7.071899999999999,7.083349999999999,0.0030339250711236,0.346295913227414,14.01,82.92,82.993,1,
2024-02-16,India,5Y_new,India_5Y_new,-0.05324999999999935,7.0324,7.085649999999999,-0.1040906318202947,0.3414651384769595,14.24,82.89,83.018,1,
2024-02-19,India,5Y_new,India_5Y_new,-0.05644999999999989,7.024900000000001,7.0813500000000005,0.0215357097033456,0.3564070766710966,14.71,82.9,83.031,1,
2024-02-20,India,5Y_new,India_5Y_new,-0.047549999999999315,7.0181000000000004,7.06565,-0.0593207661523112,0.4115049197459158,15.42,82.91,82.89500000000001,1,
2024-02-21,India,5Y_new,India_5Y_new,-0.018149999999999444,7.0379000000000005,7.05605,0.0527186816683166,0.3362670599685726,15.34,82.9,82.935,1,
2024-02-22,India,5Y_new,India_5Y_new,-0.05320000000000036,7.0189,7.072100000000001,-0.0232225534769187,0.3913547954180503,14.54,82.89,82.842,1,
2024-02-23,India,5Y_new,India_5Y_new,-0.06284999999999918,7.0213,7.084149999999999,0.0958008201616267,0.3749143348823748,13.75,82.89,82.8865,1,
2024-02-26,India,5Y_new,India_5Y_new,-0.0519999999999996,7.0228,7.0748,-0.0397191881642745,0.3878988688407476,13.74,82.9,82.8735,1,
2024-02-27,India,5Y_new,India_5Y_new,-0.07265000000000033,7.0032,7.07585,-0.0663525281381985,0.3436632727531828,13.43,82.9,82.9045,1,
2024-02-28,India,5Y_new,India_5Y_new,-0.05835000000000079,7.0085999999999995,7.06695,0.0150847975776374,0.3397261956118533,13.84,82.9,82.92500000000001,1,
2024-02-29,India,5Y_new,India_5Y_new,-0.045900000000001384,7.0230999999999995,7.069000000000001,0.0069852827037973,0.3333710164003237,13.4,82.88,82.91,1,
2024-03-01,India,5Y_new,India_5Y_new,-0.05659999999999954,7.0206,7.0771999999999995,0.0170463370263792,0.3523196045965337,13.11,82.89,82.846,1,
2024-03-04,India,5Y_new,India_5Y_new,-0.07129999999999992,7.0012,7.0725,0.1183845365107289,0.3777858911796585,13.49,82.89,82.916,1,
2024-03-05,India,5Y_new,India_5Y_new,-0.08270000000000088,6.9956,7.0783000000000005,-0.0757927413203205,0.3951354257444496,14.46,82.9,82.896,1,
2024-03-06,India,5Y_new,India_5Y_new,-0.08140000000000036,6.9863,7.0677,-0.047470240161845,0.3898624163159413,14.5,82.89,82.805,1,
2024-03-07,India,5Y_new,India_5Y_new,-0.06899999999999995,6.9829,7.0519,-0.0170721944686226,0.4123090054839501,14.44,82.89,82.713,1,
2024-03-08,India,5Y_new,India_5Y_new,-0.06840000000000046,6.9796,7.048,0.011206076093862,0.457187615903931,14.74,82.9,82.744,1,
2024-03-11,India,5Y_new,India_5Y_new,-0.06510000000000016,6.9675,7.0326,0.0322670937349317,0.3910358827068153,15.22,82.89,82.731,1,
2024-03-12,India,5Y_new,India_5Y_new,-0.09079999999999977,6.9571000000000005,7.0479,-0.0701047596893623,0.3108558433887124,13.84,82.89,82.78585000000001,1,
2024-03-13,India,5Y_new,India_5Y_new,-0.08220000000000027,6.962,7.0442,0.0669593947270599,0.3721483705349558,13.75,82.88,82.835,1,
2024-03-14,India,5Y_new,India_5Y_new,-0.08370000000000033,6.9687,7.0524000000000004,-0.0053679072410476,0.3400004355375188,14.4,82.89,82.9425,1,
2024-03-15,India,5Y_new,India_5Y_new,-0.08395000000000064,6.9837,7.06765,-0.1103793264112232,0.3632966502069039,14.41,82.89,82.888,1,
2024-03-18,India,5Y_new,India_5Y_new,-0.09245000000000125,7.003299999999999,7.095750000000001,-0.0042898760518633,0.2961876650976322,14.33,82.9,82.92500000000001,1,
2024-03-19,India,5Y_new,India_5Y_new,-0.09425000000000061,7.0108,7.10505,-0.064757265015338,0.3652581518146578,13.82,82.89,83.03450000000001,1,
2024-03-20,India,5Y_new,India_5Y_new,-0.09675000000000011,7.0084,7.10515,0.0082412526363503,0.2708449391784497,13.04,84.11,83.2005,1,
2024-03-21,India,5Y_new,India_5Y_new,-0.05395000000000039,7.0238,7.07775,-0.139628576743776,0.4140082507655686,12.92,84.13,83.20150000000001,1,
2024-03-22,India,5Y_new,India_5Y_new,-0.08574999999999999,7.0203,7.10605,-0.0251095401527895,0.4145068208769217,13.06,84.13,83.58699999999999,1,
2024-03-25,India,5Y_new,India_5Y_new,-0.0710500000000005,7.0139,7.08495,0.0313908382999412,0.1786168467345315,13.19,84.09,83.4148,1,
2024-03-26,India,5Y_new,India_5Y_new,-0.07984999999999953,7.0232,7.10305,0.0496038468067573,0.3553527059418075,13.24,84.12,83.3295,1,
2024-03-27,India,5Y_new,India_5Y_new,-0.07145000000000046,7.0235,7.094950000000001,0.0494736764748067,0.3334368460221984,12.78,84.11,83.3215,1,
2024-03-28,India,5Y_new,India_5Y_new,-0.03655000000000008,7.0111,7.04765,-0.068033182063663,0.3172880699077282,13.01,84.1,83.37950000000001,1,
2024-03-29,India,5Y_new,India_5Y_new,-0.03950000000000031,7.0062999999999995,7.0458,0.0382383737535303,0.3174913477548708,13.01,84.12,83.365,1,
2024-04-01,India,5Y_new,India_5Y_new,-0.03950000000000031,7.0062999999999995,7.0458,-0.1433304146892569,0.3871144803793509,13.65,84.11,83.3875,1,
2024-04-02,India,5Y_new,India_5Y_new,-0.041250000000000675,7.0461,7.087350000000001,-0.0056854014578003,0.3255767671618069,14.61,84.1,83.3495,1,
2024-04-03,India,5Y_new,India_5Y_new,-0.020200000000000884,7.068099999999999,7.0883,0.0925315724284063,0.3819385940672261,14.33,84.11,83.51050000000001,1,
2024-04-04,India,5Y_new,India_5Y_new,-0.037050000000000693,7.0245,7.06155,-0.1662438371807585,0.381984522462625,16.35,84.1,83.36500000000001,1,
2024-04-05,India,5Y_new,India_5Y_new,-0.02710000000000079,7.0794,7.1065000000000005,-0.0514480871783133,0.3112171547441133,16.03,84.1,83.32050000000001,1,
2024-04-08,India,5Y_new,India_5Y_new,-0.018149999999999444,7.1058,7.12395,-0.0779010799517011,0.427212690262977,15.19,84.09,83.285,1,
2024-04-09,India,5Y_new,India_5Y_new,-0.055899999999999395,7.1042000000000005,7.1601,0.0711873432825159,0.3496731250007253,14.98,84.12,83.1925,1,
2024-04-10,India,5Y_new,India_5Y_new,0.01929999999999943,7.0992,7.0799,-0.0755978669888737,0.2934241591422578,15.8,84.11,83.3963,1,
2024-04-11,India,5Y_new,India_5Y_new,0.037499999999999645,7.0985,7.061,0.0692353521122224,0.3537904440319427,14.91,84.11,83.33359999999999,1,
2024-04-12,India,5Y_new,India_5Y_new,-0.09675000000000011,7.0748,7.17155,-0.0085394737509587,0.3328366053576165,17.31,84.12,83.565,1,
2024-04-15,India,5Y_new,India_5Y_new,-0.033649999999999736,7.1273,7.16095,-0.0940791370896638,0.3573955944258386,19.23,84.07,83.5115,1,
2024-04-16,India,5Y_new,India_5Y_new,-0.06604999999999972,7.1219,7.18795,-0.0582470207639148,0.3598197494313602,18.4,84.1,83.6645,1,
2024-04-17,India,5Y_new,India_5Y_new,-0.09615000000000062,7.1178,7.2139500000000005,-0.0186366365191152,0.400055344631632,18.21,84.11,83.6613,1,
2024-04-18,India,5Y_new,India_5Y_new,-0.042300000000000004,7.1516,7.1939,-0.0556926993398041,0.4142328304302796,18.0,84.1,83.53999999999999,1,
2024-04-19,India,5Y_new,India_5Y_new,-0.10390000000000033,7.1335999999999995,7.2375,-0.0461364153935487,0.3632052158054137,18.71,84.11,83.38550000000001,1,
2024-04-22,India,5Y_new,India_5Y_new,-0.0956999999999999,7.0988,7.1945,-0.0359978590601834,0.2875636365826807,16.94,84.1,83.37,1,
2024-04-23,India,5Y_new,India_5Y_new,-0.011149999999999771,7.1583000000000006,7.16945,0.0127001279300131,0.3275371921119004,15.69,84.1,83.29650000000001,1,
2024-04-24,India,5Y_new,India_5Y_new,-0.0486999999999993,7.131600000000001,7.1803,-0.0710409791989774,0.3727557158253614,15.97,84.09,83.3249,1,
2024-04-25,India,5Y_new,India_5Y_new,-0.010299999999999976,7.173,7.1833,-0.0689131817194115,0.3338372450989742,15.37,84.07,83.315,1,
2024-04-26,India,5Y_new,India_5Y_new,-0.0400999999999998,7.1303,7.1704,-0.0902912201389645,0.3411842881803151,15.03,84.1,83.405,1,
2024-04-29,India,5Y_new,India_5Y_new,-0.026200000000000223,7.1677,7.1939,0.01113378907027,0.255921133617021,14.67,84.11,83.425,1,
2024-04-30,India,5Y_new,India_5Y_new,-0.027900000000000702,7.1671,7.195,0.0292244874144989,0.3434416837213916,15.65,84.1,83.46000000000001,1,
2024-05-01,India,5Y_new,India_5Y_new,-0.014299999999999535,7.1683,7.1826,-0.0903762703643939,0.2953230867896757,15.39,84.11,83.4675,1,
2024-05-02,India,5Y_new,India_5Y_new,-0.010500000000000398,7.1552,7.1657,-0.035796637711596,0.4656821023057726,14.68,84.12,83.4625,1,
2024-05-03,India,5Y_new,India_5Y_new,-0.02039999999999953,7.1271,7.1475,-0.13218928085925,0.3242375617426255,13.49,84.15,83.381,1,
2024-05-06,India,5Y_new,India_5Y_new,-0.027849999999999042,7.0768,7.1046499999999995,0.0260712370779906,0.3067641893207239,13.49,84.12,83.495,1,
2024-05-07,India,5Y_new,India_5Y_new,-0.05429999999999957,7.0724,7.1267,-0.0367869332537806,0.3611276514274801,13.23,84.11,83.4671,1,
2024-05-08,India,5Y_new,India_5Y_new,-0.06639999999999979,7.0717,7.1381,-0.029931838302034,0.3054305515742305,13.0,84.09,83.47149999999999,1,
2024-05-09,India,5Y_new,India_5Y_new,-0.03359999999999985,7.0821000000000005,7.1157,-0.0775490714303758,0.2899856250269624,12.69,84.1,83.4495,1,
2024-05-10,India,5Y_new,India_5Y_new,-0.04039999999999999,7.0831,7.1235,-0.0179995014699769,0.3855766376863513,12.55,84.1,83.54599999999999,1,
2024-05-13,India,5Y_new,India_5Y_new,-0.04440000000000044,7.0687,7.1131,0.0158489958063633,0.418106842711366,13.6,84.11,83.47,1,
2024-05-14,India,5Y_new,India_5Y_new,-0.03655000000000008,7.0743,7.11085,-0.0637412715286025,0.3814515039482405,13.42,84.11,83.4907,1,
2024-05-15,India,5Y_new,India_5Y_new,-0.03670000000000062,7.05,7.0867,-0.0830248605872316,0.4160919328135556,12.45,84.14,83.4204,1,
2024-05-16,India,5Y_new,India_5Y_new,-0.025100000000000122,7.0466999999999995,7.0718,-0.0513845483469102,0.3412888852107742,12.42,84.09,83.465,1,
2024-05-17,India,5Y_new,India_5Y_new,-0.07240000000000002,7.0076,7.08,0.0038098341964577,0.3907220201686696,11.99,84.1,83.3075,1,
2024-05-20,India,5Y_new,India_5Y_new,-0.07139999999999969,6.9996,7.071,-0.0188983079880208,0.3557570895409126,12.15,84.09,83.305,1,
2024-05-21,India,5Y_new,India_5Y_new,-0.027050000000000907,7.0238,7.0508500000000005,-0.1071807021767956,0.4445233955815029,11.86,84.11,83.265,1,
2024-05-22,India,5Y_new,India_5Y_new,-0.061499999999999666,6.9726,7.0341,-0.1194230194733637,0.3657385332420209,12.29,84.08,83.235,1,
2024-05-23,India,5Y_new,India_5Y_new,-0.07139999999999969,6.9581,7.0295,-0.0341626681738719,0.4029583428636893,12.77,84.1,83.25,1,
2024-05-24,India,5Y_new,India_5Y_new,-0.07969999999999988,6.96,7.0397,-0.0003300068808761,0.2938701368141507,11.93,84.09,83.065,1,
2024-05-27,India,5Y_new,India_5Y_new,-0.050850000000000506,6.9826999999999995,7.03355,-0.1310030029076743,0.4605210565537986,12.36,84.1,83.12950000000001,1,
2024-05-28,India,5Y_new,India_5Y_new,-0.0484,6.986,7.0344,-0.2398564184272075,0.3432162894090628,12.92,84.1,83.18,1,
2024-05-29,India,5Y_new,India_5Y_new,-0.07254999999999967,6.9876000000000005,7.06015,-0.0426718107094831,0.2934903410518436,14.28,84.09,83.36500000000001,1,
2024-05-30,India,5Y_new,India_5Y_new,-0.06364999999999998,6.9866,7.05025,-0.0194447136685794,0.335386878957983,14.47,84.1,83.305,1,
2024-05-31,India,5Y_new,India_5Y_new,-0.057150000000000034,6.9907,7.04785,-0.0745692705862042,0.2845640179049113,12.92,84.09,83.451,1,
2024-06-03,India,5Y_new,India_5Y_new,-0.06894999999999918,6.9541,7.02305,-0.0066274579128992,0.2391416455317732,13.11,84.1,83.1105,1,
2024-06-04,India,5Y_new,India_5Y_new,-0.1009500000000001,6.9943,7.09525,-0.0651824846468283,0.3128395727068526,13.16,84.1,83.5515,1,
2024-06-05,India,5Y_new,India_5Y_new,-0.012749999999999595,7.051,7.06375,0.0467104254472455,0.3398623407120917,12.63,84.09,83.3788,1,
2024-06-06,India,5Y_new,India_5Y_new,0.004850000000000243,7.0422,7.03735,0.072797921884449,0.300929944378715,12.58,84.09,83.4746,1,
2024-06-07,India,5Y_new,India_5Y_new,-0.00775000000000059,7.0108999999999995,7.01865,0.0637455348803709,0.344231418067914,12.22,84.09,83.52600000000001,1,
2024-06-10,India,5Y_new,India_5Y_new,-0.03894999999999982,6.992,7.03095,-0.1348861449576635,0.4012687221259504,12.74,84.09,83.515,1,
2024-06-11,India,5Y_new,India_5Y_new,-0.020199999999999108,6.9976,7.017799999999999,0.0192455032873154,0.3209319918529406,12.85,84.11,83.625,1,
2024-06-12,India,5Y_new,India_5Y_new,-0.035349999999999326,6.99,7.0253499999999995,-0.0741347333632548,0.4032318646209151,12.04,84.09,83.44,1,
2024-06-13,India,5Y_new,India_5Y_new,-0.021749999999999936,6.9841,7.00585,-0.0322068132581613,0.3763836208665851,11.94,84.1,83.55000000000001,1,
2024-06-14,India,5Y_new,India_5Y_new,-0.026250000000000107,6.9756,7.00185,-0.0171963770764377,0.3460537536945195,12.66,84.12,83.55199999999999,1,
2024-06-17,India,5Y_new,India_5Y_new,-0.010750000000000703,6.9761,6.9868500000000004,-0.0461334510418997,0.3415653644091741,12.75,84.08,83.50999999999999,1,
2024-06-18,India,5Y_new,India_5Y_new,-0.02844999999999942,6.971,6.9994499999999995,0.0253196253068685,0.3144541276543164,12.3,84.1,83.345,1,
2024-06-19,India,5Y_new,India_5Y_new,-0.04574999999999996,6.9478,6.99355,-0.1064228529431342,0.4193201325918825,12.48,84.09,83.47,1,
2024-06-20,India,5Y_new,India_5Y_new,-0.030450000000000088,6.9656,6.99605,-0.1180084777044654,0.3583776210074069,13.28,84.08,83.63,1,
2024-06-21,India,5Y_new,India_5Y_new,-0.03625000000000078,6.9552,6.99145,-0.0929963102905605,0.3171054571010109,13.2,84.11,83.563,1,
2024-06-24,India,5Y_new,India_5Y_new,-0.03515000000000068,6.954,6.98915,-0.1076914465221029,0.4724729486784443,13.33,84.09,83.475,1,
2024-06-25,India,5Y_new,India_5Y_new,-0.04995000000000083,6.9536999999999995,7.00365,-0.0566379399583312,0.3923246793350978,12.84,84.09,83.4305,1,
2024-06-26,India,5Y_new,India_5Y_new,-0.05039999999999978,6.9584,7.0088,-0.0111989560836267,0.410736811866684,12.55,84.08,83.57,1,
2024-06-27,India,5Y_new,India_5Y_new,-0.046499999999999986,6.9618,7.0083,-0.1161165705957772,0.3572325478204967,12.24,84.1,83.4464,1,
2024-06-28,India,5Y_new,India_5Y_new,-0.06320000000000014,6.9519,7.0151,-0.0213727852954463,0.4551525832250847,12.44,84.09,83.36,1,
2024-07-01,India,5Y_new,India_5Y_new,-0.06170000000000009,6.9512,7.0129,-0.0389750173101896,0.3593962163696408,12.22,84.08,83.46549999999999,1,1.0
2024-07-02,India,5Y_new,India_5Y_new,-0.04115000000000002,6.972300000000001,7.013450000000001,-0.1706284767928578,0.3964222313411925,12.03,84.11,83.50999999999999,1,
2024-07-03,India,5Y_new,India_5Y_new,-0.03795000000000037,6.956799999999999,6.99475,-0.0690664367037575,0.4026781797413886,12.09,84.09,83.53,1,
2024-07-04,India,5Y_new,India_5Y_new,-0.040000000000000036,6.9555,6.9955,-0.0725197355338729,0.4282008839568062,12.26,84.09,83.5025,1,
2024-07-05,India,5Y_new,India_5Y_new,-0.033949999999999037,6.9534,6.987349999999999,-0.1602494457729255,0.3855861542777685,12.48,84.1,83.50999999999999,1,
2024-07-08,India,5Y_new,India_5Y_new,-0.03220000000000045,6.9501,6.9823,-0.0638661204188877,0.4005385515349636,12.37,84.09,83.50999999999999,1,
2024-07-09,India,5Y_new,India_5Y_new,-0.0301499999999999,6.95,6.98015,-0.1609290221751365,0.4209853500255779,12.51,84.09,83.4925,1,
2024-07-10,India,5Y_new,India_5Y_new,-0.020949999999999136,6.9466,6.967549999999999,-0.0993403255894619,0.3415035385179747,12.85,84.1,83.52000000000001,1,
2024-07-11,India,5Y_new,India_5Y_new,-0.03775000000000084,6.9468,6.9845500000000005,0.1203950721750063,0.3611295838881937,12.92,84.13,83.5157,1,
2024-07-12,India,5Y_new,India_5Y_new,-0.022949999999999804,6.95,6.97295,0.0042459882673976,0.328955270408503,12.46,84.09,83.518,1,
2024-07-15,India,5Y_new,India_5Y_new,-0.0204500000000003,6.9419,6.962350000000001,-0.0662112414742974,0.3536788066899746,13.12,84.09,83.5595,1,
2024-07-16,India,5Y_new,India_5Y_new,0.011849999999999028,6.930899999999999,6.91905,-0.1472097729010628,0.3605777617377757,13.19,84.09,83.5331,1,
2024-07-17,India,5Y_new,India_5Y_new,0.01580000000000048,6.9298,6.914,-0.0373851490354046,0.4359421567651963,14.48,84.08,83.59,1,
2024-07-18,India,5Y_new,India_5Y_new,0.003750000000000142,6.9145,6.91075,0.0003907307978719,0.4258622980356564,15.93,84.08,83.59,1,
2024-07-19,India,5Y_new,India_5Y_new,-0.04375000000000018,6.8723,6.91605,-0.085085667218522,0.3410709974021985,16.52,84.08,83.729,1,
2023-11-15,India,5Y_orig,India_5Y_orig,0.03560000000000052,7.297000000000001,7.2614,-0.0177368479444363,0.2803565603809002,14.18,82.91,83.193,1,
2023-11-16,India,5Y_orig,India_5Y_orig,-0.029799999999999827,7.234,7.2638,-0.0832105921111227,0.3804436217687347,14.32,82.93,83.1603,1,
2023-11-17,India,5Y_orig,India_5Y_orig,-0.009199999999999875,7.224,7.2332,-0.1054511843516392,0.3021348996455436,13.8,82.93,83.249,1,
2023-11-20,India,5Y_orig,India_5Y_orig,-0.06824999999999992,7.224,7.29225,-0.0513090687262516,0.2499692968819048,13.41,82.9,83.322,1,
2023-11-21,India,5Y_orig,India_5Y_orig,-0.04269999999999996,7.226,7.2687,0.1036920114360873,0.3815581087458161,13.35,82.92,83.3355,1,
2023-11-22,India,5Y_orig,India_5Y_orig,-0.05934999999999935,7.2330000000000005,7.29235,-0.0624776213896683,0.3990808116999311,12.85,82.92,83.31450000000001,1,
2023-11-23,India,5Y_orig,India_5Y_orig,-9.999999999976694e-05,7.245,7.2451,-0.1631248322789588,0.40648042736181,12.8,82.9,83.3335,1,
2023-11-24,India,5Y_orig,India_5Y_orig,-0.059499999999999886,7.245,7.3045,-0.0576152373690752,0.3827388893151985,12.46,82.89,83.345,1,
2023-11-27,India,5Y_orig,India_5Y_orig,-0.059499999999999886,7.245,7.3045,-0.0898192003633658,0.4030971206885568,12.69,82.91,83.33500000000001,1,
2023-11-28,India,5Y_orig,India_5Y_orig,-0.027699999999999392,7.265000000000001,7.2927,-0.0429609045529248,0.3467541149883034,12.69,82.9,83.345,1,
2023-11-29,India,5Y_orig,India_5Y_orig,-0.07005000000000017,7.199,7.26905,0.0519253909872412,0.2593629865022703,12.98,82.93,83.357,1,
2023-11-30,India,5Y_orig,India_5Y_orig,-0.10404999999999998,7.184,7.28805,0.0675721522735195,0.3274400551833711,12.92,82.9,83.38300000000001,1,
2023-12-01,India,5Y_orig,India_5Y_orig,-0.04469999999999885,7.265000000000001,7.309699999999999,0.0275737711216371,0.3295711631874473,12.63,82.92,83.265,1,
2023-12-04,India,5Y_orig,India_5Y_orig,-0.028099999999999348,7.265000000000001,7.2931,0.0730151417781628,0.3648636962633933,13.08,82.89,83.43100000000001,1,
2023-12-05,India,5Y_orig,India_5Y_orig,-0.015400000000000524,7.242,7.2574000000000005,-0.0458192672957313,0.351563140262158,12.85,82.92,83.32499999999999,1,
2023-12-06,India,5Y_orig,India_5Y_orig,-0.0031999999999996476,7.24,7.2432,-0.0980825811084435,0.3178393151867629,12.97,82.9,83.33699999999999,1,
2023-12-07,India,5Y_orig,India_5Y_orig,-0.01839999999999975,7.232,7.2504,0.0570776091491266,0.3961042213587781,13.06,82.9,83.348,1,
2023-12-08,India,5Y_orig,India_5Y_orig,-0.010800000000000587,7.234999999999999,7.2458,-0.0452974966416105,0.3721593959213368,12.35,82.9,83.43,1,
2023-12-11,India,5Y_orig,India_5Y_orig,-0.027500000000000746,7.234999999999999,7.2625,0.112564829974251,0.317440772054764,12.63,82.9,83.35499999999999,1,
2023-12-12,India,5Y_orig,India_5Y_orig,-0.025750000000000384,7.244,7.26975,-0.0603785975806497,0.2506210415810909,12.07,82.92,83.40100000000001,1,
2023-12-13,India,5Y_orig,India_5Y_orig,-0.02090000000000014,7.225,7.2459,-0.0593377321586446,0.3161856079132095,12.19,82.91,83.35499999999999,1,
2023-12-14,India,5Y_orig,India_5Y_orig,0.06124999999999936,7.212,7.15075,-0.0485256945908608,0.2887354258347774,12.48,82.95,83.312,1,
2023-12-15,India,5Y_orig,India_5Y_orig,-0.05015000000000036,7.0649999999999995,7.11515,-0.0298338544934059,0.3751615459360063,12.28,82.9,83.025,1,
2023-12-18,India,5Y_orig,India_5Y_orig,-0.05015000000000036,7.0649999999999995,7.11515,0.0225773932794203,0.3550463701603236,12.56,82.92,83.149,1,
2023-12-19,India,5Y_orig,India_5Y_orig,-0.0030999999999998806,7.112,7.1151,0.0786313242344997,0.4081365206492103,12.53,82.92,83.11099999999999,1,
2023-12-20,India,5Y_orig,India_5Y_orig,-0.020800000000000374,7.111,7.1318,0.0142549815878283,0.4598892956200726,13.67,82.93,83.1665,1,
2023-12-21,India,5Y_orig,India_5Y_orig,-0.11275000000000013,7.05,7.16275,0.0564542705478738,0.3467525350102172,13.65,82.91,83.219,1,
2023-12-22,India,5Y_orig,India_5Y_orig,-0.11285000000000078,7.05,7.162850000000001,-0.094419262894144,0.4008256949705817,13.03,82.92,83.19149999999999,1,
2023-12-25,India,5Y_orig,India_5Y_orig,-0.11285000000000078,7.05,7.162850000000001,-0.1229399998950934,0.2872672221995475,13.03,82.92,83.16900000000001,1,
2023-12-26,India,5Y_orig,India_5Y_orig,0.007949999999999235,7.135,7.1270500000000006,-0.1217749908248511,0.3165563678620492,12.99,82.91,83.16300000000001,1,
2023-12-27,India,5Y_orig,India_5Y_orig,-0.03274999999999917,7.123,7.155749999999999,-0.1374986548524537,0.3536838453847256,12.43,82.92,83.268,1,
2023-12-28,India,5Y_orig,India_5Y_orig,-0.02554999999999996,7.123,7.14855,-0.05312048251349,0.3320141455999325,12.47,82.9,83.174,1,
2023-12-29,India,5Y_orig,India_5Y_orig,-0.008599999999999497,7.140000000000001,7.1486,0.0186696505436924,0.2495401732295225,12.45,82.91,83.2175,1,
2024-01-01,India,5Y_orig,India_5Y_orig,-0.03404999999999969,7.105,7.13905,-0.069463408967203,0.34466397865834,12.45,82.91,83.2425,1,0.0
2024-01-02,India,5Y_orig,India_5Y_orig,-0.05804999999999971,7.093,7.15105,-0.0720168193342256,0.3718034234880091,13.2,82.88,83.275,1,
2024-01-03,India,5Y_orig,India_5Y_orig,-0.03715000000000046,7.09,7.12715,-0.1331973042890171,0.2909375138506103,14.04,82.89,83.2907,1,
2024-01-04,India,5Y_orig,India_5Y_orig,-0.044150000000000134,7.083,7.12715,-0.0126998601936604,0.3521548209090288,14.13,82.9,83.24799999999999,1,
2024-01-05,India,5Y_orig,India_5Y_orig,-0.05420000000000069,7.085,7.139200000000001,0.0607313625758556,0.331233705590499,13.35,82.9,83.132,1,
2024-01-08,India,5Y_orig,India_5Y_orig,-0.06620000000000026,7.073,7.139200000000001,0.0096451008229858,0.3073215622582985,13.08,82.91,83.05000000000001,1,
2024-01-09,India,5Y_orig,India_5Y_orig,-0.04565000000000019,7.048,7.09365,-0.0351911908826771,0.4210103970501575,12.76,82.9,83.114,1,
2024-01-10,India,5Y_orig,India_5Y_orig,-0.04084999999999983,7.048,7.08885,0.0669978051108359,0.4072940071404617,12.69,82.92,83.02799999999999,1,
2024-01-11,India,5Y_orig,India_5Y_orig,0.027499999999999858,7.09,7.0625,0.1186681232308933,0.3396525072073427,12.44,82.92,83.068,1,
2024-01-12,India,5Y_orig,India_5Y_orig,-0.020499999999999297,7.085,7.105499999999999,-0.0012051448457365,0.4235394118636895,12.7,82.9,82.862,1,
2024-01-15,India,5Y_orig,India_5Y_orig,-0.04875000000000007,7.047000000000001,7.095750000000001,-0.0608357599941131,0.3630132889063167,13.25,82.9,82.832,1,
2024-01-16,India,5Y_orig,India_5Y_orig,-0.02620000000000111,7.055,7.081200000000001,0.0726900530683039,0.4136040068024444,13.84,82.89,83.089,1,
2024-01-17,India,5Y_orig,India_5Y_orig,-0.03515000000000068,7.0675,7.102650000000001,-0.0486807790042696,0.2319502442261334,14.79,82.89,83.187,1,
2024-01-18,India,5Y_orig,India_5Y_orig,-0.015399999999999636,7.0799,7.0953,-0.037763534421636,0.3769732825724255,14.13,82.92,83.17,1,
2024-01-19,India,5Y_orig,India_5Y_orig,-0.016949999999999577,7.085100000000001,7.10205,-0.010178042443207,0.3291762092185449,13.3,82.91,83.0989,1,
2024-01-22,India,5Y_orig,India_5Y_orig,-0.01774999999999949,7.0914,7.10915,0.0693403462694592,0.35498178394118,13.19,82.91,83.10499999999999,1,
2024-01-23,India,5Y_orig,India_5Y_orig,-0.01454999999999984,7.0847999999999995,7.099349999999999,-0.0394207140128564,0.3105252248644163,12.55,82.9,83.155,1,
2024-01-24,India,5Y_orig,India_5Y_orig,-0.02705000000000002,7.077,7.10405,0.1618595197780679,0.302095137509968,13.14,82.92,83.13499999999999,1,
2024-01-25,India,5Y_orig,India_5Y_orig,0.01264999999999894,7.0870999999999995,7.074450000000001,0.0195627341061907,0.3356903080420737,13.45,82.91,83.172,1,
2024-01-26,India,5Y_orig,India_5Y_orig,0.013300000000000978,7.0829,7.069599999999999,0.0693570306791612,0.3663865455439595,13.26,82.91,83.12,1,
2024-01-29,India,5Y_orig,India_5Y_orig,0.0019999999999997797,7.0811,7.0791,-0.0147781971519572,0.2624313741103211,13.6,82.92,83.13900000000001,1,
2024-01-30,India,5Y_orig,India_5Y_orig,-0.04479999999999951,7.015000000000001,7.0598,-0.0937556076753805,0.3212990002139336,13.31,82.9,83.125,1,
2024-01-31,India,5Y_orig,India_5Y_orig,0.034450000000000536,7.082,7.047549999999999,-0.0653179660133577,0.3476222377576292,14.35,82.92,83.1,1,
2024-02-01,India,5Y_orig,India_5Y_orig,0.025500000000000078,7.0705,7.045,-0.0098152453034891,0.3221134681116538,13.88,82.91,82.952,1,
2024-02-02,India,5Y_orig,India_5Y_orig,0.014799999999999258,7.052,7.0372,-0.060503808795877,0.3151882896213559,13.85,82.89,83.00399999999999,1,
2024-02-05,India,5Y_orig,India_5Y_orig,0.036599999999999966,7.1003,7.0637,0.0319527155297706,0.322421593923437,13.67,82.87,83.041,1,
2024-02-06,India,5Y_orig,India_5Y_orig,0.015200000000000102,7.0352,7.02,0.0678098329958685,0.2991426575201461,13.06,82.91,83.06700000000001,1,
2024-02-07,India,5Y_orig,India_5Y_orig,0.04614999999999991,7.0442,6.99805,-0.0101839083565642,0.29377551058761,12.83,82.9,82.982,1,
2024-02-08,India,5Y_orig,India_5Y_orig,-0.045100000000000584,7.0278,7.072900000000001,-0.0413465798454749,0.3317368111054482,12.79,82.9,82.983,1,
2024-02-09,India,5Y_orig,India_5Y_orig,-0.0641500000000006,7.0302,7.09435,0.0713512984260243,0.3291299708677651,12.93,82.9,83.005,1,
2024-02-12,India,5Y_orig,India_5Y_orig,-0.04614999999999991,7.0578,7.10395,0.0246090638697338,0.3637096707574017,13.93,82.9,82.975,1,
2024-02-13,India,5Y_orig,India_5Y_orig,-0.03605000000000036,7.058,7.09405,-0.0642155291505235,0.3680859258668764,15.85,82.9,83.10300000000001,1,
2024-02-14,India,5Y_orig,India_5Y_orig,-0.03434999999999988,7.0596,7.0939499999999995,0.0301544879249873,0.4816643087236471,14.38,82.92,83.039,1,
2024-02-15,India,5Y_orig,India_5Y_orig,-0.017450000000000188,7.0861,7.10355,0.0030339250711236,0.346295913227414,14.01,82.92,82.993,1,
2024-02-16,India,5Y_orig,India_5Y_orig,-0.0472999999999999,7.0484,7.0957,-0.1040906318202947,0.3414651384769595,14.24,82.89,83.018,1,
2024-02-19,India,5Y_orig,India_5Y_orig,-0.046499999999999986,7.0443,7.0908,0.0215357097033456,0.3564070766710966,14.71,82.9,83.031,1,
2024-02-20,India,5Y_orig,India_5Y_orig,-0.045099999999999696,7.0285,7.0736,-0.0593207661523112,0.4115049197459158,15.42,82.91,82.89500000000001,1,
2024-02-21,India,5Y_orig,India_5Y_orig,0.008449999999999847,7.0550999999999995,7.04665,0.0527186816683166,0.3362670599685726,15.34,82.9,82.935,1,
2024-02-22,India,5Y_orig,India_5Y_orig,-0.04420000000000002,7.0267,7.0709,-0.0232225534769187,0.3913547954180503,14.54,82.89,82.842,1,
2024-02-23,India,5Y_orig,India_5Y_orig,-0.054550000000000765,7.0306,7.0851500000000005,0.0958008201616267,0.3749143348823748,13.75,82.89,82.8865,1,
2024-02-26,India,5Y_orig,India_5Y_orig,-0.03405000000000058,7.0412,7.0752500000000005,-0.0397191881642745,0.3878988688407476,13.74,82.9,82.8735,1,
2024-02-27,India,5Y_orig,India_5Y_orig,-0.04574999999999996,7.022,7.06775,-0.0663525281381985,0.3436632727531828,13.43,82.9,82.9045,1,
2024-02-28,India,5Y_orig,India_5Y_orig,-0.06469999999999931,7.000500000000001,7.0652,0.0150847975776374,0.3397261956118533,13.84,82.9,82.92500000000001,1,
2024-02-29,India,5Y_orig,India_5Y_orig,-0.06634999999999991,7.0035,7.06985,0.0069852827037973,0.3333710164003237,13.4,82.88,82.91,1,
2024-03-01,India,5Y_orig,India_5Y_orig,-0.03495000000000026,7.032,7.06695,0.0170463370263792,0.3523196045965337,13.11,82.89,82.846,1,
2024-03-04,India,5Y_orig,India_5Y_orig,-0.044449999999999434,7.0396,7.0840499999999995,0.1183845365107289,0.3777858911796585,13.49,82.89,82.916,1,
2024-03-05,India,5Y_orig,India_5Y_orig,-0.054199999999999804,7.015000000000001,7.0692,-0.0757927413203205,0.3951354257444496,14.46,82.9,82.896,1,
2024-03-06,India,5Y_orig,India_5Y_orig,-0.053800000000000736,7.0054,7.059200000000001,-0.047470240161845,0.3898624163159413,14.5,82.89,82.805,1,
2024-03-07,India,5Y_orig,India_5Y_orig,-0.05550000000000033,6.9909,7.0464,-0.0170721944686226,0.4123090054839501,14.44,82.89,82.713,1,
2024-03-08,India,5Y_orig,India_5Y_orig,-0.05430000000000046,6.9872,7.0415,0.011206076093862,0.457187615903931,14.74,82.9,82.744,1,
2024-03-11,India,5Y_orig,India_5Y_orig,-0.056400000000000006,6.98,7.0364,0.0322670937349317,0.3910358827068153,15.22,82.89,82.731,1,
2024-03-12,India,5Y_orig,India_5Y_orig,-0.07409999999999961,6.9573,7.0314,-0.0701047596893623,0.3108558433887124,13.84,82.89,82.78585000000001,1,
2024-03-13,India,5Y_orig,India_5Y_orig,-0.03450000000000042,6.9721,7.006600000000001,0.0669593947270599,0.3721483705349558,13.75,82.88,82.835,1,
2024-03-14,India,5Y_orig,India_5Y_orig,-0.06614999999999949,6.9797,7.04585,-0.0053679072410476,0.3400004355375188,14.4,82.89,82.9425,1,
2024-03-15,India,5Y_orig,India_5Y_orig,-0.06654999999999944,6.9962,7.062749999999999,-0.1103793264112232,0.3632966502069039,14.41,82.89,82.888,1,
2024-03-18,India,5Y_orig,India_5Y_orig,-0.0749500000000003,7.0149,7.08985,-0.0042898760518633,0.2961876650976322,14.33,82.9,82.92500000000001,1,
2024-03-19,India,5Y_orig,India_5Y_orig,-0.05445000000000011,7.0229,7.07735,-0.064757265015338,0.3652581518146578,13.82,82.89,83.03450000000001,1,
2024-03-20,India,5Y_orig,India_5Y_orig,-0.05670000000000108,7.0329,7.089600000000001,0.0082412526363503,0.2708449391784497,13.04,84.11,83.2005,1,
2024-03-21,India,5Y_orig,India_5Y_orig,-0.025900000000000034,7.0463000000000005,7.0722000000000005,-0.139628576743776,0.4140082507655686,12.92,84.13,83.20150000000001,1,
2024-03-22,India,5Y_orig,India_5Y_orig,-0.03950000000000031,7.0273,7.066800000000001,-0.0251095401527895,0.4145068208769217,13.06,84.13,83.58699999999999,1,
2024-03-25,India,5Y_orig,India_5Y_orig,-0.037200000000000344,7.0122,7.0494,0.0313908382999412,0.1786168467345315,13.19,84.09,83.4148,1,
2024-03-26,India,5Y_orig,India_5Y_orig,-0.0365000000000002,7.0302,7.0667,0.0496038468067573,0.3553527059418075,13.24,84.12,83.3295,1,
2024-03-27,India,5Y_orig,India_5Y_orig,-0.03715000000000046,7.0319,7.069050000000001,0.0494736764748067,0.3334368460221984,12.78,84.11,83.3215,1,
2024-03-28,India,5Y_orig,India_5Y_orig,-0.0049000000000001265,7.0165,7.0214,-0.068033182063663,0.3172880699077282,13.01,84.1,83.37950000000001,1,
2024-03-29,India,5Y_orig,India_5Y_orig,-0.005600000000000271,7.0133,7.0189,0.0382383737535303,0.3174913477548708,13.01,84.12,83.365,1,
2024-04-01,India,5Y_orig,India_5Y_orig,-0.005600000000000271,7.0133,7.0189,-0.1433304146892569,0.3871144803793509,13.65,84.11,83.3875,1,
2024-04-02,India,5Y_orig,India_5Y_orig,0.00019999999999953388,7.0289,7.028700000000001,-0.0056854014578003,0.3255767671618069,14.61,84.1,83.3495,1,
2024-04-03,India,5Y_orig,India_5Y_orig,-0.008749999999999147,7.0821000000000005,7.09085,0.0925315724284063,0.3819385940672261,14.33,84.11,83.51050000000001,1,
2024-04-04,India,5Y_orig,India_5Y_orig,-0.00280000000000058,7.0954,7.0982,-0.1662438371807585,0.381984522462625,16.35,84.1,83.36500000000001,1,
2024-04-05,India,5Y_orig,India_5Y_orig,0.005000000000000782,7.0905000000000005,7.0855,-0.0514480871783133,0.3112171547441133,16.03,84.1,83.32050000000001,1,
2024-04-08,India,5Y_orig,India_5Y_orig,-0.020800000000000374,7.1045,7.1253,-0.0779010799517011,0.427212690262977,15.19,84.09,83.285,1,
2024-04-09,India,5Y_orig,India_5Y_orig,-0.027249999999999552,7.1256,7.15285,0.0711873432825159,0.3496731250007253,14.98,84.12,83.1925,1,
2024-04-10,India,5Y_orig,India_5Y_orig,0.015550000000000175,7.1207,7.10515,-0.0755978669888737,0.2934241591422578,15.8,84.11,83.3963,1,
2024-04-11,India,5Y_orig,India_5Y_orig,0.02030000000000065,7.1104,7.0901,0.0692353521122224,0.3537904440319427,14.91,84.11,83.33359999999999,1,
2024-04-12,India,5Y_orig,India_5Y_orig,-0.0893000000000006,7.0985,7.1878,-0.0085394737509587,0.3328366053576165,17.31,84.12,83.565,1,
2024-04-15,India,5Y_orig,India_5Y_orig,-0.02084999999999937,7.1493,7.17015,-0.0940791370896638,0.3573955944258386,19.23,84.07,83.5115,1,
2024-04-16,India,5Y_orig,India_5Y_orig,-0.006199999999999761,7.1387,7.1449,-0.0582470207639148,0.3598197494313602,18.4,84.1,83.6645,1,
2024-04-17,India,5Y_orig,India_5Y_orig,-0.010699999999999932,7.1518,7.1625,-0.0186366365191152,0.400055344631632,18.21,84.11,83.6613,1,
2024-04-18,India,5Y_orig,India_5Y_orig,-0.02925000000000022,7.1635,7.19275,-0.0556926993398041,0.4142328304302796,18.0,84.1,83.53999999999999,1,
2024-04-19,India,5Y_orig,India_5Y_orig,-0.008399999999999963,7.1464,7.1548,-0.0461364153935487,0.3632052158054137,18.71,84.11,83.38550000000001,1,
2024-04-22,India,5Y_orig,India_5Y_orig,-0.032900000000000595,7.1572,7.1901,-0.0359978590601834,0.2875636365826807,16.94,84.1,83.37,1,
2024-04-23,India,5Y_orig,India_5Y_orig,0.009100000000000108,7.1739,7.1648,0.0127001279300131,0.3275371921119004,15.69,84.1,83.29650000000001,1,
2024-04-24,India,5Y_orig,India_5Y_orig,-0.07380000000000031,7.1441,7.2179,-0.0710409791989774,0.3727557158253614,15.97,84.09,83.3249,1,
2024-04-25,India,5Y_orig,India_5Y_orig,-0.06424999999999947,7.1562,7.22045,-0.0689131817194115,0.3338372450989742,15.37,84.07,83.315,1,
2024-04-26,India,5Y_orig,India_5Y_orig,-0.010500000000000398,7.1592,7.169700000000001,-0.0902912201389645,0.3411842881803151,15.03,84.1,83.405,1,
2024-04-29,India,5Y_orig,India_5Y_orig,-0.00790000000000024,7.1795,7.1874,0.01113378907027,0.255921133617021,14.67,84.11,83.425,1,
2024-04-30,India,5Y_orig,India_5Y_orig,-0.0005999999999994898,7.1817,7.1823,0.0292244874144989,0.3434416837213916,15.65,84.1,83.46000000000001,1,
2024-05-01,India,5Y_orig,India_5Y_orig,0.001000000000000334,7.1757,7.1747,-0.0903762703643939,0.2953230867896757,15.39,84.11,83.4675,1,
2024-05-02,India,5Y_orig,India_5Y_orig,0.0019999999999997797,7.1792,7.1772,-0.035796637711596,0.4656821023057726,14.68,84.12,83.4625,1,
2024-05-03,India,5Y_orig,India_5Y_orig,-0.009100000000000108,7.1401,7.1492,-0.13218928085925,0.3242375617426255,13.49,84.15,83.381,1,
2024-05-06,India,5Y_orig,India_5Y_orig,-0.02755000000000063,7.0886,7.11615,0.0260712370779906,0.3067641893207239,13.49,84.12,83.495,1,
2024-05-07,India,5Y_orig,India_5Y_orig,-0.0018500000000001293,7.0838,7.08565,-0.0367869332537806,0.3611276514274801,13.23,84.11,83.4671,1,
2024-05-08,India,5Y_orig,India_5Y_orig,0.000600000000000378,7.0887,7.0881,-0.029931838302034,0.3054305515742305,13.0,84.09,83.47149999999999,1,
2024-05-09,India,5Y_orig,India_5Y_orig,-0.01789999999999914,7.0905000000000005,7.1084,-0.0775490714303758,0.2899856250269624,12.69,84.1,83.4495,1,
2024-05-10,India,5Y_orig,India_5Y_orig,-0.09764999999999979,7.087,7.1846499999999995,-0.0179995014699769,0.3855766376863513,12.55,84.1,83.54599999999999,1,
2024-05-13,India,5Y_orig,India_5Y_orig,-0.05895000000000028,7.0645,7.12345,0.0158489958063633,0.418106842711366,13.6,84.11,83.47,1,
2024-05-14,India,5Y_orig,India_5Y_orig,-0.03960000000000008,7.0609,7.1005,-0.0637412715286025,0.3814515039482405,13.42,84.11,83.4907,1,
2024-05-15,India,5Y_orig,India_5Y_orig,-0.02859999999999996,7.0515,7.0801,-0.0830248605872316,0.4160919328135556,12.45,84.14,83.4204,1,
2024-05-16,India,5Y_orig,India_5Y_orig,-0.017100000000001003,7.0375,7.054600000000001,-0.0513845483469102,0.3412888852107742,12.42,84.09,83.465,1,
2024-05-17,India,5Y_orig,India_5Y_orig,-0.009500000000000064,7.0118,7.0213,0.0038098341964577,0.3907220201686696,11.99,84.1,83.3075,1,
2024-05-20,India,5Y_orig,India_5Y_orig,-0.008249999999999424,7.002800000000001,7.01105,-0.0188983079880208,0.3557570895409126,12.15,84.09,83.305,1,
2024-05-21,India,5Y_orig,India_5Y_orig,-0.06950000000000056,6.9822,7.0517,-0.1071807021767956,0.4445233955815029,11.86,84.11,83.265,1,
2024-05-22,India,5Y_orig,India_5Y_orig,-0.12540000000000084,7.0054,7.130800000000001,-0.1194230194733637,0.3657385332420209,12.29,84.08,83.235,1,
2024-05-23,India,5Y_orig,India_5Y_orig,-0.1266999999999996,6.9939,7.1206,-0.0341626681738719,0.4029583428636893,12.77,84.1,83.25,1,
2024-05-24,India,5Y_orig,India_5Y_orig,-0.009249999999999758,6.991099999999999,7.000349999999999,-0.0003300068808761,0.2938701368141507,11.93,84.09,83.065,1,
2024-05-27,India,5Y_orig,India_5Y_orig,-0.028499999999999304,6.984500000000001,7.013,-0.1310030029076743,0.4605210565537986,12.36,84.1,83.12950000000001,1,
2024-05-28,India,5Y_orig,India_5Y_orig,-0.05730000000000057,6.9887999999999995,7.0461,-0.2398564184272075,0.3432162894090628,12.92,84.1,83.18,1,
2024-05-29,India,5Y_orig,India_5Y_orig,-0.047250000000000014,6.9937000000000005,7.0409500000000005,-0.0426718107094831,0.2934903410518436,14.28,84.09,83.36500000000001,1,
2024-05-30,India,5Y_orig,India_5Y_orig,-0.06639999999999979,6.9976,7.064,-0.0194447136685794,0.335386878957983,14.47,84.1,83.305,1,
2024-05-31,India,5Y_orig,India_5Y_orig,-0.04499999999999993,7.0009,7.0459,-0.0745692705862042,0.2845640179049113,12.92,84.09,83.451,1,
2024-06-03,India,5Y_orig,India_5Y_orig,-0.04139999999999944,6.9762,7.0176,-0.0066274579128992,0.2391416455317732,13.11,84.1,83.1105,1,
2024-06-04,India,5Y_orig,India_5Y_orig,-0.09304999999999986,6.9963999999999995,7.089449999999999,-0.0651824846468283,0.3128395727068526,13.16,84.1,83.5515,1,
2024-06-05,India,5Y_orig,India_5Y_orig,0.004450000000000287,7.063000000000001,7.05855,0.0467104254472455,0.3398623407120917,12.63,84.09,83.3788,1,
2024-06-06,India,5Y_orig,India_5Y_orig,0.021100000000000563,7.0488,7.027699999999999,0.072797921884449,0.300929944378715,12.58,84.09,83.4746,1,
2024-06-07,India,5Y_orig,India_5Y_orig,-0.009050000000000225,7.0184,7.02745,0.0637455348803709,0.344231418067914,12.22,84.09,83.52600000000001,1,
2024-06-10,India,5Y_orig,India_5Y_orig,-0.007550000000000168,7.0045,7.01205,-0.1348861449576635,0.4012687221259504,12.74,84.09,83.515,1,
2024-06-11,India,5Y_orig,India_5Y_orig,0.011849999999999028,7.0108999999999995,6.99905,0.0192455032873154,0.3209319918529406,12.85,84.11,83.625,1,
2024-06-12,India,5Y_orig,India_5Y_orig,0.0007500000000000284,6.997199999999999,6.996449999999999,-0.0741347333632548,0.4032318646209151,12.04,84.09,83.44,1,
2024-06-13,India,5Y_orig,India_5Y_orig,9.999999999976694e-05,6.9939,6.9938,-0.0322068132581613,0.3763836208665851,11.94,84.1,83.55000000000001,1,
2024-06-14,India,5Y_orig,India_5Y_orig,-0.10135000000000005,6.9877,7.08905,-0.0171963770764377,0.3460537536945195,12.66,84.12,83.55199999999999,1,
2024-06-17,India,5Y_orig,India_5Y_orig,-0.09830000000000005,6.9803999999999995,7.0786999999999995,-0.0461334510418997,0.3415653644091741,12.75,84.08,83.50999999999999,1,
2024-06-18,India,5Y_orig,India_5Y_orig,-0.0602999999999998,6.977,7.0373,0.0253196253068685,0.3144541276543164,12.3,84.1,83.345,1,
2024-06-19,India,5Y_orig,India_5Y_orig,-0.021900000000000475,6.9689,6.9908,-0.1064228529431342,0.4193201325918825,12.48,84.09,83.47,1,
2024-06-20,India,5Y_orig,India_5Y_orig,-0.01750000000000007,6.968,6.9855,-0.1180084777044654,0.3583776210074069,13.28,84.08,83.63,1,
2024-06-21,India,5Y_orig,India_5Y_orig,-0.028850000000000264,6.9719999999999995,7.00085,-0.0929963102905605,0.3171054571010109,13.2,84.11,83.563,1,
2024-06-24,India,5Y_orig,India_5Y_orig,-0.00835000000000008,6.9614,6.96975,-0.1076914465221029,0.4724729486784443,13.33,84.09,83.475,1,
2024-06-25,India,5Y_orig,India_5Y_orig,-0.029950000000000365,6.9604,6.99035,-0.0566379399583312,0.3923246793350978,12.84,84.09,83.4305,1,
2024-06-26,India,5Y_orig,India_5Y_orig,-0.03995000000000015,6.9658999999999995,7.00585,-0.0111989560836267,0.410736811866684,12.55,84.08,83.57,1,
2024-06-27,India,5Y_orig,India_5Y_orig,-0.01875000000000071,6.9689,6.98765,-0.1161165705957772,0.3572325478204967,12.24,84.1,83.4464,1,
2024-06-28,India,5Y_orig,India_5Y_orig,-0.0004499999999998394,6.9714,6.97185,-0.0213727852954463,0.4551525832250847,12.44,84.09,83.36,1,
2024-07-01,India,5Y_orig,India_5Y_orig,-0.00909999999999922,6.9731000000000005,6.9822,-0.0389750173101896,0.3593962163696408,12.22,84.08,83.46549999999999,1,1.0
2024-07-02,India,5Y_orig,India_5Y_orig,0.010699999999999932,6.9928,6.9821,-0.1706284767928578,0.3964222313411925,12.03,84.11,83.50999999999999,1,
2024-07-03,India,5Y_orig,India_5Y_orig,0.008550000000000502,6.9828,6.97425,-0.0690664367037575,0.4026781797413886,12.09,84.09,83.53,1,
2024-07-04,India,5Y_orig,India_5Y_orig,-0.0010999999999992127,6.9731000000000005,6.9742,-0.0725197355338729,0.4282008839568062,12.26,84.09,83.5025,1,
2024-07-05,India,5Y_orig,India_5Y_orig,0.010399999999999743,6.9688,6.9584,-0.1602494457729255,0.3855861542777685,12.48,84.1,83.50999999999999,1,
2024-07-08,India,5Y_orig,India_5Y_orig,0.000300000000000189,6.9638,6.9635,-0.0638661204188877,0.4005385515349636,12.37,84.09,83.50999999999999,1,
2024-07-09,India,5Y_orig,India_5Y_orig,0.011250000000000426,6.9695,6.95825,-0.1609290221751365,0.4209853500255779,12.51,84.09,83.4925,1,
2024-07-10,India,5Y_orig,India_5Y_orig,0.019899999999999807,6.9677,6.9478,-0.0993403255894619,0.3415035385179747,12.85,84.1,83.52000000000001,1,
2024-07-11,India,5Y_orig,India_5Y_orig,0.010100000000000442,6.963,6.9529,0.1203950721750063,0.3611295838881937,12.92,84.13,83.5157,1,
2024-07-12,India,5Y_orig,India_5Y_orig,-0.05109999999999992,6.9589,7.01,0.0042459882673976,0.328955270408503,12.46,84.09,83.518,1,
2024-07-15,India,5Y_orig,India_5Y_orig,0.011250000000000426,6.9609000000000005,6.94965,-0.0662112414742974,0.3536788066899746,13.12,84.09,83.5595,1,
2024-07-16,India,5Y_orig,India_5Y_orig,-0.0011499999999999844,6.9454,6.94655,-0.1472097729010628,0.3605777617377757,13.19,84.09,83.5331,1,
2024-07-17,India,5Y_orig,India_5Y_orig,0.0007500000000000284,6.9421,6.94135,-0.0373851490354046,0.4359421567651963,14.48,84.08,83.59,1,
2024-07-18,India,5Y_orig,India_5Y_orig,0.030799999999999272,6.9300999999999995,6.8993,0.0003907307978719,0.4258622980356564,15.93,84.08,83.59,1,
2024-07-19,India,5Y_orig,India_5Y_orig,0.011350000000000193,6.8863,6.87495,-0.085085667218522,0.3410709974021985,16.52,84.08,83.729,1,
2022-09-20,Indonesia,10Y,Indonesia_10Y,-0.2919269999999994,4.715534,5.007460999999999,-0.1130515930983758,0.430261108108048,27.16,122.65,14982.5,0,
2022-09-21,Indonesia,10Y,Indonesia_10Y,-0.30002200000000023,4.748013,5.0480350000000005,-0.2001948103419428,0.38632504151686,27.99,128.51,14997.5,0,
2022-09-22,Indonesia,10Y,Indonesia_10Y,-0.2827900000000003,4.780651,5.063441,-0.0032861704700144,0.3521569254745391,27.35,134.52,15017.5,0,
2022-09-23,Indonesia,10Y,Indonesia_10Y,-0.10961049999999961,4.9451625,5.054773,-0.0920440705140916,0.4406766320738224,29.92,141.35,15037.5,0,
2022-09-26,Indonesia,10Y,Indonesia_10Y,-0.1897624999999996,5.0451525,5.234915,-0.0834222363423089,0.3795364732153156,32.26,154.25,15127.5,0,
2022-09-27,Indonesia,10Y,Indonesia_10Y,-0.16792150000000028,5.2479455,5.415867,-0.0962300988061664,0.3672502104205218,32.6,154.1,15122.5,0,
2022-09-28,Indonesia,10Y,Indonesia_10Y,0.14809099999999908,5.506957,5.358866000000001,-0.2252066235798114,0.4938503208976022,30.18,166.69,15262.5,0,
2022-09-29,Indonesia,10Y,Indonesia_10Y,-0.030985000000000262,5.368595,5.39958,-0.0360239614670953,0.3775921271933492,31.84,166.88,15262.5,0,
2022-09-30,Indonesia,10Y,Indonesia_10Y,0.0167010000000003,5.47281,5.456109,-0.1325601417730036,0.3539020243286764,31.62,157.89,15227.5,0,
2022-10-03,Indonesia,10Y,Indonesia_10Y,-0.022140499999999896,5.4208285,5.442969,0.0792951205898547,0.3369170092067682,30.1,157.83,15302.5,0,
2022-10-04,Indonesia,10Y,Indonesia_10Y,-0.2875690000000004,5.062605,5.350174,-0.0133024104544767,0.4465052752211919,29.07,157.76,15247.5,0,
2022-10-05,Indonesia,10Y,Indonesia_10Y,-0.06368099999999988,5.197869,5.26155,-0.0587391480354377,0.4656350815316961,28.55,144.13,15192.5,0,
2022-10-06,Indonesia,10Y,Indonesia_10Y,-0.12612300000000065,5.181350999999999,5.307474,-0.1725297703898493,0.4539017496105067,30.52,150.98,15187.5,0,
2022-10-07,Indonesia,10Y,Indonesia_10Y,-0.1486584999999998,5.2496624999999995,5.398320999999999,-0.0253231301370955,0.4724809689029671,31.36,153.96,15252.5,0,
2022-10-10,Indonesia,10Y,Indonesia_10Y,-0.22212050000000083,5.2496624999999995,5.471783,-0.1571323805449305,0.48623530741744,32.45,158.83,15312.5,0,
2022-10-11,Indonesia,10Y,Indonesia_10Y,-0.14238699999999938,5.457022,5.599409,-0.1455318594976928,0.3482740302211982,33.63,165.74,15357.5,0,
2022-10-12,Indonesia,10Y,Indonesia_10Y,-0.07833350000000028,5.4746555,5.552989,-0.247205921350492,0.4012358708218402,33.57,162.67,15357.5,0,
2022-10-13,Indonesia,10Y,Indonesia_10Y,-0.0808795,5.475217499999999,5.556096999999999,-0.1977699681239915,0.3784060839485323,31.94,161.78,15361.5,0,
2022-10-14,Indonesia,10Y,Indonesia_10Y,-0.17226449999999982,5.4754055,5.64767,-0.137402765615447,0.3845904948681483,32.02,161.68,15426.5,0,
2022-10-17,Indonesia,10Y,Indonesia_10Y,-0.19103600000000043,5.563373,5.754409000000001,-0.1113057484095079,0.4516778422295984,31.37,166.58,15487.5,0,
2022-10-18,Indonesia,10Y,Indonesia_10Y,-0.1390999999999991,5.5989,5.7379999999999995,-0.0123907117242535,0.3762607723227217,30.5,155.79,15466.5,0,
2022-10-19,Indonesia,10Y,Indonesia_10Y,-0.15161799999999914,5.616823,5.768440999999999,-0.1392848827651844,0.4913742699398576,30.76,152.95,15498.0,0,
2022-10-20,Indonesia,10Y,Indonesia_10Y,-0.2199074999999997,5.7244045,5.944312,-0.1675626848354467,0.459688383101819,29.98,160.79,15572.5,0,
2022-10-21,Indonesia,10Y,Indonesia_10Y,-0.1400970000000008,5.8688769999999995,6.008974,-0.0958585545343542,0.4462034865049128,29.69,160.78,15632.5,0,
2022-10-24,Indonesia,10Y,Indonesia_10Y,-0.1730274999999999,5.8148395,5.987867,-0.0645720392429415,0.4268957531475807,29.85,160.65,15587.0,0,
2022-10-25,Indonesia,10Y,Indonesia_10Y,-0.26026300000000013,5.797058,6.057321,-0.1757785490298023,0.41545609670059,28.46,158.77,15622.5,0,
2022-10-26,Indonesia,10Y,Indonesia_10Y,-0.14443250000000063,5.6896115,5.8340440000000005,-0.0255092194518085,0.42836195782729,27.28,158.74,15569.5,0,
2022-10-27,Indonesia,10Y,Indonesia_10Y,-0.11719050000000131,5.618835499999999,5.736026000000001,-0.1247146238280569,0.3947602547708713,27.39,141.21,15567.5,0,
2022-10-28,Indonesia,10Y,Indonesia_10Y,-0.12001300000000015,5.548245,5.668258,-0.0554830686219614,0.4052290319502948,25.75,139.26,15551.5,0,
2022-10-31,Indonesia,10Y,Indonesia_10Y,-0.14142749999999893,5.5132095,5.654636999999999,-0.0894283607735525,0.3721694569462965,25.88,136.38,15597.5,0,
2022-11-01,Indonesia,10Y,Indonesia_10Y,-0.17045599999999972,5.460742,5.6311979999999995,-0.1378550870465148,0.4236733968197482,25.81,136.3,15627.5,0,
2022-11-02,Indonesia,10Y,Indonesia_10Y,-0.1262950000000007,5.513612999999999,5.639908,0.0922768891604925,0.3592904583576646,25.86,136.9,15647.5,0,
2022-11-03,Indonesia,10Y,Indonesia_10Y,-0.07288300000000092,5.620424,5.693307000000001,0.0460845683546063,0.2964853276021646,25.3,141.28,15696.5,0,
2022-11-04,Indonesia,10Y,Indonesia_10Y,-0.13733800000000063,5.638457,5.7757950000000005,-0.1575903008230975,0.377475340025381,24.55,141.25,15737.5,0,
2022-11-07,Indonesia,10Y,Indonesia_10Y,-0.18787400000000076,5.603102,5.790976000000001,-0.146008094422697,0.3779138565170546,24.35,127.51,15707.5,0,
2022-11-08,Indonesia,10Y,Indonesia_10Y,-0.16779399999999978,5.567845,5.735639,0.1215443507029796,0.38153513109271,25.54,127.51,15697.5,0,
2022-11-09,Indonesia,10Y,Indonesia_10Y,-0.20939400000000052,5.480427,5.689821,-0.0737940859987929,0.2564534330430247,26.09,127.79,15659.5,0,
2022-11-10,Indonesia,10Y,Indonesia_10Y,-0.08284999999999965,5.533527,5.616377,-0.0955492641596154,0.3705465137085983,23.53,123.61,15691.0,0,
2022-11-11,Indonesia,10Y,Indonesia_10Y,-0.06228550000000066,5.2542795,5.316565000000001,-0.0529135338386628,0.4633328997721205,22.52,106.89,15495.0,0,
2022-11-14,Indonesia,10Y,Indonesia_10Y,0.0851835000000003,5.2544245,5.1692409999999995,-0.0403414383130166,0.2916343006024387,23.73,103.94,15517.5,0,
2022-11-15,Indonesia,10Y,Indonesia_10Y,0.12268600000000074,5.185821000000001,5.063135,-0.0191591087260333,0.4001992113446171,24.54,101.96,15537.5,1,
2022-11-16,Indonesia,10Y,Indonesia_10Y,0.16843450000000004,5.1688265,5.000392,-0.0938492479386074,0.3049289057298224,24.11,102.21,15602.5,1,
2022-11-17,Indonesia,10Y,Indonesia_10Y,0.0901139999999998,5.100925999999999,5.010812,0.0008206117892519,0.2409404985632904,23.93,113.29,15662.5,1,
2022-11-18,Indonesia,10Y,Indonesia_10Y,-0.10823099999999997,5.135133,5.243364,-0.1377995188672647,0.4419773856941417,23.12,112.3,15687.5,1,
2022-11-21,Indonesia,10Y,Indonesia_10Y,-0.1413934999999995,5.1523445,5.293737999999999,-0.2558681712316878,0.3899271247429394,22.36,113.28,15712.5,1,
2022-11-22,Indonesia,10Y,Indonesia_10Y,-0.10856250000000056,5.1184205,5.226983000000001,-0.0657604387042594,0.3586449003929438,21.29,112.78,15697.0,1,
2022-11-23,Indonesia,10Y,Indonesia_10Y,-0.07677650000000114,5.1017125,5.178489000000001,-0.0411050997880354,0.4406422513423645,20.35,112.98,15686.5,1,
2022-11-24,Indonesia,10Y,Indonesia_10Y,-0.030897500000000022,5.1017125,5.13261,-0.0668274382961769,0.3659063575289738,20.42,100.0,15665.5,1,
2022-11-25,Indonesia,10Y,Indonesia_10Y,0.03667499999999979,4.94944,4.912765,-0.1323328877406664,0.4431194426280322,20.5,95.07,15672.5,1,
2022-11-28,Indonesia,10Y,Indonesia_10Y,0.04206200000000049,4.9159310000000005,4.873869,-0.0622082025232594,0.4253202760406325,22.21,96.55,15722.5,1,
2022-11-29,Indonesia,10Y,Indonesia_10Y,-0.019989999999999952,4.849117,4.869107,-0.1202054515680116,0.3934386159137882,21.89,96.05,15742.5,1,
2022-11-30,Indonesia,10Y,Indonesia_10Y,-0.013815000000000133,4.766115,4.77993,0.0216896072667593,0.3585210289103059,20.58,92.11,15731.5,1,
2022-12-01,Indonesia,10Y,Indonesia_10Y,0.012711999999999612,4.60185,4.589138,-0.1133238966011274,0.426222895704536,19.84,91.81,15562.5,1,
2022-12-02,Indonesia,10Y,Indonesia_10Y,0.0037690000000001334,4.520554000000001,4.5167850000000005,-0.0522544271337234,0.4485209787173287,19.06,90.11,15427.5,1,
2022-12-05,Indonesia,10Y,Indonesia_10Y,-0.1560870000000003,4.520494,4.6765810000000005,-0.1523675741422143,0.4358349942760295,20.75,90.1,15467.5,1,
2022-12-06,Indonesia,10Y,Indonesia_10Y,-0.09045849999999955,4.5528925000000005,4.643351,-0.0745942609715651,0.4694202462049499,22.17,97.03,15617.5,1,
2022-12-07,Indonesia,10Y,Indonesia_10Y,-0.01965800000000062,4.618062999999999,4.637721,-0.0586652703394776,0.4126985987063521,22.68,102.96,15637.5,1,
2022-12-08,Indonesia,10Y,Indonesia_10Y,-0.1661034999999993,4.5364265,4.702529999999999,-0.1189457842997699,0.5249234749403067,22.29,101.97,15620.5,1,
2022-12-09,Indonesia,10Y,Indonesia_10Y,-0.16996500000000037,4.503922,4.673887000000001,-0.0735787264180502,0.4487075375987624,22.83,101.97,15582.5,1,
2022-12-12,Indonesia,10Y,Indonesia_10Y,-0.16866950000000003,4.5688665,4.737536,-0.1932921715579904,0.4082542199745466,25.0,101.97,15627.5,1,
2022-12-13,Indonesia,10Y,Indonesia_10Y,-0.18669849999999855,4.568818500000001,4.755516999999999,-0.0695437931627467,0.3930825970135623,22.55,98.02,15657.0,1,
2022-12-14,Indonesia,10Y,Indonesia_10Y,-0.15420250000000024,4.503733499999999,4.657935999999999,-0.0801216849747335,0.2827795141123708,21.14,93.09,15592.5,1,
2022-12-15,Indonesia,10Y,Indonesia_10Y,-0.10422649999999933,4.503546500000001,4.607773,0.0053566912725669,0.4302574972508597,22.83,94.07,15617.5,1,
2022-12-16,Indonesia,10Y,Indonesia_10Y,-0.10317950000000042,4.5034845,4.606664,0.0162120615015205,0.4176023892758154,22.62,98.02,15597.5,1,
2022-12-19,Indonesia,10Y,Indonesia_10Y,-0.07840100000000039,4.568535,4.646936,-0.094393588672573,0.4893882436136202,22.42,98.02,15597.5,1,
2022-12-20,Indonesia,10Y,Indonesia_10Y,-0.18365600000000093,4.601196,4.784852000000001,-0.1083709148200191,0.471838340803471,21.48,102.96,15602.5,1,
2022-12-21,Indonesia,10Y,Indonesia_10Y,-0.18034250000000007,4.6833735,4.863716,0.0063366638304133,0.4089233636276903,20.07,103.94,15587.5,1,
2022-12-22,Indonesia,10Y,Indonesia_10Y,-0.16564149999999955,4.6667875,4.832428999999999,0.0093061853024796,0.3979824308269926,21.97,103.94,15582.5,1,
2022-12-23,Indonesia,10Y,Indonesia_10Y,-0.17311250000000022,4.6832755,4.856388,-0.0981155687904487,0.4440316773561742,20.87,99.5,15592.5,1,
2022-12-26,Indonesia,10Y,Indonesia_10Y,-0.17388950000000047,4.6832755,4.857165,-0.1964318947832674,0.3233076587446571,20.87,101.48,15632.5,1,
2022-12-27,Indonesia,10Y,Indonesia_10Y,-0.2279844999999998,4.6997965,4.9277809999999995,-0.2404600050768332,0.3631890852768966,21.65,101.48,15662.5,1,
2022-12-28,Indonesia,10Y,Indonesia_10Y,-0.16895799999999994,4.71635,4.885308,-0.1717051723879397,0.3405478437888944,22.14,101.48,15702.5,1,
2022-12-29,Indonesia,10Y,Indonesia_10Y,-0.03541050000000023,4.7995905,4.835001,0.0028895651408941,0.4432982009099786,21.44,99.01,15657.5,1,1.0
2022-12-30,Indonesia,10Y,Indonesia_10Y,-0.052911499999999556,4.8330925,4.886004,0.0078425453259998,0.3358879849101397,21.67,98.02,15567.5,1,0.0
2023-01-02,Indonesia,10Y,Indonesia_10Y,-0.052911499999999556,4.8330925,4.886004,-0.1676320365315446,0.4339188527145809,21.67,98.02,15572.5,1,
2023-01-03,Indonesia,10Y,Indonesia_10Y,-0.10228649999999995,4.8667115,4.968998,-0.1564354742933875,0.327427834317086,22.9,98.02,15597.5,1,
2023-01-04,Indonesia,10Y,Indonesia_10Y,-0.14395299999999978,4.849919,4.993872,-0.0686876094448479,0.3253394233267377,22.01,97.04,15587.5,1,
2023-01-05,Indonesia,10Y,Indonesia_10Y,-0.13689149999999906,4.8499835000000004,4.9868749999999995,-0.1937093891789454,0.3765853909084015,22.46,96.04,15607.5,1,
2023-01-06,Indonesia,10Y,Indonesia_10Y,-0.04535899999999948,4.900582,4.9459409999999995,-0.2546857639843535,0.4649426518655676,21.13,97.03,15632.5,1,
2023-01-09,Indonesia,10Y,Indonesia_10Y,-0.042708499999999816,4.7996695,4.842378,-0.1441955641829985,0.3769275919689729,21.97,93.08,15567.5,1,
2023-01-10,Indonesia,10Y,Indonesia_10Y,-0.11087500000000006,4.782940999999999,4.893815999999999,-0.1250256817209721,0.3306117170832731,20.58,93.08,15572.5,1,
2023-01-11,Indonesia,10Y,Indonesia_10Y,-0.054313500000000126,4.8164605,4.870774,-0.1115859878176522,0.3283875911437165,21.09,93.08,15482.5,1,
2023-01-12,Indonesia,10Y,Indonesia_10Y,0.007428499999999616,4.7997385,4.7923100000000005,-0.0041897331054576,0.3868753413352114,18.83,93.08,15337.5,1,
2023-01-13,Indonesia,10Y,Indonesia_10Y,-0.019607499999999334,4.7662505,4.785857999999999,-0.0914686161957497,0.3763791837588824,18.35,90.11,15145.0,1,
2023-01-16,Indonesia,10Y,Indonesia_10Y,-0.04723850000000063,4.7662505,4.813489000000001,-0.2282185890015972,0.4468607068577973,19.49,90.11,15045.0,1,
2023-01-17,Indonesia,10Y,Indonesia_10Y,-0.00011549999999971305,4.7495385,4.749654,-0.1138708228532413,0.3467749788555545,19.36,88.13,15165.0,1,
2023-01-18,Indonesia,10Y,Indonesia_10Y,0.05265200000000014,4.682909,4.630257,-0.1926674486456412,0.4256323953752812,20.34,86.17,15087.5,1,
2023-01-19,Indonesia,10Y,Indonesia_10Y,0.03340500000000013,4.567133999999999,4.533728999999999,-0.1938678897423293,0.4894491376950123,20.52,85.68,15104.0,1,
2023-01-20,Indonesia,10Y,Indonesia_10Y,-0.02567699999999995,4.583557000000001,4.609234000000001,-0.0597426719479601,0.3610294727773647,19.85,87.14,15075.0,1,
2023-01-23,Indonesia,10Y,Indonesia_10Y,-0.020701000000000747,4.567053,4.587754,-0.1507256101340313,0.3695942068206632,19.81,87.15,15075.0,1,
2023-01-24,Indonesia,10Y,Indonesia_10Y,0.02107549999999936,4.5834845,4.562409000000001,-0.2083265198643315,0.4096470446355953,19.2,87.15,14887.5,1,
2023-01-25,Indonesia,10Y,Indonesia_10Y,0.023198500000001232,4.599947500000001,4.5767489999999995,-0.0992513781602549,0.4694128179765857,19.08,87.14,14965.0,1,
2023-01-26,Indonesia,10Y,Indonesia_10Y,0.01384849999999993,4.5998515,4.586003,-0.0487430502903607,0.3699272025598228,18.73,85.17,14947.5,1,
2023-01-27,Indonesia,10Y,Indonesia_10Y,0.0031735000000008284,4.6163875,4.613213999999999,-0.0841320525972845,0.4520905910948783,18.51,84.17,14985.0,1,
2023-01-30,Indonesia,10Y,Indonesia_10Y,-0.03000699999999945,4.61636,4.646367,-0.0617528162937625,0.4373829385793963,19.94,84.18,14970.0,1,
2023-01-31,Indonesia,10Y,Indonesia_10Y,-0.0376934999999996,4.6163325,4.654026,0.0154867653418634,0.3564429061083467,19.4,88.14,14990.0,1,
2023-02-01,Indonesia,10Y,Indonesia_10Y,0.019873999999999725,4.583235,4.5633610000000004,-0.1102537925185542,0.4319331787331783,17.87,86.15,14975.0,1,
2023-02-02,Indonesia,10Y,Indonesia_10Y,-0.01145900000000033,4.451729,4.463188000000001,-0.0055570545820707,0.4187510787654245,18.73,79.72,14880.0,1,
2023-02-03,Indonesia,10Y,Indonesia_10Y,0.002007500000000384,4.4190465,4.417039,-0.1376019304018864,0.3528415679715637,18.33,78.25,14892.5,1,
2023-02-06,Indonesia,10Y,Indonesia_10Y,-0.1450754999999999,4.4679475,4.613023,-0.0922113991897942,0.4657718363828196,19.43,83.18,15055.0,1,
2023-02-07,Indonesia,10Y,Indonesia_10Y,-0.1668775,4.5335365,4.700414,-0.0242571146505445,0.3694401839768469,18.66,88.14,15145.0,1,
2023-02-08,Indonesia,10Y,Indonesia_10Y,-0.10757300000000036,4.549968,4.657541,-0.100731073542106,0.4755159997236079,19.63,86.16,15100.0,1,
2023-02-09,Indonesia,10Y,Indonesia_10Y,-0.1882160000000006,4.5498449999999995,4.738061,-0.1032685237573183,0.37389995986155,20.71,86.15,15094.5,1,
2023-02-10,Indonesia,10Y,Indonesia_10Y,-0.2056370000000003,4.582863,4.7885,-0.0486799165514896,0.3903040709329414,20.53,88.13,15133.5,1,
2023-02-13,Indonesia,10Y,Indonesia_10Y,-0.1729295000000004,4.6993375,4.872267000000001,-0.0670164867564092,0.4579540211761221,20.34,92.08,15195.0,1,
2023-02-14,Indonesia,10Y,Indonesia_10Y,-0.17596699999999998,4.665913,4.84188,-0.0518797257805181,0.3738481377077466,18.91,90.11,15159.5,1,
2023-02-15,Indonesia,10Y,Indonesia_10Y,-0.23186299999999882,4.716079000000001,4.947941999999999,-0.0776153959575192,0.4776826271324644,18.23,88.14,15204.0,1,
2023-02-16,Indonesia,10Y,Indonesia_10Y,-0.20227850000000025,4.7496884999999995,4.951967,-0.0037645464618077,0.3451514708615444,20.17,88.14,15156.5,1,
2023-02-17,Indonesia,10Y,Indonesia_10Y,-0.17056000000000004,4.851159,5.021719,-0.005874896912331,0.3515958218080058,20.02,94.55,15202.5,1,
2023-02-20,Indonesia,10Y,Indonesia_10Y,-0.19563400000000009,4.851159,5.046793,0.0068927958481653,0.4763561475709982,21.23,94.55,15157.5,1,
2023-02-21,Indonesia,10Y,Indonesia_10Y,-0.2362289999999998,4.885225,5.121454,-0.0787725020612451,0.4525672123435414,22.87,94.59,15190.0,1,
2023-02-22,Indonesia,10Y,Indonesia_10Y,-0.2318654999999996,4.936522500000001,5.168388,0.0165025167773474,0.3810896094247074,22.29,100.0,15201.5,1,
2023-02-23,Indonesia,10Y,Indonesia_10Y,-0.13549900000000026,4.902463,5.037962,-0.0744898292599905,0.4150371021874618,21.14,96.53,15190.0,1,
2023-02-24,Indonesia,10Y,Indonesia_10Y,-0.12355550000000015,4.9025095,5.026065,-0.2395821294727425,0.3289730847067732,21.67,93.56,15225.0,1,
2023-02-27,Indonesia,10Y,Indonesia_10Y,-0.16227149999999924,4.9026505,5.064921999999999,-0.0473199225744095,0.3636131692072788,20.95,94.06,15270.0,1,
2023-02-28,Indonesia,10Y,Indonesia_10Y,-0.09188099999999988,4.885606,4.977487,-0.0081035568347027,0.4227970017011024,20.7,92.07,15250.0,1,
2023-03-01,Indonesia,10Y,Indonesia_10Y,-0.2267639999999993,4.868579,5.095343,-0.1111314472395337,0.2586045207187408,20.58,90.59,15235.0,1,
2023-03-02,Indonesia,10Y,Indonesia_10Y,-0.18218650000000025,4.9543725,5.136559,-0.0615524072450678,0.3866485269433,19.59,93.56,15280.0,1,
2023-03-03,Indonesia,10Y,Indonesia_10Y,-0.1642550000000007,4.954433,5.118688000000001,-0.1340064651172828,0.3514569767809356,18.49,91.09,15300.0,1,
2023-03-06,Indonesia,10Y,Indonesia_10Y,-0.1741400000000004,4.920131,5.094271,0.0311800670496845,0.4230966625390024,18.61,87.14,15295.0,1,
2023-03-07,Indonesia,10Y,Indonesia_10Y,-0.18632950000000115,4.9201844999999995,5.106514000000001,-0.0045588659627066,0.4088182352489594,19.59,87.14,15350.0,1,
2023-03-08,Indonesia,10Y,Indonesia_10Y,-0.2253690000000006,4.989103999999999,5.214473,0.0031751896744146,0.3279793291889064,19.11,93.06,15435.0,1,
2023-03-09,Indonesia,10Y,Indonesia_10Y,-0.17529900000000076,5.0066109999999995,5.18191,-0.1107848513662949,0.3105518345192853,22.61,92.08,15425.0,1,
2023-03-10,Indonesia,10Y,Indonesia_10Y,-0.020943000000000822,4.989388,5.010331000000001,-0.071781116884191,0.4254893428018427,24.8,100.0,15450.0,1,
2023-03-13,Indonesia,10Y,Indonesia_10Y,-0.08371400000000051,4.886194,4.969908,-0.0414846233440006,0.4014087903734183,26.52,99.01,15365.0,1,
2023-03-14,Indonesia,10Y,Indonesia_10Y,-0.03826649999999976,4.8349475,4.873214,0.0226862875988325,0.3722024596655721,23.73,99.04,15385.0,1,
2023-03-15,Indonesia,10Y,Indonesia_10Y,-0.008058500000000635,4.8179324999999995,4.825991,-0.126979036988775,0.3503203223998264,26.14,106.93,15365.0,1,
2023-03-16,Indonesia,10Y,Indonesia_10Y,0.028731999999999758,4.766992,4.73826,-0.0529914122675203,0.4696213227698279,22.99,108.9,15380.0,1,
2023-03-17,Indonesia,10Y,Indonesia_10Y,-0.030448499999999434,4.7331075,4.7635559999999995,0.0986326147769363,0.4275203954337747,25.51,101.48,15345.0,1,
2023-03-20,Indonesia,10Y,Indonesia_10Y,-0.017754499999999673,4.7500625,4.767817,0.0946085008869053,0.3854462276340289,24.15,123.67,15360.0,1,
2023-03-21,Indonesia,10Y,Indonesia_10Y,-0.027027999999999608,4.733131,4.760159,0.0163964929273913,0.3865778307749702,21.38,111.81,15345.0,1,
2023-03-22,Indonesia,10Y,Indonesia_10Y,0.0694644999999996,4.7331425,4.663678,-0.0075292896371656,0.1939846786802485,22.26,106.89,15345.0,1,
2023-03-23,Indonesia,10Y,Indonesia_10Y,0.05096600000000073,4.64874,4.597773999999999,0.1890617706516349,0.3412590820372277,22.61,105.91,15345.0,1,
2023-03-24,Indonesia,10Y,Indonesia_10Y,-0.0431089999999994,4.598357,4.641465999999999,-0.0493343953505691,0.4272710640917981,21.74,112.8,15155.0,1,
2023-03-27,Indonesia,10Y,Indonesia_10Y,-0.03876149999999967,4.6151085,4.6538699999999995,-0.1346984948626735,0.3435460828473981,20.6,112.82,15160.0,1,
2023-03-28,Indonesia,10Y,Indonesia_10Y,-0.015380500000000907,4.648718499999999,4.664099,-0.0449961600000195,0.4243810437411608,19.97,106.91,15086.5,1,
2023-03-29,Indonesia,10Y,Indonesia_10Y,-0.027276999999999774,4.665568,4.692845,-0.1445287110304096,0.4471157667876349,19.12,105.92,15065.0,1,
2023-03-30,Indonesia,10Y,Indonesia_10Y,-0.07386999999999944,4.615048,4.688917999999999,-0.0757035286622379,0.3856173611929657,19.02,99.01,15047.0,1,
2023-03-31,Indonesia,10Y,Indonesia_10Y,0.014092999999999911,4.665558,4.651465,-0.0442358589617548,0.3219155318204766,18.7,95.06,14994.5,1,
2023-04-03,Indonesia,10Y,Indonesia_10Y,3.799999999998249e-05,4.63184,4.631802,0.0092061645048156,0.3706677490571434,18.55,93.08,14970.0,1,
2023-04-04,Indonesia,10Y,Indonesia_10Y,0.013611500000000554,4.6150055000000005,4.601394,-0.2355511068217239,0.3752481278809512,19.0,91.61,14898.5,1,
2023-04-05,Indonesia,10Y,Indonesia_10Y,-0.027936000000000405,4.547805,4.575741000000001,-0.0184479652508532,0.3094979535113756,19.08,91.61,14925.0,1,
2023-04-06,Indonesia,10Y,Indonesia_10Y,-0.04070200000000046,4.497673,4.538375,-0.0909335883822895,0.3237996823669537,18.4,91.62,14912.5,1,
2023-04-07,Indonesia,10Y,Indonesia_10Y,-0.19361750000000022,4.4477905,4.641408,-0.0932451010021192,0.401067094111984,18.4,91.61,14912.5,1,
2023-04-10,Indonesia,10Y,Indonesia_10Y,-0.09776450000000025,4.5645255,4.6622900000000005,-0.2669970832292854,0.3893902651149895,18.97,91.62,14902.0,1,
2023-04-11,Indonesia,10Y,Indonesia_10Y,-0.02080450000000056,4.4809755,4.50178,-0.0819571467769079,0.3621012868322713,19.1,92.11,14883.0,1,
2023-04-12,Indonesia,10Y,Indonesia_10Y,-0.018679500000000182,4.4642945,4.4829740000000005,-0.1376053440206238,0.4266653784006274,19.09,90.13,14880.0,1,
2023-04-13,Indonesia,10Y,Indonesia_10Y,-0.13899300000000014,4.397798,4.536791,-0.1505781170080872,0.4713382510491766,17.8,90.15,14751.0,1,
2023-04-14,Indonesia,10Y,Indonesia_10Y,-0.10847949999999962,4.3977325,4.506212,-0.2549708575148993,0.4174326550626052,17.07,88.16,14700.0,1,
2023-04-17,Indonesia,10Y,Indonesia_10Y,-0.1798839999999995,4.414227,4.594111,-0.0891784152314891,0.3260865319096362,16.95,88.65,14790.0,1,
2023-04-18,Indonesia,10Y,Indonesia_10Y,-0.20956499999999956,4.464001,4.673565999999999,0.0678463071854667,0.4108999225505487,16.83,89.64,14845.0,1,
2023-04-19,Indonesia,10Y,Indonesia_10Y,-0.17986699999999978,4.5307580000000005,4.710625,-0.1109177618010304,0.3878554767330078,16.46,93.58,14845.0,1,
2023-04-20,Indonesia,10Y,Indonesia_10Y,-0.19500049999999902,4.497187500000001,4.692188,-0.0663659087998619,0.3610327816235767,17.17,94.58,14845.0,1,
2023-04-21,Indonesia,10Y,Indonesia_10Y,-0.22447350000000021,4.4971485,4.721622,0.0826915378419489,0.4997001735827094,16.77,94.57,14845.0,1,
2023-04-24,Indonesia,10Y,Indonesia_10Y,-0.16719100000000076,4.497109,4.664300000000001,0.0066966576270027,0.2507704493843233,16.89,95.06,14845.0,1,
2023-04-25,Indonesia,10Y,Indonesia_10Y,-0.13888199999999973,4.463667,4.602549,-0.0943151888376889,0.3082600561079714,18.76,95.07,14845.0,1,
2023-04-26,Indonesia,10Y,Indonesia_10Y,-0.17912449999999946,4.4136865,4.592810999999999,-0.1585779184200554,0.3651032875873501,18.84,97.53,14835.0,1,
2023-04-27,Indonesia,10Y,Indonesia_10Y,-0.22910399999999953,4.430087,4.659191,-0.0977350706333042,0.3071098329809018,17.03,99.01,14702.5,1,
2023-04-28,Indonesia,10Y,Indonesia_10Y,-0.17778599999999933,4.430033,4.607818999999999,-0.0441709053275433,0.4283993627413042,15.78,90.11,14670.0,1,
2023-05-01,Indonesia,10Y,Indonesia_10Y,-0.2948920000000008,4.396775,4.691667000000001,-0.2430806664208006,0.3809238401459929,16.08,96.04,14670.0,1,
2023-05-02,Indonesia,10Y,Indonesia_10Y,-0.141372500000001,4.4633424999999995,4.604715000000001,-0.1273621953441475,0.475248772085552,17.78,94.58,14704.5,1,
2023-05-03,Indonesia,10Y,Indonesia_10Y,-0.14935100000000023,4.39665,4.546001,-0.0878421518016135,0.3320469929247281,18.34,98.52,14685.0,1,
2023-05-04,Indonesia,10Y,Indonesia_10Y,-0.19147749999999952,4.3466965,4.538174,-0.1059388137853698,0.3624761320601246,20.09,100.49,14680.0,1,
2023-05-05,Indonesia,10Y,Indonesia_10Y,-0.16797900000000077,4.346622,4.514601000000001,0.0470671036145477,0.4415264860292086,17.19,100.0,14675.0,1,
2023-05-08,Indonesia,10Y,Indonesia_10Y,-0.2042919999999997,4.346548,4.55084,-0.0599270218157815,0.3315800487541299,16.98,96.04,14700.0,1,
2023-05-09,Indonesia,10Y,Indonesia_10Y,-0.17481599999999986,4.396280000000001,4.571096000000001,-0.1149309236926967,0.4793975962500695,17.71,97.53,14730.0,1,
2023-05-10,Indonesia,10Y,Indonesia_10Y,-0.1326564999999995,4.3962185,4.528874999999999,0.0635301352311877,0.5419605695969308,16.94,97.54,14725.0,1,
2023-05-11,Indonesia,10Y,Indonesia_10Y,-0.15252799999999933,4.329610000000001,4.482138,-0.0412148714861155,0.4113081876741639,16.93,97.58,14723.5,1,
2023-05-12,Indonesia,10Y,Indonesia_10Y,-0.18611950000000022,4.3295335,4.515653,-0.0676266552491759,0.3468647123072363,17.03,97.54,14750.0,1,
2023-05-15,Indonesia,10Y,Indonesia_10Y,-0.16626450000000048,4.3792645,4.545529,-0.0246174530458338,0.3641967491682395,17.12,97.51,14800.0,1,
2023-05-16,Indonesia,10Y,Indonesia_10Y,-0.1565405000000002,4.3958555,4.552396,0.0452719656019992,0.4353983648726302,17.99,97.47,14820.0,1,
2023-05-17,Indonesia,10Y,Indonesia_10Y,-0.1687480000000008,4.445919999999999,4.614668,-0.19787538587131,0.4861248456031898,16.87,97.43,14865.0,1,
2023-05-18,Indonesia,10Y,Indonesia_10Y,-0.22239400000000042,4.462549,4.6849430000000005,-0.0623699225088205,0.4553109165120841,16.05,104.25,14865.0,1,
2023-05-19,Indonesia,10Y,Indonesia_10Y,-0.21675699999999942,4.546746000000001,4.763503,-0.108595773478265,0.4359983056532769,16.81,95.92,14925.0,1,
2023-05-22,Indonesia,10Y,Indonesia_10Y,-0.1897045000000004,4.5467255,4.73643,0.0180916368546438,0.4105607740066795,17.21,91.62,14890.0,1,
2023-05-23,Indonesia,10Y,Indonesia_10Y,-0.16973449999999968,4.5805915,4.750325999999999,-0.1351728984483202,0.4767637768798697,18.53,91.11,14880.0,1,
2023-05-24,Indonesia,10Y,Indonesia_10Y,-0.1920484999999985,4.580579500000001,4.772627999999999,0.1098823558427134,0.5029100811407758,20.03,90.13,14900.0,1,
2023-05-25,Indonesia,10Y,Indonesia_10Y,-0.23449800000000032,4.631618,4.866116,-0.0521990458008648,0.4190310592528295,19.14,91.6,14950.0,1,
2023-05-26,Indonesia,10Y,Indonesia_10Y,-0.14650099999999977,4.6658,4.812301,0.0064909035621453,0.4562312742819177,17.95,90.62,14955.0,1,
2023-05-29,Indonesia,10Y,Indonesia_10Y,-0.12669899999999945,4.6658,4.792498999999999,-0.1262617266296789,0.3814131685016744,17.46,90.61,14970.0,1,
2023-05-30,Indonesia,10Y,Indonesia_10Y,-0.09967849999999956,4.648702500000001,4.748381,-0.0659959480518857,0.4631173914954593,17.46,87.16,14985.0,1,
2023-05-31,Indonesia,10Y,Indonesia_10Y,-0.12009800000000048,4.614561,4.734659000000001,-0.0582930251731452,0.4477096360692441,17.94,88.65,14990.0,1,
2023-06-01,Indonesia,10Y,Indonesia_10Y,-0.10286549999999917,4.6316315,4.734496999999999,-0.1004648091170174,0.3930665039582058,15.65,89.61,14990.0,1,
2023-06-02,Indonesia,10Y,Indonesia_10Y,-0.13962200000000013,4.631635,4.771257,0.0475895213689054,0.3809876457160177,14.6,89.62,14990.0,1,
2023-06-05,Indonesia,10Y,Indonesia_10Y,-0.12581500000000112,4.665839999999999,4.791655,0.0308011742105677,0.4320000342236264,14.73,84.68,14890.0,1,
2023-06-06,Indonesia,10Y,Indonesia_10Y,-0.13506199999999957,4.6486730000000005,4.783735,-0.0241880990309634,0.4191742208034938,13.96,85.68,14860.0,1,
2023-06-07,Indonesia,10Y,Indonesia_10Y,-0.15762350000000058,4.6486405,4.8062640000000005,-0.0003978971514843,0.404861486926192,13.94,85.19,14877.5,1,
2023-06-08,Indonesia,10Y,Indonesia_10Y,-0.1359919999999999,4.717316,4.853308,-0.0949379973460664,0.3957628601351746,13.65,86.17,14895.0,1,
2023-06-09,Indonesia,10Y,Indonesia_10Y,-0.16805750000000064,4.6828555,4.850913,0.0179316800215379,0.3784904564134993,13.83,84.19,14840.0,1,
2023-06-12,Indonesia,10Y,Indonesia_10Y,-0.125729999999999,4.700046,4.825775999999999,-0.0269215686291869,0.3726856740858428,15.01,84.19,14862.5,1,
2023-06-13,Indonesia,10Y,Indonesia_10Y,-0.1395059999999999,4.743951,4.883457,0.0789998917360018,0.4155733821529132,14.61,84.2,14860.0,1,
2023-06-14,Indonesia,10Y,Indonesia_10Y,-0.13534200000000052,4.761301,4.896643,-0.1220136844150495,0.516185998980189,13.88,83.22,14897.5,1,
2023-06-15,Indonesia,10Y,Indonesia_10Y,-0.08318400000000103,4.7613129999999995,4.8444970000000005,0.0602865855148719,0.3510374487996639,14.5,83.19,14945.0,1,
2023-06-16,Indonesia,10Y,Indonesia_10Y,-0.11676499999999912,4.709277,4.826041999999999,0.1008878480424095,0.4511504727147666,13.54,83.19,14935.0,1,
2023-06-19,Indonesia,10Y,Indonesia_10Y,-0.1528349999999996,4.726597,4.8794319999999995,-0.1834704100524096,0.4405591789262711,14.19,83.21,14994.5,1,
2023-06-20,Indonesia,10Y,Indonesia_10Y,-0.1239410000000003,4.726592999999999,4.850534,0.0472360636825139,0.4146352453820082,13.88,84.68,15000.0,1,
2023-06-21,Indonesia,10Y,Indonesia_10Y,-0.04734100000000119,4.726588,4.773929000000001,-0.0096475961960139,0.3229812664734114,13.2,86.17,14945.0,1,
2023-06-22,Indonesia,10Y,Indonesia_10Y,-0.0840550000000011,4.726576,4.810631000000001,-0.0073861876666321,0.3537165171152321,12.91,86.16,14940.0,1,
2023-06-23,Indonesia,10Y,Indonesia_10Y,-0.058709000000000344,4.726573,4.7852820000000005,0.0502632770868139,0.2430414525653378,13.44,87.65,14994.0,1,
2023-06-26,Indonesia,10Y,Indonesia_10Y,-0.07501200000000008,4.709219,4.784231,-0.0893017263474202,0.356934879964647,14.25,90.62,15015.0,1,1.0
2023-06-27,Indonesia,10Y,Indonesia_10Y,-0.06173000000000073,4.726566999999999,4.788297,-0.0863649850732401,0.3827160320538251,13.74,90.61,14992.5,1,1.0
2023-06-28,Indonesia,10Y,Indonesia_10Y,-0.0471749999999993,4.743949000000001,4.791124,-0.1286490785606001,0.4447749383698831,13.43,89.13,14992.5,1,
2023-06-29,Indonesia,10Y,Indonesia_10Y,-0.1022679999999987,4.7613780000000006,4.863645999999999,-0.0320229843607124,0.4350933363122629,13.54,89.13,14992.5,1,0.0
2023-06-30,Indonesia,10Y,Indonesia_10Y,-0.09861599999999981,4.7788509999999995,4.877466999999999,-0.1103828237947313,0.3839173227002804,13.59,88.14,14992.5,1,1.0
2023-07-03,Indonesia,10Y,Indonesia_10Y,-0.12005999999999961,4.743963,4.8640229999999995,-0.1376856124615462,0.4264802779736686,13.57,86.16,15025.0,1,
2023-07-04,Indonesia,10Y,Indonesia_10Y,-0.11917899999999992,4.743963,4.863142,-0.1749927782969525,0.4339704120685184,13.7,85.19,14992.5,1,
2023-07-05,Indonesia,10Y,Indonesia_10Y,-0.09800599999999982,4.778874,4.87688,-0.026720162763529,0.3584486653731819,14.18,85.19,15015.0,1,
2023-07-06,Indonesia,10Y,Indonesia_10Y,-0.11632699999999918,4.884346000000001,5.000673,-0.0085514520913857,0.427946097511556,15.44,86.16,15044.5,1,
2023-07-07,Indonesia,10Y,Indonesia_10Y,-0.16644400000000026,4.955226,5.12167,-0.0603423308950423,0.4457039593917131,14.83,88.63,15135.0,1,
2023-07-10,Indonesia,10Y,Indonesia_10Y,-0.16122499999999995,4.937528,5.098753,-0.070115559997914,0.4817839172056485,15.07,88.63,15194.5,1,
2023-07-11,Indonesia,10Y,Indonesia_10Y,-0.1705280000000009,4.9021419999999996,5.0726700000000005,0.0298542301712534,0.4275518252811462,14.84,87.65,15140.0,1,
2023-07-12,Indonesia,10Y,Indonesia_10Y,-0.09383699999999884,4.902186,4.996022999999999,-0.2427104900868135,0.4340733882629949,13.54,85.68,15077.5,1,
2023-07-13,Indonesia,10Y,Indonesia_10Y,-0.08474700000000013,4.7965420000000005,4.881289000000001,0.0290509371384872,0.3993640507627727,13.61,82.23,14967.5,1,
2023-07-14,Indonesia,10Y,Indonesia_10Y,-0.0693899999999994,4.77902,4.848409999999999,-0.0573075103213493,0.3903691096508745,13.34,80.72,14957.5,1,
2023-07-17,Indonesia,10Y,Indonesia_10Y,-0.03111900000000034,4.796581,4.8277,0.0037677027067787,0.3766455926158318,13.48,82.22,15005.0,1,
2023-07-18,Indonesia,10Y,Indonesia_10Y,-0.00589500000000065,4.761526,4.767421000000001,0.0899055031795269,0.4092830068730256,13.3,82.24,14995.0,1,
2023-07-19,Indonesia,10Y,Indonesia_10Y,0.009831000000000145,4.7440359999999995,4.734204999999999,-0.0101190281213873,0.4402414941462613,13.76,81.23,14995.0,1,
2023-07-20,Indonesia,10Y,Indonesia_10Y,-0.006403999999999854,4.779113000000001,4.7855170000000005,-0.0423896079120575,0.4842132228272247,13.99,82.7,14987.5,1,
2023-07-21,Indonesia,10Y,Indonesia_10Y,-0.03754900000000028,4.779128999999999,4.816678,-0.1176888584190858,0.3809228037381451,13.6,83.19,15025.0,1,
2023-07-24,Indonesia,10Y,Indonesia_10Y,-0.032382999999999384,4.779146000000001,4.811529,-0.1067004269490003,0.4190911484838039,13.91,82.7,15022.5,1,
2023-07-25,Indonesia,10Y,Indonesia_10Y,0.005162999999999585,4.814349999999999,4.809187,0.039160451661364,0.3849143812483571,13.86,80.21,14992.5,1,
2023-07-26,Indonesia,10Y,Indonesia_10Y,0.025504000000000637,4.796765000000001,4.771261,-0.0545893531067727,0.4049629732112045,13.19,79.71,15017.5,1,
2023-07-27,Indonesia,10Y,Indonesia_10Y,-0.05353999999999992,4.796808,4.850348,-0.00435194125144,0.4588094132446255,14.41,77.74,15000.0,1,
2023-07-28,Indonesia,10Y,Indonesia_10Y,0.001812000000001035,4.814455000000001,4.812643,-0.0637646738880124,0.4161018326438419,13.33,76.24,15094.5,1,
2023-07-31,Indonesia,10Y,Indonesia_10Y,-0.008539999999999992,4.8321380000000005,4.8406780000000005,-0.0946652929728419,0.4081827359808949,13.63,73.76,15080.0,1,
2023-08-01,Indonesia,10Y,Indonesia_10Y,-0.02814799999999984,4.83217,4.8603179999999995,-0.0834486785285591,0.3740598632684024,13.93,74.26,15115.0,1,
2023-08-02,Indonesia,10Y,Indonesia_10Y,-0.022088000000000108,4.920926,4.943014,-0.10298098724592,0.4355599874537414,16.09,77.25,15175.0,1,
2023-08-03,Indonesia,10Y,Indonesia_10Y,-0.09047200000000011,4.974689,5.065161,-0.1077733718029009,0.5218711750856581,15.92,80.68,15185.0,1,
2023-08-04,Indonesia,10Y,Indonesia_10Y,-0.015581999999999319,4.956860000000001,4.972442,-0.0961447272890548,0.4208909906089417,17.1,78.72,15170.0,1,
2023-08-07,Indonesia,10Y,Indonesia_10Y,-0.04882899999999957,4.90338,4.952209,-0.171083117721718,0.4627067729009059,15.77,78.2,15185.0,1,
2023-08-08,Indonesia,10Y,Indonesia_10Y,-0.04165900000000011,4.850116,4.891775,-0.2002930093602419,0.402869830240796,15.99,80.23,15217.5,1,
2023-08-09,Indonesia,10Y,Indonesia_10Y,-0.02691300000000041,4.867903999999999,4.894817,-0.1160380938096328,0.3867776253524917,15.96,80.21,15190.5,1,
2023-08-10,Indonesia,10Y,Indonesia_10Y,-0.05529800000000051,4.868034,4.923332,0.0350886893571727,0.4754538092023769,15.85,81.19,15185.0,1,
2023-08-11,Indonesia,10Y,Indonesia_10Y,-0.0732910000000011,4.9215409999999995,4.994832000000001,-0.0409179651097864,0.4324658971123751,14.84,81.21,15215.0,1,
2023-08-14,Indonesia,10Y,Indonesia_10Y,-0.11266900000000035,4.993281,5.10595,-0.0434854143759525,0.3711053972478235,14.82,83.17,15315.0,1,
2023-08-15,Indonesia,10Y,Indonesia_10Y,-0.0919049999999988,5.065497000000001,5.157401999999999,-0.1656439433627218,0.4185018729514873,16.46,86.14,15340.0,1,
2023-08-16,Indonesia,10Y,Indonesia_10Y,-0.10681399999999996,5.0655909999999995,5.1724049999999995,0.0068508006013606,0.4321574966300205,16.78,87.14,15282.5,1,
2023-08-17,Indonesia,10Y,Indonesia_10Y,-0.03169199999999961,5.211641,5.243333,0.0354075915599796,0.4122665061130427,17.89,88.12,15282.5,1,
2023-08-18,Indonesia,10Y,Indonesia_10Y,-0.061334000000000444,5.193451,5.254785,-0.1191180006005472,0.4304296682594834,17.3,91.1,15285.0,1,
2023-08-21,Indonesia,10Y,Indonesia_10Y,-0.08681599999999978,5.285507,5.372323,0.0212022032891405,0.3881058684418318,17.13,92.07,15325.0,1,
2023-08-22,Indonesia,10Y,Indonesia_10Y,-0.1026479999999994,5.248793,5.3514409999999994,-0.0632359334988357,0.420325733304099,16.97,85.65,15315.0,1,
2023-08-23,Indonesia,10Y,Indonesia_10Y,-0.022955000000000503,5.1938379999999995,5.216793,-0.0246893998959844,0.4288672018644181,15.98,82.7,15295.0,1,
2023-08-24,Indonesia,10Y,Indonesia_10Y,-0.031484999999999985,5.139343,5.170828,0.0553325062521572,0.4006412578446633,17.2,84.16,15245.0,1,
2023-08-25,Indonesia,10Y,Indonesia_10Y,-0.036725999999999814,5.157731,5.194457,-0.0963279623687159,0.4247091277040256,15.68,87.62,15295.0,1,
2023-08-28,Indonesia,10Y,Indonesia_10Y,-0.029431999999999903,5.157852999999999,5.187284999999999,-0.2624577382713465,0.4221525480200774,15.08,87.12,15290.0,1,
2023-08-29,Indonesia,10Y,Indonesia_10Y,-0.0162419999999992,5.139577,5.155818999999999,-0.1275122746997374,0.4436364116510186,14.45,85.15,15260.0,1,
2023-08-30,Indonesia,10Y,Indonesia_10Y,-0.07533700000000021,5.066852,5.142189,-0.0285384357282682,0.4654926657753521,13.88,83.16,15240.0,1,
2023-08-31,Indonesia,10Y,Indonesia_10Y,-0.06353199999999859,5.067251000000001,5.130782999999999,0.03847375455546,0.3872542365189926,13.57,81.69,15230.0,1,
2023-09-01,Indonesia,10Y,Indonesia_10Y,-0.08099599999999896,5.0855440000000005,5.1665399999999995,-0.0055469767267939,0.4252822409524794,13.09,80.19,15240.0,1,
2023-09-04,Indonesia,10Y,Indonesia_10Y,-0.06277699999999875,5.103763000000001,5.1665399999999995,0.0310469911773314,0.3337700481821241,13.82,79.21,15240.0,1,
2023-09-05,Indonesia,10Y,Indonesia_10Y,-0.05679800000000057,5.191155,5.247953000000001,-0.0110976786312286,0.4379889863084103,14.01,79.2,15265.0,1,
2023-09-06,Indonesia,10Y,Indonesia_10Y,-0.05107699999999937,5.232379,5.283455999999999,0.1241254373328,0.3439214029860025,14.45,79.21,15292.5,1,
2023-09-07,Indonesia,10Y,Indonesia_10Y,-0.035222000000000975,5.251282,5.286504000000001,-0.108492070234447,0.4069705809949425,14.4,80.7,15325.0,1,
2023-09-08,Indonesia,10Y,Indonesia_10Y,-0.01729299999999867,5.232957000000001,5.250249999999999,-0.0881705084073245,0.4806074543097433,13.84,80.2,15325.0,1,
2023-09-11,Indonesia,10Y,Indonesia_10Y,-0.031030000000001223,5.288627999999999,5.319658,-0.0434804540331932,0.3399561459408689,13.8,80.2,15325.0,1,
2023-09-12,Indonesia,10Y,Indonesia_10Y,-0.003546000000000049,5.288788,5.292334,-0.0864649076810351,0.4878325236109608,14.23,78.71,15340.0,1,
2023-09-13,Indonesia,10Y,Indonesia_10Y,-0.04151500000000041,5.2889479999999995,5.330463,-0.0610509051101749,0.397062903332227,13.48,78.7,15370.0,1,
2023-09-14,Indonesia,10Y,Indonesia_10Y,-0.011193000000000453,5.270871,5.282064,-0.1530644861444119,0.3764688530326918,12.82,78.21,15355.0,1,
2023-09-15,Indonesia,10Y,Indonesia_10Y,-0.04483300000000057,5.289593999999999,5.334427,-0.0898713344730702,0.3716255753947786,13.79,77.71,15352.5,1,
2023-09-18,Indonesia,10Y,Indonesia_10Y,-0.05062999999999995,5.3269850000000005,5.3776150000000005,-0.0971310981776794,0.5046788214419876,14.0,80.68,15370.0,1,
2023-09-19,Indonesia,10Y,Indonesia_10Y,-0.07847000000000115,5.289918999999999,5.3683890000000005,-0.0420814303666423,0.4559023269538134,14.11,79.69,15380.0,1,
2023-09-20,Indonesia,10Y,Indonesia_10Y,-0.05509499999999967,5.32733,5.382425,-0.0442910866114441,0.4284246470705179,15.14,85.17,15380.0,1,
2023-09-21,Indonesia,10Y,Indonesia_10Y,-0.08314600000000105,5.421555,5.504701000000001,0.0250524993575221,0.3565693383197795,17.54,89.6,15375.0,1,
2023-09-22,Indonesia,10Y,Indonesia_10Y,-0.009786999999999324,5.459452000000001,5.469239,-0.0513011553865897,0.3870621446748429,17.2,89.61,15375.0,1,
2023-09-25,Indonesia,10Y,Indonesia_10Y,-0.07773800000000008,5.4596610000000005,5.537399000000001,-0.078023877517432,0.4647878567598824,16.9,89.61,15400.0,1,
2023-09-26,Indonesia,10Y,Indonesia_10Y,-0.05692800000000098,5.497707999999999,5.554636,0.048249842663659,0.2656597761608276,18.94,91.1,15490.0,1,
2023-09-27,Indonesia,10Y,Indonesia_10Y,-0.1222689999999993,5.478989,5.601258,-0.0732812882144708,0.385893582939333,18.22,92.09,15520.0,1,
2023-09-28,Indonesia,10Y,Indonesia_10Y,-0.026813000000000642,5.593807999999999,5.620621,-0.0160312269917102,0.5293483991071132,17.34,93.57,15520.0,1,
2023-09-29,Indonesia,10Y,Indonesia_10Y,-0.08117900000000056,5.517799,5.598978000000001,0.0853063671588191,0.3494402035430163,17.52,92.59,15455.0,1,
2023-10-02,Indonesia,10Y,Indonesia_10Y,-0.11686000000000085,5.518025,5.634885000000001,-0.016115890889421,0.4332991131598246,17.61,91.58,15530.0,1,
2023-10-03,Indonesia,10Y,Indonesia_10Y,-0.15012399999999992,5.632878,5.783002,-0.1417674208886587,0.2721895240832989,19.78,94.07,15580.0,1,
2023-10-04,Indonesia,10Y,Indonesia_10Y,-0.027713999999999572,5.807197,5.834911,-0.0001045759907633,0.3691957735708103,18.58,100.0,15630.0,1,
2023-10-05,Indonesia,10Y,Indonesia_10Y,-0.05061200000000099,5.730661,5.7812730000000006,0.040863270423724,0.3809586022075277,18.49,98.02,15615.0,1,
2023-10-06,Indonesia,10Y,Indonesia_10Y,-0.12565000000000026,5.730945999999999,5.856596,-0.0160669177217166,0.4190957886901117,17.45,100.98,15610.0,1,
2023-10-09,Indonesia,10Y,Indonesia_10Y,-0.03342500000000115,5.778950999999999,5.812376,-0.0855907564280478,0.3870442283755733,17.7,101.97,15690.0,1,
2023-10-10,Indonesia,10Y,Indonesia_10Y,-0.03987599999999958,5.673215000000001,5.713091,-0.0102665368281344,0.4095060746078092,17.03,98.52,15735.0,1,
2023-10-11,Indonesia,10Y,Indonesia_10Y,-0.0008739999999995973,5.5582530000000006,5.559127,0.0092372065370211,0.2886521977052587,16.09,95.06,15692.5,1,
2023-10-12,Indonesia,10Y,Indonesia_10Y,-0.028892000000000806,5.578123,5.6070150000000005,-0.0478400384529475,0.4408237538893119,16.69,93.08,15690.0,1,
2023-10-13,Indonesia,10Y,Indonesia_10Y,-0.026374000000000564,5.616759999999999,5.643134,-0.0699928536706306,0.3586188832926337,19.32,95.06,15682.5,1,
2023-10-16,Indonesia,10Y,Indonesia_10Y,-0.05457499999999982,5.617018,5.671593,-0.0157341925583435,0.370332907564099,17.21,95.05,15720.0,1,
2023-10-17,Indonesia,10Y,Indonesia_10Y,-0.17201599999999928,5.655810000000001,5.827826,0.0919079021348258,0.3793531986019099,17.88,96.04,15715.0,1,
2023-10-18,Indonesia,10Y,Indonesia_10Y,-0.12605500000000092,5.752979,5.879034000000001,0.1262990448109148,0.4250742431410797,19.22,97.03,15730.0,1,
2023-10-19,Indonesia,10Y,Indonesia_10Y,-0.13522999999999996,5.812429,5.947659,0.0095417670192172,0.3526226253158376,21.4,100.0,15815.0,1,
2023-10-20,Indonesia,10Y,Indonesia_10Y,-0.12083200000000005,5.851951,5.972783,0.0919715803134239,0.3794555569387146,21.71,103.91,15875.0,1,
2023-10-23,Indonesia,10Y,Indonesia_10Y,-0.02394499999999944,5.888785,5.91273,0.0122702337759385,0.3489777349823358,20.37,102.97,15935.0,1,
2023-10-24,Indonesia,10Y,Indonesia_10Y,-0.06820100000000018,5.735286,5.8034870000000005,0.0455403481152651,0.3437318458583724,18.97,99.01,15850.0,1,
2023-10-25,Indonesia,10Y,Indonesia_10Y,-0.1293710000000008,5.755058,5.884429000000001,0.0296978466798905,0.4227018776446555,20.19,97.52,15870.0,1,
2023-10-26,Indonesia,10Y,Indonesia_10Y,-0.034575999999999496,5.8342480000000005,5.868824,-0.0693685073837413,0.3895093051298103,20.68,101.97,15920.0,1,
2023-10-27,Indonesia,10Y,Indonesia_10Y,-0.08737900000000032,5.755957,5.843336000000001,-0.0840728944475138,0.3060653271882441,21.27,101.48,15940.0,1,
2023-10-30,Indonesia,10Y,Indonesia_10Y,-0.1058609999999991,5.775788,5.8816489999999995,-0.0264854602659442,0.3429315829552492,19.75,101.48,15890.0,1,
2023-10-31,Indonesia,10Y,Indonesia_10Y,-0.16075499999999998,5.756558999999999,5.917313999999999,0.0418092941006103,0.3632872741159498,18.14,99.01,15885.0,1,
2023-11-01,Indonesia,10Y,Indonesia_10Y,-0.04225600000000007,5.776401,5.818657,-0.0585368665136292,0.4919524965811815,16.87,98.02,15935.0,1,
2023-11-02,Indonesia,10Y,Indonesia_10Y,-0.13625499999999935,5.563923,5.700177999999999,-0.109237237927997,0.39652797751847,15.66,92.09,15855.0,1,
2023-11-03,Indonesia,10Y,Indonesia_10Y,-0.13876000000000044,5.4493089999999995,5.588069,-0.2023894402485195,0.3856949689354818,14.91,88.13,15730.0,1,
2023-11-06,Indonesia,10Y,Indonesia_10Y,-0.16435599999999972,5.449531,5.613887,-0.0374254556433671,0.3392006661971363,14.89,85.16,15537.5,1,
2023-11-07,Indonesia,10Y,Indonesia_10Y,-0.08388799999999996,5.487942,5.57183,-0.071826181201407,0.4718627362805447,14.81,85.67,15630.0,1,
2023-11-08,Indonesia,10Y,Indonesia_10Y,-0.01643400000000028,5.526493,5.542927000000001,-0.008457134513443,0.3457809236590834,14.45,84.66,15650.0,1,
2023-11-09,Indonesia,10Y,Indonesia_10Y,-0.05406799999999912,5.527226000000001,5.581294,0.0130736599329378,0.3411601689111532,15.29,85.16,15655.0,1,
2023-11-10,Indonesia,10Y,Indonesia_10Y,-0.010564999999999714,5.604557,5.6151219999999995,-0.0522593889174297,0.3128052974755634,14.17,87.15,15695.0,1,
2023-11-13,Indonesia,10Y,Indonesia_10Y,-0.008207999999999771,5.604824000000001,5.6130320000000005,-0.0358741668495008,0.3508160507535987,14.76,87.14,15700.0,1,
2023-11-14,Indonesia,10Y,Indonesia_10Y,0.10130499999999998,5.566465,5.46516,0.0422359854244197,0.3355101593194744,14.16,83.19,15694.5,1,
2023-11-15,Indonesia,10Y,Indonesia_10Y,0.008922999999999348,5.451549,5.442626000000001,-0.0447309979345519,0.3769220662083039,14.18,78.24,15535.0,1,
2023-11-16,Indonesia,10Y,Indonesia_10Y,0.02753099999999975,5.4713650000000005,5.443834000000001,-0.0760367384891671,0.4008327344572555,14.32,78.76,15545.0,1,
2023-11-17,Indonesia,10Y,Indonesia_10Y,0.012045999999999779,5.4333469999999995,5.421301,-0.0510316802582435,0.3216176778216991,13.8,78.26,15492.5,1,
2023-11-20,Indonesia,10Y,Indonesia_10Y,0.01145599999999991,5.414485,5.403029,0.0208424045713409,0.3427542685552691,13.41,76.73,15445.0,1,
2023-11-21,Indonesia,10Y,Indonesia_10Y,0.014002999999998877,5.376821,5.362818000000001,-0.0447105819971634,0.3911285262596702,13.35,75.27,15440.0,1,
2023-11-22,Indonesia,10Y,Indonesia_10Y,0.03340500000000013,5.377449,5.344044,-0.036585786118215,0.4033719803067014,12.85,76.73,15575.0,1,
2023-11-23,Indonesia,10Y,Indonesia_10Y,0.03340500000000013,5.377449,5.344044,-0.0210667355319626,0.4470776986191399,12.8,75.25,15555.0,1,
2023-11-24,Indonesia,10Y,Indonesia_10Y,-0.013697000000000514,5.3776589999999995,5.391356,0.0267254402430723,0.3576810402228396,12.46,75.22,15565.0,1,
2023-11-27,Indonesia,10Y,Indonesia_10Y,0.0883560000000001,5.416023,5.327667,-0.0313523219506161,0.4205022522070423,12.69,75.24,15494.5,1,
2023-11-28,Indonesia,10Y,Indonesia_10Y,0.021886999999999546,5.321059,5.299172,0.0450898198362955,0.3706938975505702,12.69,75.24,15435.0,1,
2023-11-29,Indonesia,10Y,Indonesia_10Y,-0.04777199999999926,5.170452,5.218223999999999,-0.1004718620617136,0.4920635545658643,12.98,75.28,15395.0,1,
2023-11-30,Indonesia,10Y,Indonesia_10Y,-0.04033599999999993,5.152184999999999,5.192520999999999,0.0860834407873607,0.3068336467282642,12.92,74.26,15510.0,1,
2023-12-01,Indonesia,10Y,Indonesia_10Y,-0.00542100000000012,5.152336999999999,5.157757999999999,0.0142467731593327,0.3673545802944489,12.63,75.27,15485.0,1,
2023-12-04,Indonesia,10Y,Indonesia_10Y,-0.01364800000000077,5.077795999999999,5.091444,-0.0509409002774189,0.3465127635036611,13.08,79.03,15455.0,1,
2023-12-05,Indonesia,10Y,Indonesia_10Y,-0.017853999999999814,5.040694,5.058548,-0.0963830396714186,0.4570268706194181,12.85,75.74,15505.0,1,
2023-12-06,Indonesia,10Y,Indonesia_10Y,-0.04098100000000038,4.966718999999999,5.0077,0.0040261291510694,0.4812176300833013,12.97,75.72,15492.5,1,
2023-12-07,Indonesia,10Y,Indonesia_10Y,-0.07438400000000023,4.93,5.004384,0.0108325715007189,0.4180146206914198,13.06,75.71,15515.0,1,
2023-12-08,Indonesia,10Y,Indonesia_10Y,-0.01565600000000078,4.966939999999999,4.982596,-0.1217356657268803,0.3999668196765835,12.35,75.71,15510.0,1,
2023-12-11,Indonesia,10Y,Indonesia_10Y,0.009663999999999895,5.022563,5.012899,-0.0554137793963678,0.4321016613368141,12.63,75.72,15615.0,1,
2023-12-12,Indonesia,10Y,Indonesia_10Y,-0.04553700000000038,4.985551,5.0310880000000004,-0.0564854083830664,0.4455267920136659,12.07,74.75,15620.0,1,
2023-12-13,Indonesia,10Y,Indonesia_10Y,0.02802300000000102,4.967109000000001,4.939086,0.0167384809394776,0.4401889146185833,12.19,73.24,15660.0,1,
2023-12-14,Indonesia,10Y,Indonesia_10Y,-0.018370000000000886,4.710939,4.729309000000001,-0.0563887808336492,0.4289620124752376,12.48,69.86,15497.0,1,
2023-12-15,Indonesia,10Y,Indonesia_10Y,-0.012432000000000443,4.710929,4.723361000000001,0.1779317035095949,0.4744298874349757,12.28,70.77,15492.5,1,
2023-12-18,Indonesia,10Y,Indonesia_10Y,0.0023770000000009617,4.729062000000001,4.726685,0.0844394927994055,0.3881939716803359,12.56,70.79,15510.0,1,
2023-12-19,Indonesia,10Y,Indonesia_10Y,0.012294999999999945,4.710910999999999,4.6986159999999995,0.0799555684034631,0.3778428539394466,12.53,70.78,15505.0,1,
2023-12-20,Indonesia,10Y,Indonesia_10Y,0.01192400000000049,4.692779,4.680854999999999,0.0772001880450954,0.3765229146267981,13.67,69.81,15510.0,1,
2023-12-21,Indonesia,10Y,Indonesia_10Y,0.011788999999999383,4.674594,4.6628050000000005,-0.0546787827013473,0.42926978316295,13.65,71.26,15525.0,1,
2023-12-22,Indonesia,10Y,Indonesia_10Y,0.013354999999998896,4.674576999999999,4.661222,-0.0205452614506055,0.3884446482009813,13.03,70.27,15482.5,1,
2023-12-25,Indonesia,10Y,Indonesia_10Y,0.013354999999998896,4.674576999999999,4.661222,0.0129529767199383,0.4616763679410212,13.03,70.28,15482.5,1,
2023-12-26,Indonesia,10Y,Indonesia_10Y,-0.0010449999999995185,4.656478,4.657522999999999,-0.1071821125175772,0.5283572820171889,12.99,70.28,15482.5,1,
2023-12-27,Indonesia,10Y,Indonesia_10Y,0.0523340000000001,4.67456,4.6222259999999995,-0.1780072563998128,0.4342052506458547,12.43,70.28,15430.0,1,1.0
2023-12-28,Indonesia,10Y,Indonesia_10Y,0.016506000000000576,4.6202380000000005,4.603732,-0.0553568510792208,0.4027140883130919,12.47,69.26,15420.0,1,1.0
2023-12-29,Indonesia,10Y,Indonesia_10Y,-0.0034200000000002007,4.638277,4.641697000000001,0.0528580678286496,0.3852203925246192,12.45,69.28,15397.0,1,-1.0
2024-01-01,Indonesia,10Y,Indonesia_10Y,-0.0034200000000002007,4.638277,4.641697000000001,-0.0570732604959878,0.40563410426244,12.45,69.29,15397.0,1,
2024-01-02,Indonesia,10Y,Indonesia_10Y,-0.028643999999999892,4.7108170000000005,4.739461,-0.0283528807379341,0.4072404015125185,13.2,69.23,15470.0,1,
2024-01-03,Indonesia,10Y,Indonesia_10Y,-0.011260000000000048,4.820503,4.8317630000000005,-0.0337673817303289,0.3451637251299215,14.04,75.2,15480.0,1,
2024-01-04,Indonesia,10Y,Indonesia_10Y,-0.05155700000000074,4.820575,4.872132000000001,-0.0637163314395617,0.4406950444315676,14.13,75.72,15490.0,1,
2024-01-05,Indonesia,10Y,Indonesia_10Y,-0.13375699999999924,4.875875000000001,5.009632,-0.0275777198646435,0.4414126986965531,13.35,77.69,15515.0,1,
2024-01-08,Indonesia,10Y,Indonesia_10Y,-0.08712099999999978,4.912913,5.000033999999999,-0.1147579092950037,0.2969504217941048,13.08,77.7,15525.0,1,
2024-01-09,Indonesia,10Y,Indonesia_10Y,-0.05851900000000043,4.875954,4.9344730000000006,-0.0841746772619329,0.4069014178709988,12.76,77.19,15520.0,1,
2024-01-10,Indonesia,10Y,Indonesia_10Y,-0.046635000000000204,4.839086999999999,4.8857219999999995,0.0286830066147112,0.3753991715737732,12.69,77.21,15569.5,1,
2024-01-11,Indonesia,10Y,Indonesia_10Y,-0.0001299999999995194,4.82078,4.82091,-0.0414684747947759,0.5219089949886867,12.44,74.26,15548.5,1,
2024-01-12,Indonesia,10Y,Indonesia_10Y,-0.02108100000000057,4.784015999999999,4.805097,0.0478222574370125,0.435314660173914,12.7,74.23,15550.0,1,
2024-01-15,Indonesia,10Y,Indonesia_10Y,-0.02108100000000057,4.784015999999999,4.805097,-0.0199499531770621,0.3862561306843244,13.25,74.21,15555.0,1,
2024-01-16,Indonesia,10Y,Indonesia_10Y,-0.08312600000000003,4.820833,4.903959,-0.0482400867487326,0.4487563494486746,13.84,74.69,15590.0,1,
2024-01-17,Indonesia,10Y,Indonesia_10Y,-0.06914900000000035,4.894813,4.963962,-0.0676706107989451,0.4489523438784992,14.79,77.18,15640.0,1,
2024-01-18,Indonesia,10Y,Indonesia_10Y,-0.0678529999999995,4.8949560000000005,4.962809,-0.0136949110328716,0.3784183028171146,14.13,76.23,15620.0,1,
2024-01-19,Indonesia,10Y,Indonesia_10Y,0.003143000000000562,4.9508220000000005,4.947679,0.0472522309745475,0.484336018972677,13.3,75.22,15615.0,1,
2024-01-22,Indonesia,10Y,Indonesia_10Y,0.02147999999999861,4.932245999999999,4.910766000000001,-0.1133192713808652,0.4011472685363133,13.19,74.72,15635.0,1,
2024-01-23,Indonesia,10Y,Indonesia_10Y,-0.008023000000000557,4.9323049999999995,4.940328,-0.0891915624575823,0.3922341057641124,12.55,74.22,15630.0,1,
2024-01-24,Indonesia,10Y,Indonesia_10Y,-0.045113000000000625,4.932364,4.977477,0.0079775782519758,0.3153153102423374,13.14,73.75,15710.0,1,
2024-01-25,Indonesia,10Y,Indonesia_10Y,0.005460999999999494,4.98862,4.983159000000001,-0.1614832896680265,0.4217424120019709,13.45,76.22,15825.0,1,
2024-01-26,Indonesia,10Y,Indonesia_10Y,0.0015780000000003014,4.96997,4.968392,0.0800622329761443,0.4104523892775075,13.26,76.7,15820.0,1,
2024-01-29,Indonesia,10Y,Indonesia_10Y,0.00986999999999938,4.96997,4.960100000000001,-0.0384945280734135,0.3780535372243712,13.6,76.73,15810.0,1,
2024-01-30,Indonesia,10Y,Indonesia_10Y,0.029577999999998994,4.914019,4.884441000000001,0.0818958630110978,0.4589537986987553,13.31,76.7,15780.0,1,
2024-01-31,Indonesia,10Y,Indonesia_10Y,0.057012000000000285,4.895452000000001,4.83844,0.0311390970557733,0.4283122915782069,14.35,74.74,15780.0,1,
2024-02-01,Indonesia,10Y,Indonesia_10Y,0.03699900000000067,4.858415,4.821415999999999,-0.0473596766042391,0.4923345077662128,13.88,76.71,15764.5,1,
2024-02-02,Indonesia,10Y,Indonesia_10Y,0.026778999999999442,4.914301999999999,4.887523,0.0513708614245199,0.4828844664692439,13.85,74.69,15657.5,1,
2024-02-05,Indonesia,10Y,Indonesia_10Y,-0.014157000000000863,5.008023,5.0221800000000005,-0.0855900861001947,0.2860148975149283,13.67,75.17,15705.0,1,
2024-02-06,Indonesia,10Y,Indonesia_10Y,0.04908400000000057,4.989311000000001,4.940227,-0.0123648970464992,0.4552910540449856,13.06,74.73,15730.0,1,
2024-02-07,Indonesia,10Y,Indonesia_10Y,0.011025000000000063,4.970618,4.959593,-0.0660054728438507,0.4397036829175961,12.83,74.22,15635.0,1,
2024-02-08,Indonesia,10Y,Indonesia_10Y,0.00602899999999984,4.9896259999999995,4.983597,0.0211420860022486,0.3427289329845842,12.79,74.23,15635.0,1,
2024-02-09,Indonesia,10Y,Indonesia_10Y,0.010550999999999533,5.027374999999999,5.016824,0.0116575559424805,0.3513265552144658,12.93,74.22,15635.0,1,
2024-02-12,Indonesia,10Y,Indonesia_10Y,-0.0184110000000004,5.008611,5.0270220000000005,-0.2276629968947092,0.4214069095231014,13.93,74.22,15594.5,1,
2024-02-13,Indonesia,10Y,Indonesia_10Y,-0.1037309999999998,5.027556000000001,5.131287,-0.1361386796687442,0.3312598912010858,15.85,74.22,15594.5,1,
2024-02-14,Indonesia,10Y,Indonesia_10Y,-0.032222999999999224,5.122400000000001,5.154623,0.0556313645919666,0.4131447724526992,14.38,75.24,15594.5,1,
2024-02-15,Indonesia,10Y,Indonesia_10Y,-0.03734000000000037,5.065868999999999,5.103209,-0.1272058938403595,0.3834143216219586,14.01,72.76,15620.0,1,
2024-02-16,Indonesia,10Y,Indonesia_10Y,-0.07671599999999934,5.084948000000001,5.161664,0.0503242727847405,0.34511260716826,14.24,71.72,15620.0,1,
2024-02-19,Indonesia,10Y,Indonesia_10Y,-0.07671599999999934,5.084948000000001,5.161664,0.1022426731029412,0.2742559103978938,14.71,71.73,15630.0,1,
2024-02-20,Indonesia,10Y,Indonesia_10Y,-0.11226899999999951,5.047122,5.159390999999999,-0.0988758938673229,0.3544007005943129,15.42,71.74,15660.0,1,
2024-02-21,Indonesia,10Y,Indonesia_10Y,-0.13326499999999974,5.047221,5.180486,-0.0940067681634764,0.4553198482230798,15.34,72.23,15635.0,1,
2024-02-22,Indonesia,10Y,Indonesia_10Y,-0.12924399999999991,5.047518,5.176762,-0.077042941139344,0.4440805320406749,14.54,70.23,15590.0,1,
2024-02-23,Indonesia,10Y,Indonesia_10Y,-0.1063369999999999,5.0665960000000005,5.1729330000000004,0.0066703603747672,0.4646936583467507,13.75,68.22,15594.5,1,
2024-02-26,Indonesia,10Y,Indonesia_10Y,-0.1367440000000002,4.99094,5.127684,-0.2156541154256452,0.4455737782575172,13.74,68.26,15630.0,1,
2024-02-27,Indonesia,10Y,Indonesia_10Y,-0.10935600000000001,5.028858,5.138214,-0.0267334371056179,0.4918888998819655,13.43,70.24,15640.0,1,
2024-02-28,Indonesia,10Y,Indonesia_10Y,-0.121614000000001,5.02905,5.150664000000001,0.010855164021652,0.4106153829771538,13.84,71.24,15685.0,1,
2024-02-29,Indonesia,10Y,Indonesia_10Y,-0.10032200000000024,5.010382,5.110704,-0.0404794922353733,0.4616362193081239,13.4,70.71,15715.0,1,
2024-03-01,Indonesia,10Y,Indonesia_10Y,-0.14382300000000114,4.972636,5.116459000000001,-0.0861623860744415,0.4394834446186786,13.11,70.24,15700.0,1,
2024-03-04,Indonesia,10Y,Indonesia_10Y,-0.12375499999999917,4.972718,5.096473,-0.096245009416126,0.4051016336399068,13.49,70.22,15740.0,1,
2024-03-05,Indonesia,10Y,Indonesia_10Y,-0.14251199999999997,4.953913,5.096425,0.0044929171580802,0.4143316076480808,14.46,70.25,15769.0,1,
2024-03-06,Indonesia,10Y,Indonesia_10Y,-0.1524479999999997,4.935127,5.087574999999999,-0.0816055248962465,0.3733822758404804,14.5,70.22,15700.0,1,
2024-03-07,Indonesia,10Y,Indonesia_10Y,-0.1404740000000011,4.897672999999999,5.038147,0.0118598186627889,0.3649142508277153,14.44,70.23,15652.5,1,
2024-03-08,Indonesia,10Y,Indonesia_10Y,-0.13522799999999968,4.8789370000000005,5.014165,-0.160411801485717,0.4252630482177113,14.74,70.25,15590.0,1,
2024-03-11,Indonesia,10Y,Indonesia_10Y,-0.15358299999999936,4.860219000000001,5.013802,0.0149904303287367,0.4526540727938854,15.22,70.24,15590.0,1,
2024-03-12,Indonesia,10Y,Indonesia_10Y,-0.10665899999999873,4.935567000000001,5.042225999999999,-0.1082218954406164,0.3007342714663198,13.84,70.23,15590.0,1,
2024-03-13,Indonesia,10Y,Indonesia_10Y,-0.09729299999999874,4.973470000000001,5.0707629999999995,-0.1057856426591944,0.3248730977694748,13.75,69.25,15575.0,1,
2024-03-14,Indonesia,10Y,Indonesia_10Y,-0.13485600000000098,5.011702,5.146558000000001,-0.1338020645858879,0.4354822424476368,14.4,68.25,15580.0,1,
2024-03-15,Indonesia,10Y,Indonesia_10Y,-0.09860700000000033,5.0499,5.148507,-0.1741592264957303,0.3853091501818033,14.41,68.25,15594.5,1,
2024-03-18,Indonesia,10Y,Indonesia_10Y,-0.08540599999999898,5.069107000000001,5.154513,-0.0010608415961317,0.3746797692907418,14.33,68.25,15690.0,1,
2024-03-19,Indonesia,10Y,Indonesia_10Y,-0.0764649999999989,5.088354000000001,5.164819,0.0211790731346483,0.4441062644530064,13.82,68.25,15715.0,1,
2024-03-20,Indonesia,10Y,Indonesia_10Y,-0.06235700000000044,5.050224,5.1125810000000005,-0.0291337556282541,0.3308637612706319,13.04,74.25,15715.0,1,
2024-03-21,Indonesia,10Y,Indonesia_10Y,-0.06948500000000024,4.993347,5.062832,-0.0655233794364162,0.4376888512284274,12.92,72.27,15660.0,1,
2024-03-22,Indonesia,10Y,Indonesia_10Y,-0.0664270000000009,4.974425999999999,5.040853,0.1069840514759561,0.3995532214153502,13.06,72.26,15780.0,1,
2024-03-25,Indonesia,10Y,Indonesia_10Y,-0.06320100000000117,4.9555229999999995,5.018724000000001,0.0372090711344035,0.3355945051475938,13.19,72.23,15797.5,1,
2024-03-26,Indonesia,10Y,Indonesia_10Y,-0.05508700000000033,4.974603999999999,5.029691,-0.155963450110481,0.4175125968372426,13.24,72.26,15790.0,1,
2024-03-27,Indonesia,10Y,Indonesia_10Y,-0.04546599999999934,4.974964,5.020429999999999,-0.1136782172607798,0.4051777445162639,12.78,73.23,15855.0,1,
2024-03-28,Indonesia,10Y,Indonesia_10Y,-0.05397100000000066,4.975054999999999,5.029026,-0.1793971131241499,0.4412982169079992,13.01,73.21,15855.0,1,
2024-03-29,Indonesia,10Y,Indonesia_10Y,-0.05397100000000066,4.975054999999999,5.029026,-0.0103192824047164,0.4832764136408735,13.01,73.25,15855.0,1,
2024-04-01,Indonesia,10Y,Indonesia_10Y,-0.08845300000000123,4.956030999999999,5.044484000000001,0.0040840500289728,0.441345241234211,13.65,73.25,15890.0,1,
2024-04-02,Indonesia,10Y,Indonesia_10Y,-0.05087200000000003,5.051553,5.102425,0.0544506277024429,0.3495633022324301,14.61,74.23,15897.0,1,
2024-04-03,Indonesia,10Y,Indonesia_10Y,-0.04012600000000077,5.0708459999999995,5.110972,-0.051240421220552,0.3928252710923262,14.33,75.7,15920.0,1,
2024-04-04,Indonesia,10Y,Indonesia_10Y,-0.06470900000000057,5.052007,5.116716,-0.1187745251651975,0.350429817910981,16.35,75.71,15892.5,1,
2024-04-05,Indonesia,10Y,Indonesia_10Y,-0.06981400000000004,5.090554,5.160368,-0.0139890858675608,0.2863460117254408,16.03,76.68,15845.0,1,
2024-04-08,Indonesia,10Y,Indonesia_10Y,-0.0647000000000002,5.148564,5.213264000000001,-0.0559919850001513,0.3922644581155065,15.19,75.68,15845.0,1,
2024-04-09,Indonesia,10Y,Indonesia_10Y,-0.022367000000000026,5.148707,5.171074,-0.121510469161806,0.3796778771324049,14.98,73.25,15845.0,1,
2024-04-10,Indonesia,10Y,Indonesia_10Y,-0.06220899999999929,5.187609,5.249817999999999,-0.0362483569043752,0.352089995321154,15.8,73.23,15845.0,1,
2024-04-11,Indonesia,10Y,Indonesia_10Y,-0.06807999999999925,5.266018000000001,5.334098,0.0176063237666516,0.4658293706237381,14.91,74.22,15845.0,1,
2024-04-12,Indonesia,10Y,Indonesia_10Y,-0.06000300000000003,5.285762,5.345765,-0.0450083552280108,0.4148430582168574,17.31,75.23,15845.0,1,
2024-04-15,Indonesia,10Y,Indonesia_10Y,-0.07457100000000061,5.325182,5.3997530000000005,-0.1416161663417576,0.4126164156036833,19.23,77.18,15845.0,1,
2024-04-16,Indonesia,10Y,Indonesia_10Y,-0.11120799999999953,5.42403,5.535238,-0.2718120032740876,0.3247069158027042,18.4,80.16,16175.0,1,
2024-04-17,Indonesia,10Y,Indonesia_10Y,-0.06554000000000038,5.4242539999999995,5.489794,-0.0895927811884168,0.3181887524141999,18.21,80.18,16220.0,1,
2024-04-18,Indonesia,10Y,Indonesia_10Y,-0.07568700000000028,5.3655740000000005,5.441261000000001,-0.1121360336180351,0.3592608369692254,18.0,78.2,16175.0,1,
2024-04-19,Indonesia,10Y,Indonesia_10Y,-0.08954400000000007,5.405331,5.494875,-0.1694019996504443,0.4704105367915648,18.71,81.18,16255.0,1,
2024-04-22,Indonesia,10Y,Indonesia_10Y,-0.050840000000000884,5.445233999999999,5.496074,-0.2576734509701891,0.3861650341049716,16.94,80.17,16235.0,1,
2024-04-23,Indonesia,10Y,Indonesia_10Y,-0.06002200000000002,5.425603000000001,5.485625000000001,0.0373867721113888,0.3485887991787509,15.69,78.18,16220.0,1,
2024-04-24,Indonesia,10Y,Indonesia_10Y,-0.0584699999999998,5.4258299999999995,5.484299999999999,-0.029193428929437,0.4726973136903392,15.97,77.68,16155.0,1,
2024-04-25,Indonesia,10Y,Indonesia_10Y,-0.081175,5.466314000000001,5.547489000000001,-0.231212520028028,0.5131717154524468,15.37,79.68,16187.5,1,
2024-04-26,Indonesia,10Y,Indonesia_10Y,-0.0673849999999998,5.506492,5.5738769999999995,0.0259310036940068,0.339924327845756,15.03,79.19,16210.0,1,
2024-04-29,Indonesia,10Y,Indonesia_10Y,-0.04468999999999923,5.487,5.531689999999999,0.0322674397348793,0.2789696640270903,14.67,76.73,16255.0,1,
2024-04-30,Indonesia,10Y,Indonesia_10Y,-0.0386179999999996,5.487247,5.525865,0.0048932839762395,0.4059157255287809,15.65,75.71,16260.0,1,
2024-05-01,Indonesia,10Y,Indonesia_10Y,-0.026023999999999603,5.487247,5.513271,-0.033691840680273,0.3894709539341474,15.39,75.72,16260.0,1,
2024-05-02,Indonesia,10Y,Indonesia_10Y,-0.022879000000000538,5.487991,5.510870000000001,-0.0838445189780975,0.3314578617537296,14.68,75.25,16185.0,1,
2024-05-03,Indonesia,10Y,Indonesia_10Y,-0.027449999999999974,5.348939,5.376389,-0.0757264333421835,0.4939069658053389,13.49,74.24,16084.0,1,
2024-05-06,Indonesia,10Y,Indonesia_10Y,-0.03144800000000014,5.309615,5.341063,-0.0162652618373894,0.4620759834141948,13.49,71.77,16025.0,1,
2024-05-07,Indonesia,10Y,Indonesia_10Y,0.007338999999999984,5.270391,5.263052,-0.1257981040534015,0.4355935370973051,13.23,70.77,16045.0,1,
2024-05-08,Indonesia,10Y,Indonesia_10Y,-0.05540099999999981,5.270579,5.3259799999999995,0.0872906978391771,0.4326230263204648,13.0,72.23,16045.0,1,
2024-05-09,Indonesia,10Y,Indonesia_10Y,-0.013650000000000162,5.290862000000001,5.304512000000001,-0.0422275254707951,0.4543327806122374,12.69,72.23,16045.0,1,
2024-05-10,Indonesia,10Y,Indonesia_10Y,-0.06674000000000024,5.251639,5.318379,-0.0743153013790795,0.339444382639636,12.55,72.25,16045.0,1,
2024-05-13,Indonesia,10Y,Indonesia_10Y,-0.043393000000000015,5.271523,5.314916,-0.1341771893965012,0.4345576348707608,13.6,72.25,16080.0,1,
2024-05-14,Indonesia,10Y,Indonesia_10Y,-0.03617599999999932,5.271713,5.307888999999999,-0.1446001024046257,0.4764860859512342,13.42,72.25,16100.0,1,
2024-05-15,Indonesia,10Y,Indonesia_10Y,0.007401999999999909,5.232512,5.22511,-0.1592937853992836,0.4433111273273557,12.45,52.88,16027.5,1,
2024-05-16,Indonesia,10Y,Indonesia_10Y,-0.05131199999999936,5.096014,5.147326,0.0389001824446382,0.3496966389094154,12.42,70.26,15925.0,1,
2024-05-17,Indonesia,10Y,Indonesia_10Y,-0.056686999999999266,5.115647,5.172333999999999,-0.0857478702953131,0.4255902002930294,11.99,70.26,15955.0,1,
2024-05-20,Indonesia,10Y,Indonesia_10Y,-0.07821600000000029,5.135323,5.213539,0.0395197091410237,0.4132798640121775,12.15,70.26,15975.0,1,
2024-05-21,Indonesia,10Y,Indonesia_10Y,-0.044185000000000585,5.15504,5.199225,0.012333532086223,0.4866055232927453,11.86,70.75,15994.5,1,
2024-05-22,Indonesia,10Y,Indonesia_10Y,-0.05450599999999994,5.155199,5.209705,-0.0046723991769242,0.4623546141388611,12.29,69.74,15992.5,1,
2024-05-23,Indonesia,10Y,Indonesia_10Y,-0.10825599999999991,5.136248,5.244504,-0.1515068617223984,0.3683042776585507,12.77,70.76,15992.5,1,
2024-05-24,Indonesia,10Y,Indonesia_10Y,-0.06989899999999949,5.17563,5.245528999999999,-0.1569620564724496,0.4802031796075834,11.93,72.25,15992.5,1,
2024-05-27,Indonesia,10Y,Indonesia_10Y,-0.08966299999999983,5.155841000000001,5.245504,-0.0649603694061605,0.4103881734763307,12.36,72.24,16065.0,1,
2024-05-28,Indonesia,10Y,Indonesia_10Y,-0.12113299999999949,5.156002,5.2771349999999995,-0.0406027232242948,0.3929536058479997,12.92,71.25,16090.0,1,
2024-05-29,Indonesia,10Y,Indonesia_10Y,-0.07310000000000016,5.234881,5.307981,-0.0275839079952101,0.4246382576441826,14.28,71.23,16160.0,1,
2024-05-30,Indonesia,10Y,Indonesia_10Y,-0.04631900000000044,5.274421,5.320740000000001,-0.0477706952628977,0.4077233737461875,14.47,93.38,16260.0,1,
2024-05-31,Indonesia,10Y,Indonesia_10Y,-0.021262999999999366,5.215695,5.236958,-0.1162171551877707,0.3781020716809656,12.92,93.37,16250.0,1,
2024-06-03,Indonesia,10Y,Indonesia_10Y,-0.02352699999999963,5.176472,5.199999,-0.0964198764250675,0.3974675893357918,13.11,72.24,16230.0,1,
2024-06-04,Indonesia,10Y,Indonesia_10Y,0.0036559999999994375,5.137347,5.133691000000001,-0.0932679254147849,0.3966671767729334,13.16,72.24,16220.0,1,
2024-06-05,Indonesia,10Y,Indonesia_10Y,0.019411999999999097,5.117896999999999,5.098485,-0.0611376483988346,0.4478177982518622,12.63,72.71,16285.0,1,
2024-06-06,Indonesia,10Y,Indonesia_10Y,-0.020986999999999867,5.078860000000001,5.0998470000000005,0.0509535525696751,0.4391886795197781,12.58,72.71,16260.0,1,
2024-06-07,Indonesia,10Y,Indonesia_10Y,-0.09663300000000064,5.127934,5.224567,0.0836187869274359,0.4203115819067485,12.22,72.72,16194.5,1,
2024-06-10,Indonesia,10Y,Indonesia_10Y,-0.05738799999999955,5.167403,5.224791,-0.0338564487883526,0.4016590015293558,12.74,72.72,16280.0,1,
2024-06-11,Indonesia,10Y,Indonesia_10Y,-0.029126999999999903,5.187254,5.216381,-0.0788884064785618,0.4539016063096251,12.85,72.74,16290.0,1,
2024-06-12,Indonesia,10Y,Indonesia_10Y,0.006117999999999846,5.108612,5.102494,-0.0962465222080816,0.3565520541974358,12.04,73.22,16294.5,1,
2024-06-13,Indonesia,10Y,Indonesia_10Y,-0.01871399999999923,5.049939,5.068652999999999,-0.052674458914529,0.5068616893348145,11.94,95.24,16270.0,1,
2024-06-14,Indonesia,10Y,Indonesia_10Y,-0.07193299999999958,5.030654,5.102587,-0.160823121390115,0.4338431666760996,12.66,72.15,16400.0,1,
2024-06-17,Indonesia,10Y,Indonesia_10Y,-0.044184000000000445,5.069876,5.11406,0.0019538421445158,0.324301945391597,12.75,76.69,16400.0,1,
2024-06-18,Indonesia,10Y,Indonesia_10Y,-0.030530000000000612,5.070065,5.100595,-0.0665253576505055,0.3713737153007724,12.3,77.68,16400.0,1,
2024-06-19,Indonesia,10Y,Indonesia_10Y,-0.04012000000000082,5.05047,5.090590000000001,-0.1251285485821769,0.3564780839339675,12.48,77.19,16365.0,1,
2024-06-20,Indonesia,10Y,Indonesia_10Y,-0.02663300000000035,5.07016,5.096793,-0.0048468202535499,0.3982002846955356,13.28,77.17,16430.0,1,
2024-06-21,Indonesia,10Y,Indonesia_10Y,-0.039057999999999815,5.070448,5.109506,0.0035576112627737,0.4496528189416878,13.2,77.69,16450.0,1,
2024-06-24,Indonesia,10Y,Indonesia_10Y,-0.009518999999999167,5.10988,5.119399,0.0494177659300573,0.3938813657921142,13.33,78.18,16394.0,1,
2024-06-25,Indonesia,10Y,Indonesia_10Y,-0.028667000000000442,5.129707,5.158374,-0.0282927348850384,0.4055735661900716,12.84,78.17,16375.0,1,
2024-06-26,Indonesia,10Y,Indonesia_10Y,-0.003141999999999534,5.16936,5.172502,-0.1347885741844171,0.5079910410979248,12.55,78.16,16405.0,1,
2024-06-27,Indonesia,10Y,Indonesia_10Y,0.051909000000000205,5.229039,5.17713,0.011368470428112,0.3771822095803234,12.24,78.17,16397.5,1,0.0
2024-06-28,Indonesia,10Y,Indonesia_10Y,0.04916799999999988,5.229469,5.180301,-0.0705552170285593,0.5214027158687912,12.44,78.17,16375.0,1,-1.0
2024-07-01,Indonesia,10Y,Indonesia_10Y,0.08513400000000004,5.369807,5.284673,0.1091635207147001,0.4722146824395811,12.22,78.17,16322.0,1,0.0
2024-07-02,Indonesia,10Y,Indonesia_10Y,0.05022199999999977,5.329769,5.279547,-0.0678346434941729,0.5139151462478743,12.03,77.2,16394.5,1,
2024-07-03,Indonesia,10Y,Indonesia_10Y,0.03783399999999926,5.31004,5.272206000000001,0.0343760208333744,0.4126807043550325,12.09,75.69,16370.0,1,
2024-07-04,Indonesia,10Y,Indonesia_10Y,0.03484299999999951,5.31004,5.275197,-0.0930281721472727,0.4334279671884428,12.26,74.71,16330.0,1,
2024-07-05,Indonesia,10Y,Indonesia_10Y,0.12400199999999995,5.270454,5.146452,0.0300836055616034,0.4294213218204025,12.48,74.22,16277.5,1,
2024-07-08,Indonesia,10Y,Indonesia_10Y,0.043531999999999904,5.230632,5.1871,-0.1060795410940325,0.554611547683606,12.37,73.7,16255.0,1,
2024-07-09,Indonesia,10Y,Indonesia_10Y,0.05644599999999933,5.21083,5.154384,-0.0890924267567278,0.3822667907024705,12.51,72.72,16250.0,1,
2024-07-10,Indonesia,10Y,Indonesia_10Y,0.08610600000000002,5.210972,5.124866,-0.0175168029546884,0.4997274956706339,12.85,72.73,16240.0,1,
2024-07-11,Indonesia,10Y,Indonesia_10Y,0.09521999999999942,5.151415,5.056195000000001,-0.1300395934175449,0.4188337611012554,12.92,71.74,16194.5,1,
2024-07-12,Indonesia,10Y,Indonesia_10Y,0.11169100000000043,5.1121110000000005,5.00042,0.1310468138709337,0.4034409235840921,12.46,71.72,16137.5,1,
2024-07-15,Indonesia,10Y,Indonesia_10Y,0.09016499999999983,5.132058,5.041893,-0.0871447072392574,0.4728722096955021,13.12,71.73,16170.0,1,
2024-07-16,Indonesia,10Y,Indonesia_10Y,0.09823399999999971,5.112342,5.014108,0.0732293667404924,0.3940645634834295,13.19,72.75,16180.0,1,
2024-07-17,Indonesia,10Y,Indonesia_10Y,0.09748700000000099,5.092646,4.995158999999999,-0.0484420089987609,0.3711424111353833,14.48,72.71,16100.0,1,
2024-07-18,Indonesia,10Y,Indonesia_10Y,0.0958439999999996,5.112575,5.016731,0.087265679371077,0.4327071096348401,15.93,74.19,16155.0,1,
2024-07-19,Indonesia,10Y,Indonesia_10Y,0.0918720000000004,5.132792,5.04092,0.0087490206889568,0.4241486540966035,16.52,74.19,16190.0,1,
2024-07-22,Indonesia,10Y,Indonesia_10Y,0.11538999999999966,5.132916,5.017526,-0.0266032614632661,0.3673986584665917,14.91,76.19,16220.0,1,
2024-07-23,Indonesia,10Y,Indonesia_10Y,0.08434399999999975,5.113163,5.028819,0.0429665388816902,0.3999167345061683,14.72,73.23,16210.0,1,
2024-07-24,Indonesia,10Y,Indonesia_10Y,0.07354199999999977,5.133165,5.059623,-0.0480854907770745,0.3354463715077347,18.04,73.23,16215.0,1,
2024-07-25,Indonesia,10Y,Indonesia_10Y,0.07722500000000032,5.153209,5.075984,-0.1298133399022778,0.3634031705093724,18.46,76.23,16250.0,1,
2024-07-26,Indonesia,10Y,Indonesia_10Y,0.06782500000000002,5.133667,5.065842,0.1395985866401719,0.3519212781213578,16.39,75.7,16290.0,1,
2024-07-29,Indonesia,10Y,Indonesia_10Y,0.06248100000000001,5.0741499999999995,5.0116689999999995,-0.0230164487557648,0.4632366921977835,16.6,74.73,16280.0,1,
2024-07-30,Indonesia,10Y,Indonesia_10Y,0.12943199999999955,5.093999999999999,4.964568,-0.0234704641266887,0.3401385184128324,17.69,75.2,16300.0,1,
2024-07-31,Indonesia,10Y,Indonesia_10Y,0.12130999999999936,5.01487,4.893560000000001,0.045599060211108,0.3640422070985089,16.36,75.2,16260.0,1,
2024-08-01,Indonesia,10Y,Indonesia_10Y,0.09678499999999968,4.955825,4.85904,-0.0239403486250611,0.387440671633561,18.59,74.7,16235.0,1,
2024-08-02,Indonesia,10Y,Indonesia_10Y,0.09736000000000011,4.916743,4.819383,-0.0143083806842958,0.4575398590092913,23.39,77.2,16200.0,1,
2024-08-05,Indonesia,10Y,Indonesia_10Y,0.019662999999999542,4.81902,4.7993570000000005,-0.1825817216458838,0.4776830441288794,38.57,82.18,16185.0,1,
2024-08-06,Indonesia,10Y,Indonesia_10Y,-0.0019599999999995177,4.819057,4.821016999999999,0.0292759713276526,0.4769943838814676,27.71,80.12,16165.0,1,
2024-08-07,Indonesia,10Y,Indonesia_10Y,0.02147699999999997,4.838605,4.817128,0.0710414079242619,0.3795009300332121,27.85,79.15,16035.0,1,
2024-08-08,Indonesia,10Y,Indonesia_10Y,-0.0021919999999990836,4.838649,4.840840999999999,0.085460219211041,0.3905405407784308,23.79,80.19,15894.5,1,
2024-08-09,Indonesia,10Y,Indonesia_10Y,-0.032418999999999976,4.819247,4.851666,0.1503654270556182,0.5058703853510084,20.37,80.17,15925.0,1,
2024-08-12,Indonesia,10Y,Indonesia_10Y,0.02582299999999993,4.838826,4.813003,0.067439588643034,0.4452654306241821,20.71,78.67,15955.0,1,
2024-08-13,Indonesia,10Y,Indonesia_10Y,0.029611000000000942,4.819326,4.789714999999999,0.0052708094553512,0.5080535368402495,18.12,79.17,15832.5,1,
2024-08-14,Indonesia,10Y,Indonesia_10Y,0.021597000000000754,4.741454,4.719856999999999,-0.0866743367439014,0.5349803558110755,16.19,79.17,15677.5,1,
2024-08-15,Indonesia,10Y,Indonesia_10Y,0.016911999999999594,4.760911,4.7439990000000005,-0.0120249447953205,0.3968338674355574,15.23,76.2,15695.0,1,
2024-08-16,Indonesia,10Y,Indonesia_10Y,0.037865000000000926,4.760981,4.723115999999999,0.1069318602691321,0.466275848671137,14.8,72.73,15690.0,1,
2024-08-19,Indonesia,10Y,Indonesia_10Y,0.005589999999999762,4.722108,4.716518000000001,-0.0137024564850315,0.4496991794516395,14.65,71.74,15550.0,1,
2024-08-20,Indonesia,10Y,Indonesia_10Y,0.022190000000000154,4.70271,4.68052,0.0626968797325149,0.5097361290518788,15.88,71.74,15435.0,1,
2024-08-21,Indonesia,10Y,Indonesia_10Y,-0.023471000000000686,4.625337,4.648808000000001,-0.0360234000499287,0.4099725852967656,16.27,71.73,15485.0,1,
2024-08-22,Indonesia,10Y,Indonesia_10Y,-0.05188000000000059,4.606043,4.657923,0.2158790143009177,0.377148450574443,17.55,71.22,15600.0,1,
2024-08-23,Indonesia,10Y,Indonesia_10Y,-0.04711899999999947,4.548262,4.595381,-0.0577225731022882,0.3838291932945258,15.86,70.25,15490.0,1,
2024-08-26,Indonesia,10Y,Indonesia_10Y,-0.0819649999999994,4.509875,4.5918399999999995,-0.2089278048451438,0.4990570460971454,16.15,67.29,15430.0,1,
2024-08-27,Indonesia,10Y,Indonesia_10Y,-0.08518899999999974,4.528993,4.614182,0.1368201654780698,0.3513751615671903,15.43,67.26,15495.0,1,
2024-08-28,Indonesia,10Y,Indonesia_10Y,-0.09188000000000063,4.528951,4.620831000000001,0.0269599128153416,0.3900376802137655,17.11,67.27,15425.0,1,
2024-08-29,Indonesia,10Y,Indonesia_10Y,-0.09094899999999928,4.548115,4.639063999999999,0.0713259062298248,0.4316806452532972,15.65,67.28,15415.0,1,
2024-08-30,Indonesia,10Y,Indonesia_10Y,-0.12743599999999944,4.567259,4.694694999999999,0.1230703424089823,0.3743210471644687,15.0,67.27,15455.0,1,
2024-09-02,Indonesia,10Y,Indonesia_10Y,-0.12743599999999944,4.567259,4.694694999999999,-0.05934142578556,0.2859871291666931,15.55,67.25,15525.0,1,
2024-09-03,Indonesia,10Y,Indonesia_10Y,-0.02675699999999992,4.625171,4.651928,0.0664229763376386,0.3892852741826325,20.72,70.62,15525.0,1,
2024-09-04,Indonesia,10Y,Indonesia_10Y,-0.05980999999999881,4.5864910000000005,4.646300999999999,0.0429335837149754,0.4679733037794583,21.32,70.74,15475.0,1,
2024-09-05,Indonesia,10Y,Indonesia_10Y,-0.06056499999999865,4.5479020000000006,4.608466999999999,0.066515384629819,0.4549911819158677,19.9,70.72,15397.5,1,
2024-09-06,Indonesia,10Y,Indonesia_10Y,-0.08465999999999951,4.509311,4.593971,0.1398380307041909,0.3936191711944624,22.38,70.74,15365.0,1,
2024-09-09,Indonesia,10Y,Indonesia_10Y,-0.03260699999999961,4.547764,4.5803709999999995,-0.0325000552045923,0.34397142923879,19.45,71.19,15455.0,1,
2024-09-10,Indonesia,10Y,Indonesia_10Y,-0.033350999999999686,4.528461,4.561812,-0.0342370362214683,0.4494841020930766,19.08,70.71,15450.0,1,
2024-09-11,Indonesia,10Y,Indonesia_10Y,-0.0071830000000003835,4.489956,4.497139000000001,-0.0218828571208003,0.4665582624671383,17.69,72.23,15400.0,1,
2024-09-12,Indonesia,10Y,Indonesia_10Y,-0.05298699999999901,4.470709,4.523695999999999,0.0646903830640585,0.4605939842764152,17.07,71.21,15430.0,1,
2024-09-13,Indonesia,10Y,Indonesia_10Y,-0.032873000000000374,4.4513549999999995,4.484228,0.0226063405652543,0.2649840739736546,16.56,70.27,15400.0,1,
2024-09-16,Indonesia,10Y,Indonesia_10Y,-0.028264000000000067,4.4129950000000004,4.4412590000000005,-0.1002215068139004,0.4500346229603581,17.14,69.25,15400.0,1,
2024-09-17,Indonesia,10Y,Indonesia_10Y,-0.039806999999999704,4.355665,4.395472,-0.0046500694751654,0.4777145658887824,17.61,68.24,15335.0,1,
2024-09-18,Indonesia,10Y,Indonesia_10Y,-0.06082400000000021,4.374639,4.435463,-0.1093985907298975,0.3683902669832511,18.23,67.73,15335.0,1,
2024-09-19,Indonesia,10Y,Indonesia_10Y,-0.05399199999999915,4.3936530000000005,4.447645,0.1218823754111111,0.3879430400777716,16.33,67.73,15235.0,1,
2024-09-20,Indonesia,10Y,Indonesia_10Y,-0.09301400000000015,4.39342,4.486434,0.0364771060352129,0.4345037903188428,16.15,70.27,15150.0,1,
2024-09-23,Indonesia,10Y,Indonesia_10Y,-0.09662949999999881,4.3933420000000005,4.489971499999999,-0.0311280771556026,0.3921503726442583,15.89,70.28,15200.0,1,
2024-09-24,Indonesia,10Y,Indonesia_10Y,-0.05880699999999983,4.431601000000001,4.490408,0.0085098035498022,0.3556852232724783,15.39,70.28,15185.0,1,
2024-09-25,Indonesia,10Y,Indonesia_10Y,-0.09235900000000008,4.409181,4.50154,-0.0203546774726511,0.5128166274118493,15.41,69.75,15100.0,1,
2024-09-26,Indonesia,10Y,Indonesia_10Y,-0.0929259999999994,4.428237,4.521163,0.0917894128039916,0.3878822343421224,15.37,68.79,15165.0,1,
2024-09-27,Indonesia,10Y,Indonesia_10Y,-0.08780650000000012,4.4088525,4.496659,-0.0530902213847612,0.503557009521669,16.96,68.78,15125.0,1,
2024-09-30,Indonesia,10Y,Indonesia_10Y,-0.07911250000000081,4.408770499999999,4.487883,0.0393037930126816,0.4039761376986472,16.73,68.75,15140.0,1,
2024-10-01,Indonesia,10Y,Indonesia_10Y,-0.07553649999999923,4.3895495,4.4650859999999994,0.0114375844100221,0.394381532445368,19.26,68.75,15200.0,1,
2024-10-02,Indonesia,10Y,Indonesia_10Y,-0.12415599999999927,4.370345,4.494501,0.0144978418052663,0.4779209316633378,18.9,69.26,15265.0,1,
2024-10-03,Indonesia,10Y,Indonesia_10Y,-0.13750350000000022,4.3893755,4.526879,-0.0554084197901532,0.4727652589478439,20.49,69.26,15420.0,1,
2024-10-04,Indonesia,10Y,Indonesia_10Y,-0.19510300000000136,4.427479999999999,4.6225830000000006,-0.0732797214564278,0.5049823268191268,19.21,69.26,15485.0,1,
2024-10-07,Indonesia,10Y,Indonesia_10Y,-0.09943499999999972,4.585841,4.685276,-0.0844162678272491,0.4804943220449988,22.64,68.23,15680.0,1,
2024-10-08,Indonesia,10Y,Indonesia_10Y,-0.08164000000000016,4.624891,4.706531,-0.055488849706711,0.435708099023364,21.42,69.28,15645.0,1,
2024-10-09,Indonesia,10Y,Indonesia_10Y,-0.09730399999999939,4.624888,4.722192,-0.1047586219090491,0.4603583696100458,20.86,71.27,15620.0,1,
2024-10-10,Indonesia,10Y,Indonesia_10Y,-0.08910500000000088,4.664089,4.753194000000001,0.0143529951470651,0.4692535027021796,20.93,69.76,15665.0,1,
2024-10-11,Indonesia,10Y,Indonesia_10Y,-0.11169099999999954,4.644486000000001,4.756177,0.0746459271066406,0.3685039388221477,20.46,69.75,15577.5,1,
2024-10-14,Indonesia,10Y,Indonesia_10Y,-0.08289699999999911,4.664127000000001,4.747024,0.055795954581424,0.4264138342581642,19.7,69.75,15560.0,1,
2024-10-15,Indonesia,10Y,Indonesia_10Y,-0.09744899999999923,4.644491,4.74194,0.2093338813791744,0.2865304343090968,20.64,68.28,15580.0,1,
2024-10-16,Indonesia,10Y,Indonesia_10Y,-0.0758770000000002,4.624871,4.700748,0.0313987350804618,0.3881446288463657,19.58,68.29,15510.0,1,
2024-10-17,Indonesia,10Y,Indonesia_10Y,-0.10292000000000012,4.62487,4.72779,0.1342400838817423,0.3969989681292309,19.11,67.76,15495.0,1,
2024-10-18,Indonesia,10Y,Indonesia_10Y,-0.087974,4.683898,4.771872,0.0981879300612711,0.3501638033084352,18.03,67.77,15465.0,1,
2024-10-21,Indonesia,10Y,Indonesia_10Y,-0.12843300000000024,4.683916,4.812349,0.0470994671324706,0.4037760287119289,18.37,67.75,15495.0,1,
2024-10-22,Indonesia,10Y,Indonesia_10Y,-0.09650200000000009,4.782964,4.879466,0.1285611482934505,0.4168729246894744,18.2,70.24,15560.0,1,
2024-10-23,Indonesia,10Y,Indonesia_10Y,-0.11196800000000007,4.842803,4.954771,-0.1107444489439161,0.4151121729272588,19.24,70.24,15620.0,1,
2024-10-24,Indonesia,10Y,Indonesia_10Y,-0.11195499999999914,4.822904,4.934858999999999,0.0107182588606208,0.3991703807850557,19.08,69.79,15580.0,1,
2024-10-25,Indonesia,10Y,Indonesia_10Y,-0.11127299999999973,4.803136,4.914409,-0.1227071944862327,0.3809096695419178,20.33,68.78,15640.0,1,
2024-10-28,Indonesia,10Y,Indonesia_10Y,-0.08593199999999968,4.883215,4.9691469999999995,-0.040988224918095,0.5393498410272451,19.8,69.25,15724.0,1,
2024-10-29,Indonesia,10Y,Indonesia_10Y,-0.05203500000000005,4.903384,4.955419,-0.1215194544169174,0.4373075805663329,19.34,69.25,15760.0,1,
2024-10-30,Indonesia,10Y,Indonesia_10Y,-0.12339699999999976,4.843213,4.96661,0.0424171228344833,0.5034636134405464,20.35,69.28,15695.0,1,
2024-10-31,Indonesia,10Y,Indonesia_10Y,-0.10856400000000033,4.883379,4.991943,0.1050588495753003,0.5184770156020077,23.16,69.25,15695.0,1,
2024-11-01,Indonesia,10Y,Indonesia_10Y,-0.16248599999999946,4.9238800000000005,5.086366,-0.0597914808187338,0.4493517099522278,21.88,71.24,15720.0,1,
2024-11-04,Indonesia,10Y,Indonesia_10Y,-0.07799599999999973,4.944155,5.022151,0.0659431602250285,0.488902892147485,21.98,71.78,15752.5,1,
2024-11-05,Indonesia,10Y,Indonesia_10Y,-0.06669999999999998,4.964472,5.031172,0.0200302032045138,0.3338123879417585,20.49,72.23,15735.0,1,
2024-11-06,Indonesia,10Y,Indonesia_10Y,-0.10671900000000001,5.0457719999999995,5.1524909999999995,0.1118762863178688,0.4106603276171518,16.27,72.19,15830.0,1,
2024-11-07,Indonesia,10Y,Indonesia_10Y,0.006127000000000216,5.005237,4.99911,0.0189373412004502,0.4036037616709163,15.2,70.77,15735.0,1,
2024-11-08,Indonesia,10Y,Indonesia_10Y,-0.059037000000000006,4.924657,4.983694,0.0777378946734176,0.4016369772239037,14.94,68.79,15670.0,1,
2024-11-11,Indonesia,10Y,Indonesia_10Y,-0.14551800000000004,4.904465,5.049983,0.1874702453517703,0.3569754349156601,14.97,68.74,15680.0,1,
2024-11-12,Indonesia,10Y,Indonesia_10Y,-0.11481299999999983,4.944984,5.059797,0.1349652493174266,0.3857520123370781,14.71,69.2,15780.0,1,
2024-11-13,Indonesia,10Y,Indonesia_10Y,-0.06224900000000044,5.005977,5.068226,-0.1364336469786805,0.4082374219501703,14.02,70.25,15775.0,1,
2024-11-14,Indonesia,10Y,Indonesia_10Y,-0.04964099999999938,5.046860000000001,5.096501,0.1314799872535949,0.4421915036010983,14.31,70.23,15855.0,1,
2024-11-15,Indonesia,10Y,Indonesia_10Y,-0.09330600000000011,5.06772,5.161026,0.0621239018493049,0.4715520593396523,16.14,71.25,15855.0,1,
2024-11-18,Indonesia,10Y,Indonesia_10Y,-0.059212000000000486,5.10886,5.168072,0.0402183956015244,0.4863355521080061,15.58,73.23,15850.0,1,
2024-11-19,Indonesia,10Y,Indonesia_10Y,-0.07584499999999927,5.0884990000000005,5.164344,-0.0512841303763802,0.4693315365880559,16.35,73.27,15830.0,1,
2024-11-20,Indonesia,10Y,Indonesia_10Y,-0.05896100000000004,5.109178,5.168139,0.0210779810845473,0.3995018665393827,17.16,73.2,15865.0,1,
2024-11-21,Indonesia,10Y,Indonesia_10Y,-0.07112799999999986,5.109337,5.180465,0.0204825237309722,0.4653731378438075,16.87,73.23,15925.0,1,
2024-11-22,Indonesia,10Y,Indonesia_10Y,-0.06430700000000034,5.109818,5.174125,-0.0678205288742433,0.4477389159941173,15.24,73.23,15875.0,1,
2024-11-25,Indonesia,10Y,Indonesia_10Y,-0.0298620000000005,5.048398,5.07826,0.0298017144087994,0.393651452702871,14.6,73.73,15870.0,1,
2024-11-26,Indonesia,10Y,Indonesia_10Y,-0.07580600000000004,5.007629,5.083435,-0.0778660890900713,0.4980606012437242,14.1,74.2,15930.0,1,
2024-11-27,Indonesia,10Y,Indonesia_10Y,-0.05630000000000024,4.9874659999999995,5.043766,0.0519673614984033,0.518581295446601,14.1,74.23,15930.0,1,
2024-11-28,Indonesia,10Y,Indonesia_10Y,-0.05630000000000024,4.9874659999999995,5.043766,0.082506459550974,0.4152066656030057,13.9,75.21,15870.0,1,
2024-11-29,Indonesia,10Y,Indonesia_10Y,-0.08496199999999998,4.967429,5.052391,0.0623537328743964,0.4782932426377237,13.51,75.22,15845.0,1,
2024-12-02,Indonesia,10Y,Indonesia_10Y,-0.07151700000000005,4.9471609999999995,5.0186779999999995,-0.0028350863937479,0.4275989845498393,13.34,74.7,15900.0,1,
2024-12-03,Indonesia,10Y,Indonesia_10Y,-0.07550999999999952,4.9676670000000005,5.043177,0.0387319257301138,0.4492380856996983,13.3,73.71,15940.0,1,
2024-12-04,Indonesia,10Y,Indonesia_10Y,-0.0686050000000007,4.9677869999999995,5.036392,0.1963365272427817,0.4282633129938683,13.45,73.22,15930.0,1,
2024-12-05,Indonesia,10Y,Indonesia_10Y,-0.050351000000000035,4.947501,4.997852,0.0851217843690963,0.3860035978460828,13.54,72.22,15860.0,1,
2024-12-06,Indonesia,10Y,Indonesia_10Y,-0.04685600000000001,4.927292,4.974148,0.1276917395579369,0.4908723092407498,12.77,72.22,15850.0,1,
2024-12-09,Indonesia,10Y,Indonesia_10Y,-0.10582899999999995,4.906979,5.012808,0.0478410023433542,0.4777117028604366,14.19,71.23,15865.0,1,
2024-12-10,Indonesia,10Y,Indonesia_10Y,-0.0866579999999999,4.947811,5.034469,-0.2112346950128607,0.5340481319145525,14.18,71.24,15865.0,1,
2024-12-11,Indonesia,10Y,Indonesia_10Y,-0.08908699999999925,4.927462,5.0165489999999995,0.0764398418339839,0.4541331409514492,13.58,71.23,15915.0,1,
2024-12-12,Indonesia,10Y,Indonesia_10Y,-0.09239700000000006,4.975331,5.067728,-0.1244372036145442,0.5211967326337481,13.92,71.23,15925.0,1,
2024-12-13,Indonesia,10Y,Indonesia_10Y,-0.1262300000000005,5.030188,5.156418,0.0120018907842518,0.5161079915613564,13.81,71.24,15994.5,1,
2024-12-16,Indonesia,10Y,Indonesia_10Y,-0.10659100000000077,5.050876,5.1574670000000005,-0.0852567341134129,0.5102610661698624,14.69,71.25,16000.0,1,
2024-12-17,Indonesia,10Y,Indonesia_10Y,-0.09308899999999998,5.092275,5.185364,-0.1261539955257145,0.479179292631399,15.87,74.2,16065.0,1,
2024-12-18,Indonesia,10Y,Indonesia_10Y,-0.181754999999999,5.0717110000000005,5.2534659999999995,-0.0888465584873395,0.4110310934924264,27.62,75.2,16090.0,1,
2024-12-19,Indonesia,10Y,Indonesia_10Y,-0.15924700000000058,5.2172339999999995,5.376481,0.1081729989726165,0.4627344193753603,24.09,76.2,16290.0,1,
2024-12-20,Indonesia,10Y,Indonesia_10Y,-0.12568799999999936,5.238601,5.364288999999999,0.0962224166634416,0.5175882107846445,18.36,76.21,16194.5,1,
2024-12-23,Indonesia,10Y,Indonesia_10Y,-0.14092199999999977,5.238757,5.379678999999999,0.0422172490839701,0.4969284995513552,16.78,76.2,16175.0,1,-1.0
2024-12-24,Indonesia,10Y,Indonesia_10Y,-0.09453099999999992,5.2933330000000005,5.387864,0.0061954862627402,0.5190009999271855,14.27,77.2,16190.0,1,1.0
2024-12-25,Indonesia,10Y,Indonesia_10Y,-0.12723900000000032,5.260625,5.387864,0.0247990778635287,0.3881651183980452,14.27,77.2,16190.0,1,
2024-12-26,Indonesia,10Y,Indonesia_10Y,-0.14229499999999984,5.235521,5.377816,-0.1359818295841353,0.540597682305061,14.73,77.19,16190.0,1,0.0
2024-12-27,Indonesia,10Y,Indonesia_10Y,-0.17291399999999957,5.243579,5.416493,-0.0823089211969271,0.4867595109718093,15.95,77.19,16235.0,1,0.0
2024-12-30,Indonesia,10Y,Indonesia_10Y,-0.10074700000000014,5.273111,5.373858,-0.1597550801884267,0.4424532918073818,17.4,77.21,16135.0,1,-1.0
2024-12-31,Indonesia,10Y,Indonesia_10Y,-0.12661299999999986,5.271968,5.398581,-0.1420803054749699,0.4068170660522412,17.35,79.19,16095.0,1,1.0
2023-11-15,Indonesia,2033,Indonesia_2033,0.0911780000000002,5.489,5.397822,-0.0447309979345519,0.3769220662083039,14.18,78.24,15535.0,1,
2023-11-16,Indonesia,2033,Indonesia_2033,0.043229000000000184,5.416,5.372771,-0.0760367384891671,0.4008327344572555,14.32,78.76,15545.0,1,
2023-11-17,Indonesia,2033,Indonesia_2033,0.06644299999999959,5.416,5.349557000000001,-0.0510316802582435,0.3216176778216991,13.8,78.26,15492.5,1,
2023-11-20,Indonesia,2033,Indonesia_2033,0.08276399999999917,5.401,5.318236000000001,0.0208424045713409,0.3427542685552691,13.41,76.73,15445.0,1,
2023-11-21,Indonesia,2033,Indonesia_2033,0.08329499999999967,5.372999999999999,5.289705,-0.0447105819971634,0.3911285262596702,13.35,75.27,15440.0,1,
2023-11-22,Indonesia,2033,Indonesia_2033,0.13049399999999967,5.383,5.252506,-0.036585786118215,0.4033719803067014,12.85,76.73,15575.0,1,
2023-11-23,Indonesia,2033,Indonesia_2033,0.1344940000000001,5.3870000000000005,5.252506,-0.0210667355319626,0.4470776986191399,12.8,75.25,15555.0,1,
2023-11-24,Indonesia,2033,Indonesia_2033,0.10897999999999985,5.447,5.33802,0.0267254402430723,0.3576810402228396,12.46,75.22,15565.0,1,
2023-11-27,Indonesia,2033,Indonesia_2033,0.09887100000000082,5.365,5.266128999999999,-0.0313523219506161,0.4205022522070423,12.69,75.24,15494.5,1,
2023-11-28,Indonesia,2033,Indonesia_2033,0.06296500000000016,5.300000000000001,5.2370350000000006,0.0450898198362955,0.3706938975505702,12.69,75.24,15435.0,1,
2023-11-29,Indonesia,2033,Indonesia_2033,0.09802700000000009,5.234,5.135973,-0.1004718620617136,0.4920635545658643,12.98,75.28,15395.0,1,
2023-11-30,Indonesia,2033,Indonesia_2033,0.18649200000000032,5.307,5.120508,0.0860834407873607,0.3068336467282642,12.92,74.26,15510.0,1,
2023-12-01,Indonesia,2033,Indonesia_2033,0.09686499999999931,5.183999999999999,5.087135,0.0142467731593327,0.3673545802944489,12.63,75.27,15485.0,1,
2023-12-04,Indonesia,2033,Indonesia_2033,0.16421199999999914,5.244,5.079788000000001,-0.0509409002774189,0.3465127635036611,13.08,79.03,15455.0,1,
2023-12-05,Indonesia,2033,Indonesia_2033,0.12587799999999927,5.151999999999999,5.026122,-0.0963830396714186,0.4570268706194181,12.85,75.74,15505.0,1,
2023-12-06,Indonesia,2033,Indonesia_2033,0.13290199999999963,5.106999999999999,4.974098,0.0040261291510694,0.4812176300833013,12.97,75.72,15492.5,1,
2023-12-07,Indonesia,2033,Indonesia_2033,0.14074100000000023,5.103,4.9622589999999995,0.0108325715007189,0.4180146206914198,13.06,75.71,15515.0,1,
2023-12-08,Indonesia,2033,Indonesia_2033,0.21971499999999988,5.213,4.993285,-0.1217356657268803,0.3999668196765835,12.35,75.71,15510.0,1,
2023-12-11,Indonesia,2033,Indonesia_2033,0.20029399999999953,5.183999999999999,4.983706,-0.0554137793963678,0.4321016613368141,12.63,75.72,15615.0,1,
2023-12-12,Indonesia,2033,Indonesia_2033,0.21084299999999967,5.193,4.982157,-0.0564854083830664,0.4455267920136659,12.07,74.75,15620.0,1,
2023-12-13,Indonesia,2033,Indonesia_2033,0.14195600000000042,5.051,4.909044,0.0167384809394776,0.4401889146185833,12.19,73.24,15660.0,1,
2023-12-14,Indonesia,2033,Indonesia_2033,0.27443499999999865,4.901999999999999,4.627565000000001,-0.0563887808336492,0.4289620124752376,12.48,69.86,15497.0,1,
2023-12-15,Indonesia,2033,Indonesia_2033,0.25673299999999877,4.917999999999999,4.6612670000000005,0.1779317035095949,0.4744298874349757,12.28,70.77,15492.5,1,
2023-12-18,Indonesia,2033,Indonesia_2033,0.20208900000000085,4.890000000000001,4.687911,0.0844394927994055,0.3881939716803359,12.56,70.79,15510.0,1,
2023-12-19,Indonesia,2033,Indonesia_2033,0.25849599999999917,4.904,4.645504000000001,0.0799555684034631,0.3778428539394466,12.53,70.78,15505.0,1,
2023-12-20,Indonesia,2033,Indonesia_2033,0.16560800000000064,4.784000000000001,4.618392,0.0772001880450954,0.3765229146267981,13.67,69.81,15510.0,1,
2023-12-21,Indonesia,2033,Indonesia_2033,0.256926,4.849,4.592074,-0.0546787827013473,0.42926978316295,13.65,71.26,15525.0,1,
2023-12-22,Indonesia,2033,Indonesia_2033,0.27628900000000023,4.856,4.579711,-0.0205452614506055,0.3884446482009813,13.03,70.27,15482.5,1,
2023-12-25,Indonesia,2033,Indonesia_2033,0.27628900000000023,4.856,4.579711,0.0129529767199383,0.4616763679410212,13.03,70.28,15482.5,1,
2023-12-26,Indonesia,2033,Indonesia_2033,0.23702099999999948,4.822,4.584979000000001,-0.1071821125175772,0.5283572820171889,12.99,70.28,15482.5,1,
2023-12-27,Indonesia,2033,Indonesia_2033,0.16199299999999983,4.712,4.550007,-0.1780072563998128,0.4342052506458547,12.43,70.28,15430.0,1,1.0
2023-12-28,Indonesia,2033,Indonesia_2033,0.23044399999999854,4.792999999999999,4.562556000000001,-0.0553568510792208,0.4027140883130919,12.47,69.26,15420.0,1,1.0
2023-12-29,Indonesia,2033,Indonesia_2033,0.2402129999999998,4.821,4.580787,0.0528580678286496,0.3852203925246192,12.45,69.28,15397.0,1,-1.0
2024-01-01,Indonesia,2033,Indonesia_2033,0.2402129999999998,4.821,4.580787,-0.0570732604959878,0.40563410426244,12.45,69.29,15397.0,1,
2024-01-02,Indonesia,2033,Indonesia_2033,0.18295999999999957,4.852,4.669040000000001,-0.0283528807379341,0.4072404015125185,13.2,69.23,15470.0,1,
2024-01-03,Indonesia,2033,Indonesia_2033,0.16623800000000077,4.947,4.780761999999999,-0.0337673817303289,0.3451637251299215,14.04,75.2,15480.0,1,
2024-01-04,Indonesia,2033,Indonesia_2033,0.20141199999999948,5.026,4.824588,-0.0637163314395617,0.4406950444315676,14.13,75.72,15490.0,1,
2024-01-05,Indonesia,2033,Indonesia_2033,0.19456200000000035,5.085,4.890438,-0.0275777198646435,0.4414126986965531,13.35,77.69,15515.0,1,
2024-01-08,Indonesia,2033,Indonesia_2033,0.15324700000000036,5.054,4.900753,-0.1147579092950037,0.2969504217941048,13.08,77.7,15525.0,1,
2024-01-09,Indonesia,2033,Indonesia_2033,0.2027359999999998,5.0440000000000005,4.841264000000001,-0.0841746772619329,0.4069014178709988,12.76,77.19,15520.0,1,
2024-01-10,Indonesia,2033,Indonesia_2033,0.21990599999999993,5.039,4.819094,0.0286830066147112,0.3753991715737732,12.69,77.21,15569.5,1,
2024-01-11,Indonesia,2033,Indonesia_2033,0.21310800000000008,4.978,4.764892,-0.0414684747947759,0.5219089949886867,12.44,74.26,15548.5,1,
2024-01-12,Indonesia,2033,Indonesia_2033,0.24028599999999933,4.952999999999999,4.712714,0.0478222574370125,0.435314660173914,12.7,74.23,15550.0,1,
2024-01-15,Indonesia,2033,Indonesia_2033,0.26428600000000024,4.977,4.712714,-0.0199499531770621,0.3862561306843244,13.25,74.21,15555.0,1,
2024-01-16,Indonesia,2033,Indonesia_2033,0.1821969999999986,5.010999999999999,4.828803000000001,-0.0482400867487326,0.4487563494486746,13.84,74.69,15590.0,1,
2024-01-17,Indonesia,2033,Indonesia_2033,0.16409900000000022,5.051,4.886901,-0.0676706107989451,0.4489523438784992,14.79,77.18,15640.0,1,
2024-01-18,Indonesia,2033,Indonesia_2033,0.1601549999999996,5.067,4.906845000000001,-0.0136949110328716,0.3784183028171146,14.13,76.23,15620.0,1,
2024-01-19,Indonesia,2033,Indonesia_2033,0.14131599999999978,5.0329999999999995,4.891684,0.0472522309745475,0.484336018972677,13.3,75.22,15615.0,1,
2024-01-22,Indonesia,2033,Indonesia_2033,0.13684199999999969,5.016,4.879158,-0.1133192713808652,0.4011472685363133,13.19,74.72,15635.0,1,
2024-01-23,Indonesia,2033,Indonesia_2033,0.13706300000000038,5.041,4.903937,-0.0891915624575823,0.3922341057641124,12.55,74.22,15630.0,1,
2024-01-24,Indonesia,2033,Indonesia_2033,0.13787500000000108,5.079000000000001,4.9411249999999995,0.0079775782519758,0.3153153102423374,13.14,73.75,15710.0,1,
2024-01-25,Indonesia,2033,Indonesia_2033,0.08908899999999953,5.026999999999999,4.937911,-0.1614832896680265,0.4217424120019709,13.45,76.22,15825.0,1,
2024-01-26,Indonesia,2033,Indonesia_2033,0.14147200000000026,5.0440000000000005,4.902528,0.0800622329761443,0.4104523892775075,13.26,76.7,15820.0,1,
2024-01-29,Indonesia,2033,Indonesia_2033,0.19236199999999926,5.077,4.884638000000001,-0.0384945280734135,0.3780535372243712,13.6,76.73,15810.0,1,
2024-01-30,Indonesia,2033,Indonesia_2033,0.14399599999999957,4.981,4.837004,0.0818958630110978,0.4589537986987553,13.31,76.7,15780.0,1,
2024-01-31,Indonesia,2033,Indonesia_2033,0.17460300000000029,4.947,4.772397,0.0311390970557733,0.4283122915782069,14.35,74.74,15780.0,1,
2024-02-01,Indonesia,2033,Indonesia_2033,0.2385780000000004,4.9830000000000005,4.744422,-0.0473596766042391,0.4923345077662128,13.88,76.71,15764.5,1,
2024-02-02,Indonesia,2033,Indonesia_2033,0.1701479999999993,5.039,4.868852,0.0513708614245199,0.4828844664692439,13.85,74.69,15657.5,1,
2024-02-05,Indonesia,2033,Indonesia_2033,0.127597999999999,5.090999999999999,4.963402,-0.0855900861001947,0.2860148975149283,13.67,75.17,15705.0,1,
2024-02-06,Indonesia,2033,Indonesia_2033,0.20787000000000067,5.082000000000001,4.87413,-0.0123648970464992,0.4552910540449856,13.06,74.73,15730.0,1,
2024-02-07,Indonesia,2033,Indonesia_2033,0.20794400000000124,5.082000000000001,4.8740559999999995,-0.0660054728438507,0.4397036829175961,12.83,74.22,15635.0,1,
2024-02-08,Indonesia,2033,Indonesia_2033,0.184882,5.095000000000001,4.910118000000001,0.0211420860022486,0.3427289329845842,12.79,74.23,15635.0,1,
2024-02-09,Indonesia,2033,Indonesia_2033,0.19161899999999932,5.122,4.930381000000001,0.0116575559424805,0.3513265552144658,12.93,74.22,15635.0,1,
2024-02-12,Indonesia,2033,Indonesia_2033,0.19842300000000002,5.135999999999999,4.937576999999999,-0.2276629968947092,0.4214069095231014,13.93,74.22,15594.5,1,
2024-02-13,Indonesia,2033,Indonesia_2033,0.11746800000000057,5.167,5.049531999999999,-0.1361386796687442,0.3312598912010858,15.85,74.22,15594.5,1,
2024-02-14,Indonesia,2033,Indonesia_2033,0.14434100000000072,5.208,5.0636589999999995,0.0556313645919666,0.4131447724526992,14.38,75.24,15594.5,1,
2024-02-15,Indonesia,2033,Indonesia_2033,0.1127249999999993,5.135,5.0222750000000005,-0.1272058938403595,0.3834143216219586,14.01,72.76,15620.0,1,
2024-02-16,Indonesia,2033,Indonesia_2033,0.10503399999999985,5.164,5.058966,0.0503242727847405,0.34511260716826,14.24,71.72,15620.0,1,
2024-02-19,Indonesia,2033,Indonesia_2033,0.11903400000000008,5.178,5.058966,0.1022426731029412,0.2742559103978938,14.71,71.73,15630.0,1,
2024-02-20,Indonesia,2033,Indonesia_2033,0.11328499999999941,5.192,5.078715000000001,-0.0988758938673229,0.3544007005943129,15.42,71.74,15660.0,1,
2024-02-21,Indonesia,2033,Indonesia_2033,0.08857600000000065,5.188000000000001,5.099424,-0.0940067681634764,0.4553198482230798,15.34,72.23,15635.0,1,
2024-02-22,Indonesia,2033,Indonesia_2033,0.08166300000000071,5.186,5.104336999999999,-0.077042941139344,0.4440805320406749,14.54,70.23,15590.0,1,
2024-02-23,Indonesia,2033,Indonesia_2033,0.029158999999999935,5.115,5.085841,0.0066703603747672,0.4646936583467507,13.75,68.22,15594.5,1,
2024-02-26,Indonesia,2033,Indonesia_2033,0.09063800000000022,5.175000000000001,5.0843620000000005,-0.2156541154256452,0.4455737782575172,13.74,68.26,15630.0,1,
2024-02-27,Indonesia,2033,Indonesia_2033,0.06488099999999974,5.16,5.095119,-0.0267334371056179,0.4918888998819655,13.43,70.24,15640.0,1,
2024-02-28,Indonesia,2033,Indonesia_2033,0.024483000000000033,5.122999999999999,5.098516999999999,0.010855164021652,0.4106153829771538,13.84,71.24,15685.0,1,
2024-02-29,Indonesia,2033,Indonesia_2033,0.08678999999999881,5.154999999999999,5.0682100000000005,-0.0404794922353733,0.4616362193081239,13.4,70.71,15715.0,1,
2024-03-01,Indonesia,2033,Indonesia_2033,0.04382299999999972,5.099,5.0551770000000005,-0.0861623860744415,0.4394834446186786,13.11,70.24,15700.0,1,
2024-03-04,Indonesia,2033,Indonesia_2033,0.07050899999999949,5.135999999999999,5.065491,-0.096245009416126,0.4051016336399068,13.49,70.22,15740.0,1,
2024-03-05,Indonesia,2033,Indonesia_2033,-0.033016999999999186,5.022,5.055016999999999,0.0044929171580802,0.4143316076480808,14.46,70.25,15769.0,1,
2024-03-06,Indonesia,2033,Indonesia_2033,-0.0031149999999993128,5.013,5.016114999999999,-0.0816055248962465,0.3733822758404804,14.5,70.22,15700.0,1,
2024-03-07,Indonesia,2033,Indonesia_2033,-0.024969999999999715,4.973000000000001,4.9979700000000005,0.0118598186627889,0.3649142508277153,14.44,70.23,15652.5,1,
2024-03-08,Indonesia,2033,Indonesia_2033,-0.01936200000000099,4.965999999999999,4.985362,-0.160411801485717,0.4252630482177113,14.74,70.25,15590.0,1,
2024-03-11,Indonesia,2033,Indonesia_2033,-0.00865199999999966,4.9830000000000005,4.991652,0.0149904303287367,0.4526540727938854,15.22,70.24,15590.0,1,
2024-03-12,Indonesia,2033,Indonesia_2033,-0.02520200000000017,4.965999999999999,4.9912019999999995,-0.1082218954406164,0.3007342714663198,13.84,70.23,15590.0,1,
2024-03-13,Indonesia,2033,Indonesia_2033,-0.06390999999999991,4.963,5.02691,-0.1057856426591944,0.3248730977694748,13.75,69.25,15575.0,1,
2024-03-14,Indonesia,2033,Indonesia_2033,-0.11639499999999892,4.977,5.093394999999999,-0.1338020645858879,0.4354822424476368,14.4,68.25,15580.0,1,
2024-03-15,Indonesia,2033,Indonesia_2033,-0.013469999999999871,5.093,5.10647,-0.1741592264957303,0.3853091501818033,14.41,68.25,15594.5,1,
2024-03-18,Indonesia,2033,Indonesia_2033,-0.007808000000000703,5.1129999999999995,5.120808,-0.0010608415961317,0.3746797692907418,14.33,68.25,15690.0,1,
2024-03-19,Indonesia,2033,Indonesia_2033,-0.035210000000001074,5.077999999999999,5.1132100000000005,0.0211790731346483,0.4441062644530064,13.82,68.25,15715.0,1,
2024-03-20,Indonesia,2033,Indonesia_2033,-0.00040699999999915804,5.082000000000001,5.082407,-0.0291337556282541,0.3308637612706319,13.04,74.25,15715.0,1,
2024-03-21,Indonesia,2033,Indonesia_2033,-0.048188000000000564,5.024,5.072188000000001,-0.0655233794364162,0.4376888512284274,12.92,72.27,15660.0,1,
2024-03-22,Indonesia,2033,Indonesia_2033,0.016587999999998715,5.0169999999999995,5.000412000000001,0.1069840514759561,0.3995532214153502,13.06,72.26,15780.0,1,
2024-03-25,Indonesia,2033,Indonesia_2033,0.03436700000000048,5.024,4.9896329999999995,0.0372090711344035,0.3355945051475938,13.19,72.23,15797.5,1,
2024-03-26,Indonesia,2033,Indonesia_2033,0.016332000000000235,5.023,5.0066679999999995,-0.155963450110481,0.4175125968372426,13.24,72.26,15790.0,1,
2024-03-27,Indonesia,2033,Indonesia_2033,0.061011999999999844,5.0329999999999995,4.971988,-0.1136782172607798,0.4051777445162639,12.78,73.23,15855.0,1,
2024-03-28,Indonesia,2033,Indonesia_2033,0.0740280000000002,5.051,4.976972,-0.1793971131241499,0.4412982169079992,13.01,73.21,15855.0,1,
2024-03-29,Indonesia,2033,Indonesia_2033,0.0740280000000002,5.051,4.976972,-0.0103192824047164,0.4832764136408735,13.01,73.25,15855.0,1,
2024-04-01,Indonesia,2033,Indonesia_2033,0.03847799999999957,5.022,4.983522000000001,0.0040840500289728,0.441345241234211,13.65,73.25,15890.0,1,
2024-04-02,Indonesia,2033,Indonesia_2033,0.03385399999999983,5.118,5.0841460000000005,0.0544506277024429,0.3495633022324301,14.61,74.23,15897.0,1,
2024-04-03,Indonesia,2033,Indonesia_2033,0.044772000000000034,5.116,5.071228,-0.051240421220552,0.3928252710923262,14.33,75.7,15920.0,1,
2024-04-04,Indonesia,2033,Indonesia_2033,0.05490999999999957,5.132,5.07709,-0.1187745251651975,0.350429817910981,16.35,75.71,15892.5,1,
2024-04-05,Indonesia,2033,Indonesia_2033,0.06459800000000016,5.175000000000001,5.1104020000000006,-0.0139890858675608,0.2863460117254408,16.03,76.68,15845.0,1,
2024-04-08,Indonesia,2033,Indonesia_2033,-0.03485300000000002,5.127000000000001,5.161853000000001,-0.0559919850001513,0.3922644581155065,15.19,75.68,15845.0,1,
2024-04-09,Indonesia,2033,Indonesia_2033,-0.05588399999999982,5.069,5.124884,-0.121510469161806,0.3796778771324049,14.98,73.25,15845.0,1,
2024-04-10,Indonesia,2033,Indonesia_2033,0.09539400000000064,5.281000000000001,5.185606,-0.0362483569043752,0.352089995321154,15.8,73.23,15845.0,1,
2024-04-11,Indonesia,2033,Indonesia_2033,0.07859499999999997,5.349,5.270405,0.0176063237666516,0.4658293706237381,14.91,74.22,15845.0,1,
2024-04-12,Indonesia,2033,Indonesia_2033,0.07968400000000031,5.3629999999999995,5.283315999999999,-0.0450083552280108,0.4148430582168574,17.31,75.23,15845.0,1,
2024-04-15,Indonesia,2033,Indonesia_2033,-0.057783000000000584,5.33,5.387783000000001,-0.1416161663417576,0.4126164156036833,19.23,77.18,15845.0,1,
2024-04-16,Indonesia,2033,Indonesia_2033,-0.07083199999999934,5.404,5.474831999999999,-0.2718120032740876,0.3247069158027042,18.4,80.16,16175.0,1,
2024-04-17,Indonesia,2033,Indonesia_2033,-0.07269499999999951,5.345000000000001,5.417695,-0.0895927811884168,0.3181887524141999,18.21,80.18,16220.0,1,
2024-04-18,Indonesia,2033,Indonesia_2033,-0.01208100000000023,5.372,5.384081,-0.1121360336180351,0.3592608369692254,18.0,78.2,16175.0,1,
2024-04-19,Indonesia,2033,Indonesia_2033,0.026491000000000042,5.448,5.421509,-0.1694019996504443,0.4704105367915648,18.71,81.18,16255.0,1,
2024-04-22,Indonesia,2033,Indonesia_2033,-0.0069350000000003575,5.436,5.442935,-0.2576734509701891,0.3861650341049716,16.94,80.17,16235.0,1,
2024-04-23,Indonesia,2033,Indonesia_2033,0.02816099999999988,5.452,5.423839,0.0373867721113888,0.3485887991787509,15.69,78.18,16220.0,1,
2024-04-24,Indonesia,2033,Indonesia_2033,0.06036199999999958,5.493,5.432638000000001,-0.029193428929437,0.4726973136903392,15.97,77.68,16155.0,1,
2024-04-25,Indonesia,2033,Indonesia_2033,-0.03617199999999876,5.489000000000001,5.5251719999999995,-0.231212520028028,0.5131717154524468,15.37,79.68,16187.5,1,
2024-04-26,Indonesia,2033,Indonesia_2033,-0.053755999999999915,5.448,5.501756,0.0259310036940068,0.339924327845756,15.03,79.19,16210.0,1,
2024-04-29,Indonesia,2033,Indonesia_2033,0.03727899999999984,5.507,5.469721,0.0322674397348793,0.2789696640270903,14.67,76.73,16255.0,1,
2024-04-30,Indonesia,2033,Indonesia_2033,0.09354800000000019,5.577,5.483452,0.0048932839762395,0.4059157255287809,15.65,75.71,16260.0,1,
2024-05-01,Indonesia,2033,Indonesia_2033,0.0644670000000005,5.506,5.441533,-0.033691840680273,0.3894709539341474,15.39,75.72,16260.0,1,
2024-05-02,Indonesia,2033,Indonesia_2033,0.03288899999999906,5.504,5.4711110000000005,-0.0838445189780975,0.3314578617537296,14.68,75.25,16185.0,1,
2024-05-03,Indonesia,2033,Indonesia_2033,0.05870500000000067,5.412,5.353294999999999,-0.0757264333421835,0.4939069658053389,13.49,74.24,16084.0,1,
2024-05-06,Indonesia,2033,Indonesia_2033,0.11220699999999972,5.404,5.291793,-0.0162652618373894,0.4620759834141948,13.49,71.77,16025.0,1,
2024-05-07,Indonesia,2033,Indonesia_2033,0.1131890000000002,5.3260000000000005,5.212811,-0.1257981040534015,0.4355935370973051,13.23,70.77,16045.0,1,
2024-05-08,Indonesia,2033,Indonesia_2033,0.08949100000000065,5.365,5.275509,0.0872906978391771,0.4326230263204648,13.0,72.23,16045.0,1,
2024-05-09,Indonesia,2033,Indonesia_2033,0.029938000000000464,5.2940000000000005,5.264062,-0.0422275254707951,0.4543327806122374,12.69,72.23,16045.0,1,
2024-05-10,Indonesia,2033,Indonesia_2033,0.15720400000000012,5.375,5.217796,-0.0743153013790795,0.339444382639636,12.55,72.25,16045.0,1,
2024-05-13,Indonesia,2033,Indonesia_2033,0.1107200000000006,5.355,5.24428,-0.1341771893965012,0.4345576348707608,13.6,72.25,16080.0,1,
2024-05-14,Indonesia,2033,Indonesia_2033,0.03279099999999957,5.279999999999999,5.247209,-0.1446001024046257,0.4764860859512342,13.42,72.25,16100.0,1,
2024-05-15,Indonesia,2033,Indonesia_2033,0.0036009999999997433,5.179,5.1753990000000005,-0.1592937853992836,0.4433111273273557,12.45,52.88,16027.5,1,
2024-05-16,Indonesia,2033,Indonesia_2033,0.06331600000000037,5.16,5.096684,0.0389001824446382,0.3496966389094154,12.42,70.26,15925.0,1,
2024-05-17,Indonesia,2033,Indonesia_2033,0.08570100000000025,5.207000000000001,5.1212990000000005,-0.0857478702953131,0.4255902002930294,11.99,70.26,15955.0,1,
2024-05-20,Indonesia,2033,Indonesia_2033,0.0014359999999999928,5.1739999999999995,5.1725639999999995,0.0395197091410237,0.4132798640121775,12.15,70.26,15975.0,1,
2024-05-21,Indonesia,2033,Indonesia_2033,-0.03180699999999881,5.1370000000000005,5.168806999999999,0.012333532086223,0.4866055232927453,11.86,70.75,15994.5,1,
2024-05-22,Indonesia,2033,Indonesia_2033,0.050974000000000075,5.209,5.1580259999999996,-0.0046723991769242,0.4623546141388611,12.29,69.74,15992.5,1,
2024-05-23,Indonesia,2033,Indonesia_2033,0.043860999999999706,5.266,5.222139,-0.1515068617223984,0.3683042776585507,12.77,70.76,15992.5,1,
2024-05-24,Indonesia,2033,Indonesia_2033,-0.020998999999999768,5.192,5.212999,-0.1569620564724496,0.4802031796075834,11.93,72.25,15992.5,1,
2024-05-27,Indonesia,2033,Indonesia_2033,-0.020973999999999826,5.192,5.212974,-0.0649603694061605,0.4103881734763307,12.36,72.24,16065.0,1,
2024-05-28,Indonesia,2033,Indonesia_2033,0.0677500000000002,5.2829999999999995,5.215249999999999,-0.0406027232242948,0.3929536058479997,12.92,71.25,16090.0,1,
2024-05-29,Indonesia,2033,Indonesia_2033,0.07475500000000057,5.351,5.276244999999999,-0.0275839079952101,0.4246382576441826,14.28,71.23,16160.0,1,
2024-05-30,Indonesia,2033,Indonesia_2033,-0.034299000000000746,5.234999999999999,5.269299,-0.0477706952628977,0.4077233737461875,14.47,93.38,16260.0,1,
2024-05-31,Indonesia,2033,Indonesia_2033,-0.048963999999999785,5.157,5.205964,-0.1162171551877707,0.3781020716809656,12.92,93.37,16250.0,1,
2024-06-03,Indonesia,2033,Indonesia_2033,0.10752899999999954,5.2669999999999995,5.159471,-0.0964198764250675,0.3974675893357918,13.11,72.24,16230.0,1,
2024-06-04,Indonesia,2033,Indonesia_2033,0.0944540000000007,5.207000000000001,5.112546,-0.0932679254147849,0.3966671767729334,13.16,72.24,16220.0,1,
2024-06-05,Indonesia,2033,Indonesia_2033,0.11392500000000005,5.172000000000001,5.0580750000000005,-0.0611376483988346,0.4478177982518622,12.63,72.71,16285.0,1,
2024-06-06,Indonesia,2033,Indonesia_2033,0.1094880000000007,5.182,5.072512,0.0509535525696751,0.4391886795197781,12.58,72.71,16260.0,1,
2024-06-07,Indonesia,2033,Indonesia_2033,-0.08757600000000032,5.0855,5.173076,0.0836187869274359,0.4203115819067485,12.22,72.72,16194.5,1,
2024-06-10,Indonesia,2033,Indonesia_2033,-0.03827900000000106,5.135999999999999,5.174279,-0.0338564487883526,0.4016590015293558,12.74,72.72,16280.0,1,
2024-06-11,Indonesia,2033,Indonesia_2033,-0.02877900000000011,5.157,5.185779,-0.0788884064785618,0.4539016063096251,12.85,72.74,16290.0,1,
2024-06-12,Indonesia,2033,Indonesia_2033,0.132104,5.205,5.072896,-0.0962465222080816,0.3565520541974358,12.04,73.22,16294.5,1,
2024-06-13,Indonesia,2033,Indonesia_2033,0.09346999999999994,5.133,5.03953,-0.052674458914529,0.5068616893348145,11.94,95.24,16270.0,1,
2024-06-14,Indonesia,2033,Indonesia_2033,0.03309699999999971,5.106,5.072903,-0.160823121390115,0.4338431666760996,12.66,72.15,16400.0,1,
2024-06-17,Indonesia,2033,Indonesia_2033,0.005752999999999453,5.109999999999999,5.104247,0.0019538421445158,0.324301945391597,12.75,76.69,16400.0,1,
2024-06-18,Indonesia,2033,Indonesia_2033,-0.03448199999999879,5.0440000000000005,5.078481999999999,-0.0665253576505055,0.3713737153007724,12.3,77.68,16400.0,1,
2024-06-19,Indonesia,2033,Indonesia_2033,0.03953099999999843,5.119999999999999,5.080469000000001,-0.1251285485821769,0.3564780839339675,12.48,77.19,16365.0,1,
2024-06-20,Indonesia,2033,Indonesia_2033,0.0840569999999996,5.167999999999999,5.083943,-0.0048468202535499,0.3982002846955356,13.28,77.17,16430.0,1,
2024-06-21,Indonesia,2033,Indonesia_2033,0.08130099999999985,5.162,5.080699,0.0035576112627737,0.4496528189416878,13.2,77.69,16450.0,1,
2024-06-24,Indonesia,2033,Indonesia_2033,0.0500860000000003,5.129,5.078913999999999,0.0494177659300573,0.3938813657921142,13.33,78.18,16394.0,1,
2024-06-25,Indonesia,2033,Indonesia_2033,0.035229000000001065,5.143000000000001,5.107771,-0.0282927348850384,0.4055735661900716,12.84,78.17,16375.0,1,
2024-06-26,Indonesia,2033,Indonesia_2033,0.02583599999999997,5.1579999999999995,5.1321639999999995,-0.1347885741844171,0.5079910410979248,12.55,78.16,16405.0,1,
2024-06-27,Indonesia,2033,Indonesia_2033,0.014897999999998746,5.1579999999999995,5.143102000000001,0.011368470428112,0.3771822095803234,12.24,78.17,16397.5,1,0.0
2024-06-28,Indonesia,2033,Indonesia_2033,-0.015639999999999432,5.157500000000001,5.17314,-0.0705552170285593,0.5214027158687912,12.44,78.17,16375.0,1,-1.0
2024-07-01,Indonesia,2033,Indonesia_2033,0.0070630000000004856,5.295,5.287936999999999,0.1091635207147001,0.4722146824395811,12.22,78.17,16322.0,1,0.0
2024-07-02,Indonesia,2033,Indonesia_2033,0.03578000000000081,5.3085,5.27272,-0.0678346434941729,0.5139151462478743,12.03,77.2,16394.5,1,
2024-07-03,Indonesia,2033,Indonesia_2033,0.07162000000000024,5.2575,5.18588,0.0343760208333744,0.4126807043550325,12.09,75.69,16370.0,1,
2024-07-04,Indonesia,2033,Indonesia_2033,0.06562500000000071,5.2575,5.191875,-0.0930281721472727,0.4334279671884428,12.26,74.71,16330.0,1,
2024-07-05,Indonesia,2033,Indonesia_2033,0.05552099999999971,5.207,5.151479,0.0300836055616034,0.4294213218204025,12.48,74.22,16277.5,1,
2024-07-08,Indonesia,2033,Indonesia_2033,0.04837699999999945,5.1899999999999995,5.141623,-0.1060795410940325,0.554611547683606,12.37,73.7,16255.0,1,
2024-07-09,Indonesia,2033,Indonesia_2033,0.05067799999999956,5.1899999999999995,5.139322,-0.0890924267567278,0.3822667907024705,12.51,72.72,16250.0,1,
2024-07-10,Indonesia,2033,Indonesia_2033,0.06361000000000061,5.173,5.109389999999999,-0.0175168029546884,0.4997274956706339,12.85,72.73,16240.0,1,
2024-07-11,Indonesia,2033,Indonesia_2033,0.09098500000000076,5.123,5.0320149999999995,-0.1300395934175449,0.4188337611012554,12.92,71.74,16194.5,1,
2024-07-12,Indonesia,2033,Indonesia_2033,0.0831799999999987,5.089499999999999,5.0063200000000005,0.1310468138709337,0.4034409235840921,12.46,71.72,16137.5,1,
2024-07-15,Indonesia,2033,Indonesia_2033,0.04691700000000054,5.106,5.059082999999999,-0.0871447072392574,0.4728722096955021,13.12,71.73,16170.0,1,
2024-07-16,Indonesia,2033,Indonesia_2033,0.04899699999999996,5.089499999999999,5.040502999999999,0.0732293667404924,0.3940645634834295,13.19,72.75,16180.0,1,
2024-07-17,Indonesia,2033,Indonesia_2033,0.05008699999999955,5.0725,5.022413,-0.0484420089987609,0.3711424111353833,14.48,72.71,16100.0,1,
2024-07-18,Indonesia,2033,Indonesia_2033,0.028971000000000302,5.0725,5.0435289999999995,0.087265679371077,0.4327071096348401,15.93,74.19,16155.0,1,
2024-07-19,Indonesia,2033,Indonesia_2033,0.03143200000000057,5.0885,5.057067999999999,0.0087490206889568,0.4241486540966035,16.52,74.19,16190.0,1,
2024-07-22,Indonesia,2033,Indonesia_2033,0.03683000000000014,5.0885,5.05167,-0.0266032614632661,0.3673986584665917,14.91,76.19,16220.0,1,
2024-07-23,Indonesia,2033,Indonesia_2033,0.03283500000000039,5.0885,5.055664999999999,0.0429665388816902,0.3999167345061683,14.72,73.23,16210.0,1,
2024-07-24,Indonesia,2033,Indonesia_2033,0.0008459999999992363,5.0885,5.087654000000001,-0.0480854907770745,0.3354463715077347,18.04,73.23,16215.0,1,
2024-07-25,Indonesia,2033,Indonesia_2033,0.02778899999999851,5.121499999999999,5.093711000000001,-0.1298133399022778,0.3634031705093724,18.46,76.23,16250.0,1,
2024-07-26,Indonesia,2033,Indonesia_2033,0.030272999999999328,5.1045,5.0742270000000005,0.1395985866401719,0.3519212781213578,16.39,75.7,16290.0,1,
2024-07-29,Indonesia,2033,Indonesia_2033,0.030656999999999712,5.070499999999999,5.039842999999999,-0.0230164487557648,0.4632366921977835,16.6,74.73,16280.0,1,
2024-07-30,Indonesia,2033,Indonesia_2033,0.07140900000000094,5.054500000000001,4.983091,-0.0234704641266887,0.3401385184128324,17.69,75.2,16300.0,1,
2024-07-31,Indonesia,2033,Indonesia_2033,0.050494999999999735,5.0045,4.954005,0.045599060211108,0.3640422070985089,16.36,75.2,16260.0,1,
2024-08-01,Indonesia,2033,Indonesia_2033,0.06563700000000061,4.955,4.8893629999999995,-0.0239403486250611,0.387440671633561,18.59,74.7,16235.0,1,
2024-08-02,Indonesia,2033,Indonesia_2033,0.11176100000000044,4.9045000000000005,4.792739,-0.0143083806842958,0.4575398590092913,23.39,77.2,16200.0,1,
2024-08-05,Indonesia,2033,Indonesia_2033,0.03408400000000089,4.8555,4.821415999999999,-0.1825817216458838,0.4776830441288794,38.57,82.18,16185.0,1,
2024-08-06,Indonesia,2033,Indonesia_2033,0.0057920000000004634,4.839,4.833208,0.0292759713276526,0.4769943838814676,27.71,80.12,16165.0,1,
2024-08-07,Indonesia,2033,Indonesia_2033,0.026731999999999978,4.8555,4.828768,0.0710414079242619,0.3795009300332121,27.85,79.15,16035.0,1,
2024-08-08,Indonesia,2033,Indonesia_2033,-0.016890999999999323,4.855,4.871891,0.085460219211041,0.3905405407784308,23.79,80.19,15894.5,1,
2024-08-09,Indonesia,2033,Indonesia_2033,-0.0074380000000005,4.8545,4.861938,0.1503654270556182,0.5058703853510084,20.37,80.17,15925.0,1,
2024-08-12,Indonesia,2033,Indonesia_2033,0.04204099999999933,4.8545,4.8124590000000005,0.067439588643034,0.4452654306241821,20.71,78.67,15955.0,1,
2024-08-13,Indonesia,2033,Indonesia_2033,0.030995000000000772,4.8215,4.790505,0.0052708094553512,0.5080535368402495,18.12,79.17,15832.5,1,
2024-08-14,Indonesia,2033,Indonesia_2033,0.047550999999999455,4.7885,4.7409490000000005,-0.0866743367439014,0.5349803558110755,16.19,79.17,15677.5,1,
2024-08-15,Indonesia,2033,Indonesia_2033,0.021436000000000455,4.8045,4.7830639999999995,-0.0120249447953205,0.3968338674355574,15.23,76.2,15695.0,1,
2024-08-16,Indonesia,2033,Indonesia_2033,0.011457999999999302,4.7715,4.760042,0.1069318602691321,0.466275848671137,14.8,72.73,15690.0,1,
2024-08-19,Indonesia,2033,Indonesia_2033,-0.027422999999998865,4.739000000000001,4.766423,-0.0137024564850315,0.4496991794516395,14.65,71.74,15550.0,1,
2024-08-20,Indonesia,2033,Indonesia_2033,-0.0007340000000004565,4.7059999999999995,4.706734,0.0626968797325149,0.5097361290518788,15.88,71.74,15435.0,1,
2024-08-21,Indonesia,2033,Indonesia_2033,-0.016288999999998666,4.657500000000001,4.673788999999999,-0.0360234000499287,0.4099725852967656,16.27,71.73,15485.0,1,
2024-08-22,Indonesia,2033,Indonesia_2033,-0.023476999999999748,4.657500000000001,4.680977,0.2158790143009177,0.377148450574443,17.55,71.22,15600.0,1,
2024-08-23,Indonesia,2033,Indonesia_2033,0.004709999999999326,4.640499999999999,4.63579,-0.0577225731022882,0.3838291932945258,15.86,70.25,15490.0,1,
2024-08-26,Indonesia,2033,Indonesia_2033,-0.02722400000000036,4.592,4.619224,-0.2089278048451438,0.4990570460971454,16.15,67.29,15430.0,1,
2024-08-27,Indonesia,2033,Indonesia_2033,-0.04672300000000007,4.6075,4.654223,0.1368201654780698,0.3513751615671903,15.43,67.26,15495.0,1,
2024-08-28,Indonesia,2033,Indonesia_2033,-0.03481400000000079,4.6075,4.642314000000001,0.0269599128153416,0.3900376802137655,17.11,67.27,15425.0,1,
2024-08-29,Indonesia,2033,Indonesia_2033,-0.05009899999999945,4.6395,4.689598999999999,0.0713259062298248,0.4316806452532972,15.65,67.28,15415.0,1,
2024-08-30,Indonesia,2033,Indonesia_2033,-0.08739600000000003,4.6385000000000005,4.7258960000000005,0.1230703424089823,0.3743210471644687,15.0,67.27,15455.0,1,
2024-09-02,Indonesia,2033,Indonesia_2033,-0.08739600000000003,4.6385000000000005,4.7258960000000005,-0.05934142578556,0.2859871291666931,15.55,67.25,15525.0,1,
2024-09-03,Indonesia,2033,Indonesia_2033,-0.04794200000000082,4.654999999999999,4.702942,0.0664229763376386,0.3892852741826325,20.72,70.62,15525.0,1,
2024-09-04,Indonesia,2033,Indonesia_2033,-0.019086999999998966,4.6385000000000005,4.6575869999999995,0.0429335837149754,0.4679733037794583,21.32,70.74,15475.0,1,
2024-09-05,Indonesia,2033,Indonesia_2033,-0.033060000000000755,4.606,4.639060000000001,0.066515384629819,0.4549911819158677,19.9,70.72,15397.5,1,
2024-09-06,Indonesia,2033,Indonesia_2033,-0.026870999999999867,4.5895,4.616371,0.1398380307041909,0.3936191711944624,22.38,70.74,15365.0,1,
2024-09-09,Indonesia,2033,Indonesia_2033,-0.014046999999999699,4.5885,4.6025469999999995,-0.0325000552045923,0.34397142923879,19.45,71.19,15455.0,1,
2024-09-10,Indonesia,2033,Indonesia_2033,0.011848000000000525,4.5565,4.544651999999999,-0.0342370362214683,0.4494841020930766,19.08,70.71,15450.0,1,
2024-09-11,Indonesia,2033,Indonesia_2033,0.010701999999999323,4.54,4.529298000000001,-0.0218828571208003,0.4665582624671383,17.69,72.23,15400.0,1,
2024-09-12,Indonesia,2033,Indonesia_2033,0.004499999999999282,4.54,4.535500000000001,0.0646903830640585,0.4605939842764152,17.07,71.21,15430.0,1,
2024-09-13,Indonesia,2033,Indonesia_2033,-0.00012599999999984846,4.507,4.5071259999999995,0.0226063405652543,0.2649840739736546,16.56,70.27,15400.0,1,
2024-09-16,Indonesia,2033,Indonesia_2033,0.03756499999999896,4.491,4.453435000000001,-0.1002215068139004,0.4500346229603581,17.14,69.25,15400.0,1,
2024-09-17,Indonesia,2033,Indonesia_2033,0.035151999999999184,4.4425,4.407348000000001,-0.0046500694751654,0.4777145658887824,17.61,68.24,15335.0,1,
2024-09-18,Indonesia,2033,Indonesia_2033,-0.0005649999999999267,4.458,4.458565,-0.1093985907298975,0.3683902669832511,18.23,67.73,15335.0,1,
2024-09-19,Indonesia,2033,Indonesia_2033,0.009403999999999968,4.49,4.480596,0.1218823754111111,0.3879430400777716,16.33,67.73,15235.0,1,
2024-09-20,Indonesia,2033,Indonesia_2033,-0.010274000000000783,4.4895,4.499774,0.0364771060352129,0.4345037903188428,16.15,70.27,15150.0,1,
2024-09-23,Indonesia,2033,Indonesia_2033,-0.01609300000000058,4.505,4.5210930000000005,-0.0311280771556026,0.3921503726442583,15.89,70.28,15200.0,1,
2024-09-24,Indonesia,2033,Indonesia_2033,0.012468000000000146,4.5375,4.5250319999999995,0.0085098035498022,0.3556852232724783,15.39,70.28,15185.0,1,
2024-09-25,Indonesia,2033,Indonesia_2033,-0.05166499999999985,4.5045,4.556165,-0.0203546774726511,0.5128166274118493,15.41,69.75,15100.0,1,
2024-09-26,Indonesia,2033,Indonesia_2033,-0.044957000000000136,4.5205,4.565457,0.0917894128039916,0.3878822343421224,15.37,68.79,15165.0,1,
2024-09-27,Indonesia,2033,Indonesia_2033,-0.012882000000000282,4.5195,4.532382,-0.0530902213847612,0.503557009521669,16.96,68.78,15125.0,1,
2024-09-30,Indonesia,2033,Indonesia_2033,-0.0025780000000006353,4.5195,4.5220780000000005,0.0393037930126816,0.4039761376986472,16.73,68.75,15140.0,1,
2024-10-01,Indonesia,2033,Indonesia_2033,-0.03250699999999984,4.487,4.519507,0.0114375844100221,0.394381532445368,19.26,68.75,15200.0,1,
2024-10-02,Indonesia,2033,Indonesia_2033,-0.0663090000000004,4.503,4.5693090000000005,0.0144978418052663,0.4779209316633378,18.9,69.26,15265.0,1,
2024-10-03,Indonesia,2033,Indonesia_2033,-0.0525960000000012,4.5184999999999995,4.571096000000001,-0.0554084197901532,0.4727652589478439,20.49,69.26,15420.0,1,
2024-10-04,Indonesia,2033,Indonesia_2033,-0.050808999999999216,4.583,4.633808999999999,-0.0732797214564278,0.5049823268191268,19.21,69.26,15485.0,1,
2024-10-07,Indonesia,2033,Indonesia_2033,-0.06835900000000006,4.6475,4.715859,-0.0844162678272491,0.4804943220449988,22.64,68.23,15680.0,1,
2024-10-08,Indonesia,2033,Indonesia_2033,-0.04860500000000023,4.6805,4.729105000000001,-0.055488849706711,0.435708099023364,21.42,69.28,15645.0,1,
2024-10-09,Indonesia,2033,Indonesia_2033,-0.07532500000000031,4.6795,4.754825,-0.1047586219090491,0.4603583696100458,20.86,71.27,15620.0,1,
2024-10-10,Indonesia,2033,Indonesia_2033,-0.0549419999999996,4.729,4.783942,0.0143529951470651,0.4692535027021796,20.93,69.76,15665.0,1,
2024-10-11,Indonesia,2033,Indonesia_2033,-0.10624099999999981,4.7115,4.817741,0.0746459271066406,0.3685039388221477,20.46,69.75,15577.5,1,
2024-10-14,Indonesia,2033,Indonesia_2033,-0.07687399999999922,4.7115,4.788373999999999,0.055795954581424,0.4264138342581642,19.7,69.75,15560.0,1,
2024-10-15,Indonesia,2033,Indonesia_2033,-0.07123300000000032,4.7115,4.782733,0.2093338813791744,0.2865304343090968,20.64,68.28,15580.0,1,
2024-10-16,Indonesia,2033,Indonesia_2033,-0.06433800000000112,4.6785,4.742838000000001,0.0313987350804618,0.3881446288463657,19.58,68.29,15510.0,1,
2024-10-17,Indonesia,2033,Indonesia_2033,-0.08327599999999968,4.6945,4.777775999999999,0.1342400838817423,0.3969989681292309,19.11,67.76,15495.0,1,
2024-10-18,Indonesia,2033,Indonesia_2033,-0.05003700000000144,4.743499999999999,4.793537000000001,0.0981879300612711,0.3501638033084352,18.03,67.77,15465.0,1,
2024-10-21,Indonesia,2033,Indonesia_2033,-0.12706599999999924,4.743,4.870066,0.0470994671324706,0.4037760287119289,18.37,67.75,15495.0,1,
2024-10-22,Indonesia,2033,Indonesia_2033,-0.11667199999999944,4.8260000000000005,4.942672,0.1285611482934505,0.4168729246894744,18.2,70.24,15560.0,1,
2024-10-23,Indonesia,2033,Indonesia_2033,-0.10911000000000115,4.8759999999999994,4.985110000000001,-0.1107444489439161,0.4151121729272588,19.24,70.24,15620.0,1,
2024-10-24,Indonesia,2033,Indonesia_2033,-0.10803800000000052,4.859,4.9670380000000005,0.0107182588606208,0.3991703807850557,19.08,69.79,15580.0,1,
2024-10-25,Indonesia,2033,Indonesia_2033,-0.0822099999999999,4.8420000000000005,4.92421,-0.1227071944862327,0.3809096695419178,20.33,68.78,15640.0,1,
2024-10-28,Indonesia,2033,Indonesia_2033,-0.07485699999999973,4.9085,4.983357,-0.040988224918095,0.5393498410272451,19.8,69.25,15724.0,1,
2024-10-29,Indonesia,2033,Indonesia_2033,-0.04905299999999979,4.925,4.974053,-0.1215194544169174,0.4373075805663329,19.34,69.25,15760.0,1,
2024-10-30,Indonesia,2033,Indonesia_2033,-0.10213800000000006,4.8580000000000005,4.960138000000001,0.0424171228344833,0.5034636134405464,20.35,69.28,15695.0,1,
2024-10-31,Indonesia,2033,Indonesia_2033,-0.11098799999999986,4.925,5.035988,0.1050588495753003,0.5184770156020077,23.16,69.25,15695.0,1,
2024-11-01,Indonesia,2033,Indonesia_2033,-0.17999400000000065,4.9415,5.121494,-0.0597914808187338,0.4493517099522278,21.88,71.24,15720.0,1,
2024-11-04,Indonesia,2033,Indonesia_2033,-0.07169800000000048,4.9585,5.030198,0.0659431602250285,0.488902892147485,21.98,71.78,15752.5,1,
2024-11-05,Indonesia,2033,Indonesia_2033,-0.07205100000000009,4.975,5.047051,0.0200302032045138,0.3338123879417585,20.49,72.23,15735.0,1,
2024-11-06,Indonesia,2033,Indonesia_2033,-0.08182700000000054,5.077,5.1588270000000005,0.1118762863178688,0.4106603276171518,16.27,72.19,15830.0,1,
2024-11-07,Indonesia,2033,Indonesia_2033,0.01858000000000004,5.026,5.00742,0.0189373412004502,0.4036037616709163,15.2,70.77,15735.0,1,
2024-11-08,Indonesia,2033,Indonesia_2033,-0.06661699999999993,4.9065,4.973117,0.0777378946734176,0.4016369772239037,14.94,68.79,15670.0,1,
2024-11-11,Indonesia,2033,Indonesia_2033,-0.09386600000000023,4.9405,5.034366,0.1874702453517703,0.3569754349156601,14.97,68.74,15680.0,1,
2024-11-12,Indonesia,2033,Indonesia_2033,-0.06405900000000031,4.991,5.055059,0.1349652493174266,0.3857520123370781,14.71,69.2,15780.0,1,
2024-11-13,Indonesia,2033,Indonesia_2033,-0.060691999999999524,5.025,5.085692,-0.1364336469786805,0.4082374219501703,14.02,70.25,15775.0,1,
2024-11-14,Indonesia,2033,Indonesia_2033,-0.04019399999999962,5.042,5.082193999999999,0.1314799872535949,0.4421915036010983,14.31,70.23,15855.0,1,
2024-11-15,Indonesia,2033,Indonesia_2033,-0.09903199999999934,5.0585,5.157532,0.0621239018493049,0.4715520593396523,16.14,71.25,15855.0,1,
2024-11-18,Indonesia,2033,Indonesia_2033,-0.05269699999999933,5.109500000000001,5.162197,0.0402183956015244,0.4863355521080061,15.58,73.23,15850.0,1,
2024-11-19,Indonesia,2033,Indonesia_2033,-0.028861000000000914,5.092499999999999,5.121361,-0.0512841303763802,0.4693315365880559,16.35,73.27,15830.0,1,
2024-11-20,Indonesia,2033,Indonesia_2033,-0.038638000000000616,5.1265,5.165138000000001,0.0210779810845473,0.3995018665393827,17.16,73.2,15865.0,1,
2024-11-21,Indonesia,2033,Indonesia_2033,-0.040595999999999854,5.1265,5.167096,0.0204825237309722,0.4653731378438075,16.87,73.23,15925.0,1,
2024-11-22,Indonesia,2033,Indonesia_2033,-0.04469499999999993,5.126,5.170695,-0.0678205288742433,0.4477389159941173,15.24,73.23,15875.0,1,
2024-11-25,Indonesia,2033,Indonesia_2033,-0.009790999999999883,5.0745000000000005,5.084291,0.0298017144087994,0.393651452702871,14.6,73.73,15870.0,1,
2024-11-26,Indonesia,2033,Indonesia_2033,-0.04488299999999956,5.04,5.084883,-0.0778660890900713,0.4980606012437242,14.1,74.2,15930.0,1,
2024-11-27,Indonesia,2033,Indonesia_2033,-0.02857699999999941,5.0225,5.051076999999999,0.0519673614984033,0.518581295446601,14.1,74.23,15930.0,1,
2024-11-28,Indonesia,2033,Indonesia_2033,-0.02857699999999941,5.0225,5.051076999999999,0.082506459550974,0.4152066656030057,13.9,75.21,15870.0,1,
2024-11-29,Indonesia,2033,Indonesia_2033,-0.044009999999999216,5.005000000000001,5.04901,0.0623537328743964,0.4782932426377237,13.51,75.22,15845.0,1,
2024-12-02,Indonesia,2033,Indonesia_2033,-0.01642200000000038,4.9879999999999995,5.004422,-0.0028350863937479,0.4275989845498393,13.34,74.7,15900.0,1,
2024-12-03,Indonesia,2033,Indonesia_2033,-0.061988000000000376,4.9875,5.049488,0.0387319257301138,0.4492380856996983,13.3,73.71,15940.0,1,
2024-12-04,Indonesia,2033,Indonesia_2033,-0.024844999999999118,5.0045,5.029344999999999,0.1963365272427817,0.4282633129938683,13.45,73.22,15930.0,1,
2024-12-05,Indonesia,2033,Indonesia_2033,-0.03059699999999932,4.970000000000001,5.000597,0.0851217843690963,0.3860035978460828,13.54,72.22,15860.0,1,
2024-12-06,Indonesia,2033,Indonesia_2033,-0.012007000000000545,4.952999999999999,4.965007,0.1276917395579369,0.4908723092407498,12.77,72.22,15850.0,1,
2024-12-09,Indonesia,2033,Indonesia_2033,-0.03553199999999901,4.9355,4.971031999999999,0.0478410023433542,0.4777117028604366,14.19,71.23,15865.0,1,
2024-12-10,Indonesia,2033,Indonesia_2033,-0.059463000000000044,4.952,5.011463,-0.2112346950128607,0.5340481319145525,14.18,71.24,15865.0,1,
2024-12-11,Indonesia,2033,Indonesia_2033,-0.0516419999999993,4.952,5.003641999999999,0.0764398418339839,0.4541331409514492,13.58,71.23,15915.0,1,
2024-12-12,Indonesia,2033,Indonesia_2033,-0.05482800000000054,5.0205,5.075328000000001,-0.1244372036145442,0.5211967326337481,13.92,71.23,15925.0,1,
2024-12-13,Indonesia,2033,Indonesia_2033,-0.0881899999999991,5.054,5.142189999999999,0.0120018907842518,0.5161079915613564,13.81,71.24,15994.5,1,
2024-12-16,Indonesia,2033,Indonesia_2033,-0.09309000000000012,5.071,5.16409,-0.0852567341134129,0.5102610661698624,14.69,71.25,16000.0,1,
2024-12-17,Indonesia,2033,Indonesia_2033,-0.10593500000000056,5.105499999999999,5.211435,-0.1261539955257145,0.479179292631399,15.87,74.2,16065.0,1,
2024-12-18,Indonesia,2033,Indonesia_2033,-0.16142000000000056,5.088,5.249420000000001,-0.0888465584873395,0.4110310934924264,27.62,75.2,16090.0,1,
2024-12-19,Indonesia,2033,Indonesia_2033,-0.13573199999999908,5.227,5.362731999999999,0.1081729989726165,0.4627344193753603,24.09,76.2,16290.0,1,
2024-12-20,Indonesia,2033,Indonesia_2033,-0.11757900000000099,5.244,5.361579000000001,0.0962224166634416,0.5175882107846445,18.36,76.21,16194.5,1,
2024-12-23,Indonesia,2033,Indonesia_2033,-0.1358170000000003,5.244,5.379817,0.0422172490839701,0.4969284995513552,16.78,76.2,16175.0,1,-1.0
2024-12-24,Indonesia,2033,Indonesia_2033,-0.08014700000000019,5.323,5.403147000000001,0.0061954862627402,0.5190009999271855,14.27,77.2,16190.0,1,1.0
2024-12-25,Indonesia,2033,Indonesia_2033,-0.08714699999999986,5.316000000000001,5.403147000000001,0.0247990778635287,0.3881651183980452,14.27,77.2,16190.0,1,
2024-12-26,Indonesia,2033,Indonesia_2033,-0.1383719999999986,5.255000000000001,5.393371999999999,-0.1359818295841353,0.540597682305061,14.73,77.19,16190.0,1,0.0
2024-12-27,Indonesia,2033,Indonesia_2033,-0.09819199999999917,5.329000000000001,5.427192,-0.0823089211969271,0.4867595109718093,15.95,77.19,16235.0,1,0.0
2024-12-30,Indonesia,2033,Indonesia_2033,-0.09244100000000088,5.2989999999999995,5.391441,-0.1597550801884267,0.4424532918073818,17.4,77.21,16135.0,1,-1.0
2024-12-31,Indonesia,2033,Indonesia_2033,-0.13068300000000033,5.286,5.416683,-0.1420803054749699,0.4068170660522412,17.35,79.19,16095.0,1,1.0
