date,country,tenor,pair_id,greenium,ytm_green,ytm_conv,sentiment,signaling_noise,vix,cds,fx,post,sentiment_climatebert
2023-01-27,India,10Y,India_10Y,-0.03514999999999979,7.24,7.27515,-0.0026225754266357,0.3182664054900646,18.51,80.5,81.515,0,
2023-01-30,India,10Y,India_10Y,0.07885000000000009,7.385,7.30615,-0.0940426224246385,0.2871747499843916,19.94,80.5,81.525,0,
2023-01-31,India,10Y,India_10Y,-0.0001499999999996504,7.324,7.3241499999999995,0.0102998227588578,0.3326536354173707,19.4,80.54,81.7685,0,
2023-02-01,India,10Y,India_10Y,0.015799999999999592,7.268,7.2522,-0.0933279484653523,0.3636593628838367,17.87,80.52,81.7575,0,
2023-02-02,India,10Y,India_10Y,-0.010200000000000209,7.2,7.2102,-0.0499183937473215,0.2878899253908121,18.73,80.51,82.04400000000001,0,
2023-02-03,India,10Y,India_10Y,-0.0011999999999998678,7.197,7.1982,-0.0862419084831025,0.2890508915300032,18.33,80.52,82.23349999999999,0,
2023-02-06,India,10Y,India_10Y,-0.014149999999999885,7.239,7.25315,-0.0255731479613585,0.3608861136967463,19.43,80.5,82.75,0,
2023-02-07,India,10Y,India_10Y,0.01485000000000003,7.268,7.25315,-0.1722738098281863,0.3468831243284415,18.66,80.54,82.87,0,
2023-02-08,India,10Y,India_10Y,-0.03414999999999946,7.2490000000000006,7.28315,-0.0607637519617921,0.2926859318717819,19.63,80.53,82.655,0,
2023-02-09,India,10Y,India_10Y,-0.07910000000000039,7.244,7.3231,-0.0395464626355019,0.323450679620648,20.71,80.53,82.53999999999999,0,
2023-02-10,India,10Y,India_10Y,-0.11804999999999932,7.246,7.36405,-0.00324047857429,0.3433657442165603,20.53,80.51,82.52000000000001,0,
2023-02-13,India,10Y,India_10Y,-0.030100000000000016,7.304,7.3341,-0.0270219574388755,0.3557526447386475,20.34,80.51,82.59700000000001,0,
2023-02-14,India,10Y,India_10Y,-0.048049999999999926,7.297000000000001,7.3450500000000005,-0.1218850495132389,0.4007275520692244,18.91,80.52,82.91499999999999,0,
2023-02-15,India,10Y,India_10Y,-0.05710000000000015,7.268,7.3251,-0.1200232291210994,0.3241130922873043,18.23,80.53,82.765,0,
2023-02-16,India,10Y,India_10Y,-0.015099999999999447,7.297000000000001,7.3121,-0.0914361213793572,0.3781678294058891,20.17,80.53,82.715,0,
2023-02-17,India,10Y,India_10Y,-0.014050000000000118,7.332,7.34605,-0.0459992285941111,0.3882494897604657,20.02,80.5,82.765,0,
2023-02-20,India,10Y,India_10Y,-0.031050000000000466,7.316,7.34705,-0.0736446457610644,0.3417633170109002,21.23,80.5,82.7205,0,
2023-02-21,India,10Y,India_10Y,-0.061050000000000715,7.302,7.36305,-0.0732514649707599,0.3798416367969712,22.87,80.48,82.84899999999999,0,
2023-02-22,India,10Y,India_10Y,-0.10200000000000031,7.3149999999999995,7.417,-0.0977213704081638,0.3176274957346467,22.29,80.52,82.83500000000001,0,
2023-02-23,India,10Y,India_10Y,-0.06599999999999984,7.332,7.398,-0.057169542447825,0.3602732396261012,21.14,80.51,82.6175,0,
2023-02-24,India,10Y,India_10Y,-0.05800000000000072,7.329,7.3870000000000005,-0.1554287232620571,0.3051491714633102,21.67,80.5,82.9254,0,
2023-02-27,India,10Y,India_10Y,-0.04499999999999993,7.3420000000000005,7.3870000000000005,-0.176578477908726,0.3760079908643005,20.95,80.49,82.652,0,
2023-02-28,India,10Y,India_10Y,-0.10195000000000043,7.368,7.469950000000001,-0.0667012950752171,0.4005510742747089,20.7,80.5,82.64500000000001,0,
2023-03-01,India,10Y,India_10Y,-0.0829500000000003,7.368,7.450950000000001,-0.0466175723093524,0.3399223654900353,20.58,80.5,82.435,0,
2023-03-02,India,10Y,India_10Y,-0.04394999999999971,7.383,7.42695,-0.062713508603717,0.3529212926602869,19.59,80.51,82.35499999999999,0,
2023-03-03,India,10Y,India_10Y,-0.07394999999999996,7.354,7.42795,-0.0845054218055602,0.3014013588956482,18.49,80.52,81.71000000000001,0,
2023-03-06,India,10Y,India_10Y,-0.04194999999999993,7.354,7.39595,-0.0245152423416795,0.2949740603265699,18.61,80.51,81.815,0,
2023-03-07,India,10Y,India_10Y,-0.04194999999999993,7.354,7.39595,-0.0407272357986901,0.4384318399108083,19.59,80.52,82.025,0,
2023-03-08,India,10Y,India_10Y,-0.029949999999999477,7.3870000000000005,7.41695,-0.088215001842473,0.3810398432038341,19.11,80.49,81.955,0,
2023-03-09,India,10Y,India_10Y,-0.14589999999999925,7.3580000000000005,7.5039,0.0377627909703694,0.4108495001691659,22.61,80.51,82.025,0,
2023-03-10,India,10Y,India_10Y,-0.055950000000000166,7.348,7.40395,0.0683199884569873,0.3632977472474495,24.8,80.54,81.965,0,
2023-03-13,India,10Y,India_10Y,0.015000000000000568,7.339,7.324,0.0031848188094958,0.2424588655267189,26.52,80.55,82.2625,0,
2023-03-14,India,10Y,India_10Y,-0.051000000000000156,7.274,7.325,-0.0910538411209661,0.4442978839209795,23.73,80.61,82.26,0,
2023-03-15,India,10Y,India_10Y,-0.16595000000000049,7.209,7.37495,-0.0303741284603222,0.3990915103773264,26.14,80.59,82.9075,0,
2023-03-16,India,10Y,India_10Y,-0.06599999999999984,7.258,7.324,-0.038275223824973,0.4364383006484961,22.99,80.49,82.625,0,
2023-03-17,India,10Y,India_10Y,-0.07000000000000028,7.237,7.307,-0.0321671223357223,0.3360474502090958,25.51,80.5,82.53999999999999,0,
2023-03-20,India,10Y,India_10Y,-0.04999999999999982,7.237,7.287,-0.0595501207082627,0.2992419349365227,24.15,81.8,82.53,0,
2023-03-21,India,10Y,India_10Y,-0.10299999999999976,7.1850000000000005,7.288,-0.0778782867631949,0.3494123304796466,21.38,81.73,82.7045,0,
2023-03-22,India,10Y,India_10Y,-0.10299999999999976,7.1850000000000005,7.288,-0.0981228792518682,0.2847513328363441,22.26,81.74,82.525,0,
2023-03-23,India,10Y,India_10Y,-0.052999999999999936,7.205,7.258,0.122792572407057,0.18681748954841,22.61,81.71,82.265,0,
2023-03-24,India,10Y,India_10Y,-0.03599999999999959,7.183,7.218999999999999,-0.0928604298296342,0.3246361634504137,21.74,81.76,82.339,0,
2023-03-27,India,10Y,India_10Y,-0.03999999999999915,7.179,7.218999999999999,0.0263736171426427,0.3101193630559731,20.6,81.69,82.2,0,
2023-03-28,India,10Y,India_10Y,-0.05000000000000071,7.17,7.220000000000001,-0.0417748792480271,0.3210330940642156,19.97,81.72,82.1995,0,
2023-03-29,India,10Y,India_10Y,-0.05399999999999938,7.172000000000001,7.226,-0.0264409342262462,0.3643051625677374,19.12,81.74,82.2055,0,
2023-03-30,India,10Y,India_10Y,-0.05399999999999938,7.172000000000001,7.226,-0.0646959211389361,0.3221882173102515,19.02,81.73,82.1,0,
2023-03-31,India,10Y,India_10Y,0.07695000000000007,7.2379999999999995,7.1610499999999995,0.0542789727172592,0.405374685625252,18.7,81.72,82.185,0,
2023-04-03,India,10Y,India_10Y,-0.012950000000000017,7.2379999999999995,7.25095,-0.121304410863092,0.3760994425679658,18.55,81.7,82.205,0,
2023-04-04,India,10Y,India_10Y,-0.012950000000000017,7.2379999999999995,7.25095,-0.1009819370086267,0.3355370084655005,19.0,81.73,82.11,0,
2023-04-05,India,10Y,India_10Y,-0.015000000000000568,7.186999999999999,7.202,-0.0227069908844611,0.3249580406863284,19.08,81.72,81.945,0,
2023-04-06,India,10Y,India_10Y,0.06295000000000073,7.166,7.10305,-0.0329600726709612,0.3627358022483516,18.4,81.76,81.84,0,
2023-04-07,India,10Y,India_10Y,0.06295000000000073,7.166,7.10305,-0.0371204258470286,0.3435721955613449,18.4,81.73,81.88499999999999,0,
2023-04-10,India,10Y,India_10Y,0.06295000000000073,7.166,7.10305,-0.1080190447201281,0.3459430172605969,18.97,81.74,81.985,0,
2023-04-11,India,10Y,India_10Y,-0.07594999999999974,7.147,7.22295,-0.0024191551833187,0.3896145763418018,19.1,81.75,82.07,0,
2023-04-12,India,10Y,India_10Y,0.017999999999999794,7.151,7.133,-0.0550232214279416,0.3678362490001866,19.09,81.72,81.96000000000001,0,
2023-04-13,India,10Y,India_10Y,0.030000000000001137,7.156000000000001,7.1259999999999994,-0.060591825217183,0.2387579305249936,17.8,81.73,81.67500000000001,0,
2023-04-14,India,10Y,India_10Y,0.030000000000001137,7.156000000000001,7.1259999999999994,0.0968626771527248,0.3165722701657245,17.07,81.73,81.845,0,
2023-04-17,India,10Y,India_10Y,0.030000000000001137,7.156000000000001,7.1259999999999994,-0.0352082200430728,0.3177554287123977,16.95,81.71,82.005,0,
2023-04-18,India,10Y,India_10Y,-0.014000000000000234,7.151,7.165,0.0033023717110995,0.3659370879903155,16.83,81.73,82.10499999999999,0,
2023-04-19,India,10Y,India_10Y,-0.009999999999999787,7.151,7.161,0.0329498164521854,0.2145750701286789,16.46,81.7,82.28,0,
2023-04-20,India,10Y,India_10Y,-0.022949999999999804,7.122,7.14495,0.026670709734273,0.2966502061076901,17.17,81.75,82.14,0,
2023-04-21,India,10Y,India_10Y,0.05600000000000005,7.181,7.125,0.0392707334352793,0.2812729526735428,16.77,81.74,82.055,0,
2023-04-24,India,10Y,India_10Y,0.0699999999999994,7.165,7.095000000000001,0.0098037629548738,0.2610212703904944,16.89,81.74,81.96000000000001,0,
2023-04-25,India,10Y,India_10Y,0.08495000000000097,7.121,7.0360499999999995,-0.003811717146779,0.3138074619913096,18.76,81.77,81.99000000000001,0,
2023-04-26,India,10Y,India_10Y,0.06595000000000084,7.102,7.0360499999999995,-0.0903922369870565,0.3654553044455177,18.84,81.71,81.75999999999999,0,
2023-04-27,India,10Y,India_10Y,0.046949999999999825,7.093,7.04605,-0.0336818167774931,0.391435624159944,17.03,81.72,81.715,0,
2023-04-28,India,10Y,India_10Y,0.03699999999999992,7.09,7.053,0.0360728926781958,0.3179691797966797,15.78,81.75,81.745,0,
2023-05-01,India,10Y,India_10Y,0.03699999999999992,7.09,7.053,-0.0298204739414016,0.2901527387105085,16.08,81.71,81.78999999999999,0,
2023-05-02,India,10Y,India_10Y,0.03699999999999992,7.09,7.053,-0.1049348692194363,0.3375175551909439,17.78,81.74,81.77000000000001,0,
2023-05-03,India,10Y,India_10Y,0.10195000000000043,7.099,6.99705,0.0530512325085242,0.2435354929165182,18.34,81.74,81.78,0,
2023-05-04,India,10Y,India_10Y,0.029949999999999477,7.02,6.99005,-0.0390817135650632,0.3796318271990964,20.09,81.74,81.725,0,
2023-05-05,India,10Y,India_10Y,0.029949999999999477,7.02,6.99005,-0.1085148260664536,0.3616059798716439,17.19,81.71,81.725,0,
2023-05-08,India,10Y,India_10Y,-0.038000000000000256,7.02,7.058,-0.1464768930853173,0.3567912535947897,16.98,81.71,81.78,0,
2023-05-09,India,10Y,India_10Y,-0.02800000000000047,7.02,7.048,-0.0629798787316181,0.3408608035434775,17.71,81.74,82.125,0,
2023-05-10,India,10Y,India_10Y,-0.020999999999999908,7.027,7.048,0.0413445563221102,0.3009244349998793,16.94,81.75,81.92500000000001,0,
2023-05-11,India,10Y,India_10Y,0.0039999999999995595,7.032,7.0280000000000005,-0.0078672298187036,0.3551008994838845,16.93,81.78,82.1,0,
2023-05-12,India,10Y,India_10Y,-0.01499999999999968,7.014,7.029,-0.0561526420500516,0.2424275346043329,17.03,81.78,82.2005,0,
2023-05-15,India,10Y,India_10Y,-0.009000000000000341,7.004,7.013,-0.0273804293934221,0.309312327996729,17.12,81.8,82.26650000000001,0,
2023-05-16,India,10Y,India_10Y,-0.03200000000000003,6.987,7.019,-0.0237305208233983,0.3335727746481833,17.99,81.81,82.2915,0,
2023-05-17,India,10Y,India_10Y,-0.05900000000000016,6.92,6.979,-0.1064239147872084,0.300817823340516,16.87,81.82,82.405,0,
2023-05-18,India,10Y,India_10Y,-0.04500000000000082,6.952999999999999,6.998,-0.0352834703089228,0.2919473969447169,16.05,82.11,82.725,0,
2023-05-19,India,10Y,India_10Y,-0.007000000000000561,6.963,6.970000000000001,-0.0908452242666515,0.3003642208014908,16.81,81.72,82.905,0,
2023-05-22,India,10Y,India_10Y,-0.008999999999999453,6.963,6.9719999999999995,0.0020493631752848,0.3198674955155607,17.21,81.74,82.845,0,
2023-05-23,India,10Y,India_10Y,0.03599999999999959,6.954,6.918,0.0206717242444435,0.3280096634005224,18.53,81.69,82.83500000000001,0,
2023-05-24,India,10Y,India_10Y,0.02800000000000047,6.98,6.952,-0.0084490848147734,0.3373106929091261,20.03,81.73,82.67500000000001,0,
2023-05-25,India,10Y,India_10Y,-0.025949999999999918,6.971,6.99695,0.0155438571119107,0.3666879942137461,19.14,81.71,82.7418,0,
2023-05-26,India,10Y,India_10Y,-0.017949999999999022,6.977,6.994949999999999,0.0712251592066282,0.3348737606362672,17.95,81.74,82.57499999999999,0,
2023-05-29,India,10Y,India_10Y,-0.022949999999999804,6.9879999999999995,7.010949999999999,0.0198505758957149,0.3370575989874133,17.46,81.72,82.6135,0,
2023-05-30,India,10Y,India_10Y,-0.0009499999999995623,7.01,7.010949999999999,0.0033234617360507,0.2980104558756502,17.46,81.74,82.6925,0,
2023-05-31,India,10Y,India_10Y,0.020050000000000345,7.011,6.99095,-0.0891103806948518,0.259989320310618,17.94,81.73,82.69,0,
2023-06-01,India,10Y,India_10Y,-0.027949999999999697,6.974,7.00195,-0.0861300958614278,0.329878149129859,15.65,81.7,82.2769,0,
2023-06-02,India,10Y,India_10Y,0.027050000000000907,7.009,6.981949999999999,-0.0836697324946328,0.3803357220373297,14.6,81.71,82.40299999999999,0,
2023-06-05,India,10Y,India_10Y,0.01705000000000023,7.009,6.99195,-0.0342375477471925,0.3408135109253549,14.73,81.7,82.525,0,
2023-06-06,India,10Y,India_10Y,0.05304999999999982,7.021,6.96795,-0.0254058503642729,0.3706485594470044,13.96,81.73,82.515,0,
2023-06-07,India,10Y,India_10Y,0.02210000000000001,7.0120000000000005,6.9899000000000004,0.0393896707501619,0.4228186353252397,13.94,81.72,82.50999999999999,0,
2023-06-08,India,10Y,India_10Y,0.015099999999999447,7.018,7.0029,-0.0786928007077399,0.311748581136007,13.65,81.72,82.5155,0,
2023-06-09,India,10Y,India_10Y,0.03710000000000058,7.051,7.0139,0.0442660149893244,0.3643834850520424,13.83,81.69,82.445,0,
2023-06-12,India,10Y,India_10Y,0.04809999999999981,7.061999999999999,7.0139,-0.0865381327948005,0.3754074367975462,15.01,81.71,82.41499999999999,0,
2023-06-13,India,10Y,India_10Y,0.04809999999999981,7.0600000000000005,7.011900000000001,-0.0501105378777028,0.3760117049354571,14.61,81.71,82.2399,0,
2023-06-14,India,10Y,India_10Y,0.03509999999999991,7.039,7.0039,-0.0776084056713687,0.3362104428502368,13.88,81.73,81.96000000000001,0,
2023-06-15,India,10Y,India_10Y,0.02909999999999968,7.045,7.0159,-0.101578907377744,0.3729669321633033,14.5,81.69,81.905,0,
2023-06-16,India,10Y,India_10Y,0.01714999999999911,7.061999999999999,7.04485,-0.1598134581343158,0.3918948994638058,13.54,81.7,81.91499999999999,0,
2023-06-19,India,10Y,India_10Y,0.01714999999999911,7.061999999999999,7.04485,-0.0863365779199861,0.3171725113158676,14.19,81.7,81.91499999999999,0,
2023-06-20,India,10Y,India_10Y,-0.018800000000000594,7.077999999999999,7.0968,0.007155311175933,0.3576969423325939,13.88,81.71,82.005,0,
2023-06-21,India,10Y,India_10Y,0.04714999999999936,7.101,7.053850000000001,0.0974567485866379,0.4172817281257318,13.2,81.71,81.94,0,
2023-06-22,India,10Y,India_10Y,0.014199999999999768,7.101,7.0868,-0.018517293113732,0.2561538174486907,12.91,81.71,81.96000000000001,0,
2023-06-23,India,10Y,India_10Y,0.030199999999999783,7.107,7.0768,0.0257654440800887,0.2730606092243023,13.44,81.73,81.985,0,
2023-06-26,India,10Y,India_10Y,0.03819999999999979,7.116,7.0778,-0.0226899498140691,0.4092066525037811,14.25,81.72,81.975,0,
2023-06-27,India,10Y,India_10Y,0.031200000000000117,7.107,7.0758,-0.1238380006236981,0.2759051702853581,13.74,81.71,82.01050000000001,0,
2023-06-28,India,10Y,India_10Y,0.048199999999999577,7.106,7.0578,-0.1251142080487866,0.3759583536740962,13.43,81.72,82.03,0,
2023-06-29,India,10Y,India_10Y,0.048199999999999577,7.106,7.0578,-0.043017995684634,0.2599913984605134,13.54,81.7,82.10499999999999,0,1.0
2023-06-30,India,10Y,India_10Y,0.010250000000000092,7.099,7.08875,0.102830337630674,0.3119201160768879,13.59,81.69,82.096,0,0.0
2023-07-03,India,10Y,India_10Y,-0.03074999999999939,7.099,7.12975,-0.0624345754929741,0.3428535142121602,13.57,81.69,81.945,0,
2023-07-04,India,10Y,India_10Y,0.0012499999999997513,7.132,7.13075,-0.0050136039679406,0.3900225335936957,13.7,81.72,81.9735,0,
2023-07-05,India,10Y,India_10Y,-0.006750000000000256,7.144,7.15075,-0.0686749911065795,0.364522153772785,14.18,81.72,82.4034,0,
2023-07-06,India,10Y,India_10Y,0.03524999999999956,7.141,7.1057500000000005,-0.0344345981569982,0.3741826478088291,15.44,81.68,82.76599999999999,0,
2023-07-07,India,10Y,India_10Y,-0.000700000000000145,7.154,7.1547,-0.0302645863088959,0.3842004967408891,14.83,81.7,82.61500000000001,0,
2023-07-10,India,10Y,India_10Y,0.020299999999999763,7.175,7.1547,-0.0946815913488897,0.3513603945054926,15.07,81.72,82.525,0,
2023-07-11,India,10Y,India_10Y,0.02629999999999999,7.178,7.1517,3.837189973411829e-05,0.3345787853055121,14.84,81.73,82.39500000000001,0,
2023-07-12,India,10Y,India_10Y,0.01625000000000032,7.118,7.10175,-0.083039627357778,0.3598484365133153,13.54,81.72,81.985,0,
2023-07-13,India,10Y,India_10Y,0.045250000000000234,7.122,7.07675,-0.0590065711746473,0.4429366683909428,13.61,81.75,82.05000000000001,0,
2023-07-14,India,10Y,India_10Y,0.015249999999999986,7.0969999999999995,7.0817499999999995,-0.0554352007500701,0.3575034364739853,13.34,81.69,82.077,0,
2023-07-17,India,10Y,India_10Y,-0.13269999999999982,7.032,7.1647,-0.125050275712157,0.3476885872204957,13.48,81.73,82.05000000000001,0,
2023-07-18,India,10Y,India_10Y,0.014299999999999535,7.0969999999999995,7.0827,0.0722903351066236,0.3973698104119395,13.3,81.73,82.065,0,
2023-07-19,India,10Y,India_10Y,0.02224999999999966,7.074,7.05175,-0.1474395361455694,0.3847983565207044,13.76,81.72,82.055,0,
2023-07-20,India,10Y,India_10Y,-0.06770000000000032,7.077,7.1447,-0.063987217792801,0.4354596397822222,13.99,81.69,82.08,0,
2023-07-21,India,10Y,India_10Y,0.004300000000000637,7.0920000000000005,7.0877,-0.1590544853655169,0.3811124834878863,13.6,81.7,81.99000000000001,0,
2023-07-24,India,10Y,India_10Y,0.0033000000000003027,7.102,7.0987,-0.0717589343689942,0.3822872069864766,13.91,81.72,81.795,0,
2023-07-25,India,10Y,India_10Y,-0.04670000000000041,7.04,7.0867,0.0282630504502583,0.3449148622309149,13.86,81.7,81.85499999999999,0,
2023-07-26,India,10Y,India_10Y,-0.13865000000000016,7.039,7.17765,-0.1135568501287227,0.3446081226614748,13.19,81.71,81.955,0,
2023-07-27,India,10Y,India_10Y,-0.05865000000000009,7.109,7.16765,-0.0361782782569919,0.3494306010122752,14.41,81.71,82.155,0,
2023-07-28,India,10Y,India_10Y,0.016350000000000087,7.118,7.10165,0.0265214863863101,0.2846020191683061,13.33,81.73,82.253,0,
2023-07-31,India,10Y,India_10Y,-0.03765000000000018,7.122,7.15965,-0.1004558905812178,0.3193665774920353,13.63,81.7,82.245,0,
2023-08-01,India,10Y,India_10Y,-0.07560000000000056,7.0969999999999995,7.1726,-0.010505402458131,0.397806378931434,13.93,81.7,82.345,0,
2023-08-02,India,10Y,India_10Y,-0.09360000000000035,7.096,7.1896,0.0272299316624972,0.3134453518033816,16.09,81.73,82.735,0,
2023-08-03,India,10Y,India_10Y,-0.05659999999999954,7.1530000000000005,7.2096,-0.0537951260741853,0.3594746461161769,15.92,81.69,82.755,0,
2023-08-04,India,10Y,India_10Y,-0.08055000000000057,7.173,7.253550000000001,0.0199045906308387,0.361378769842667,17.1,81.69,82.69550000000001,0,
2023-08-07,India,10Y,India_10Y,-0.013600000000000279,7.173,7.1866,-0.0550719170107226,0.3625444799157529,15.77,81.69,82.7775,0,
2023-08-08,India,10Y,India_10Y,-0.10155000000000047,7.152,7.253550000000001,-0.0416128924114198,0.3159085986210377,15.99,81.73,82.8805,0,
2023-08-09,India,10Y,India_10Y,-0.04560000000000031,7.1419999999999995,7.1876,0.0281785318401947,0.4650893987289598,15.96,81.7,82.8715,0,
2023-08-10,India,10Y,India_10Y,-0.08854999999999968,7.099,7.18755,0.0290836462045411,0.3457826243740673,15.85,81.71,82.6435,0,
2023-08-11,India,10Y,India_10Y,-0.05459999999999887,7.0920000000000005,7.146599999999999,0.0479753021562391,0.3411495019565578,14.84,81.71,82.89750000000001,0,
2023-08-14,India,10Y,India_10Y,-0.018550000000001177,7.1579999999999995,7.176550000000001,-0.0880758128912625,0.2751816766668455,14.82,81.69,83.18,0,
2023-08-15,India,10Y,India_10Y,-0.018550000000001177,7.1579999999999995,7.176550000000001,0.0450395152111864,0.408957810256332,16.46,81.69,83.23949999999999,0,
2023-08-16,India,10Y,India_10Y,-0.018550000000001177,7.1579999999999995,7.176550000000001,-0.0044430300804134,0.3802062217246434,16.78,81.72,83.22229999999999,0,
2023-08-17,India,10Y,India_10Y,0.017450000000000188,7.195,7.17755,-0.1204518020688218,0.4579753244376725,17.89,81.71,83.14,0,
2023-08-18,India,10Y,India_10Y,-0.007500000000000284,7.215,7.2225,-0.0535854073014791,0.3234907770825519,17.3,81.72,83.16749999999999,0,
2023-08-21,India,10Y,India_10Y,-0.007500000000000284,7.215,7.2225,0.0644933549110387,0.3615199761650253,17.13,81.69,83.095,0,
2023-08-22,India,10Y,India_10Y,-0.005550000000000388,7.194,7.19955,-0.014257867088305,0.2647450693595731,16.97,81.7,83.045,0,
2023-08-23,India,10Y,India_10Y,0.0005000000000006111,7.205,7.2044999999999995,0.0059331527971322,0.3304270662903694,15.98,81.72,82.5221,0,
2023-08-24,India,10Y,India_10Y,-0.0015499999999990521,7.184,7.185549999999999,0.0611998345413934,0.3349408389153733,17.2,81.69,82.59,0,
2023-08-25,India,10Y,India_10Y,-0.07149999999999945,7.159,7.230499999999999,0.0872236103061421,0.3316924207492008,15.68,81.7,82.6645,0,
2023-08-28,India,10Y,India_10Y,-0.025500000000000078,7.17,7.1955,0.0705613173516673,0.4148229026844576,15.08,81.69,82.6275,0,
2023-08-29,India,10Y,India_10Y,-0.026500000000000412,7.15,7.176500000000001,0.0428856027818784,0.3232657449044478,14.45,81.69,82.6005,0,
2023-08-30,India,10Y,India_10Y,-0.04050000000000065,7.136,7.176500000000001,-0.0863575645807161,0.3884787094902717,13.88,81.69,82.6155,0,
2023-08-31,India,10Y,India_10Y,-0.01950000000000074,7.141,7.160500000000001,-0.0121525316208488,0.4225759093472435,13.57,81.71,82.7096,0,
2023-09-01,India,10Y,India_10Y,-0.020500000000000185,7.138,7.1585,-0.0163466524261421,0.291761980047058,13.09,81.71,82.6972,0,
2023-09-04,India,10Y,India_10Y,-0.020500000000000185,7.138,7.1585,0.1209216536806336,0.3760695201504053,13.82,81.69,82.7244,0,
2023-09-05,India,10Y,India_10Y,-0.06845000000000034,7.163,7.231450000000001,-0.050994351318151,0.3522658108573849,14.01,81.68,83.04175000000001,0,
2023-09-06,India,10Y,India_10Y,-0.040449999999999875,7.176,7.21645,-0.0007659250519076,0.3292273587909696,14.45,81.7,83.2245,0,
2023-09-07,India,10Y,India_10Y,-0.03444999999999965,7.195,7.22945,0.0328359338992966,0.2728477742024323,14.4,81.71,83.155,0,
2023-09-08,India,10Y,India_10Y,-0.05045000000000055,7.149,7.199450000000001,-0.0336234671855695,0.2534959778940053,13.84,81.71,83.0315,0,
2023-09-11,India,10Y,India_10Y,-0.04844999999999988,7.159,7.20745,0.0304159926948517,0.3302667586988647,13.8,81.69,82.91,0,
2023-09-12,India,10Y,India_10Y,-0.04239999999999977,7.208,7.2504,0.0441826865957442,0.3803974273765476,14.23,81.69,82.86,0,
2023-09-13,India,10Y,India_10Y,-0.04239999999999977,7.21,7.2524,0.0521855647236263,0.4198337030476388,13.48,81.68,82.94120000000001,0,
2023-09-14,India,10Y,India_10Y,0.0055499999999995,7.183,7.17745,0.047184102703473,0.2806047439477194,12.82,81.71,83.03,0,
2023-09-15,India,10Y,India_10Y,-0.04045000000000076,7.127,7.1674500000000005,-0.0319283488872255,0.3566221044385264,13.79,81.69,83.086,0,
2023-09-18,India,10Y,India_10Y,-0.04045000000000076,7.127,7.1674500000000005,-0.0181719860300003,0.3771519490540734,14.0,81.69,83.2975,0,
2023-09-19,India,10Y,India_10Y,-0.04045000000000076,7.127,7.1674500000000005,-0.1391965700780552,0.3992064789053505,14.11,81.7,83.315,0,
2023-09-20,India,10Y,India_10Y,-0.04240000000000066,7.177,7.2194,-0.1457997608181152,0.3194684244441632,15.14,82.94,82.92500000000001,0,
2023-09-21,India,10Y,India_10Y,-0.026399999999999757,7.168,7.1944,-0.1422888499154806,0.3829489006115216,17.54,82.89,83.12700000000001,0,
2023-09-22,India,10Y,India_10Y,-0.0004000000000008441,7.1739999999999995,7.1744,0.0693933720171878,0.3563550859201086,17.2,82.93,82.975,0,
2023-09-25,India,10Y,India_10Y,-0.007449999999999513,7.146,7.153449999999999,0.0689891624945169,0.3948360119864637,16.9,82.91,83.13499999999999,0,
2023-09-26,India,10Y,India_10Y,-0.11134999999999984,7.157,7.26835,-0.0063923899028224,0.3646597104317874,18.94,82.93,83.255,0,
2023-09-27,India,10Y,India_10Y,-0.09135000000000026,7.18,7.27135,0.0058411051898981,0.3299956890722684,18.22,82.93,83.2085,0,
2023-09-28,India,10Y,India_10Y,-0.04240000000000066,7.18,7.2224,-0.1815648801368936,0.3456758577415798,17.34,82.92,83.165,0,
2023-09-29,India,10Y,India_10Y,0.0006499999999993733,7.241,7.24035,-0.1258311628916863,0.352442455852991,17.52,82.94,83.035,0,
2023-10-02,India,10Y,India_10Y,0.0006499999999993733,7.241,7.24035,0.0274714513639436,0.3468633138027729,17.61,82.89,83.18705,0,
2023-10-03,India,10Y,India_10Y,-0.03230000000000022,7.241,7.2733,0.024615286289321,0.4352443657921338,19.78,82.92,83.2217,0,
2023-10-04,India,10Y,India_10Y,-0.0003500000000000725,7.25,7.25035,0.0892098848304551,0.2814323046711548,18.58,82.94,83.255,0,
2023-10-05,India,10Y,India_10Y,-0.000300000000000189,7.269,7.2693,-0.1151882308299307,0.4271423125035518,18.49,82.93,83.21000000000001,0,
2023-10-06,India,10Y,India_10Y,-0.0912500000000005,7.269,7.360250000000001,-0.1088706003920422,0.376469108305395,17.45,82.87,83.1248,0,
2023-10-09,India,10Y,India_10Y,-0.1891999999999996,7.269,7.4582,-0.0484953843979194,0.3915490979530306,17.7,82.95,83.2805,0,
2023-10-10,India,10Y,India_10Y,-0.005199999999999427,7.405,7.4102,-0.0591754574830009,0.3504538829028027,17.03,82.96,83.18950000000001,0,
2023-10-11,India,10Y,India_10Y,-0.013200000000000323,7.402,7.4152000000000005,-0.0026544004630536,0.2704191512604665,16.09,82.92,83.16499999999999,0,
2023-10-12,India,10Y,India_10Y,-0.012199999999999989,7.369,7.3812,-0.0077005807044334,0.3154218871815618,16.69,82.9,83.295,0,
2023-10-13,India,10Y,India_10Y,-0.037199999999999456,7.3580000000000005,7.3952,-0.084054175430147,0.268734450826941,19.32,82.94,83.2825,0,
2023-10-16,India,10Y,India_10Y,-0.026200000000000223,7.369,7.3952,0.0076887245241017,0.3330712145212754,17.21,82.91,83.195,0,
2023-10-17,India,10Y,India_10Y,-0.018200000000000216,7.377,7.3952,-0.0759240927394054,0.3317635438257565,17.88,87.21,83.25,0,
2023-10-18,India,10Y,India_10Y,-0.05119999999999969,7.355,7.4062,-0.0438052732451297,0.3021129806160922,19.22,82.94,83.30000000000001,0,
2023-10-19,India,10Y,India_10Y,-0.028200000000000003,7.381,7.4092,0.0315417611599897,0.2727223845817316,21.4,82.91,83.10390000000001,0,
2023-10-20,India,10Y,India_10Y,-0.02815000000000012,7.4030000000000005,7.431150000000001,-0.0216338699859485,0.3037482413130721,21.71,84.49,83.16,0,
2023-10-23,India,10Y,India_10Y,-0.005149999999999544,7.4030000000000005,7.40815,-0.0698066318681568,0.3755965549180355,20.37,82.89,83.0985,0,
2023-10-24,India,10Y,India_10Y,-0.005149999999999544,7.4030000000000005,7.40815,-0.0050178734815872,0.3766440355548291,18.97,85.23,83.015,0,
2023-10-25,India,10Y,India_10Y,-0.005149999999999544,7.4030000000000005,7.40815,-0.1327782236999688,0.432105358984119,20.19,82.91,83.14500000000001,0,
2023-10-26,India,10Y,India_10Y,-0.04315000000000069,7.366,7.40915,-0.0493613811799809,0.3334374889977502,20.68,82.91,83.2493,0,
2023-10-27,India,10Y,India_10Y,0.008849999999999802,7.386,7.37715,-0.0129325221879415,0.3202895766659839,21.27,82.92,83.2723,1,
2023-10-30,India,10Y,India_10Y,-0.09509999999999952,7.377,7.472099999999999,-0.0983901644269811,0.3123421649955634,19.75,82.89,83.255,1,
2023-10-31,India,10Y,India_10Y,-0.0871000000000004,7.389,7.476100000000001,0.0963097741233314,0.4006380270006394,18.14,82.93,83.2835,1,
2023-11-01,India,10Y,India_10Y,-0.02415000000000056,7.375,7.399150000000001,-0.0497488330776932,0.3850926777363339,16.87,82.93,83.2645,1,
2023-11-02,India,10Y,India_10Y,-0.0001499999999996504,7.378,7.37815,0.0376211255305823,0.3128187342888274,15.66,82.93,83.2615,1,
2023-11-03,India,10Y,India_10Y,-0.008149999999999658,7.351,7.35915,-0.1668052467496517,0.2946682703024432,14.91,81.58,83.15,1,
2023-11-06,India,10Y,India_10Y,0.011849999999999916,7.351,7.33915,-0.0796517122672034,0.3465075378848564,14.89,82.91,83.223,1,
2023-11-07,India,10Y,India_10Y,-0.0461500000000008,7.3149999999999995,7.36115,-0.1391462731510801,0.3121816030009911,14.81,82.93,83.235,1,
2023-11-08,India,10Y,India_10Y,0.018800000000000594,7.313000000000001,7.2942,-0.0244679867802544,0.4144623479828654,14.45,82.9,83.21799999999999,1,
2023-11-09,India,10Y,India_10Y,0.007849999999999469,7.301,7.293150000000001,0.0069966895889978,0.3473675693586768,15.29,82.91,83.32,1,
2023-11-10,India,10Y,India_10Y,-0.040149999999999686,7.287,7.32715,-0.0315974590782895,0.3722570658513088,14.17,82.93,83.314,1,
2023-11-13,India,10Y,India_10Y,-0.028100000000000236,7.33,7.3581,-0.1844476748127205,0.4022019588986496,14.76,82.92,83.209,1,
2023-11-14,India,10Y,India_10Y,-0.028100000000000236,7.33,7.3581,-0.0410506826913081,0.3484353701864653,14.16,82.91,82.97800000000001,1,
2023-11-15,India,10Y,India_10Y,0.0658499999999993,7.318,7.25215,0.0489566910547996,0.3664116855556995,14.18,82.91,83.193,1,
2023-11-16,India,10Y,India_10Y,0.00885000000000069,7.259,7.25015,0.1098540699821402,0.304536611407652,14.32,82.93,83.1603,1,
2023-11-17,India,10Y,India_10Y,0.0018500000000001293,7.253,7.25115,-0.006110986303176,0.3316966046812081,13.8,82.93,83.249,1,
2023-11-20,India,10Y,India_10Y,-0.01115000000000066,7.253,7.264150000000001,-0.0452185728368714,0.2685540297830441,13.41,82.9,83.322,1,
2023-11-21,India,10Y,India_10Y,-0.015150000000000219,7.26,7.27515,0.0441526907161429,0.3467039199582339,13.35,82.92,83.3355,1,
2023-11-22,India,10Y,India_10Y,-0.009149999999999103,7.277,7.286149999999999,-0.0667362615188043,0.3428596241817094,12.85,82.92,83.31450000000001,1,
2023-11-23,India,10Y,India_10Y,-0.009100000000000108,7.289,7.2981,-0.0310238159314134,0.4105986281329934,12.8,82.9,83.3335,1,
2023-11-24,India,10Y,India_10Y,0.0008999999999996788,7.282,7.2811,-0.0049342557386247,0.3332227889898054,12.46,82.89,83.345,1,
2023-11-27,India,10Y,India_10Y,0.0008999999999996788,7.282,7.2811,0.0650493015814009,0.3428825673924654,12.69,82.91,83.33500000000001,1,
2023-11-28,India,10Y,India_10Y,-0.13010000000000055,7.18,7.3101,0.0138366264629716,0.2604942614002038,12.69,82.9,83.345,1,
2023-11-29,India,10Y,India_10Y,0.02289999999999992,7.292,7.2691,0.0799926326504861,0.2844318371130051,12.98,82.93,83.357,1,
2023-11-30,India,10Y,India_10Y,-0.004099999999999326,7.285,7.2890999999999995,0.057293857469683,0.3298845296794427,12.92,82.9,83.38300000000001,1,
2023-12-01,India,10Y,India_10Y,0.005899999999999572,7.296,7.290100000000001,0.0032606426336326,0.3154941828239124,12.63,82.92,83.265,1,
2023-12-04,India,10Y,India_10Y,0.005899999999999572,7.296,7.290100000000001,-0.0507690695382382,0.3061557891591731,13.08,82.89,83.43100000000001,1,
2023-12-05,India,10Y,India_10Y,0.0029000000000003467,7.276,7.2730999999999995,-0.0433986666143892,0.3980534061880514,12.85,82.92,83.32499999999999,1,
2023-12-06,India,10Y,India_10Y,-0.006050000000000111,7.274,7.28005,-0.0572692667116635,0.4162184300559298,12.97,82.9,83.33699999999999,1,
2023-12-07,India,10Y,India_10Y,-0.011050000000000004,7.258,7.26905,0.006004359941702,0.3631036401930201,13.06,82.9,83.348,1,
2023-12-08,India,10Y,India_10Y,0.014899999999999913,7.252,7.2371,-0.0346055821966657,0.3251966732894876,12.35,82.9,83.43,1,
2023-12-11,India,10Y,India_10Y,-0.020049999999999457,7.25,7.2700499999999995,0.1054702816639002,0.3070536668949556,12.63,82.9,83.35499999999999,1,
2023-12-12,India,10Y,India_10Y,-0.01004999999999967,7.269,7.27905,0.0235303900311312,0.2629050236854712,12.07,82.92,83.40100000000001,1,
2023-12-13,India,10Y,India_10Y,0.00694999999999979,7.256,7.24905,-0.0661241613498196,0.3762423225923534,12.19,82.91,83.35499999999999,1,
2023-12-14,India,10Y,India_10Y,0.12084999999999901,7.244,7.123150000000001,-0.0817918032527593,0.3021661725337279,12.48,82.95,83.312,1,
2023-12-15,India,10Y,India_10Y,0.060900000000000176,7.184,7.1231,0.0091659164119362,0.4204281009742177,12.28,82.9,83.025,1,
2023-12-18,India,10Y,India_10Y,-0.013100000000000556,7.109999999999999,7.1231,-0.0310866337596604,0.3976220044947581,12.56,82.92,83.149,1,
2023-12-19,India,10Y,India_10Y,-0.003100000000000769,7.143,7.146100000000001,0.1135772086983416,0.3172598969403262,12.53,82.92,83.11099999999999,1,
2023-12-20,India,10Y,India_10Y,-0.026100000000000456,7.12,7.146100000000001,-0.0225666834732591,0.2998465771933953,13.67,82.93,83.1665,1,
2023-12-21,India,10Y,India_10Y,-0.05604999999999993,7.13,7.18605,-0.0634443658173638,0.2968948610636903,13.65,82.91,83.219,1,
2023-12-22,India,10Y,India_10Y,-0.006099999999999106,7.152,7.158099999999999,-0.0937637278612824,0.4251522456268228,13.03,82.92,83.19149999999999,1,
2023-12-25,India,10Y,India_10Y,-0.006099999999999106,7.152,7.158099999999999,-0.0183954711026616,0.369362289119934,13.03,82.92,83.16900000000001,1,
2023-12-26,India,10Y,India_10Y,-0.0020500000000005514,7.17,7.1720500000000005,-0.1521099937863124,0.3532734841620397,12.99,82.91,83.16300000000001,1,
2023-12-27,India,10Y,India_10Y,0.0009499999999995623,7.1579999999999995,7.15705,-0.0336559178391451,0.2693749155121779,12.43,82.92,83.268,1,
2023-12-28,India,10Y,India_10Y,0.00694999999999979,7.166,7.159050000000001,-0.0671824970545759,0.3461103066780687,12.47,82.9,83.174,1,
2023-12-29,India,10Y,India_10Y,0.011949999999999683,7.135,7.12305,-0.0380537075067866,0.2954980764357269,12.45,82.91,83.2175,1,
2024-01-01,India,10Y,India_10Y,0.011949999999999683,7.135,7.12305,-0.1455709752357344,0.2382953373595693,12.45,82.91,83.2425,1,0.0
2024-01-02,India,10Y,India_10Y,0.0019499999999998963,7.164,7.16205,-0.0910457148270407,0.3174039417793902,13.2,82.88,83.275,1,
2024-01-03,India,10Y,India_10Y,0.01595000000000013,7.172000000000001,7.1560500000000005,-0.0720672417986452,0.4031541062899603,14.04,82.89,83.2907,1,
2024-01-04,India,10Y,India_10Y,0.055950000000001054,7.1690000000000005,7.113049999999999,-0.0121292038235966,0.3810349784656859,14.13,82.9,83.24799999999999,1,
2024-01-05,India,10Y,India_10Y,0.06095000000000006,7.177,7.1160499999999995,-0.1125731267499763,0.3848319027167311,13.35,82.9,83.132,1,
2024-01-08,India,10Y,India_10Y,0.03500000000000014,7.177,7.1419999999999995,0.0417650745599243,0.3534099521664121,13.08,82.91,83.05000000000001,1,
2024-01-09,India,10Y,India_10Y,0.0389999999999997,7.175,7.136,-0.0351340517579518,0.3497500608388081,12.76,82.9,83.114,1,
2024-01-10,India,10Y,India_10Y,0.057949999999999946,7.157,7.09905,-0.0216347647822395,0.3374892281485042,12.69,82.92,83.02799999999999,1,
2024-01-11,India,10Y,India_10Y,0.0669499999999994,7.149,7.082050000000001,0.0663705506207649,0.3697138014810698,12.44,82.92,83.068,1,
2024-01-12,India,10Y,India_10Y,0.03200000000000003,7.139,7.107,-0.118294806910752,0.4203678520711376,12.7,82.9,82.862,1,
2024-01-15,India,10Y,India_10Y,-0.0030500000000008853,7.095,7.098050000000001,0.0797230533458261,0.370175518567205,13.25,82.9,82.832,1,
2024-01-16,India,10Y,India_10Y,0.01794999999999991,7.101,7.08305,-0.0566536028559548,0.3882138942840635,13.84,82.89,83.089,1,
2024-01-17,India,10Y,India_10Y,0.03730000000000011,7.1262,7.0889,-0.0356448968875182,0.3558988384608819,14.79,82.89,83.187,1,
2024-01-18,India,10Y,India_10Y,0.02859999999999907,7.122199999999999,7.0936,-0.0147726678511029,0.299906432067729,14.13,82.92,83.17,1,
2024-01-19,India,10Y,India_10Y,0.03279999999999994,7.1345,7.1017,-0.0361643610305654,0.2532412739583383,13.3,82.91,83.0989,1,
2024-01-22,India,10Y,India_10Y,0.03160000000000007,7.1337,7.1021,-0.0066564310803634,0.4060342485434853,13.19,82.91,83.10499999999999,1,
2024-01-23,India,10Y,India_10Y,0.024799999999999933,7.1258,7.101,0.0706666130306914,0.3247088915578403,12.55,82.9,83.155,1,
2024-01-24,India,10Y,India_10Y,0.036999999999999034,7.1389,7.1019000000000005,0.0264815050638915,0.3871247805537214,13.14,82.92,83.13499999999999,1,
2024-01-25,India,10Y,India_10Y,0.03524999999999956,7.1358999999999995,7.10065,0.1055424420873233,0.388154287590536,13.45,82.91,83.172,1,
2024-01-26,India,10Y,India_10Y,0.039199999999999235,7.1358999999999995,7.0967,-0.0555313288593973,0.3609054882094304,13.26,82.91,83.12,1,
2024-01-29,India,10Y,India_10Y,0.032849999999999824,7.1358999999999995,7.10305,-0.0030400781046109,0.3733033614014486,13.6,82.92,83.13900000000001,1,
2024-01-30,India,10Y,India_10Y,0.0365000000000002,7.1429,7.1064,0.0094725099659834,0.3713332871917258,13.31,82.9,83.125,1,
2024-01-31,India,10Y,India_10Y,0.039349999999999774,7.127,7.08765,-0.0901077653673388,0.2979332299315947,14.35,82.92,83.1,1,
2024-02-01,India,10Y,India_10Y,0.06089999999999929,7.109999999999999,7.0491,0.0962941709185005,0.3128242341570442,13.88,82.91,82.952,1,
2024-02-02,India,10Y,India_10Y,0.06699999999999928,7.0828,7.0158000000000005,0.0255705568341009,0.3543420998521516,13.85,82.89,83.00399999999999,1,
2024-02-05,India,10Y,India_10Y,0.05644999999999989,7.114,7.05755,-0.066765327116631,0.2481363850360407,13.67,82.87,83.041,1,
2024-02-06,India,10Y,India_10Y,0.06840000000000046,7.075200000000001,7.0068,-0.1087628150452203,0.2718416360403294,13.06,82.91,83.06700000000001,1,
2024-02-07,India,10Y,India_10Y,0.03080000000000016,7.0401,7.0093,-0.0133578104496552,0.2936648559567268,12.83,82.9,82.982,1,
2024-02-08,India,10Y,India_10Y,0.015249999999999986,7.0361,7.02085,-0.0177784152709636,0.3994536500858942,12.79,82.9,82.983,1,
2024-02-09,India,10Y,India_10Y,-0.07369999999999965,7.07,7.1437,0.0140694511530367,0.4428018641574356,12.93,82.9,83.005,1,
2024-02-12,India,10Y,India_10Y,0.02600000000000069,7.105,7.079,0.025341251808711,0.3592510982343362,13.93,82.9,82.975,1,
2024-02-13,India,10Y,India_10Y,-0.025299999999999656,7.0669,7.0922,0.0155024388219949,0.3781232657422535,15.85,82.9,83.10300000000001,1,
2024-02-14,India,10Y,India_10Y,0.014800000000000146,7.1072,7.0924,-0.1220427616684711,0.4229854448312391,14.38,82.92,83.039,1,
2024-02-15,India,10Y,India_10Y,0.03669999999999973,7.1289,7.0922,-0.0195342970668788,0.3361757435149904,14.01,82.92,82.993,1,
2024-02-16,India,10Y,India_10Y,0.01610000000000067,7.089700000000001,7.0736,0.0742994406071884,0.3898622196992394,14.24,82.89,83.018,1,
2024-02-19,India,10Y,India_10Y,0.017599999999999838,7.0832,7.0656,-0.0427903736439431,0.4215034812747082,14.71,82.9,83.031,1,
2024-02-20,India,10Y,India_10Y,-0.006800000000000139,7.053,7.0598,0.0217085712138884,0.3678432523256753,15.42,82.91,82.89500000000001,1,
2024-02-21,India,10Y,India_10Y,0.02415000000000056,7.0829,7.05875,-0.0012833203382009,0.3206106044002979,15.34,82.9,82.935,1,
2024-02-22,India,10Y,India_10Y,0.01669999999999927,7.061999999999999,7.0453,0.0226078269306976,0.3238303111703844,14.54,82.89,82.842,1,
2024-02-23,India,10Y,India_10Y,-0.007950000000000124,7.0742,7.08215,0.0862176349402193,0.3549048665813822,13.75,82.89,82.8865,1,
2024-02-26,India,10Y,India_10Y,0.009350000000000414,7.0745000000000005,7.06515,-0.0057124516971455,0.401305567431868,13.74,82.9,82.8735,1,
2024-02-27,India,10Y,India_10Y,0.0024500000000005073,7.0591,7.056649999999999,-0.0856165440915865,0.4412270941150504,13.43,82.9,82.9045,1,
2024-02-28,India,10Y,India_10Y,0.003449999999999953,7.0655,7.06205,0.0285033341309395,0.3732489977526698,13.84,82.9,82.92500000000001,1,
2024-02-29,India,10Y,India_10Y,-0.028349999999999653,7.0666,7.09495,-0.0045027510093676,0.2948881446495467,13.4,82.88,82.91,1,
2024-03-01,India,10Y,India_10Y,0.016149999999999665,7.058,7.04185,0.0757686023586743,0.3178596729885037,13.11,82.89,82.846,1,
2024-03-04,India,10Y,India_10Y,-0.017900000000000027,7.0568,7.0747,-0.0612771759885197,0.3954886618812912,13.49,82.89,82.916,1,
2024-03-05,India,10Y,India_10Y,-0.0129999999999999,7.047000000000001,7.0600000000000005,-0.1180276061766362,0.4490941927635232,14.46,82.9,82.896,1,
2024-03-06,India,10Y,India_10Y,-0.024250000000000327,7.0433,7.067550000000001,-0.1286228232502329,0.3963421160548132,14.5,82.89,82.805,1,
2024-03-07,India,10Y,India_10Y,-0.07360000000000078,6.9857,7.0593,-0.0158518613608109,0.3621142768965994,14.44,82.89,82.713,1,
2024-03-08,India,10Y,India_10Y,-0.06919999999999948,6.9867,7.055899999999999,0.0992521822064969,0.3002387545681897,14.74,82.9,82.744,1,
2024-03-11,India,10Y,India_10Y,-0.040599999999999525,6.9885,7.0291,0.1034564869334598,0.3055634884661616,15.22,82.89,82.731,1,
2024-03-12,India,10Y,India_10Y,-0.01944999999999908,6.9922,7.0116499999999995,-0.0421853526230384,0.4473437725871159,13.84,82.89,82.78585000000001,1,
2024-03-13,India,10Y,India_10Y,-0.00709999999999944,7.0174,7.0245,-0.0039051549967752,0.3413510530865378,13.75,82.88,82.835,1,
2024-03-14,India,10Y,India_10Y,-0.033200000000000784,7.0009,7.0341000000000005,0.0296662533816732,0.3629291586308958,14.4,82.89,82.9425,1,
2024-03-15,India,10Y,India_10Y,-0.039199999999999235,7.0121,7.0512999999999995,-0.046934423539474,0.323789892278242,14.41,82.89,82.888,1,
2024-03-18,India,10Y,India_10Y,-0.033449999999999314,7.0369,7.0703499999999995,-0.0158606751375488,0.3912128923046701,14.33,82.9,82.92500000000001,1,
2024-03-19,India,10Y,India_10Y,-0.02325000000000088,7.0649,7.088150000000001,-0.0126116509570999,0.303160530561543,13.82,82.89,83.03450000000001,1,
2024-03-20,India,10Y,India_10Y,-0.022149999999999892,7.0709,7.09305,0.0099648387517225,0.3884114291591734,13.04,84.11,83.2005,1,
2024-03-21,India,10Y,India_10Y,-0.011499999999999844,7.0823,7.0938,-0.0467917681813072,0.2911144078246563,12.92,84.13,83.20150000000001,1,
2024-03-22,India,10Y,India_10Y,-0.028900000000000148,7.0599,7.0888,-0.016753335929522,0.2925785336516224,13.06,84.13,83.58699999999999,1,
2024-03-25,India,10Y,India_10Y,-0.03945000000000043,7.0273,7.066750000000001,0.0340411286032128,0.28468140945124,13.19,84.09,83.4148,1,
2024-03-26,India,10Y,India_10Y,-0.02540000000000031,7.0703,7.0957,0.0801459073456106,0.3191757909624865,13.24,84.12,83.3295,1,
2024-03-27,India,10Y,India_10Y,-0.007200000000000095,7.0705,7.0777,0.0380523446593313,0.2890353259193191,12.78,84.11,83.3215,1,
2024-03-28,India,10Y,India_10Y,-0.01839999999999975,7.0605,7.0789,0.0044925016805207,0.3155511373462316,13.01,84.1,83.37950000000001,1,
2024-03-29,India,10Y,India_10Y,-0.02490000000000059,7.053599999999999,7.0785,-0.0315661393206918,0.3804578923010545,13.01,84.12,83.365,1,
2024-04-01,India,10Y,India_10Y,-0.02490000000000059,7.053599999999999,7.0785,-0.0473331399942318,0.2946198908835906,13.65,84.11,83.3875,1,
2024-04-02,India,10Y,India_10Y,0.03410000000000046,7.1126000000000005,7.0785,0.0565841765336566,0.3852025979839614,14.61,84.1,83.3495,1,
2024-04-03,India,10Y,India_10Y,-0.033350000000000435,7.0534,7.08675,-0.0336223634060476,0.2914645252333059,14.33,84.11,83.51050000000001,1,
2024-04-04,India,10Y,India_10Y,0.009699999999999598,7.0698,7.0601,-0.01491098833531,0.3904460521426641,16.35,84.1,83.36500000000001,1,
2024-04-05,India,10Y,India_10Y,0.00590000000000046,7.0656,7.059699999999999,-0.0719709040034381,0.3377704483076192,16.03,84.1,83.32050000000001,1,
2024-04-08,India,10Y,India_10Y,-0.010500000000000398,7.0984,7.1089,-0.0578451254427987,0.3650243840620527,15.19,84.09,83.285,1,
2024-04-09,India,10Y,India_10Y,-0.04269999999999996,7.0854,7.1281,-0.0128948359255775,0.364096888968455,14.98,84.12,83.1925,1,
2024-04-10,India,10Y,India_10Y,-0.014499999999999957,7.0977,7.1122,0.0350107694044279,0.3660735811133154,15.8,84.11,83.3963,1,
2024-04-11,India,10Y,India_10Y,-0.0005500000000004945,7.0946,7.09515,-0.0053716156873187,0.3513530801340577,14.91,84.11,83.33359999999999,1,
2024-04-12,India,10Y,India_10Y,-0.04634999999999945,7.0753,7.12165,0.0743502119407637,0.3788765075550107,17.31,84.12,83.565,1,
2024-04-15,India,10Y,India_10Y,-0.03925000000000001,7.1287,7.16795,-0.0337560392556394,0.3843212718036319,19.23,84.07,83.5115,1,
2024-04-16,India,10Y,India_10Y,-0.07335000000000047,7.1201,7.19345,-0.1341268457532949,0.2995841723090549,18.4,84.1,83.6645,1,
2024-04-17,India,10Y,India_10Y,-0.09465000000000057,7.1114999999999995,7.20615,-0.1116422374794698,0.3992760412096314,18.21,84.11,83.6613,1,
2024-04-18,India,10Y,India_10Y,-0.03664999999999985,7.1424,7.17905,-0.0607901067349256,0.3396065178223026,18.0,84.1,83.53999999999999,1,
2024-04-19,India,10Y,India_10Y,-0.13464999999999971,7.1291,7.26375,-0.0980811609945881,0.3101083008314979,18.71,84.11,83.38550000000001,1,
2024-04-22,India,10Y,India_10Y,-0.07594999999999974,7.0995,7.17545,-0.0469507064370694,0.3789898239582129,16.94,84.1,83.37,1,
2024-04-23,India,10Y,India_10Y,-0.0038999999999997925,7.1688,7.1727,0.0375457942289823,0.3093619180628392,15.69,84.1,83.29650000000001,1,
2024-04-24,India,10Y,India_10Y,-0.06144999999999978,7.1353,7.19675,-0.049378552011809,0.360577854643801,15.97,84.09,83.3249,1,
2024-04-25,India,10Y,India_10Y,-0.037200000000000344,7.1402,7.1774000000000004,-0.0557281256716649,0.3252367925818473,15.37,84.07,83.315,1,
2024-04-26,India,10Y,India_10Y,-0.0818999999999992,7.1127,7.194599999999999,-0.0318742554692025,0.3437451565485401,15.03,84.1,83.405,1,
2024-04-29,India,10Y,India_10Y,-0.03500000000000014,7.1653,7.2003,0.0423544505980755,0.4117800048239815,14.67,84.11,83.425,1,
2024-04-30,India,10Y,India_10Y,-0.0351000000000008,7.1579999999999995,7.1931,0.0691293448627445,0.4539800183743162,15.65,84.1,83.46000000000001,1,
2024-05-01,India,10Y,India_10Y,-0.0248999999999997,7.1543,7.1792,0.099603368986803,0.3304034402785808,15.39,84.11,83.4675,1,
2024-05-02,India,10Y,India_10Y,-0.033500000000000085,7.1673,7.2008,-0.0454074589484006,0.2898640741887553,14.68,84.12,83.4625,1,
2024-05-03,India,10Y,India_10Y,-0.01869999999999905,7.1393,7.1579999999999995,-0.0192213122502012,0.428035711892531,13.49,84.15,83.381,1,
2024-05-06,India,10Y,India_10Y,-0.01144999999999996,7.0977,7.10915,-0.1138893017296312,0.2781566028347088,13.49,84.12,83.495,1,
2024-05-07,India,10Y,India_10Y,-0.011700000000000266,7.0858,7.0975,-0.0112704337698876,0.3947481485804091,13.23,84.11,83.4671,1,
2024-05-08,India,10Y,India_10Y,-0.09924999999999962,7.0829,7.18215,-0.0148970298549247,0.2718989788999905,13.0,84.09,83.47149999999999,1,
2024-05-09,India,10Y,India_10Y,-0.11244999999999994,7.0579,7.17035,-0.0087893969691928,0.2945136114178733,12.69,84.1,83.4495,1,
2024-05-10,India,10Y,India_10Y,-0.007449999999999513,7.1003,7.107749999999999,-0.0367516323469069,0.3126492512812833,12.55,84.1,83.54599999999999,1,
2024-05-13,India,10Y,India_10Y,-0.01499999999999968,7.0707,7.0857,0.0346795158848078,0.4912313394399623,13.6,84.11,83.47,1,
2024-05-14,India,10Y,India_10Y,-0.04875000000000007,7.0625,7.11125,-0.0374475772641922,0.4286632186470097,13.42,84.11,83.4907,1,
2024-05-15,India,10Y,India_10Y,-0.06495000000000051,7.053599999999999,7.11855,-0.0662309480841817,0.3874737118146583,12.45,84.14,83.4204,1,
2024-05-16,India,10Y,India_10Y,-0.05694999999999961,7.0362,7.09315,-0.0257292732157488,0.2839703569859664,12.42,84.09,83.465,1,
2024-05-17,India,10Y,India_10Y,-0.007000000000000561,7.0154,7.0224,0.0103017349799191,0.492779358184736,11.99,84.1,83.3075,1,
2024-05-20,India,10Y,India_10Y,-0.001000000000000334,7.0100999999999996,7.0111,-0.2358720040128355,0.392969792896148,12.15,84.09,83.305,1,
2024-05-21,India,10Y,India_10Y,-0.0008499999999997954,6.9917,6.99255,0.0632441664296615,0.3713476347111571,11.86,84.11,83.265,1,
2024-05-22,India,10Y,India_10Y,0.00140000000000029,7.0178,7.0164,-0.0765765629712071,0.3751878408447978,12.29,84.08,83.235,1,
2024-05-23,India,10Y,India_10Y,0.0033000000000003027,7.0201,7.0168,-0.0500998396877395,0.4615288232282413,12.77,84.1,83.25,1,
2024-05-24,India,10Y,India_10Y,-0.11745000000000072,7.0027,7.120150000000001,-0.0678735681293488,0.3756181260820083,11.93,84.09,83.065,1,
2024-05-27,India,10Y,India_10Y,-0.1089500000000001,6.9734,7.08235,-0.1304478007915936,0.4328249027317206,12.36,84.1,83.12950000000001,1,
2024-05-28,India,10Y,India_10Y,-0.09159999999999968,6.9725,7.0641,-0.074895080151238,0.3784493165746779,12.92,84.1,83.18,1,
2024-05-29,India,10Y,India_10Y,-0.07069999999999954,6.9822,7.052899999999999,-0.168106802964796,0.3824000006157849,14.28,84.09,83.36500000000001,1,
2024-05-30,India,10Y,India_10Y,-0.07545000000000002,6.9986,7.07405,-0.0037413504691961,0.394345773023073,14.47,84.1,83.305,1,
2024-05-31,India,10Y,India_10Y,-0.046650000000000524,7.0004,7.0470500000000005,-0.1254425499022091,0.3679645447010527,12.92,84.09,83.451,1,
2024-06-03,India,10Y,India_10Y,-0.0508999999999995,6.9654,7.016299999999999,-0.0964174638524242,0.3327547065467805,13.11,84.1,83.1105,1,
2024-06-04,India,10Y,India_10Y,-0.04875000000000007,6.9739,7.0226500000000005,0.0081057600125338,0.3035467582436265,13.16,84.1,83.5515,1,
2024-06-05,India,10Y,India_10Y,-0.040300000000000225,7.0425,7.082800000000001,0.0398691476004168,0.2844490227595835,12.63,84.09,83.3788,1,
2024-06-06,India,10Y,India_10Y,-0.04124999999999979,7.0497,7.090949999999999,0.0539551091211882,0.340898969554035,12.58,84.09,83.4746,1,
2024-06-07,India,10Y,India_10Y,-0.010200000000001097,7.0123999999999995,7.022600000000001,-0.0216964704273201,0.3537676283275576,12.22,84.09,83.52600000000001,1,
2024-06-10,India,10Y,India_10Y,-0.010000000000000675,7.008,7.018000000000001,0.1005860175862045,0.3634295495062353,12.74,84.09,83.515,1,
2024-06-11,India,10Y,India_10Y,-0.024799999999999045,7.0205,7.045299999999999,-0.1301583965472329,0.3256170035764033,12.85,84.11,83.625,1,
2024-06-12,India,10Y,India_10Y,-0.02289999999999992,7.008900000000001,7.0318000000000005,-0.0695131411468357,0.4315705255670593,12.04,84.09,83.44,1,
2024-06-13,India,10Y,India_10Y,-0.025750000000000384,7.0078,7.03355,-0.0910173310005187,0.3358228869183614,11.94,84.1,83.55000000000001,1,
2024-06-14,India,10Y,India_10Y,-0.029650000000000176,6.9891000000000005,7.018750000000001,-0.0391018182818901,0.3369730097159999,12.66,84.12,83.55199999999999,1,
2024-06-17,India,10Y,India_10Y,-0.021250000000000213,6.9847,7.00595,-0.1797075937410372,0.351474977356867,12.75,84.08,83.50999999999999,1,
2024-06-18,India,10Y,India_10Y,-0.021099999999999675,6.9881,7.0092,0.0167383186196073,0.3969537947293787,12.3,84.1,83.345,1,
2024-06-19,India,10Y,India_10Y,-0.03964999999999996,6.9719,7.01155,-0.0630062567882668,0.3632947196633034,12.48,84.09,83.47,1,
2024-06-20,India,10Y,India_10Y,-0.03444999999999965,6.9602,6.99465,-0.0665294090847872,0.4424051174699298,13.28,84.08,83.63,1,
2024-06-21,India,10Y,India_10Y,-0.019449999999999967,6.9714,6.99085,-0.0910238488084741,0.4161449466207867,13.2,84.11,83.563,1,
2024-06-24,India,10Y,India_10Y,-0.022850000000000037,6.9658999999999995,6.98875,-0.1161007154706315,0.3612505706928958,13.33,84.09,83.475,1,
2024-06-25,India,10Y,India_10Y,-0.005700000000000038,6.9576,6.9633,-0.0324265441736791,0.4007508017779843,12.84,84.09,83.4305,1,
2024-06-26,India,10Y,India_10Y,-0.10739999999999927,6.9706,7.077999999999999,-0.0499531234595504,0.3909065563156368,12.55,84.08,83.57,1,
2024-06-27,India,10Y,India_10Y,-0.028349999999999653,6.9695,6.99785,0.021766262910795,0.311539404219306,12.24,84.1,83.4464,1,
2024-06-28,India,10Y,India_10Y,-0.02579999999999938,6.980700000000001,7.0065,-0.0351908787203977,0.3994947959722861,12.44,84.09,83.36,1,
2024-07-01,India,10Y,India_10Y,-0.012350000000000527,6.9905,7.0028500000000005,-0.0806698248815551,0.4368271139698468,12.22,84.08,83.46549999999999,1,1.0
2024-07-02,India,10Y,India_10Y,-0.010999999999999233,7.021100000000001,7.0321,-0.0747032956464498,0.3601884439125232,12.03,84.11,83.50999999999999,1,
2024-07-03,India,10Y,India_10Y,-0.015900000000000247,7.0100999999999996,7.026,-0.0154470013222508,0.3529063825686991,12.09,84.09,83.53,1,
2024-07-04,India,10Y,India_10Y,0.003749999999999254,7.0203,7.0165500000000005,0.0001361733132137,0.3464437801513234,12.26,84.09,83.5025,1,
2024-07-05,India,10Y,India_10Y,-0.0038500000000007972,7.0146999999999995,7.01855,-0.0964316084545312,0.2722926227547477,12.48,84.1,83.50999999999999,1,
2024-07-08,India,10Y,India_10Y,0.05760000000000076,7.0120000000000005,6.9544,-0.0204901674314122,0.3588259111456838,12.37,84.09,83.50999999999999,1,
2024-07-09,India,10Y,India_10Y,0.03489999999999949,7.0095,6.974600000000001,-0.0504850463503544,0.3684851593284923,12.51,84.09,83.4925,1,
2024-07-10,India,10Y,India_10Y,-0.006349999999999412,7.0038,7.010149999999999,-0.0010713954879864,0.3200192077677961,12.85,84.1,83.52000000000001,1,
2024-07-11,India,10Y,India_10Y,-0.005349999999999966,7.0017,7.00705,-0.1251795810601666,0.396721662877616,12.92,84.13,83.5157,1,
2024-07-12,India,10Y,India_10Y,0.017600000000000726,6.994400000000001,6.9768,0.1844358404132033,0.4112741134449866,12.46,84.09,83.518,1,
2024-07-15,India,10Y,India_10Y,-0.004850000000000243,6.9921,6.99695,0.1089526693100624,0.3345269498112464,13.12,84.09,83.5595,1,
2024-07-16,India,10Y,India_10Y,0.0001499999999996504,6.9936,6.99345,-0.0823752941718566,0.3636992082292637,13.19,84.09,83.5331,1,
2024-07-17,India,10Y,India_10Y,-0.0014500000000001734,6.9879999999999995,6.98945,0.001979918022204,0.4401484178960299,14.48,84.08,83.59,1,
2024-07-18,India,10Y,India_10Y,0.06109999999999971,6.9762,6.915100000000001,0.007413575988012,0.4579401573944023,15.93,84.08,83.59,1,
2024-07-19,India,10Y,India_10Y,0.02939999999999987,6.9401,6.9107,0.0066098025740222,0.3563531345812548,16.52,84.08,83.729,1,
2024-07-22,India,10Y,India_10Y,0.032250000000000334,6.9524,6.92015,-0.0801450562057906,0.368411472847597,14.91,84.08,83.6599,1,
2024-07-23,India,10Y,India_10Y,0.024199999999999555,6.9636,6.9394,0.0241661159902493,0.3627007086000287,14.72,84.08,83.6847,1,
2024-07-24,India,10Y,India_10Y,0.012899999999999245,6.959099999999999,6.9462,0.0428371453659864,0.3568354939307727,18.04,84.08,83.72,1,
2024-07-25,India,10Y,India_10Y,0.06585000000000107,6.952500000000001,6.8866499999999995,0.0225686661889474,0.2841081993030817,18.46,84.08,83.735,1,
2024-07-26,India,10Y,India_10Y,0.09814999999999952,6.9414,6.84325,-0.0012606401503842,0.2917665644737853,16.39,84.08,83.7305,1,
2024-07-29,India,10Y,India_10Y,0.04135000000000044,6.922000000000001,6.88065,-0.0189695346109432,0.2766768600433035,16.6,84.08,83.7569,1,
2024-07-30,India,10Y,India_10Y,0.030550000000000743,6.9144000000000005,6.88385,-0.2073208072729495,0.4823586934997026,17.69,84.08,83.72999999999999,1,
2024-07-31,India,10Y,India_10Y,0.05905000000000005,6.9138,6.85475,0.0150496015831447,0.4382899284729959,16.36,84.08,83.7082,1,
2024-08-01,India,10Y,India_10Y,0.019700000000000273,6.9183,6.8986,-0.0608964001515204,0.47860591340178,18.59,84.08,83.72,1,
2024-08-02,India,10Y,India_10Y,0.041850000000000165,6.8978,6.85595,-0.0858506501301066,0.3640018280337432,23.39,84.08,83.799,1,
2024-08-05,India,10Y,India_10Y,0.02939999999999987,6.8673,6.8379,-0.0660231322013308,0.3875861724560923,38.57,84.08,84.0455,1,
2024-08-06,India,10Y,India_10Y,0.038450000000000095,6.8677,6.82925,-0.13544321569545,0.3012090958645271,27.71,84.08,83.94,1,
2024-08-07,India,10Y,India_10Y,0.06345000000000045,6.8787,6.81525,0.0964826070900215,0.3939618448780848,27.85,84.08,83.9125,1,
2024-08-08,India,10Y,India_10Y,0.0472999999999999,6.8654,6.8181,-0.0472692454036575,0.3758050477324451,23.79,84.08,84.0,1,
2024-08-09,India,10Y,India_10Y,0.037799999999999834,6.8698,6.832,0.011580965331408,0.3721165713676557,20.37,84.08,83.94999999999999,1,
2024-08-12,India,10Y,India_10Y,0.053600000000000314,6.8952,6.8416,-0.0263218215454136,0.4299478655819091,20.71,84.08,83.94,1,
2024-08-13,India,10Y,India_10Y,0.042950000000000266,6.8703,6.82735,0.059151480936071,0.3854546216264497,18.12,84.08,83.92,1,
2024-08-14,India,10Y,India_10Y,0.05290000000000017,6.8808,6.8279,0.1172928068879761,0.3943044959642334,16.19,84.08,83.97,1,
2024-08-15,India,10Y,India_10Y,0.05439999999999934,6.8805,6.8261,-0.0720013101900518,0.3886807590165012,15.23,84.08,83.94999999999999,1,
2024-08-16,India,10Y,India_10Y,0.04459999999999997,6.8635,6.8189,-0.1345180161104534,0.3740608217676476,14.8,84.08,83.89,1,
2024-08-19,India,10Y,India_10Y,0.035200000000000564,6.8565000000000005,6.8213,-0.0297537190751987,0.3622665729364492,14.65,84.08,83.86,1,
2024-08-20,India,10Y,India_10Y,0.058849999999999625,6.8698999999999995,6.81105,0.0162743610994008,0.3605725590404656,15.88,84.08,83.75999999999999,1,
2024-08-21,India,10Y,India_10Y,0.034549999999999415,6.8507,6.81615,-0.0411506337288966,0.3579959533100469,16.27,84.08,83.88,1,
2024-08-22,India,10Y,India_10Y,0.054400000000000226,6.8506,6.7962,-0.0258593034775339,0.3423220636627388,17.55,84.08,83.94,1,
2024-08-23,India,10Y,India_10Y,0.05494999999999983,6.8469999999999995,6.79205,0.0028038143055368,0.3332636503028454,15.86,84.08,83.814,1,
2024-08-26,India,10Y,India_10Y,0.054049999999999265,6.8469999999999995,6.79295,-0.1590104413794499,0.4848759122545467,16.15,84.08,83.85,1,
2024-08-27,India,10Y,India_10Y,0.039049999999999585,6.8384,6.7993500000000004,-0.0424501798200306,0.4021070378924494,15.43,84.08,83.92,1,
2024-08-28,India,10Y,India_10Y,0.05025000000000013,6.8477,6.7974499999999995,-0.1153150289872475,0.3759361968597854,17.11,84.08,83.915,1,
2024-08-29,India,10Y,India_10Y,0.05229999999999979,6.8499,6.7976,-0.2196927138139802,0.4056570172636279,15.65,84.08,83.89,1,
2024-08-30,India,10Y,India_10Y,0.0688500000000003,6.849,6.78015,-0.1377252249084748,0.3925102936807492,15.0,84.08,83.872,1,
2024-09-02,India,10Y,India_10Y,0.08400000000000052,6.871,6.787,-0.0205687992307139,0.4077402461604187,15.55,84.08,83.9075,1,
2024-09-03,India,10Y,India_10Y,0.030099999999999127,6.8134,6.7833000000000006,-0.0172459257917785,0.4137860757872333,20.72,84.08,83.96000000000001,1,
2024-09-04,India,10Y,India_10Y,0.028600000000000847,6.809200000000001,6.7806,0.0464345171584343,0.3895000862130638,21.32,84.08,83.97,1,
2024-09-05,India,10Y,India_10Y,0.03915000000000024,6.8076,6.76845,0.0095302522794909,0.391497503872497,19.9,84.08,83.9885,1,
2024-09-06,India,10Y,India_10Y,0.026099999999999568,6.7973,6.7712,-0.0510250825485028,0.2755271093394338,22.38,84.08,83.99000000000001,1,
2024-09-09,India,10Y,India_10Y,0.011650000000000382,6.787,6.7753499999999995,-0.0697571172408912,0.4093042578136356,19.45,84.08,83.9555,1,
2024-09-10,India,10Y,India_10Y,0.03270000000000017,6.7922,6.7595,0.0216776498078184,0.352919477738025,19.08,84.08,83.9765,1,
2024-09-11,India,10Y,India_10Y,0.0638999999999994,6.7962,6.7323,0.0046533886049155,0.3685110048128313,17.69,84.08,83.97,1,
2024-09-12,India,10Y,India_10Y,0.040600000000000414,6.777,6.7364,-0.0831809211590757,0.2812229067119609,17.07,84.08,83.93,1,
2024-09-13,India,10Y,India_10Y,0.07209999999999983,6.7671,6.695,-0.0567155191084125,0.4253651303963026,16.56,84.08,83.88499999999999,1,
2024-09-16,India,10Y,India_10Y,0.03929999999999989,6.7402,6.7009,0.1276219605421832,0.3930694044181894,17.14,84.08,83.85,1,
2024-09-17,India,10Y,India_10Y,0.016799999999999926,6.718999999999999,6.7021999999999995,-0.0093820561339902,0.3336397006313468,17.61,84.08,83.7745,1,
2024-09-18,India,10Y,India_10Y,0.019099999999999895,6.7154,6.6963,-0.030449005382475,0.2889110491192091,18.23,84.08,83.66,1,
2024-09-19,India,10Y,India_10Y,-0.023950000000001026,6.706799999999999,6.7307500000000005,-0.0175776832124047,0.3488817069112377,16.33,84.08,83.63,1,
2024-09-20,India,10Y,India_10Y,-0.008549999999999613,6.6989,6.70745,0.0217757486678298,0.3448449360722664,16.15,84.08,83.49000000000001,1,
2024-09-23,India,10Y,India_10Y,0.009499999999999176,6.7006,6.6911000000000005,0.2114749394072457,0.3607108020420129,15.89,84.08,83.53999999999999,1,
2024-09-24,India,10Y,India_10Y,0.09330000000000016,6.7652,6.6719,0.005300031953356,0.3059754714854948,15.39,84.08,83.61,1,
2024-09-25,India,10Y,India_10Y,0.08059999999999956,6.7532,6.6726,0.0439620497319016,0.3586619110126563,15.41,84.08,83.61,1,
2024-09-26,India,10Y,India_10Y,0.07279999999999909,6.74325,6.670450000000001,-0.0103382011719348,0.3622726786618193,15.37,84.08,83.6285,1,
2024-09-27,India,10Y,India_10Y,0.04995000000000083,6.7286,6.678649999999999,-0.0672448493422521,0.3237176999423314,16.96,84.08,83.72,1,
2024-09-30,India,10Y,India_10Y,0.08174999999999955,6.7393,6.6575500000000005,-0.0461912834806189,0.2871028353574503,16.73,84.08,83.7825,1,
2024-10-01,India,10Y,India_10Y,0.09179999999999922,6.7273499999999995,6.63555,-0.0302010842579531,0.3405472414671849,19.26,84.08,83.91,1,
2024-10-02,India,10Y,India_10Y,0.0942999999999996,6.72295,6.62865,0.0829060794535911,0.3402624367406344,18.9,84.08,83.93,1,
2024-10-03,India,10Y,India_10Y,0.07159999999999833,6.731299999999999,6.659700000000001,-0.0479136935209418,0.3736907325600041,20.49,84.08,84.0,1,
2024-10-04,India,10Y,India_10Y,0.11695000000000011,6.78395,6.667,-0.0169003252486107,0.3868131111979963,19.21,84.08,84.02799999999999,1,
2024-10-07,India,10Y,India_10Y,0.11795000000000044,6.80495,6.686999999999999,0.0050202548648355,0.4143324573657176,22.64,84.08,83.99000000000001,1,
2024-10-08,India,10Y,India_10Y,0.12389999999999901,6.84085,6.716950000000001,0.0347815337134835,0.40563015251659,21.42,84.08,83.9725,1,
2024-10-09,India,10Y,India_10Y,0.13925000000000054,6.8252500000000005,6.686,-0.0641481451421004,0.4451291895785679,20.86,84.08,83.96000000000001,1,
2024-10-10,India,10Y,India_10Y,0.10994999999999955,6.773949999999999,6.664,0.0466745613386327,0.3934965564069745,20.93,84.08,83.94999999999999,1,
2024-10-11,India,10Y,India_10Y,0.11070000000000135,6.778600000000001,6.6678999999999995,0.1589768253434594,0.3184776989031528,20.46,84.08,84.106,1,
2024-10-14,India,10Y,India_10Y,0.06495000000000051,6.790900000000001,6.72595,0.0308762876521572,0.423313101199561,19.7,84.08,84.07249999999999,1,
2024-10-15,India,10Y,India_10Y,0.10575000000000045,6.787800000000001,6.68205,-0.0354328406057303,0.4423339401513573,20.64,84.08,84.05000000000001,1,
2024-10-16,India,10Y,India_10Y,0.10489999999999888,6.7959499999999995,6.691050000000001,0.0050874674867208,0.338227380630541,19.58,84.08,84.03999999999999,1,
2024-10-17,India,10Y,India_10Y,0.1070000000000002,6.78495,6.67795,-0.0436873713781075,0.4322085077716661,19.11,84.08,84.0625,1,
2024-10-18,India,10Y,India_10Y,0.11850000000000005,6.79265,6.67415,0.111955151451378,0.2548683115691956,18.03,84.08,84.07,1,
2024-10-21,India,10Y,India_10Y,0.10664999999999925,6.800549999999999,6.6939,-0.071090461244556,0.435285778518053,18.37,84.08,84.08,1,
2024-10-22,India,10Y,India_10Y,0.08595000000000041,6.8383,6.75235,0.0417310808075144,0.3851008255885013,18.2,84.08,84.08,1,
2024-10-23,India,10Y,India_10Y,0.11345000000000027,6.8583,6.74485,-0.0688281638591591,0.3406494298892944,19.24,84.08,84.0835,1,
2024-10-24,India,10Y,India_10Y,0.11519999999999975,6.8523,6.7371,0.0360570900153202,0.3656767548120105,19.08,84.08,84.065,1,
2024-10-25,India,10Y,India_10Y,0.14039999999999964,6.8566,6.716200000000001,0.0250648153540897,0.365772585513075,20.33,84.08,84.1,1,
2024-10-28,India,10Y,India_10Y,0.0760499999999995,6.8599,6.78385,-0.0602678906590946,0.4045532996439843,19.8,84.08,84.07,1,
2024-10-29,India,10Y,India_10Y,0.12729999999999997,6.8826,6.7553,-0.0676110637444683,0.4106180313972172,19.34,84.08,84.065,1,
2024-10-30,India,10Y,India_10Y,0.11249999999999982,6.86515,6.75265,0.0501448714445316,0.4545486321857875,20.35,84.08,84.09,1,
2024-10-31,India,10Y,India_10Y,0.12225000000000019,6.8413,6.71905,-0.0057308340169884,0.5188381070954953,23.16,84.08,84.08850000000001,1,
2024-11-01,India,10Y,India_10Y,0.12375000000000025,6.835,6.71125,0.000635024934481,0.3789405540366858,21.88,84.08,84.08500000000001,1,
2024-11-04,India,10Y,India_10Y,0.1275000000000004,6.8647,6.7372,-0.1108536706224491,0.3427890986283534,21.98,84.08,84.14,1,
2024-11-05,India,10Y,India_10Y,0.08325000000000049,6.84555,6.7623,0.0482424730785637,0.3987200052411338,20.49,84.08,84.114,1,
2024-11-06,India,10Y,India_10Y,0.09745000000000026,6.84685,6.7494,0.0001045419669668,0.3601276643609546,16.27,84.08,84.32,1,
2024-11-07,India,10Y,India_10Y,0.07040000000000024,6.8442,6.7738,0.0445353067954575,0.3585232791450355,15.2,84.08,84.298,1,
2024-11-08,India,10Y,India_10Y,0.08164999999999978,6.8416999999999994,6.76005,-0.0431786273403191,0.3780113666187054,14.94,84.08,84.4,1,
2024-11-11,India,10Y,India_10Y,0.09284999999999943,6.82175,6.7289,-0.027935688246428,0.3109822235592813,14.97,84.08,84.4065,1,
2024-11-12,India,10Y,India_10Y,0.08749999999999947,6.8233,6.7358,-0.0102274326939719,0.4284095528406859,14.71,84.08,84.39,1,
2024-11-13,India,10Y,India_10Y,0.09140000000000015,6.82335,6.731949999999999,0.0064598833399443,0.3424789698788544,14.02,84.08,84.42099999999999,1,
2024-11-14,India,10Y,India_10Y,0.09074999999999989,6.83695,6.7462,0.0031311260236726,0.3928969092460989,14.31,84.08,84.46600000000001,1,
2024-11-15,India,10Y,India_10Y,0.09440000000000026,6.8351500000000005,6.74075,-0.0287040861683229,0.3752927710751048,16.14,84.08,84.429,1,
2024-11-18,India,10Y,India_10Y,0.01670000000000016,6.82865,6.8119499999999995,-0.1622979083328276,0.4231100892631716,15.58,84.08,84.40299999999999,1,
2024-11-19,India,10Y,India_10Y,0.07589999999999986,6.8606,6.7847,0.0679878662263563,0.3403250335706065,16.35,84.08,84.4,1,
2024-11-20,India,10Y,India_10Y,0.07934999999999981,6.8599499999999995,6.7806,-0.0183942862895582,0.3927819160635368,17.16,84.08,84.36500000000001,1,
2024-11-21,India,10Y,India_10Y,0.05860000000000021,6.8452,6.7866,-0.1522620878073277,0.4696659844130312,16.87,84.08,84.5,1,
2024-11-22,India,10Y,India_10Y,0.07889999999999997,6.86965,6.79075,-0.1088910209951453,0.4469107638719169,15.24,84.08,84.43100000000001,1,
2024-11-25,India,10Y,India_10Y,0.11484999999999967,6.88225,6.7674,-0.0433715903756893,0.385973146842178,14.6,84.08,84.27000000000001,1,
2024-11-26,India,10Y,India_10Y,0.11440000000000072,6.8662,6.751799999999999,0.043750429283285,0.4294349086057351,14.1,84.08,84.324,1,
2024-11-27,India,10Y,India_10Y,0.06139999999999901,6.86065,6.799250000000001,-0.0029599575717728,0.4602938307961283,14.1,84.08,84.42,1,
2024-11-28,India,10Y,India_10Y,0.07905000000000051,6.8611,6.78205,-0.1348028951483958,0.3354847200358326,13.9,84.08,84.4725,1,
2024-11-29,India,10Y,India_10Y,0.09700000000000042,6.85275,6.75575,-0.1021885870298093,0.4594584220381804,13.51,84.08,84.564,1,
2024-12-02,India,10Y,India_10Y,0.11444999999999972,6.8180499999999995,6.7036,-0.1026450154082303,0.3716289194644729,13.34,84.08,84.75,1,
2024-12-03,India,10Y,India_10Y,0.017549999999999955,6.771,6.75345,0.0033510440492554,0.3177812308881904,13.3,84.08,84.68100000000001,1,
2024-12-04,India,10Y,India_10Y,0.06159999999999943,6.7517499999999995,6.69015,0.0816360364633303,0.4016047918875411,13.45,84.08,84.7205,1,
2024-12-05,India,10Y,India_10Y,0.07455000000000034,6.75255,6.678,-0.0633375383633052,0.4445126621041302,13.54,84.08,84.7115,1,
2024-12-06,India,10Y,India_10Y,0.07920000000000016,6.7505500000000005,6.67135,-0.1048538949630827,0.4067021268466724,12.77,84.08,84.673,1,
2024-12-09,India,10Y,India_10Y,0.037949999999998596,6.719799999999999,6.681850000000001,0.018673463469016,0.435863555943962,14.19,84.08,84.8565,1,
2024-12-10,India,10Y,India_10Y,0.10920000000000041,6.77475,6.66555,-0.0521147113802513,0.3254763176772672,14.18,84.08,84.88499999999999,1,
2024-12-11,India,10Y,India_10Y,0.11389999999999922,6.7776499999999995,6.66375,-0.0040173798109034,0.3059567376764813,13.58,84.08,84.82249999999999,1,
2024-12-12,India,10Y,India_10Y,0.09694999999999965,6.7627500000000005,6.665800000000001,0.0100014412111701,0.4136859651348526,13.92,84.08,84.83,1,
2024-12-13,India,10Y,India_10Y,0.11415000000000042,6.77835,6.664199999999999,-0.0940991156962595,0.4421319781372574,13.81,84.08,84.8095,1,
2024-12-16,India,10Y,India_10Y,0.09855000000000036,6.77705,6.6785,-0.0054516333717462,0.3518537102078329,14.69,84.08,84.91749999999999,1,
2024-12-17,India,10Y,India_10Y,0.09204999999999863,6.7799499999999995,6.687900000000001,0.0582832830603889,0.3695491234953107,15.87,84.08,84.90700000000001,1,
2024-12-18,India,10Y,India_10Y,0.10719999999999885,6.7997499999999995,6.692550000000001,0.0004816910840875,0.4256887620123607,27.62,84.08,84.8945,1,
2024-12-19,India,10Y,India_10Y,0.05845000000000056,6.8048,6.74635,-0.0139214015085237,0.3996467492472008,24.09,84.08,85.1155,1,
2024-12-20,India,10Y,India_10Y,0.08370000000000033,6.8339,6.7501999999999995,-0.0995656698828335,0.3743575740030788,18.36,84.08,84.952,1,
2024-12-23,India,10Y,India_10Y,0.042500000000000426,6.8188,6.7763,-0.0078377727154334,0.3030017361658821,16.78,84.08,85.1,1,
2024-12-24,India,10Y,India_10Y,0.06350000000000033,6.8273,6.7638,-0.0739942280274753,0.3488315916555631,14.27,84.08,85.18100000000001,1,
2024-12-25,India,10Y,India_10Y,0.06350000000000033,6.8273,6.7638,0.0534963891979211,0.3527260895230654,14.27,84.08,85.203,1,
2024-12-26,India,10Y,India_10Y,0.06990000000000052,6.82915,6.75925,-0.0475251204811291,0.4486431993719598,14.73,84.08,85.259,1,
2024-12-27,India,10Y,India_10Y,0.047849999999999504,6.8378,6.78995,-0.0389291150902858,0.3733724877675403,15.95,84.08,85.393,1,
2024-12-30,India,10Y,India_10Y,0.08164999999999978,6.8549,6.77325,-0.0126940685068764,0.377120146850789,17.4,84.08,85.5015,1,1.0
2024-12-31,India,10Y,India_10Y,0.07260000000000044,6.839,6.7664,-0.0849612535823931,0.4405896813294503,17.35,84.08,85.5815,1,-1.0
2022-09-20,Indonesia,10Y,Indonesia_10Y,-0.2919269999999994,4.715534,5.007460999999999,0.0368855701576543,0.3167297255196111,27.16,122.65,14982.5,0,
2022-09-21,Indonesia,10Y,Indonesia_10Y,-0.30002200000000023,4.748013,5.0480350000000005,-0.0665431880180393,0.4384134226632147,27.99,128.51,14997.5,0,
2022-09-22,Indonesia,10Y,Indonesia_10Y,-0.2827900000000003,4.780651,5.063441,-0.1043184548670528,0.4421825344738186,27.35,134.52,15017.5,0,
2022-09-23,Indonesia,10Y,Indonesia_10Y,-0.10961049999999961,4.9451625,5.054773,-0.1066018021109353,0.4352672869989675,29.92,141.35,15037.5,0,
2022-09-26,Indonesia,10Y,Indonesia_10Y,-0.1897624999999996,5.0451525,5.234915,0.0017348353898446,0.3757231192812086,32.26,154.25,15127.5,0,
2022-09-27,Indonesia,10Y,Indonesia_10Y,-0.16792150000000028,5.2479455,5.415867,-0.0286230706814419,0.4652576429012237,32.6,154.1,15122.5,0,
2022-09-28,Indonesia,10Y,Indonesia_10Y,0.14809099999999908,5.506957,5.358866000000001,-0.0769940968537954,0.3686590489457215,30.18,166.69,15262.5,0,
2022-09-29,Indonesia,10Y,Indonesia_10Y,-0.030985000000000262,5.368595,5.39958,0.0399908880402073,0.3537846887046817,31.84,166.88,15262.5,0,
2022-09-30,Indonesia,10Y,Indonesia_10Y,0.0167010000000003,5.47281,5.456109,-0.0732916584638094,0.4117716097186726,31.62,157.89,15227.5,0,
2022-10-03,Indonesia,10Y,Indonesia_10Y,-0.022140499999999896,5.4208285,5.442969,0.0054177197326654,0.3760714570303124,30.1,157.83,15302.5,0,
2022-10-04,Indonesia,10Y,Indonesia_10Y,-0.2875690000000004,5.062605,5.350174,0.0738558863534364,0.3815437818675551,29.07,157.76,15247.5,0,
2022-10-05,Indonesia,10Y,Indonesia_10Y,-0.06368099999999988,5.197869,5.26155,-0.032497983503329,0.3754400790986225,28.55,144.13,15192.5,0,
2022-10-06,Indonesia,10Y,Indonesia_10Y,-0.12612300000000065,5.181350999999999,5.307474,-0.1873778602844417,0.4077379731236906,30.52,150.98,15187.5,0,
2022-10-07,Indonesia,10Y,Indonesia_10Y,-0.1486584999999998,5.2496624999999995,5.398320999999999,-0.0072224040024762,0.3819314026206102,31.36,153.96,15252.5,0,
2022-10-10,Indonesia,10Y,Indonesia_10Y,-0.22212050000000083,5.2496624999999995,5.471783,-0.2035358003081301,0.4739820780809894,32.45,158.83,15312.5,0,
2022-10-11,Indonesia,10Y,Indonesia_10Y,-0.14238699999999938,5.457022,5.599409,-0.06058124611166,0.4307505557211797,33.63,165.74,15357.5,0,
2022-10-12,Indonesia,10Y,Indonesia_10Y,-0.07833350000000028,5.4746555,5.552989,-0.0737089231377369,0.3682973698182429,33.57,162.67,15357.5,0,
2022-10-13,Indonesia,10Y,Indonesia_10Y,-0.0808795,5.475217499999999,5.556096999999999,-0.2181568916633995,0.4147152611794433,31.94,161.78,15361.5,0,
2022-10-14,Indonesia,10Y,Indonesia_10Y,-0.17226449999999982,5.4754055,5.64767,-0.0831928499235666,0.407126545086907,32.02,161.68,15426.5,0,
2022-10-17,Indonesia,10Y,Indonesia_10Y,-0.19103600000000043,5.563373,5.754409000000001,-0.0109227457402622,0.4086898518812127,31.37,166.58,15487.5,0,
2022-10-18,Indonesia,10Y,Indonesia_10Y,-0.1390999999999991,5.5989,5.7379999999999995,0.0857331199471049,0.4249032148942157,30.5,155.79,15466.5,0,
2022-10-19,Indonesia,10Y,Indonesia_10Y,-0.15161799999999914,5.616823,5.768440999999999,-0.084444366808142,0.4271628364467474,30.76,152.95,15498.0,0,
2022-10-20,Indonesia,10Y,Indonesia_10Y,-0.2199074999999997,5.7244045,5.944312,-0.3000345447394955,0.4772394771214522,29.98,160.79,15572.5,0,
2022-10-21,Indonesia,10Y,Indonesia_10Y,-0.1400970000000008,5.8688769999999995,6.008974,-0.0440243447891256,0.3506511665712021,29.69,160.78,15632.5,0,
2022-10-24,Indonesia,10Y,Indonesia_10Y,-0.1730274999999999,5.8148395,5.987867,-0.0308443272521341,0.30838725681857,29.85,160.65,15587.0,0,
2022-10-25,Indonesia,10Y,Indonesia_10Y,-0.26026300000000013,5.797058,6.057321,-0.1156201436429637,0.3702952704103001,28.46,158.77,15622.5,0,
2022-10-26,Indonesia,10Y,Indonesia_10Y,-0.14443250000000063,5.6896115,5.8340440000000005,-0.1122828163163477,0.4508181611054741,27.28,158.74,15569.5,0,
2022-10-27,Indonesia,10Y,Indonesia_10Y,-0.11719050000000131,5.618835499999999,5.736026000000001,-0.0840141264770438,0.4260034987921116,27.39,141.21,15567.5,0,
2022-10-28,Indonesia,10Y,Indonesia_10Y,-0.12001300000000015,5.548245,5.668258,0.0310711650556838,0.410040835349213,25.75,139.26,15551.5,0,
2022-10-31,Indonesia,10Y,Indonesia_10Y,-0.14142749999999893,5.5132095,5.654636999999999,-0.2180997553623462,0.5189420098634093,25.88,136.38,15597.5,0,
2022-11-01,Indonesia,10Y,Indonesia_10Y,-0.17045599999999972,5.460742,5.6311979999999995,-0.0685829529808219,0.4732376656083775,25.81,136.3,15627.5,0,
2022-11-02,Indonesia,10Y,Indonesia_10Y,-0.1262950000000007,5.513612999999999,5.639908,-0.0503283685044994,0.3791713620550153,25.86,136.9,15647.5,0,
2022-11-03,Indonesia,10Y,Indonesia_10Y,-0.07288300000000092,5.620424,5.693307000000001,-0.0488212308997887,0.33451577321302,25.3,141.28,15696.5,0,
2022-11-04,Indonesia,10Y,Indonesia_10Y,-0.13733800000000063,5.638457,5.7757950000000005,0.0376907877573927,0.2693832155162244,24.55,141.25,15737.5,0,
2022-11-07,Indonesia,10Y,Indonesia_10Y,-0.18787400000000076,5.603102,5.790976000000001,-0.061627810091714,0.416257836324337,24.35,127.51,15707.5,0,
2022-11-08,Indonesia,10Y,Indonesia_10Y,-0.16779399999999978,5.567845,5.735639,-0.1641141513015056,0.3069789125058845,25.54,127.51,15697.5,0,
2022-11-09,Indonesia,10Y,Indonesia_10Y,-0.20939400000000052,5.480427,5.689821,0.1195021569869186,0.2822111747914752,26.09,127.79,15659.5,0,
2022-11-10,Indonesia,10Y,Indonesia_10Y,-0.08284999999999965,5.533527,5.616377,-0.1521079561890095,0.4113130326369598,23.53,123.61,15691.0,0,
2022-11-11,Indonesia,10Y,Indonesia_10Y,-0.06228550000000066,5.2542795,5.316565000000001,-0.0659930805716363,0.2998545735024018,22.52,106.89,15495.0,0,
2022-11-14,Indonesia,10Y,Indonesia_10Y,0.0851835000000003,5.2544245,5.1692409999999995,-0.1251763074097891,0.2956245755893294,23.73,103.94,15517.5,0,
2022-11-15,Indonesia,10Y,Indonesia_10Y,0.12268600000000074,5.185821000000001,5.063135,-0.0575561937402063,0.3251000062541795,24.54,101.96,15537.5,1,
2022-11-16,Indonesia,10Y,Indonesia_10Y,0.16843450000000004,5.1688265,5.000392,-0.1167250988907656,0.3227905415070354,24.11,102.21,15602.5,1,
2022-11-17,Indonesia,10Y,Indonesia_10Y,0.0901139999999998,5.100925999999999,5.010812,0.0146939586591513,0.3946771073205927,23.93,113.29,15662.5,1,
2022-11-18,Indonesia,10Y,Indonesia_10Y,-0.10823099999999997,5.135133,5.243364,0.0543430449565627,0.3598476985943031,23.12,112.3,15687.5,1,
2022-11-21,Indonesia,10Y,Indonesia_10Y,-0.1413934999999995,5.1523445,5.293737999999999,-0.3016084837673979,0.4441520220952435,22.36,113.28,15712.5,1,
2022-11-22,Indonesia,10Y,Indonesia_10Y,-0.10856250000000056,5.1184205,5.226983000000001,-0.1896730221789451,0.3742814810303293,21.29,112.78,15697.0,1,
2022-11-23,Indonesia,10Y,Indonesia_10Y,-0.07677650000000114,5.1017125,5.178489000000001,-0.0573876224262372,0.4491898796609616,20.35,112.98,15686.5,1,
2022-11-24,Indonesia,10Y,Indonesia_10Y,-0.030897500000000022,5.1017125,5.13261,-0.0369252371935582,0.4025111051354272,20.42,100.0,15665.5,1,
2022-11-25,Indonesia,10Y,Indonesia_10Y,0.03667499999999979,4.94944,4.912765,-0.0973939054753345,0.3442068502471156,20.5,95.07,15672.5,1,
2022-11-28,Indonesia,10Y,Indonesia_10Y,0.04206200000000049,4.9159310000000005,4.873869,0.0298491006817403,0.4232864349389925,22.21,96.55,15722.5,1,
2022-11-29,Indonesia,10Y,Indonesia_10Y,-0.019989999999999952,4.849117,4.869107,-0.2047042379552114,0.4479127093665027,21.89,96.05,15742.5,1,
2022-11-30,Indonesia,10Y,Indonesia_10Y,-0.013815000000000133,4.766115,4.77993,-0.1550075150929077,0.437641959793509,20.58,92.11,15731.5,1,
2022-12-01,Indonesia,10Y,Indonesia_10Y,0.012711999999999612,4.60185,4.589138,-0.0865732339527293,0.3027190576783798,19.84,91.81,15562.5,1,
2022-12-02,Indonesia,10Y,Indonesia_10Y,0.0037690000000001334,4.520554000000001,4.5167850000000005,-0.046819147178659,0.3821115294596799,19.06,90.11,15427.5,1,
2022-12-05,Indonesia,10Y,Indonesia_10Y,-0.1560870000000003,4.520494,4.6765810000000005,-0.157658720780674,0.4366328159227318,20.75,90.1,15467.5,1,
2022-12-06,Indonesia,10Y,Indonesia_10Y,-0.09045849999999955,4.5528925000000005,4.643351,-0.0065966644415961,0.5190651767962315,22.17,97.03,15617.5,1,
2022-12-07,Indonesia,10Y,Indonesia_10Y,-0.01965800000000062,4.618062999999999,4.637721,-0.1920375051000881,0.3950874130156118,22.68,102.96,15637.5,1,
2022-12-08,Indonesia,10Y,Indonesia_10Y,-0.1661034999999993,4.5364265,4.702529999999999,-0.1933360274828937,0.406348528489616,22.29,101.97,15620.5,1,
2022-12-09,Indonesia,10Y,Indonesia_10Y,-0.16996500000000037,4.503922,4.673887000000001,-0.2049756436270986,0.4702713064837776,22.83,101.97,15582.5,1,
2022-12-12,Indonesia,10Y,Indonesia_10Y,-0.16866950000000003,4.5688665,4.737536,-0.1983905300600371,0.4212371027362743,25.0,101.97,15627.5,1,
2022-12-13,Indonesia,10Y,Indonesia_10Y,-0.18669849999999855,4.568818500000001,4.755516999999999,-0.1308134900999796,0.4087861287349344,22.55,98.02,15657.0,1,
2022-12-14,Indonesia,10Y,Indonesia_10Y,-0.15420250000000024,4.503733499999999,4.657935999999999,-0.1054144340102999,0.3803837099484395,21.14,93.09,15592.5,1,
2022-12-15,Indonesia,10Y,Indonesia_10Y,-0.10422649999999933,4.503546500000001,4.607773,0.0457880825863573,0.3681245563113514,22.83,94.07,15617.5,1,
2022-12-16,Indonesia,10Y,Indonesia_10Y,-0.10317950000000042,4.5034845,4.606664,0.0250626154454029,0.4701372708187596,22.62,98.02,15597.5,1,
2022-12-19,Indonesia,10Y,Indonesia_10Y,-0.07840100000000039,4.568535,4.646936,-0.1451214126652801,0.4730247458499199,22.42,98.02,15597.5,1,
2022-12-20,Indonesia,10Y,Indonesia_10Y,-0.18365600000000093,4.601196,4.784852000000001,0.047898610273669,0.3856933028521916,21.48,102.96,15602.5,1,
2022-12-21,Indonesia,10Y,Indonesia_10Y,-0.18034250000000007,4.6833735,4.863716,-0.1009004053811155,0.4401263846238888,20.07,103.94,15587.5,1,
2022-12-22,Indonesia,10Y,Indonesia_10Y,-0.16564149999999955,4.6667875,4.832428999999999,-0.0531035579909788,0.4092314003820056,21.97,103.94,15582.5,1,
2022-12-23,Indonesia,10Y,Indonesia_10Y,-0.17311250000000022,4.6832755,4.856388,-0.0920996144706829,0.3228142504607705,20.87,99.5,15592.5,1,
2022-12-26,Indonesia,10Y,Indonesia_10Y,-0.17388950000000047,4.6832755,4.857165,-0.0941463199122758,0.3998673714770856,20.87,101.48,15632.5,1,
2022-12-27,Indonesia,10Y,Indonesia_10Y,-0.2279844999999998,4.6997965,4.9277809999999995,-0.1061681549522906,0.3735968286781286,21.65,101.48,15662.5,1,
2022-12-28,Indonesia,10Y,Indonesia_10Y,-0.16895799999999994,4.71635,4.885308,-0.1442143680149714,0.3924184998379538,22.14,101.48,15702.5,1,
2022-12-29,Indonesia,10Y,Indonesia_10Y,-0.03541050000000023,4.7995905,4.835001,-0.0653117844179516,0.4516817797147627,21.44,99.01,15657.5,1,1.0
2022-12-30,Indonesia,10Y,Indonesia_10Y,-0.052911499999999556,4.8330925,4.886004,0.0160340150517597,0.42924451256991,21.67,98.02,15567.5,1,0.0
2023-01-02,Indonesia,10Y,Indonesia_10Y,-0.052911499999999556,4.8330925,4.886004,-0.1555594178324938,0.4571857684607198,21.67,98.02,15572.5,1,
2023-01-03,Indonesia,10Y,Indonesia_10Y,-0.10228649999999995,4.8667115,4.968998,-0.2095233844818946,0.4026423304140476,22.9,98.02,15597.5,1,
2023-01-04,Indonesia,10Y,Indonesia_10Y,-0.14395299999999978,4.849919,4.993872,-0.1549086881049229,0.4612796614473798,22.01,97.04,15587.5,1,
2023-01-05,Indonesia,10Y,Indonesia_10Y,-0.13689149999999906,4.8499835000000004,4.9868749999999995,-0.2941098534185204,0.404368742564179,22.46,96.04,15607.5,1,
2023-01-06,Indonesia,10Y,Indonesia_10Y,-0.04535899999999948,4.900582,4.9459409999999995,-0.1582196233878156,0.3969989841841464,21.13,97.03,15632.5,1,
2023-01-09,Indonesia,10Y,Indonesia_10Y,-0.042708499999999816,4.7996695,4.842378,-0.2224588066111277,0.3973858129584857,21.97,93.08,15567.5,1,
2023-01-10,Indonesia,10Y,Indonesia_10Y,-0.11087500000000006,4.782940999999999,4.893815999999999,-0.224254351262937,0.4023456265019434,20.58,93.08,15572.5,1,
2023-01-11,Indonesia,10Y,Indonesia_10Y,-0.054313500000000126,4.8164605,4.870774,0.051870693456579,0.3989448756016156,21.09,93.08,15482.5,1,
2023-01-12,Indonesia,10Y,Indonesia_10Y,0.007428499999999616,4.7997385,4.7923100000000005,-0.2223271428489897,0.4116076091139692,18.83,93.08,15337.5,1,
2023-01-13,Indonesia,10Y,Indonesia_10Y,-0.019607499999999334,4.7662505,4.785857999999999,-0.1829863807827173,0.4190786893220214,18.35,90.11,15145.0,1,
2023-01-16,Indonesia,10Y,Indonesia_10Y,-0.04723850000000063,4.7662505,4.813489000000001,-0.1837704409399332,0.4176693860333587,19.49,90.11,15045.0,1,
2023-01-17,Indonesia,10Y,Indonesia_10Y,-0.00011549999999971305,4.7495385,4.749654,-0.030142939991092,0.4022017891549567,19.36,88.13,15165.0,1,
2023-01-18,Indonesia,10Y,Indonesia_10Y,0.05265200000000014,4.682909,4.630257,-0.1938502425613273,0.4178614095953761,20.34,86.17,15087.5,1,
2023-01-19,Indonesia,10Y,Indonesia_10Y,0.03340500000000013,4.567133999999999,4.533728999999999,-0.1962622080353951,0.4898549101817693,20.52,85.68,15104.0,1,
2023-01-20,Indonesia,10Y,Indonesia_10Y,-0.02567699999999995,4.583557000000001,4.609234000000001,-0.0598124161287754,0.4501927158924665,19.85,87.14,15075.0,1,
2023-01-23,Indonesia,10Y,Indonesia_10Y,-0.020701000000000747,4.567053,4.587754,-0.1617962552488029,0.5037599370096018,19.81,87.15,15075.0,1,
2023-01-24,Indonesia,10Y,Indonesia_10Y,0.02107549999999936,4.5834845,4.562409000000001,-0.1728382012628747,0.4478257245202845,19.2,87.15,14887.5,1,
2023-01-25,Indonesia,10Y,Indonesia_10Y,0.023198500000001232,4.599947500000001,4.5767489999999995,-0.1133558195962429,0.3870178102870791,19.08,87.14,14965.0,1,
2023-01-26,Indonesia,10Y,Indonesia_10Y,0.01384849999999993,4.5998515,4.586003,-0.099384746503041,0.5165165827110297,18.73,85.17,14947.5,1,
2023-01-27,Indonesia,10Y,Indonesia_10Y,0.0031735000000008284,4.6163875,4.613213999999999,-0.0400688427410745,0.4267451895925857,18.51,84.17,14985.0,1,
2023-01-30,Indonesia,10Y,Indonesia_10Y,-0.03000699999999945,4.61636,4.646367,-0.0549283300230569,0.427612901971482,19.94,84.18,14970.0,1,
2023-01-31,Indonesia,10Y,Indonesia_10Y,-0.0376934999999996,4.6163325,4.654026,-0.0242061997726447,0.3447567247948735,19.4,88.14,14990.0,1,
2023-02-01,Indonesia,10Y,Indonesia_10Y,0.019873999999999725,4.583235,4.5633610000000004,-0.0394660917380662,0.33511117176457,17.87,86.15,14975.0,1,
2023-02-02,Indonesia,10Y,Indonesia_10Y,-0.01145900000000033,4.451729,4.463188000000001,-0.0509383665102832,0.3681107227013167,18.73,79.72,14880.0,1,
2023-02-03,Indonesia,10Y,Indonesia_10Y,0.002007500000000384,4.4190465,4.417039,-0.1179382477600625,0.4274182246616701,18.33,78.25,14892.5,1,
2023-02-06,Indonesia,10Y,Indonesia_10Y,-0.1450754999999999,4.4679475,4.613023,-0.1709135968991035,0.3986694396745116,19.43,83.18,15055.0,1,
2023-02-07,Indonesia,10Y,Indonesia_10Y,-0.1668775,4.5335365,4.700414,-0.0363192410993212,0.4008482924086855,18.66,88.14,15145.0,1,
2023-02-08,Indonesia,10Y,Indonesia_10Y,-0.10757300000000036,4.549968,4.657541,-0.0181368706325044,0.3086898641323742,19.63,86.16,15100.0,1,
2023-02-09,Indonesia,10Y,Indonesia_10Y,-0.1882160000000006,4.5498449999999995,4.738061,-0.0410513583986104,0.3996357726104688,20.71,86.15,15094.5,1,
2023-02-10,Indonesia,10Y,Indonesia_10Y,-0.2056370000000003,4.582863,4.7885,-0.0822498809902721,0.4567717167682014,20.53,88.13,15133.5,1,
2023-02-13,Indonesia,10Y,Indonesia_10Y,-0.1729295000000004,4.6993375,4.872267000000001,-0.2303163103099366,0.3673956821334815,20.34,92.08,15195.0,1,
2023-02-14,Indonesia,10Y,Indonesia_10Y,-0.17596699999999998,4.665913,4.84188,-0.1613542944262084,0.4712145502823748,18.91,90.11,15159.5,1,
2023-02-15,Indonesia,10Y,Indonesia_10Y,-0.23186299999999882,4.716079000000001,4.947941999999999,-0.1110524533097495,0.3954565877747039,18.23,88.14,15204.0,1,
2023-02-16,Indonesia,10Y,Indonesia_10Y,-0.20227850000000025,4.7496884999999995,4.951967,-0.2291488638675017,0.4173672498654042,20.17,88.14,15156.5,1,
2023-02-17,Indonesia,10Y,Indonesia_10Y,-0.17056000000000004,4.851159,5.021719,-0.1200616061233874,0.4413459743308609,20.02,94.55,15202.5,1,
2023-02-20,Indonesia,10Y,Indonesia_10Y,-0.19563400000000009,4.851159,5.046793,-0.1141360246157081,0.4451352274029278,21.23,94.55,15157.5,1,
2023-02-21,Indonesia,10Y,Indonesia_10Y,-0.2362289999999998,4.885225,5.121454,-0.0743385999224967,0.3764762874552672,22.87,94.59,15190.0,1,
2023-02-22,Indonesia,10Y,Indonesia_10Y,-0.2318654999999996,4.936522500000001,5.168388,-0.000317584605269,0.3747273985599348,22.29,100.0,15201.5,1,
2023-02-23,Indonesia,10Y,Indonesia_10Y,-0.13549900000000026,4.902463,5.037962,0.0232843844370606,0.4134412816919934,21.14,96.53,15190.0,1,
2023-02-24,Indonesia,10Y,Indonesia_10Y,-0.12355550000000015,4.9025095,5.026065,-0.035966610364485,0.413263770885647,21.67,93.56,15225.0,1,
2023-02-27,Indonesia,10Y,Indonesia_10Y,-0.16227149999999924,4.9026505,5.064921999999999,-0.083145949375496,0.4759970484159073,20.95,94.06,15270.0,1,
2023-02-28,Indonesia,10Y,Indonesia_10Y,-0.09188099999999988,4.885606,4.977487,-0.056405123336507,0.3613739573104698,20.7,92.07,15250.0,1,
2023-03-01,Indonesia,10Y,Indonesia_10Y,-0.2267639999999993,4.868579,5.095343,-0.1162121048711547,0.4285270809166679,20.58,90.59,15235.0,1,
2023-03-02,Indonesia,10Y,Indonesia_10Y,-0.18218650000000025,4.9543725,5.136559,-0.1357774735964096,0.4660681983190069,19.59,93.56,15280.0,1,
2023-03-03,Indonesia,10Y,Indonesia_10Y,-0.1642550000000007,4.954433,5.118688000000001,0.018318672206849,0.3768233703380537,18.49,91.09,15300.0,1,
2023-03-06,Indonesia,10Y,Indonesia_10Y,-0.1741400000000004,4.920131,5.094271,-0.008571768351986,0.4331640742011677,18.61,87.14,15295.0,1,
2023-03-07,Indonesia,10Y,Indonesia_10Y,-0.18632950000000115,4.9201844999999995,5.106514000000001,-0.1019325150482923,0.3989449172331802,19.59,87.14,15350.0,1,
2023-03-08,Indonesia,10Y,Indonesia_10Y,-0.2253690000000006,4.989103999999999,5.214473,-0.1070986142139634,0.3681276446970489,19.11,93.06,15435.0,1,
2023-03-09,Indonesia,10Y,Indonesia_10Y,-0.17529900000000076,5.0066109999999995,5.18191,-0.0249971048621886,0.3379555101603387,22.61,92.08,15425.0,1,
2023-03-10,Indonesia,10Y,Indonesia_10Y,-0.020943000000000822,4.989388,5.010331000000001,-0.0025253315787298,0.4280423515735057,24.8,100.0,15450.0,1,
2023-03-13,Indonesia,10Y,Indonesia_10Y,-0.08371400000000051,4.886194,4.969908,-0.1120611446751128,0.3577974012893632,26.52,99.01,15365.0,1,
2023-03-14,Indonesia,10Y,Indonesia_10Y,-0.03826649999999976,4.8349475,4.873214,-0.033432867938371,0.2816281715448823,23.73,99.04,15385.0,1,
2023-03-15,Indonesia,10Y,Indonesia_10Y,-0.008058500000000635,4.8179324999999995,4.825991,-0.0951144320815784,0.3025863691642155,26.14,106.93,15365.0,1,
2023-03-16,Indonesia,10Y,Indonesia_10Y,0.028731999999999758,4.766992,4.73826,-0.00438695577816,0.3826915649286191,22.99,108.9,15380.0,1,
2023-03-17,Indonesia,10Y,Indonesia_10Y,-0.030448499999999434,4.7331075,4.7635559999999995,0.0305824439917888,0.3852697168658857,25.51,101.48,15345.0,1,
2023-03-20,Indonesia,10Y,Indonesia_10Y,-0.017754499999999673,4.7500625,4.767817,-0.0492477637657803,0.3091928433567169,24.15,123.67,15360.0,1,
2023-03-21,Indonesia,10Y,Indonesia_10Y,-0.027027999999999608,4.733131,4.760159,-0.0718720557244045,0.4135016331085366,21.38,111.81,15345.0,1,
2023-03-22,Indonesia,10Y,Indonesia_10Y,0.0694644999999996,4.7331425,4.663678,-0.005728773941499,0.5152714894833234,22.26,106.89,15345.0,1,
2023-03-23,Indonesia,10Y,Indonesia_10Y,0.05096600000000073,4.64874,4.597773999999999,0.0551270411036625,0.3269186578115437,22.61,105.91,15345.0,1,
2023-03-24,Indonesia,10Y,Indonesia_10Y,-0.0431089999999994,4.598357,4.641465999999999,-0.0763405368478883,0.4051344438736947,21.74,112.8,15155.0,1,
2023-03-27,Indonesia,10Y,Indonesia_10Y,-0.03876149999999967,4.6151085,4.6538699999999995,-0.1080380460301244,0.3271726881226209,20.6,112.82,15160.0,1,
2023-03-28,Indonesia,10Y,Indonesia_10Y,-0.015380500000000907,4.648718499999999,4.664099,-0.2078367237055945,0.372926566253155,19.97,106.91,15086.5,1,
2023-03-29,Indonesia,10Y,Indonesia_10Y,-0.027276999999999774,4.665568,4.692845,-0.0945433880180476,0.3695870406827353,19.12,105.92,15065.0,1,
2023-03-30,Indonesia,10Y,Indonesia_10Y,-0.07386999999999944,4.615048,4.688917999999999,-0.0564822933657337,0.3996759427915063,19.02,99.01,15047.0,1,
2023-03-31,Indonesia,10Y,Indonesia_10Y,0.014092999999999911,4.665558,4.651465,-0.1437302213708725,0.3357614578765333,18.7,95.06,14994.5,1,
2023-04-03,Indonesia,10Y,Indonesia_10Y,3.799999999998249e-05,4.63184,4.631802,-0.2621672408923626,0.4275741795466929,18.55,93.08,14970.0,1,
2023-04-04,Indonesia,10Y,Indonesia_10Y,0.013611500000000554,4.6150055000000005,4.601394,-0.0334400260343621,0.377910281170898,19.0,91.61,14898.5,1,
2023-04-05,Indonesia,10Y,Indonesia_10Y,-0.027936000000000405,4.547805,4.575741000000001,-0.0389286563603486,0.3754715417482316,19.08,91.61,14925.0,1,
2023-04-06,Indonesia,10Y,Indonesia_10Y,-0.04070200000000046,4.497673,4.538375,-0.0392201917035145,0.3597117706822851,18.4,91.62,14912.5,1,
2023-04-07,Indonesia,10Y,Indonesia_10Y,-0.19361750000000022,4.4477905,4.641408,-0.0474627192731973,0.3384199290315087,18.4,91.61,14912.5,1,
2023-04-10,Indonesia,10Y,Indonesia_10Y,-0.09776450000000025,4.5645255,4.6622900000000005,-0.1115567777351504,0.4761171439737979,18.97,91.62,14902.0,1,
2023-04-11,Indonesia,10Y,Indonesia_10Y,-0.02080450000000056,4.4809755,4.50178,-0.0491782452705524,0.4056681112926468,19.1,92.11,14883.0,1,
2023-04-12,Indonesia,10Y,Indonesia_10Y,-0.018679500000000182,4.4642945,4.4829740000000005,-0.1013433201958954,0.3754140618869044,19.09,90.13,14880.0,1,
2023-04-13,Indonesia,10Y,Indonesia_10Y,-0.13899300000000014,4.397798,4.536791,-0.2285678043729889,0.3888220958010213,17.8,90.15,14751.0,1,
2023-04-14,Indonesia,10Y,Indonesia_10Y,-0.10847949999999962,4.3977325,4.506212,-0.0788247828830779,0.379904690844129,17.07,88.16,14700.0,1,
2023-04-17,Indonesia,10Y,Indonesia_10Y,-0.1798839999999995,4.414227,4.594111,-0.0065574847919969,0.3529868424282534,16.95,88.65,14790.0,1,
2023-04-18,Indonesia,10Y,Indonesia_10Y,-0.20956499999999956,4.464001,4.673565999999999,-0.0314360711894965,0.4194167445735601,16.83,89.64,14845.0,1,
2023-04-19,Indonesia,10Y,Indonesia_10Y,-0.17986699999999978,4.5307580000000005,4.710625,-0.0667034427797763,0.346336470258668,16.46,93.58,14845.0,1,
2023-04-20,Indonesia,10Y,Indonesia_10Y,-0.19500049999999902,4.497187500000001,4.692188,-0.0386037793332938,0.3345699388879176,17.17,94.58,14845.0,1,
2023-04-21,Indonesia,10Y,Indonesia_10Y,-0.22447350000000021,4.4971485,4.721622,0.0176268846067741,0.2548858717092649,16.77,94.57,14845.0,1,
2023-04-24,Indonesia,10Y,Indonesia_10Y,-0.16719100000000076,4.497109,4.664300000000001,-0.0634761403988555,0.2854385238705449,16.89,95.06,14845.0,1,
2023-04-25,Indonesia,10Y,Indonesia_10Y,-0.13888199999999973,4.463667,4.602549,-0.2038692729589585,0.3606899738191567,18.76,95.07,14845.0,1,
2023-04-26,Indonesia,10Y,Indonesia_10Y,-0.17912449999999946,4.4136865,4.592810999999999,-0.0176038721842258,0.4602077507107389,18.84,97.53,14835.0,1,
2023-04-27,Indonesia,10Y,Indonesia_10Y,-0.22910399999999953,4.430087,4.659191,-0.0522649329775401,0.3937519801224707,17.03,99.01,14702.5,1,
2023-04-28,Indonesia,10Y,Indonesia_10Y,-0.17778599999999933,4.430033,4.607818999999999,-0.1346365946384493,0.4164428548245864,15.78,90.11,14670.0,1,
2023-05-01,Indonesia,10Y,Indonesia_10Y,-0.2948920000000008,4.396775,4.691667000000001,-0.1665939638177619,0.3896379962597995,16.08,96.04,14670.0,1,
2023-05-02,Indonesia,10Y,Indonesia_10Y,-0.141372500000001,4.4633424999999995,4.604715000000001,0.0304876115964807,0.5278955695934698,17.78,94.58,14704.5,1,
2023-05-03,Indonesia,10Y,Indonesia_10Y,-0.14935100000000023,4.39665,4.546001,0.0310562282893315,0.2880594614758089,18.34,98.52,14685.0,1,
2023-05-04,Indonesia,10Y,Indonesia_10Y,-0.19147749999999952,4.3466965,4.538174,-0.1449898907079198,0.4676609776574728,20.09,100.49,14680.0,1,
2023-05-05,Indonesia,10Y,Indonesia_10Y,-0.16797900000000077,4.346622,4.514601000000001,-0.0025681799637821,0.4273008909463972,17.19,100.0,14675.0,1,
2023-05-08,Indonesia,10Y,Indonesia_10Y,-0.2042919999999997,4.346548,4.55084,-0.1586677796437789,0.3846348860784275,16.98,96.04,14700.0,1,
2023-05-09,Indonesia,10Y,Indonesia_10Y,-0.17481599999999986,4.396280000000001,4.571096000000001,-0.0910333910490074,0.4612841420078044,17.71,97.53,14730.0,1,
2023-05-10,Indonesia,10Y,Indonesia_10Y,-0.1326564999999995,4.3962185,4.528874999999999,0.0013129867035657,0.3845655814957426,16.94,97.54,14725.0,1,
2023-05-11,Indonesia,10Y,Indonesia_10Y,-0.15252799999999933,4.329610000000001,4.482138,-0.0474426584778478,0.3480937687039434,16.93,97.58,14723.5,1,
2023-05-12,Indonesia,10Y,Indonesia_10Y,-0.18611950000000022,4.3295335,4.515653,-0.0763983428798263,0.4805841456340879,17.03,97.54,14750.0,1,
2023-05-15,Indonesia,10Y,Indonesia_10Y,-0.16626450000000048,4.3792645,4.545529,-0.0735754846582562,0.4379291198761814,17.12,97.51,14800.0,1,
2023-05-16,Indonesia,10Y,Indonesia_10Y,-0.1565405000000002,4.3958555,4.552396,-0.0323773223743261,0.3948886993235591,17.99,97.47,14820.0,1,
2023-05-17,Indonesia,10Y,Indonesia_10Y,-0.1687480000000008,4.445919999999999,4.614668,-0.1557020984834712,0.4801299876147531,16.87,97.43,14865.0,1,
2023-05-18,Indonesia,10Y,Indonesia_10Y,-0.22239400000000042,4.462549,4.6849430000000005,-0.1022747170262892,0.3680035891412545,16.05,104.25,14865.0,1,
2023-05-19,Indonesia,10Y,Indonesia_10Y,-0.21675699999999942,4.546746000000001,4.763503,-0.1356746810963596,0.4464824785736604,16.81,95.92,14925.0,1,
2023-05-22,Indonesia,10Y,Indonesia_10Y,-0.1897045000000004,4.5467255,4.73643,-0.0654870034824106,0.3664357473705149,17.21,91.62,14890.0,1,
2023-05-23,Indonesia,10Y,Indonesia_10Y,-0.16973449999999968,4.5805915,4.750325999999999,0.0603555795449576,0.2729810689121191,18.53,91.11,14880.0,1,
2023-05-24,Indonesia,10Y,Indonesia_10Y,-0.1920484999999985,4.580579500000001,4.772627999999999,-0.146329511579979,0.459262609114931,20.03,90.13,14900.0,1,
2023-05-25,Indonesia,10Y,Indonesia_10Y,-0.23449800000000032,4.631618,4.866116,-0.1317382300457593,0.4744807727589735,19.14,91.6,14950.0,1,
2023-05-26,Indonesia,10Y,Indonesia_10Y,-0.14650099999999977,4.6658,4.812301,0.0170487965441321,0.4027067581222105,17.95,90.62,14955.0,1,
2023-05-29,Indonesia,10Y,Indonesia_10Y,-0.12669899999999945,4.6658,4.792498999999999,-0.1012700256190075,0.511124690467159,17.46,90.61,14970.0,1,
2023-05-30,Indonesia,10Y,Indonesia_10Y,-0.09967849999999956,4.648702500000001,4.748381,-0.1198116291712334,0.4328356750552047,17.46,87.16,14985.0,1,
2023-05-31,Indonesia,10Y,Indonesia_10Y,-0.12009800000000048,4.614561,4.734659000000001,-0.1502234943117748,0.4057544984466968,17.94,88.65,14990.0,1,
2023-06-01,Indonesia,10Y,Indonesia_10Y,-0.10286549999999917,4.6316315,4.734496999999999,-0.0326661470985814,0.409554769598334,15.65,89.61,14990.0,1,
2023-06-02,Indonesia,10Y,Indonesia_10Y,-0.13962200000000013,4.631635,4.771257,0.0783489789582516,0.3337779993863714,14.6,89.62,14990.0,1,
2023-06-05,Indonesia,10Y,Indonesia_10Y,-0.12581500000000112,4.665839999999999,4.791655,-0.1008916680972021,0.4771940435342732,14.73,84.68,14890.0,1,
2023-06-06,Indonesia,10Y,Indonesia_10Y,-0.13506199999999957,4.6486730000000005,4.783735,-0.0614339902838089,0.3802663026632619,13.96,85.68,14860.0,1,
2023-06-07,Indonesia,10Y,Indonesia_10Y,-0.15762350000000058,4.6486405,4.8062640000000005,-0.108518658176204,0.4205222452987331,13.94,85.19,14877.5,1,
2023-06-08,Indonesia,10Y,Indonesia_10Y,-0.1359919999999999,4.717316,4.853308,-0.086731511797653,0.3242757149248982,13.65,86.17,14895.0,1,
2023-06-09,Indonesia,10Y,Indonesia_10Y,-0.16805750000000064,4.6828555,4.850913,-0.0577301356866219,0.3859455528225278,13.83,84.19,14840.0,1,
2023-06-12,Indonesia,10Y,Indonesia_10Y,-0.125729999999999,4.700046,4.825775999999999,-0.0806685099005944,0.3865162607235823,15.01,84.19,14862.5,1,
2023-06-13,Indonesia,10Y,Indonesia_10Y,-0.1395059999999999,4.743951,4.883457,-0.1737751470860171,0.5260796656553691,14.61,84.2,14860.0,1,
2023-06-14,Indonesia,10Y,Indonesia_10Y,-0.13534200000000052,4.761301,4.896643,-0.1060024566864263,0.3326105426715464,13.88,83.22,14897.5,1,
2023-06-15,Indonesia,10Y,Indonesia_10Y,-0.08318400000000103,4.7613129999999995,4.8444970000000005,-0.0795741307098707,0.431455462559757,14.5,83.19,14945.0,1,
2023-06-16,Indonesia,10Y,Indonesia_10Y,-0.11676499999999912,4.709277,4.826041999999999,0.0265232684197428,0.3362048232271368,13.54,83.19,14935.0,1,
2023-06-19,Indonesia,10Y,Indonesia_10Y,-0.1528349999999996,4.726597,4.8794319999999995,0.0095601282783762,0.3011015989415233,14.19,83.21,14994.5,1,
2023-06-20,Indonesia,10Y,Indonesia_10Y,-0.1239410000000003,4.726592999999999,4.850534,-0.1110818951567225,0.3391968753858291,13.88,84.68,15000.0,1,
2023-06-21,Indonesia,10Y,Indonesia_10Y,-0.04734100000000119,4.726588,4.773929000000001,-0.0565221224936963,0.4673249267136006,13.2,86.17,14945.0,1,
2023-06-22,Indonesia,10Y,Indonesia_10Y,-0.0840550000000011,4.726576,4.810631000000001,0.0437114910265047,0.3703746950314304,12.91,86.16,14940.0,1,
2023-06-23,Indonesia,10Y,Indonesia_10Y,-0.058709000000000344,4.726573,4.7852820000000005,-0.04383875867825,0.420175629501872,13.44,87.65,14994.0,1,
2023-06-26,Indonesia,10Y,Indonesia_10Y,-0.07501200000000008,4.709219,4.784231,-0.099607130362611,0.3686008825858644,14.25,90.62,15015.0,1,1.0
2023-06-27,Indonesia,10Y,Indonesia_10Y,-0.06173000000000073,4.726566999999999,4.788297,-0.0986542579592815,0.4175301334932679,13.74,90.61,14992.5,1,1.0
2023-06-28,Indonesia,10Y,Indonesia_10Y,-0.0471749999999993,4.743949000000001,4.791124,-0.0007288875564348,0.4488991548904158,13.43,89.13,14992.5,1,
2023-06-29,Indonesia,10Y,Indonesia_10Y,-0.1022679999999987,4.7613780000000006,4.863645999999999,-0.2063492244203342,0.3668115822854818,13.54,89.13,14992.5,1,0.0
2023-06-30,Indonesia,10Y,Indonesia_10Y,-0.09861599999999981,4.7788509999999995,4.877466999999999,-0.1769999850209018,0.3462064976840984,13.59,88.14,14992.5,1,1.0
2023-07-03,Indonesia,10Y,Indonesia_10Y,-0.12005999999999961,4.743963,4.8640229999999995,-0.1807728340309935,0.3439393706899915,13.57,86.16,15025.0,1,
2023-07-04,Indonesia,10Y,Indonesia_10Y,-0.11917899999999992,4.743963,4.863142,-0.0890432617998394,0.3721457967346028,13.7,85.19,14992.5,1,
2023-07-05,Indonesia,10Y,Indonesia_10Y,-0.09800599999999982,4.778874,4.87688,-0.1629008145546026,0.4050474753622142,14.18,85.19,15015.0,1,
2023-07-06,Indonesia,10Y,Indonesia_10Y,-0.11632699999999918,4.884346000000001,5.000673,-0.0556447813226379,0.4052752239902307,15.44,86.16,15044.5,1,
2023-07-07,Indonesia,10Y,Indonesia_10Y,-0.16644400000000026,4.955226,5.12167,-0.0587078847671269,0.4328638369374766,14.83,88.63,15135.0,1,
2023-07-10,Indonesia,10Y,Indonesia_10Y,-0.16122499999999995,4.937528,5.098753,-0.089564610080162,0.4333245626722533,15.07,88.63,15194.5,1,
2023-07-11,Indonesia,10Y,Indonesia_10Y,-0.1705280000000009,4.9021419999999996,5.0726700000000005,-0.0935481219852343,0.4612320177104919,14.84,87.65,15140.0,1,
2023-07-12,Indonesia,10Y,Indonesia_10Y,-0.09383699999999884,4.902186,4.996022999999999,-0.0443011228770891,0.369889157988626,13.54,85.68,15077.5,1,
2023-07-13,Indonesia,10Y,Indonesia_10Y,-0.08474700000000013,4.7965420000000005,4.881289000000001,-0.0498099470222362,0.3603467630415101,13.61,82.23,14967.5,1,
2023-07-14,Indonesia,10Y,Indonesia_10Y,-0.0693899999999994,4.77902,4.848409999999999,-0.0167107135399328,0.3303947818914105,13.34,80.72,14957.5,1,
2023-07-17,Indonesia,10Y,Indonesia_10Y,-0.03111900000000034,4.796581,4.8277,-0.1041863031140687,0.4485831955384634,13.48,82.22,15005.0,1,
2023-07-18,Indonesia,10Y,Indonesia_10Y,-0.00589500000000065,4.761526,4.767421000000001,0.0194782186401281,0.4259321628815171,13.3,82.24,14995.0,1,
2023-07-19,Indonesia,10Y,Indonesia_10Y,0.009831000000000145,4.7440359999999995,4.734204999999999,-0.0598678109373566,0.3888729630459235,13.76,81.23,14995.0,1,
2023-07-20,Indonesia,10Y,Indonesia_10Y,-0.006403999999999854,4.779113000000001,4.7855170000000005,-0.2004956720188745,0.4457450891376494,13.99,82.7,14987.5,1,
2023-07-21,Indonesia,10Y,Indonesia_10Y,-0.03754900000000028,4.779128999999999,4.816678,0.0921478785557187,0.4179208489034111,13.6,83.19,15025.0,1,
2023-07-24,Indonesia,10Y,Indonesia_10Y,-0.032382999999999384,4.779146000000001,4.811529,0.0053477042626202,0.3574087424216379,13.91,82.7,15022.5,1,
2023-07-25,Indonesia,10Y,Indonesia_10Y,0.005162999999999585,4.814349999999999,4.809187,-0.0773576537022436,0.3778580064965883,13.86,80.21,14992.5,1,
2023-07-26,Indonesia,10Y,Indonesia_10Y,0.025504000000000637,4.796765000000001,4.771261,-0.1223027168367366,0.4462610282097369,13.19,79.71,15017.5,1,
2023-07-27,Indonesia,10Y,Indonesia_10Y,-0.05353999999999992,4.796808,4.850348,-0.0712910459010791,0.4071175704855009,14.41,77.74,15000.0,1,
2023-07-28,Indonesia,10Y,Indonesia_10Y,0.001812000000001035,4.814455000000001,4.812643,-0.0076444059438921,0.3676741030970745,13.33,76.24,15094.5,1,
2023-07-31,Indonesia,10Y,Indonesia_10Y,-0.008539999999999992,4.8321380000000005,4.8406780000000005,-0.2177455460764295,0.4204374185269687,13.63,73.76,15080.0,1,
2023-08-01,Indonesia,10Y,Indonesia_10Y,-0.02814799999999984,4.83217,4.8603179999999995,-0.2059386441554816,0.4757272543004043,13.93,74.26,15115.0,1,
2023-08-02,Indonesia,10Y,Indonesia_10Y,-0.022088000000000108,4.920926,4.943014,-0.212631632861038,0.4208658662552523,16.09,77.25,15175.0,1,
2023-08-03,Indonesia,10Y,Indonesia_10Y,-0.09047200000000011,4.974689,5.065161,0.0327723805985532,0.3325783421014549,15.92,80.68,15185.0,1,
2023-08-04,Indonesia,10Y,Indonesia_10Y,-0.015581999999999319,4.956860000000001,4.972442,-0.1451338652864865,0.4478146158827839,17.1,78.72,15170.0,1,
2023-08-07,Indonesia,10Y,Indonesia_10Y,-0.04882899999999957,4.90338,4.952209,-0.1185740808023735,0.4601966972581732,15.77,78.2,15185.0,1,
2023-08-08,Indonesia,10Y,Indonesia_10Y,-0.04165900000000011,4.850116,4.891775,-0.0925766632601922,0.4370518890317213,15.99,80.23,15217.5,1,
2023-08-09,Indonesia,10Y,Indonesia_10Y,-0.02691300000000041,4.867903999999999,4.894817,-0.0027396660738323,0.3934421586140634,15.96,80.21,15190.5,1,
2023-08-10,Indonesia,10Y,Indonesia_10Y,-0.05529800000000051,4.868034,4.923332,-0.0213196598294813,0.4278601307277305,15.85,81.19,15185.0,1,
2023-08-11,Indonesia,10Y,Indonesia_10Y,-0.0732910000000011,4.9215409999999995,4.994832000000001,-0.1363671430031712,0.4569622689806255,14.84,81.21,15215.0,1,
2023-08-14,Indonesia,10Y,Indonesia_10Y,-0.11266900000000035,4.993281,5.10595,-0.0923647131117096,0.4337062488006977,14.82,83.17,15315.0,1,
2023-08-15,Indonesia,10Y,Indonesia_10Y,-0.0919049999999988,5.065497000000001,5.157401999999999,-0.0282846514742843,0.3871652379432734,16.46,86.14,15340.0,1,
2023-08-16,Indonesia,10Y,Indonesia_10Y,-0.10681399999999996,5.0655909999999995,5.1724049999999995,0.0011010220275124,0.347712762165313,16.78,87.14,15282.5,1,
2023-08-17,Indonesia,10Y,Indonesia_10Y,-0.03169199999999961,5.211641,5.243333,0.1742138361038401,0.4080700676557465,17.89,88.12,15282.5,1,
2023-08-18,Indonesia,10Y,Indonesia_10Y,-0.061334000000000444,5.193451,5.254785,-0.0367521210438338,0.4227661188454377,17.3,91.1,15285.0,1,
2023-08-21,Indonesia,10Y,Indonesia_10Y,-0.08681599999999978,5.285507,5.372323,0.0154696553553692,0.3563386006805469,17.13,92.07,15325.0,1,
2023-08-22,Indonesia,10Y,Indonesia_10Y,-0.1026479999999994,5.248793,5.3514409999999994,-0.0271370047092674,0.3693417792614221,16.97,85.65,15315.0,1,
2023-08-23,Indonesia,10Y,Indonesia_10Y,-0.022955000000000503,5.1938379999999995,5.216793,-0.0624270526961172,0.3589669272312929,15.98,82.7,15295.0,1,
2023-08-24,Indonesia,10Y,Indonesia_10Y,-0.031484999999999985,5.139343,5.170828,-0.0248383252955496,0.3749258361803572,17.2,84.16,15245.0,1,
2023-08-25,Indonesia,10Y,Indonesia_10Y,-0.036725999999999814,5.157731,5.194457,-0.0338207441247042,0.3581391695405782,15.68,87.62,15295.0,1,
2023-08-28,Indonesia,10Y,Indonesia_10Y,-0.029431999999999903,5.157852999999999,5.187284999999999,-0.1974641765023969,0.4739238571285141,15.08,87.12,15290.0,1,
2023-08-29,Indonesia,10Y,Indonesia_10Y,-0.0162419999999992,5.139577,5.155818999999999,-0.0460346359689087,0.405967649136615,14.45,85.15,15260.0,1,
2023-08-30,Indonesia,10Y,Indonesia_10Y,-0.07533700000000021,5.066852,5.142189,-0.2634704975770394,0.4462082272711306,13.88,83.16,15240.0,1,
2023-08-31,Indonesia,10Y,Indonesia_10Y,-0.06353199999999859,5.067251000000001,5.130782999999999,-0.0891132064967327,0.3918985696849911,13.57,81.69,15230.0,1,
2023-09-01,Indonesia,10Y,Indonesia_10Y,-0.08099599999999896,5.0855440000000005,5.1665399999999995,0.0079763064696591,0.3516727494489449,13.09,80.19,15240.0,1,
2023-09-04,Indonesia,10Y,Indonesia_10Y,-0.06277699999999875,5.103763000000001,5.1665399999999995,0.0734780541206294,0.4196294421408316,13.82,79.21,15240.0,1,
2023-09-05,Indonesia,10Y,Indonesia_10Y,-0.05679800000000057,5.191155,5.247953000000001,0.0217322651383142,0.3485574577314748,14.01,79.2,15265.0,1,
2023-09-06,Indonesia,10Y,Indonesia_10Y,-0.05107699999999937,5.232379,5.283455999999999,0.0801837899614262,0.4221780191713368,14.45,79.21,15292.5,1,
2023-09-07,Indonesia,10Y,Indonesia_10Y,-0.035222000000000975,5.251282,5.286504000000001,0.1517538284756196,0.4192244717421888,14.4,80.7,15325.0,1,
2023-09-08,Indonesia,10Y,Indonesia_10Y,-0.01729299999999867,5.232957000000001,5.250249999999999,-0.0328999302979344,0.432536154034598,13.84,80.2,15325.0,1,
2023-09-11,Indonesia,10Y,Indonesia_10Y,-0.031030000000001223,5.288627999999999,5.319658,-0.1107205161633157,0.4256713529481352,13.8,80.2,15325.0,1,
2023-09-12,Indonesia,10Y,Indonesia_10Y,-0.003546000000000049,5.288788,5.292334,0.0688575802608774,0.4025389265886794,14.23,78.71,15340.0,1,
2023-09-13,Indonesia,10Y,Indonesia_10Y,-0.04151500000000041,5.2889479999999995,5.330463,-0.035841823482953,0.4288695874077241,13.48,78.7,15370.0,1,
2023-09-14,Indonesia,10Y,Indonesia_10Y,-0.011193000000000453,5.270871,5.282064,-0.0739387682504834,0.3790786937884151,12.82,78.21,15355.0,1,
2023-09-15,Indonesia,10Y,Indonesia_10Y,-0.04483300000000057,5.289593999999999,5.334427,-0.0410439062884626,0.3044256648935904,13.79,77.71,15352.5,1,
2023-09-18,Indonesia,10Y,Indonesia_10Y,-0.05062999999999995,5.3269850000000005,5.3776150000000005,0.0033664440991007,0.5076929162767729,14.0,80.68,15370.0,1,
2023-09-19,Indonesia,10Y,Indonesia_10Y,-0.07847000000000115,5.289918999999999,5.3683890000000005,-0.1110860883499039,0.3571439808966871,14.11,79.69,15380.0,1,
2023-09-20,Indonesia,10Y,Indonesia_10Y,-0.05509499999999967,5.32733,5.382425,-0.1126935094733931,0.5243965609437579,15.14,85.17,15380.0,1,
2023-09-21,Indonesia,10Y,Indonesia_10Y,-0.08314600000000105,5.421555,5.504701000000001,0.0305362878134715,0.4313143977396471,17.54,89.6,15375.0,1,
2023-09-22,Indonesia,10Y,Indonesia_10Y,-0.009786999999999324,5.459452000000001,5.469239,-0.0309416726518017,0.4043823680351973,17.2,89.61,15375.0,1,
2023-09-25,Indonesia,10Y,Indonesia_10Y,-0.07773800000000008,5.4596610000000005,5.537399000000001,0.0724472690138432,0.3708418435380445,16.9,89.61,15400.0,1,
2023-09-26,Indonesia,10Y,Indonesia_10Y,-0.05692800000000098,5.497707999999999,5.554636,0.1010323895771623,0.3909269415618936,18.94,91.1,15490.0,1,
2023-09-27,Indonesia,10Y,Indonesia_10Y,-0.1222689999999993,5.478989,5.601258,-0.0993553659131579,0.3825288922604196,18.22,92.09,15520.0,1,
2023-09-28,Indonesia,10Y,Indonesia_10Y,-0.026813000000000642,5.593807999999999,5.620621,-0.0313621622629599,0.289962283485363,17.34,93.57,15520.0,1,
2023-09-29,Indonesia,10Y,Indonesia_10Y,-0.08117900000000056,5.517799,5.598978000000001,0.0749640281196783,0.3786272292006153,17.52,92.59,15455.0,1,
2023-10-02,Indonesia,10Y,Indonesia_10Y,-0.11686000000000085,5.518025,5.634885000000001,0.0743794787873569,0.3481714149753436,17.61,91.58,15530.0,1,
2023-10-03,Indonesia,10Y,Indonesia_10Y,-0.15012399999999992,5.632878,5.783002,-0.0062443144033214,0.3145316424163802,19.78,94.07,15580.0,1,
2023-10-04,Indonesia,10Y,Indonesia_10Y,-0.027713999999999572,5.807197,5.834911,-0.0089408465630407,0.3986545058561606,18.58,100.0,15630.0,1,
2023-10-05,Indonesia,10Y,Indonesia_10Y,-0.05061200000000099,5.730661,5.7812730000000006,0.0050019296778162,0.4482925113370234,18.49,98.02,15615.0,1,
2023-10-06,Indonesia,10Y,Indonesia_10Y,-0.12565000000000026,5.730945999999999,5.856596,-0.0206422601210072,0.3552545664106287,17.45,100.98,15610.0,1,
2023-10-09,Indonesia,10Y,Indonesia_10Y,-0.03342500000000115,5.778950999999999,5.812376,-0.087097816019596,0.3857615725699083,17.7,101.97,15690.0,1,
2023-10-10,Indonesia,10Y,Indonesia_10Y,-0.03987599999999958,5.673215000000001,5.713091,-0.0201123491769904,0.423315725847026,17.03,98.52,15735.0,1,
2023-10-11,Indonesia,10Y,Indonesia_10Y,-0.0008739999999995973,5.5582530000000006,5.559127,0.0868675988362296,0.3910434788352374,16.09,95.06,15692.5,1,
2023-10-12,Indonesia,10Y,Indonesia_10Y,-0.028892000000000806,5.578123,5.6070150000000005,-0.0350217615470813,0.4150312911979848,16.69,93.08,15690.0,1,
2023-10-13,Indonesia,10Y,Indonesia_10Y,-0.026374000000000564,5.616759999999999,5.643134,-0.0599787356712936,0.3665843227294617,19.32,95.06,15682.5,1,
2023-10-16,Indonesia,10Y,Indonesia_10Y,-0.05457499999999982,5.617018,5.671593,-0.0683932823094304,0.3540555505856517,17.21,95.05,15720.0,1,
2023-10-17,Indonesia,10Y,Indonesia_10Y,-0.17201599999999928,5.655810000000001,5.827826,0.0526928108651441,0.3739600855616329,17.88,96.04,15715.0,1,
2023-10-18,Indonesia,10Y,Indonesia_10Y,-0.12605500000000092,5.752979,5.879034000000001,0.0639017391218171,0.3091156905304543,19.22,97.03,15730.0,1,
2023-10-19,Indonesia,10Y,Indonesia_10Y,-0.13522999999999996,5.812429,5.947659,-0.0506765444811325,0.4136418767140478,21.4,100.0,15815.0,1,
2023-10-20,Indonesia,10Y,Indonesia_10Y,-0.12083200000000005,5.851951,5.972783,0.0447755836906351,0.3602376031381147,21.71,103.91,15875.0,1,
2023-10-23,Indonesia,10Y,Indonesia_10Y,-0.02394499999999944,5.888785,5.91273,-0.2032961153209906,0.3548329831786465,20.37,102.97,15935.0,1,
2023-10-24,Indonesia,10Y,Indonesia_10Y,-0.06820100000000018,5.735286,5.8034870000000005,-0.1053755297850365,0.354722995154378,18.97,99.01,15850.0,1,
2023-10-25,Indonesia,10Y,Indonesia_10Y,-0.1293710000000008,5.755058,5.884429000000001,0.1151316981419335,0.5101122730493948,20.19,97.52,15870.0,1,
2023-10-26,Indonesia,10Y,Indonesia_10Y,-0.034575999999999496,5.8342480000000005,5.868824,-0.0648045711715202,0.4603830824876176,20.68,101.97,15920.0,1,
2023-10-27,Indonesia,10Y,Indonesia_10Y,-0.08737900000000032,5.755957,5.843336000000001,0.0258454769612187,0.4723096769630667,21.27,101.48,15940.0,1,
2023-10-30,Indonesia,10Y,Indonesia_10Y,-0.1058609999999991,5.775788,5.8816489999999995,0.0514509227431781,0.3563007694407352,19.75,101.48,15890.0,1,
2023-10-31,Indonesia,10Y,Indonesia_10Y,-0.16075499999999998,5.756558999999999,5.917313999999999,-0.1338906746749505,0.4277031567421275,18.14,99.01,15885.0,1,
2023-11-01,Indonesia,10Y,Indonesia_10Y,-0.04225600000000007,5.776401,5.818657,-0.0915243284691478,0.4294407014616549,16.87,98.02,15935.0,1,
2023-11-02,Indonesia,10Y,Indonesia_10Y,-0.13625499999999935,5.563923,5.700177999999999,-0.2314792707736781,0.370286764859938,15.66,92.09,15855.0,1,
2023-11-03,Indonesia,10Y,Indonesia_10Y,-0.13876000000000044,5.4493089999999995,5.588069,-0.1103253378124951,0.4261261529616899,14.91,88.13,15730.0,1,
2023-11-06,Indonesia,10Y,Indonesia_10Y,-0.16435599999999972,5.449531,5.613887,0.020522641140495,0.3967961907251633,14.89,85.16,15537.5,1,
2023-11-07,Indonesia,10Y,Indonesia_10Y,-0.08388799999999996,5.487942,5.57183,-0.0498250258186782,0.4475502998033078,14.81,85.67,15630.0,1,
2023-11-08,Indonesia,10Y,Indonesia_10Y,-0.01643400000000028,5.526493,5.542927000000001,-0.1201453842786979,0.3708703776862385,14.45,84.66,15650.0,1,
2023-11-09,Indonesia,10Y,Indonesia_10Y,-0.05406799999999912,5.527226000000001,5.581294,0.009192254791888,0.3488841748647044,15.29,85.16,15655.0,1,
2023-11-10,Indonesia,10Y,Indonesia_10Y,-0.010564999999999714,5.604557,5.6151219999999995,-0.1422505261653403,0.3031886221121894,14.17,87.15,15695.0,1,
2023-11-13,Indonesia,10Y,Indonesia_10Y,-0.008207999999999771,5.604824000000001,5.6130320000000005,-0.0892742275658587,0.4109701803082721,14.76,87.14,15700.0,1,
2023-11-14,Indonesia,10Y,Indonesia_10Y,0.10130499999999998,5.566465,5.46516,-0.0287792844324638,0.2964388406908558,14.16,83.19,15694.5,1,
2023-11-15,Indonesia,10Y,Indonesia_10Y,0.008922999999999348,5.451549,5.442626000000001,0.0426907762548087,0.4486416212496311,14.18,78.24,15535.0,1,
2023-11-16,Indonesia,10Y,Indonesia_10Y,0.02753099999999975,5.4713650000000005,5.443834000000001,-0.0990710164499901,0.4483040423128294,14.32,78.76,15545.0,1,
2023-11-17,Indonesia,10Y,Indonesia_10Y,0.012045999999999779,5.4333469999999995,5.421301,-0.0634023322770991,0.3507395155820913,13.8,78.26,15492.5,1,
2023-11-20,Indonesia,10Y,Indonesia_10Y,0.01145599999999991,5.414485,5.403029,-0.0387357260776133,0.4343364747740912,13.41,76.73,15445.0,1,
2023-11-21,Indonesia,10Y,Indonesia_10Y,0.014002999999998877,5.376821,5.362818000000001,-0.2349082869797526,0.3822072108351628,13.35,75.27,15440.0,1,
2023-11-22,Indonesia,10Y,Indonesia_10Y,0.03340500000000013,5.377449,5.344044,-0.0081859186033377,0.3201845030928049,12.85,76.73,15575.0,1,
2023-11-23,Indonesia,10Y,Indonesia_10Y,0.03340500000000013,5.377449,5.344044,-0.0713763951554627,0.406193822210168,12.8,75.25,15555.0,1,
2023-11-24,Indonesia,10Y,Indonesia_10Y,-0.013697000000000514,5.3776589999999995,5.391356,0.0792119227984619,0.4704899480508058,12.46,75.22,15565.0,1,
2023-11-27,Indonesia,10Y,Indonesia_10Y,0.0883560000000001,5.416023,5.327667,0.0538084517706962,0.3572920535963584,12.69,75.24,15494.5,1,
2023-11-28,Indonesia,10Y,Indonesia_10Y,0.021886999999999546,5.321059,5.299172,-0.0052528381291404,0.397310702720821,12.69,75.24,15435.0,1,
2023-11-29,Indonesia,10Y,Indonesia_10Y,-0.04777199999999926,5.170452,5.218223999999999,-0.0231626724913897,0.3067707719841015,12.98,75.28,15395.0,1,
2023-11-30,Indonesia,10Y,Indonesia_10Y,-0.04033599999999993,5.152184999999999,5.192520999999999,-0.1019201591611937,0.3652774156625636,12.92,74.26,15510.0,1,
2023-12-01,Indonesia,10Y,Indonesia_10Y,-0.00542100000000012,5.152336999999999,5.157757999999999,-0.0451975218083028,0.4389906203471482,12.63,75.27,15485.0,1,
2023-12-04,Indonesia,10Y,Indonesia_10Y,-0.01364800000000077,5.077795999999999,5.091444,0.0172831649797753,0.4828806273330328,13.08,79.03,15455.0,1,
2023-12-05,Indonesia,10Y,Indonesia_10Y,-0.017853999999999814,5.040694,5.058548,-0.0997091986369791,0.4387083290433115,12.85,75.74,15505.0,1,
2023-12-06,Indonesia,10Y,Indonesia_10Y,-0.04098100000000038,4.966718999999999,5.0077,0.0858106138692034,0.4192028482222289,12.97,75.72,15492.5,1,
2023-12-07,Indonesia,10Y,Indonesia_10Y,-0.07438400000000023,4.93,5.004384,-0.0426973465043005,0.4438525715811446,13.06,75.71,15515.0,1,
2023-12-08,Indonesia,10Y,Indonesia_10Y,-0.01565600000000078,4.966939999999999,4.982596,-0.0959100686177091,0.4094562964864203,12.35,75.71,15510.0,1,
2023-12-11,Indonesia,10Y,Indonesia_10Y,0.009663999999999895,5.022563,5.012899,0.0596466065941998,0.4258647825028594,12.63,75.72,15615.0,1,
2023-12-12,Indonesia,10Y,Indonesia_10Y,-0.04553700000000038,4.985551,5.0310880000000004,-0.0174133055671928,0.366398376284947,12.07,74.75,15620.0,1,
2023-12-13,Indonesia,10Y,Indonesia_10Y,0.02802300000000102,4.967109000000001,4.939086,0.0965816904730554,0.350141577264699,12.19,73.24,15660.0,1,
2023-12-14,Indonesia,10Y,Indonesia_10Y,-0.018370000000000886,4.710939,4.729309000000001,0.0129340896095971,0.38836351976644,12.48,69.86,15497.0,1,
2023-12-15,Indonesia,10Y,Indonesia_10Y,-0.012432000000000443,4.710929,4.723361000000001,0.0013081910872547,0.4405007168888499,12.28,70.77,15492.5,1,
2023-12-18,Indonesia,10Y,Indonesia_10Y,0.0023770000000009617,4.729062000000001,4.726685,0.0239375864250035,0.3870838272958124,12.56,70.79,15510.0,1,
2023-12-19,Indonesia,10Y,Indonesia_10Y,0.012294999999999945,4.710910999999999,4.6986159999999995,0.0612383875067282,0.4026163738953067,12.53,70.78,15505.0,1,
2023-12-20,Indonesia,10Y,Indonesia_10Y,0.01192400000000049,4.692779,4.680854999999999,0.0496751897348883,0.4829534433557623,13.67,69.81,15510.0,1,
2023-12-21,Indonesia,10Y,Indonesia_10Y,0.011788999999999383,4.674594,4.6628050000000005,-0.099146307749963,0.4950840301535149,13.65,71.26,15525.0,1,
2023-12-22,Indonesia,10Y,Indonesia_10Y,0.013354999999998896,4.674576999999999,4.661222,-0.0305679824212929,0.4133265268781208,13.03,70.27,15482.5,1,
2023-12-25,Indonesia,10Y,Indonesia_10Y,0.013354999999998896,4.674576999999999,4.661222,-0.2235879800572721,0.4830227873549962,13.03,70.28,15482.5,1,
2023-12-26,Indonesia,10Y,Indonesia_10Y,-0.0010449999999995185,4.656478,4.657522999999999,-0.2667239485907604,0.4242753658595027,12.99,70.28,15482.5,1,
2023-12-27,Indonesia,10Y,Indonesia_10Y,0.0523340000000001,4.67456,4.6222259999999995,-0.112067488845223,0.3882735237022952,12.43,70.28,15430.0,1,1.0
2023-12-28,Indonesia,10Y,Indonesia_10Y,0.016506000000000576,4.6202380000000005,4.603732,-0.1025393103166647,0.5058972564453219,12.47,69.26,15420.0,1,1.0
2023-12-29,Indonesia,10Y,Indonesia_10Y,-0.0034200000000002007,4.638277,4.641697000000001,0.0147275913314113,0.4492081175808957,12.45,69.28,15397.0,1,-1.0
2024-01-01,Indonesia,10Y,Indonesia_10Y,-0.0034200000000002007,4.638277,4.641697000000001,-0.2412157208127993,0.3919016413438407,12.45,69.29,15397.0,1,
2024-01-02,Indonesia,10Y,Indonesia_10Y,-0.028643999999999892,4.7108170000000005,4.739461,-0.0852873273097792,0.4527328367241373,13.2,69.23,15470.0,1,
2024-01-03,Indonesia,10Y,Indonesia_10Y,-0.011260000000000048,4.820503,4.8317630000000005,-0.1283630878081011,0.3787134089379571,14.04,75.2,15480.0,1,
2024-01-04,Indonesia,10Y,Indonesia_10Y,-0.05155700000000074,4.820575,4.872132000000001,-0.1566114177788669,0.4090231481928483,14.13,75.72,15490.0,1,
2024-01-05,Indonesia,10Y,Indonesia_10Y,-0.13375699999999924,4.875875000000001,5.009632,-0.0872116351457483,0.4943927185751509,13.35,77.69,15515.0,1,
2024-01-08,Indonesia,10Y,Indonesia_10Y,-0.08712099999999978,4.912913,5.000033999999999,-0.0400799135388045,0.3553848868167652,13.08,77.7,15525.0,1,
2024-01-09,Indonesia,10Y,Indonesia_10Y,-0.05851900000000043,4.875954,4.9344730000000006,-0.1721821817763582,0.364301501480792,12.76,77.19,15520.0,1,
2024-01-10,Indonesia,10Y,Indonesia_10Y,-0.046635000000000204,4.839086999999999,4.8857219999999995,-0.0649465109078527,0.394051864213072,12.69,77.21,15569.5,1,
2024-01-11,Indonesia,10Y,Indonesia_10Y,-0.0001299999999995194,4.82078,4.82091,-0.1267690189259059,0.4365421849208586,12.44,74.26,15548.5,1,
2024-01-12,Indonesia,10Y,Indonesia_10Y,-0.02108100000000057,4.784015999999999,4.805097,0.0068193139878921,0.4133650699400458,12.7,74.23,15550.0,1,
2024-01-15,Indonesia,10Y,Indonesia_10Y,-0.02108100000000057,4.784015999999999,4.805097,-0.0906077637951718,0.3962715634709607,13.25,74.21,15555.0,1,
2024-01-16,Indonesia,10Y,Indonesia_10Y,-0.08312600000000003,4.820833,4.903959,-0.1130815551895557,0.4221858206842271,13.84,74.69,15590.0,1,
2024-01-17,Indonesia,10Y,Indonesia_10Y,-0.06914900000000035,4.894813,4.963962,-0.0973779949238595,0.4691397751689667,14.79,77.18,15640.0,1,
2024-01-18,Indonesia,10Y,Indonesia_10Y,-0.0678529999999995,4.8949560000000005,4.962809,-0.1449532097625031,0.4310689391754225,14.13,76.23,15620.0,1,
2024-01-19,Indonesia,10Y,Indonesia_10Y,0.003143000000000562,4.9508220000000005,4.947679,0.0191729028297175,0.3216872395135919,13.3,75.22,15615.0,1,
2024-01-22,Indonesia,10Y,Indonesia_10Y,0.02147999999999861,4.932245999999999,4.910766000000001,0.0721181912324742,0.4302565936390741,13.19,74.72,15635.0,1,
2024-01-23,Indonesia,10Y,Indonesia_10Y,-0.008023000000000557,4.9323049999999995,4.940328,-0.0154291613798153,0.4044929201814691,12.55,74.22,15630.0,1,
2024-01-24,Indonesia,10Y,Indonesia_10Y,-0.045113000000000625,4.932364,4.977477,-0.0135454853660967,0.3713175034636966,13.14,73.75,15710.0,1,
2024-01-25,Indonesia,10Y,Indonesia_10Y,0.005460999999999494,4.98862,4.983159000000001,0.0674196733440278,0.385370213006488,13.45,76.22,15825.0,1,
2024-01-26,Indonesia,10Y,Indonesia_10Y,0.0015780000000003014,4.96997,4.968392,0.0242922709052618,0.4865196288860334,13.26,76.7,15820.0,1,
2024-01-29,Indonesia,10Y,Indonesia_10Y,0.00986999999999938,4.96997,4.960100000000001,0.088243186792128,0.3527025639639363,13.6,76.73,15810.0,1,
2024-01-30,Indonesia,10Y,Indonesia_10Y,0.029577999999998994,4.914019,4.884441000000001,-0.1052306232255643,0.4202091852957132,13.31,76.7,15780.0,1,
2024-01-31,Indonesia,10Y,Indonesia_10Y,0.057012000000000285,4.895452000000001,4.83844,-0.0078320589448654,0.3789335559150161,14.35,74.74,15780.0,1,
2024-02-01,Indonesia,10Y,Indonesia_10Y,0.03699900000000067,4.858415,4.821415999999999,0.0420844553072259,0.4289554070737134,13.88,76.71,15764.5,1,
2024-02-02,Indonesia,10Y,Indonesia_10Y,0.026778999999999442,4.914301999999999,4.887523,-0.0375916879319915,0.4109597838286671,13.85,74.69,15657.5,1,
2024-02-05,Indonesia,10Y,Indonesia_10Y,-0.014157000000000863,5.008023,5.0221800000000005,0.1344882343275997,0.3995359485635475,13.67,75.17,15705.0,1,
2024-02-06,Indonesia,10Y,Indonesia_10Y,0.04908400000000057,4.989311000000001,4.940227,-0.1060074938880145,0.4189794107544407,13.06,74.73,15730.0,1,
2024-02-07,Indonesia,10Y,Indonesia_10Y,0.011025000000000063,4.970618,4.959593,0.0695881421586942,0.3861613446101927,12.83,74.22,15635.0,1,
2024-02-08,Indonesia,10Y,Indonesia_10Y,0.00602899999999984,4.9896259999999995,4.983597,-0.0140934310014817,0.4287039592493302,12.79,74.23,15635.0,1,
2024-02-09,Indonesia,10Y,Indonesia_10Y,0.010550999999999533,5.027374999999999,5.016824,0.076459041987009,0.4005321836080249,12.93,74.22,15635.0,1,
2024-02-12,Indonesia,10Y,Indonesia_10Y,-0.0184110000000004,5.008611,5.0270220000000005,0.0266704263321321,0.4230661138525838,13.93,74.22,15594.5,1,
2024-02-13,Indonesia,10Y,Indonesia_10Y,-0.1037309999999998,5.027556000000001,5.131287,-0.0004497681423061,0.32244324407271,15.85,74.22,15594.5,1,
2024-02-14,Indonesia,10Y,Indonesia_10Y,-0.032222999999999224,5.122400000000001,5.154623,0.0087235617560009,0.2880498397516891,14.38,75.24,15594.5,1,
2024-02-15,Indonesia,10Y,Indonesia_10Y,-0.03734000000000037,5.065868999999999,5.103209,0.1169424312647505,0.3122767089182881,14.01,72.76,15620.0,1,
2024-02-16,Indonesia,10Y,Indonesia_10Y,-0.07671599999999934,5.084948000000001,5.161664,-0.1166041164183472,0.4357677043387853,14.24,71.72,15620.0,1,
2024-02-19,Indonesia,10Y,Indonesia_10Y,-0.07671599999999934,5.084948000000001,5.161664,0.1096446133833795,0.3936549875858529,14.71,71.73,15630.0,1,
2024-02-20,Indonesia,10Y,Indonesia_10Y,-0.11226899999999951,5.047122,5.159390999999999,-0.0528076111060067,0.4155802184075277,15.42,71.74,15660.0,1,
2024-02-21,Indonesia,10Y,Indonesia_10Y,-0.13326499999999974,5.047221,5.180486,-0.0569667321622326,0.4228253064791303,15.34,72.23,15635.0,1,
2024-02-22,Indonesia,10Y,Indonesia_10Y,-0.12924399999999991,5.047518,5.176762,-0.0543388942192068,0.4017315207392283,14.54,70.23,15590.0,1,
2024-02-23,Indonesia,10Y,Indonesia_10Y,-0.1063369999999999,5.0665960000000005,5.1729330000000004,-0.0248558095310272,0.3569418536553234,13.75,68.22,15594.5,1,
2024-02-26,Indonesia,10Y,Indonesia_10Y,-0.1367440000000002,4.99094,5.127684,-0.0601876256772223,0.4399878845604913,13.74,68.26,15630.0,1,
2024-02-27,Indonesia,10Y,Indonesia_10Y,-0.10935600000000001,5.028858,5.138214,-0.0383156156382264,0.5181935034486516,13.43,70.24,15640.0,1,
2024-02-28,Indonesia,10Y,Indonesia_10Y,-0.121614000000001,5.02905,5.150664000000001,-0.1320637411558494,0.3196583080905241,13.84,71.24,15685.0,1,
2024-02-29,Indonesia,10Y,Indonesia_10Y,-0.10032200000000024,5.010382,5.110704,-0.1158630580758171,0.4649342615424834,13.4,70.71,15715.0,1,
2024-03-01,Indonesia,10Y,Indonesia_10Y,-0.14382300000000114,4.972636,5.116459000000001,-0.0246970981937263,0.366238282056233,13.11,70.24,15700.0,1,
2024-03-04,Indonesia,10Y,Indonesia_10Y,-0.12375499999999917,4.972718,5.096473,-0.0564784372867328,0.3202210896931444,13.49,70.22,15740.0,1,
2024-03-05,Indonesia,10Y,Indonesia_10Y,-0.14251199999999997,4.953913,5.096425,0.0348107839919763,0.3760023582736527,14.46,70.25,15769.0,1,
2024-03-06,Indonesia,10Y,Indonesia_10Y,-0.1524479999999997,4.935127,5.087574999999999,-0.0227469981078212,0.3364443656774695,14.5,70.22,15700.0,1,
2024-03-07,Indonesia,10Y,Indonesia_10Y,-0.1404740000000011,4.897672999999999,5.038147,-0.1193781531864898,0.4483423556919499,14.44,70.23,15652.5,1,
2024-03-08,Indonesia,10Y,Indonesia_10Y,-0.13522799999999968,4.8789370000000005,5.014165,0.0098640301091229,0.4678437501702354,14.74,70.25,15590.0,1,
2024-03-11,Indonesia,10Y,Indonesia_10Y,-0.15358299999999936,4.860219000000001,5.013802,0.0098761720053375,0.5982202749082102,15.22,70.24,15590.0,1,
2024-03-12,Indonesia,10Y,Indonesia_10Y,-0.10665899999999873,4.935567000000001,5.042225999999999,-0.0148052808151499,0.4445607332509299,13.84,70.23,15590.0,1,
2024-03-13,Indonesia,10Y,Indonesia_10Y,-0.09729299999999874,4.973470000000001,5.0707629999999995,-0.0920875465626918,0.4188398158945238,13.75,69.25,15575.0,1,
2024-03-14,Indonesia,10Y,Indonesia_10Y,-0.13485600000000098,5.011702,5.146558000000001,-0.1363896748936225,0.3884967612389363,14.4,68.25,15580.0,1,
2024-03-15,Indonesia,10Y,Indonesia_10Y,-0.09860700000000033,5.0499,5.148507,-0.1443805839166347,0.3235749588629745,14.41,68.25,15594.5,1,
2024-03-18,Indonesia,10Y,Indonesia_10Y,-0.08540599999999898,5.069107000000001,5.154513,-0.1354479803653253,0.3452779090854803,14.33,68.25,15690.0,1,
2024-03-19,Indonesia,10Y,Indonesia_10Y,-0.0764649999999989,5.088354000000001,5.164819,-0.0680830293103983,0.5267523406336299,13.82,68.25,15715.0,1,
2024-03-20,Indonesia,10Y,Indonesia_10Y,-0.06235700000000044,5.050224,5.1125810000000005,-0.0445343549734553,0.4353401143801965,13.04,74.25,15715.0,1,
2024-03-21,Indonesia,10Y,Indonesia_10Y,-0.06948500000000024,4.993347,5.062832,-0.1261920347736329,0.4522735521879589,12.92,72.27,15660.0,1,
2024-03-22,Indonesia,10Y,Indonesia_10Y,-0.0664270000000009,4.974425999999999,5.040853,-0.0188554414840387,0.3692918085668272,13.06,72.26,15780.0,1,
2024-03-25,Indonesia,10Y,Indonesia_10Y,-0.06320100000000117,4.9555229999999995,5.018724000000001,-0.0596529996742169,0.3793629068016834,13.19,72.23,15797.5,1,
2024-03-26,Indonesia,10Y,Indonesia_10Y,-0.05508700000000033,4.974603999999999,5.029691,-0.0915691251617772,0.4724837497139478,13.24,72.26,15790.0,1,
2024-03-27,Indonesia,10Y,Indonesia_10Y,-0.04546599999999934,4.974964,5.020429999999999,-0.0198364890975867,0.4309462749691877,12.78,73.23,15855.0,1,
2024-03-28,Indonesia,10Y,Indonesia_10Y,-0.05397100000000066,4.975054999999999,5.029026,-0.0945326375204697,0.4028397409420805,13.01,73.21,15855.0,1,
2024-03-29,Indonesia,10Y,Indonesia_10Y,-0.05397100000000066,4.975054999999999,5.029026,-0.2907301494110899,0.529803995216013,13.01,73.25,15855.0,1,
2024-04-01,Indonesia,10Y,Indonesia_10Y,-0.08845300000000123,4.956030999999999,5.044484000000001,-0.0386221983705285,0.4849820899645413,13.65,73.25,15890.0,1,
2024-04-02,Indonesia,10Y,Indonesia_10Y,-0.05087200000000003,5.051553,5.102425,0.0515914157909668,0.4536721479743425,14.61,74.23,15897.0,1,
2024-04-03,Indonesia,10Y,Indonesia_10Y,-0.04012600000000077,5.0708459999999995,5.110972,-0.059299795531572,0.3827476368210544,14.33,75.7,15920.0,1,
2024-04-04,Indonesia,10Y,Indonesia_10Y,-0.06470900000000057,5.052007,5.116716,-0.061421484941105,0.3279098616027998,16.35,75.71,15892.5,1,
2024-04-05,Indonesia,10Y,Indonesia_10Y,-0.06981400000000004,5.090554,5.160368,0.038634763228398,0.3677924333744977,16.03,76.68,15845.0,1,
2024-04-08,Indonesia,10Y,Indonesia_10Y,-0.0647000000000002,5.148564,5.213264000000001,-0.0890271139756517,0.3708577873508534,15.19,75.68,15845.0,1,
2024-04-09,Indonesia,10Y,Indonesia_10Y,-0.022367000000000026,5.148707,5.171074,-0.1597897027253605,0.4239310910606934,14.98,73.25,15845.0,1,
2024-04-10,Indonesia,10Y,Indonesia_10Y,-0.06220899999999929,5.187609,5.249817999999999,0.1232882986125401,0.4707933789796805,15.8,73.23,15845.0,1,
2024-04-11,Indonesia,10Y,Indonesia_10Y,-0.06807999999999925,5.266018000000001,5.334098,0.0365262532394777,0.2849446266614092,14.91,74.22,15845.0,1,
2024-04-12,Indonesia,10Y,Indonesia_10Y,-0.06000300000000003,5.285762,5.345765,-0.0535911623682828,0.5134207144803248,17.31,75.23,15845.0,1,
2024-04-15,Indonesia,10Y,Indonesia_10Y,-0.07457100000000061,5.325182,5.3997530000000005,-0.0666443776044334,0.5354041379295265,19.23,77.18,15845.0,1,
2024-04-16,Indonesia,10Y,Indonesia_10Y,-0.11120799999999953,5.42403,5.535238,-0.1617290449129674,0.3801559411712362,18.4,80.16,16175.0,1,
2024-04-17,Indonesia,10Y,Indonesia_10Y,-0.06554000000000038,5.4242539999999995,5.489794,-0.1963431189631064,0.3766382943793567,18.21,80.18,16220.0,1,
2024-04-18,Indonesia,10Y,Indonesia_10Y,-0.07568700000000028,5.3655740000000005,5.441261000000001,-0.16910246695706,0.4013622871647813,18.0,78.2,16175.0,1,
2024-04-19,Indonesia,10Y,Indonesia_10Y,-0.08954400000000007,5.405331,5.494875,-0.1156395170333971,0.4074472094673259,18.71,81.18,16255.0,1,
2024-04-22,Indonesia,10Y,Indonesia_10Y,-0.050840000000000884,5.445233999999999,5.496074,-0.0162261972171729,0.411128188443143,16.94,80.17,16235.0,1,
2024-04-23,Indonesia,10Y,Indonesia_10Y,-0.06002200000000002,5.425603000000001,5.485625000000001,-0.0590753770299373,0.411831270696894,15.69,78.18,16220.0,1,
2024-04-24,Indonesia,10Y,Indonesia_10Y,-0.0584699999999998,5.4258299999999995,5.484299999999999,-0.0693131516752036,0.4617615584220038,15.97,77.68,16155.0,1,
2024-04-25,Indonesia,10Y,Indonesia_10Y,-0.081175,5.466314000000001,5.547489000000001,0.0005394472727916,0.3481135333488074,15.37,79.68,16187.5,1,
2024-04-26,Indonesia,10Y,Indonesia_10Y,-0.0673849999999998,5.506492,5.5738769999999995,0.0195051404346675,0.4585071346333131,15.03,79.19,16210.0,1,
2024-04-29,Indonesia,10Y,Indonesia_10Y,-0.04468999999999923,5.487,5.531689999999999,-0.0746226095443237,0.3869241107879941,14.67,76.73,16255.0,1,
2024-04-30,Indonesia,10Y,Indonesia_10Y,-0.0386179999999996,5.487247,5.525865,0.0408695196917676,0.3635258845799567,15.65,75.71,16260.0,1,
2024-05-01,Indonesia,10Y,Indonesia_10Y,-0.026023999999999603,5.487247,5.513271,-0.0072390793734572,0.3922331311372007,15.39,75.72,16260.0,1,
2024-05-02,Indonesia,10Y,Indonesia_10Y,-0.022879000000000538,5.487991,5.510870000000001,-0.0905156129409358,0.3725397153744456,14.68,75.25,16185.0,1,
2024-05-03,Indonesia,10Y,Indonesia_10Y,-0.027449999999999974,5.348939,5.376389,0.0089590565599857,0.400734302644059,13.49,74.24,16084.0,1,
2024-05-06,Indonesia,10Y,Indonesia_10Y,-0.03144800000000014,5.309615,5.341063,0.0057744077808061,0.4859931787967781,13.49,71.77,16025.0,1,
2024-05-07,Indonesia,10Y,Indonesia_10Y,0.007338999999999984,5.270391,5.263052,-0.1112534320175713,0.3423039515942711,13.23,70.77,16045.0,1,
2024-05-08,Indonesia,10Y,Indonesia_10Y,-0.05540099999999981,5.270579,5.3259799999999995,0.0010957764496079,0.4065806163728514,13.0,72.23,16045.0,1,
2024-05-09,Indonesia,10Y,Indonesia_10Y,-0.013650000000000162,5.290862000000001,5.304512000000001,0.0809096099437418,0.3826822145249398,12.69,72.23,16045.0,1,
2024-05-10,Indonesia,10Y,Indonesia_10Y,-0.06674000000000024,5.251639,5.318379,0.0850982001041179,0.4815363198978035,12.55,72.25,16045.0,1,
2024-05-13,Indonesia,10Y,Indonesia_10Y,-0.043393000000000015,5.271523,5.314916,-0.1135050119869295,0.5393192685030492,13.6,72.25,16080.0,1,
2024-05-14,Indonesia,10Y,Indonesia_10Y,-0.03617599999999932,5.271713,5.307888999999999,-0.1566400232842603,0.4092268510316505,13.42,72.25,16100.0,1,
2024-05-15,Indonesia,10Y,Indonesia_10Y,0.007401999999999909,5.232512,5.22511,-0.2071130056625859,0.425042193185992,12.45,52.88,16027.5,1,
2024-05-16,Indonesia,10Y,Indonesia_10Y,-0.05131199999999936,5.096014,5.147326,0.0513576772189319,0.4709519911656826,12.42,70.26,15925.0,1,
2024-05-17,Indonesia,10Y,Indonesia_10Y,-0.056686999999999266,5.115647,5.172333999999999,-0.0099568607433352,0.4062996051225047,11.99,70.26,15955.0,1,
2024-05-20,Indonesia,10Y,Indonesia_10Y,-0.07821600000000029,5.135323,5.213539,0.0331732143678554,0.4161593546844936,12.15,70.26,15975.0,1,
2024-05-21,Indonesia,10Y,Indonesia_10Y,-0.044185000000000585,5.15504,5.199225,0.0588823374445744,0.4033881989159741,11.86,70.75,15994.5,1,
2024-05-22,Indonesia,10Y,Indonesia_10Y,-0.05450599999999994,5.155199,5.209705,0.0111048908567059,0.4843014566734047,12.29,69.74,15992.5,1,
2024-05-23,Indonesia,10Y,Indonesia_10Y,-0.10825599999999991,5.136248,5.244504,-0.0574936412118189,0.4673394523722771,12.77,70.76,15992.5,1,
2024-05-24,Indonesia,10Y,Indonesia_10Y,-0.06989899999999949,5.17563,5.245528999999999,-0.1857874139082836,0.4223341110055657,11.93,72.25,15992.5,1,
2024-05-27,Indonesia,10Y,Indonesia_10Y,-0.08966299999999983,5.155841000000001,5.245504,0.0146775970325819,0.4077204822160033,12.36,72.24,16065.0,1,
2024-05-28,Indonesia,10Y,Indonesia_10Y,-0.12113299999999949,5.156002,5.2771349999999995,0.0153674566022824,0.3658293578121128,12.92,71.25,16090.0,1,
2024-05-29,Indonesia,10Y,Indonesia_10Y,-0.07310000000000016,5.234881,5.307981,-0.2266717614619053,0.4564671953226842,14.28,71.23,16160.0,1,
2024-05-30,Indonesia,10Y,Indonesia_10Y,-0.04631900000000044,5.274421,5.320740000000001,0.0003419546575657,0.481912972729944,14.47,93.38,16260.0,1,
2024-05-31,Indonesia,10Y,Indonesia_10Y,-0.021262999999999366,5.215695,5.236958,0.0217431956929221,0.418185657376421,12.92,93.37,16250.0,1,
2024-06-03,Indonesia,10Y,Indonesia_10Y,-0.02352699999999963,5.176472,5.199999,-0.0326929142343338,0.4090493577825061,13.11,72.24,16230.0,1,
2024-06-04,Indonesia,10Y,Indonesia_10Y,0.0036559999999994375,5.137347,5.133691000000001,-0.0706685186751235,0.4480150329499253,13.16,72.24,16220.0,1,
2024-06-05,Indonesia,10Y,Indonesia_10Y,0.019411999999999097,5.117896999999999,5.098485,-0.0439722846041968,0.4260295317638677,12.63,72.71,16285.0,1,
2024-06-06,Indonesia,10Y,Indonesia_10Y,-0.020986999999999867,5.078860000000001,5.0998470000000005,-0.076040948325669,0.4468486675149189,12.58,72.71,16260.0,1,
2024-06-07,Indonesia,10Y,Indonesia_10Y,-0.09663300000000064,5.127934,5.224567,0.0267773586460378,0.4279418273902549,12.22,72.72,16194.5,1,
2024-06-10,Indonesia,10Y,Indonesia_10Y,-0.05738799999999955,5.167403,5.224791,0.0266997944800441,0.4104880954595376,12.74,72.72,16280.0,1,
2024-06-11,Indonesia,10Y,Indonesia_10Y,-0.029126999999999903,5.187254,5.216381,-0.0243412749502313,0.5433371033304649,12.85,72.74,16290.0,1,
2024-06-12,Indonesia,10Y,Indonesia_10Y,0.006117999999999846,5.108612,5.102494,-0.0833486691106085,0.4025126995375712,12.04,73.22,16294.5,1,
2024-06-13,Indonesia,10Y,Indonesia_10Y,-0.01871399999999923,5.049939,5.068652999999999,-0.0434586863215437,0.4551587688628354,11.94,95.24,16270.0,1,
2024-06-14,Indonesia,10Y,Indonesia_10Y,-0.07193299999999958,5.030654,5.102587,-0.0466972613130991,0.4036917003121613,12.66,72.15,16400.0,1,
2024-06-17,Indonesia,10Y,Indonesia_10Y,-0.044184000000000445,5.069876,5.11406,-0.0316690570240325,0.3684671873872937,12.75,76.69,16400.0,1,
2024-06-18,Indonesia,10Y,Indonesia_10Y,-0.030530000000000612,5.070065,5.100595,-0.1340445773637112,0.3741431759229741,12.3,77.68,16400.0,1,
2024-06-19,Indonesia,10Y,Indonesia_10Y,-0.04012000000000082,5.05047,5.090590000000001,-0.1404350134497092,0.4818215694421216,12.48,77.19,16365.0,1,
2024-06-20,Indonesia,10Y,Indonesia_10Y,-0.02663300000000035,5.07016,5.096793,-0.1181437502749958,0.5129972434710298,13.28,77.17,16430.0,1,
2024-06-21,Indonesia,10Y,Indonesia_10Y,-0.039057999999999815,5.070448,5.109506,-0.0272060749762917,0.4087988790103459,13.2,77.69,16450.0,1,
2024-06-24,Indonesia,10Y,Indonesia_10Y,-0.009518999999999167,5.10988,5.119399,-0.1331584587226001,0.4532431615801642,13.33,78.18,16394.0,1,
2024-06-25,Indonesia,10Y,Indonesia_10Y,-0.028667000000000442,5.129707,5.158374,-0.1528958376245751,0.4239708337397339,12.84,78.17,16375.0,1,
2024-06-26,Indonesia,10Y,Indonesia_10Y,-0.003141999999999534,5.16936,5.172502,-0.0310136019424357,0.4392684334015937,12.55,78.16,16405.0,1,
2024-06-27,Indonesia,10Y,Indonesia_10Y,0.051909000000000205,5.229039,5.17713,-0.0363686622676468,0.460192572280312,12.24,78.17,16397.5,1,0.0
2024-06-28,Indonesia,10Y,Indonesia_10Y,0.04916799999999988,5.229469,5.180301,-0.0346202700556161,0.4677464126310779,12.44,78.17,16375.0,1,-1.0
2024-07-01,Indonesia,10Y,Indonesia_10Y,0.08513400000000004,5.369807,5.284673,0.1638572900268146,0.4254222299205622,12.22,78.17,16322.0,1,0.0
2024-07-02,Indonesia,10Y,Indonesia_10Y,0.05022199999999977,5.329769,5.279547,0.0805385767162352,0.3909116524260184,12.03,77.2,16394.5,1,
2024-07-03,Indonesia,10Y,Indonesia_10Y,0.03783399999999926,5.31004,5.272206000000001,-0.1074366679665198,0.42428101534582,12.09,75.69,16370.0,1,
2024-07-04,Indonesia,10Y,Indonesia_10Y,0.03484299999999951,5.31004,5.275197,0.0630888820285434,0.4059737746552066,12.26,74.71,16330.0,1,
2024-07-05,Indonesia,10Y,Indonesia_10Y,0.12400199999999995,5.270454,5.146452,-0.1086479569261892,0.4154359904846481,12.48,74.22,16277.5,1,
2024-07-08,Indonesia,10Y,Indonesia_10Y,0.043531999999999904,5.230632,5.1871,-0.2119346797830403,0.413581300102877,12.37,73.7,16255.0,1,
2024-07-09,Indonesia,10Y,Indonesia_10Y,0.05644599999999933,5.21083,5.154384,-0.1530629246198022,0.3752273781513328,12.51,72.72,16250.0,1,
2024-07-10,Indonesia,10Y,Indonesia_10Y,0.08610600000000002,5.210972,5.124866,-0.0570875372853504,0.4537785994560482,12.85,72.73,16240.0,1,
2024-07-11,Indonesia,10Y,Indonesia_10Y,0.09521999999999942,5.151415,5.056195000000001,-0.0685176245226998,0.4738817961706635,12.92,71.74,16194.5,1,
2024-07-12,Indonesia,10Y,Indonesia_10Y,0.11169100000000043,5.1121110000000005,5.00042,0.0566326519910395,0.4595741300250931,12.46,71.72,16137.5,1,
2024-07-15,Indonesia,10Y,Indonesia_10Y,0.09016499999999983,5.132058,5.041893,-0.1788283390270835,0.4913656048601219,13.12,71.73,16170.0,1,
2024-07-16,Indonesia,10Y,Indonesia_10Y,0.09823399999999971,5.112342,5.014108,-0.1159639097865829,0.434687973581593,13.19,72.75,16180.0,1,
2024-07-17,Indonesia,10Y,Indonesia_10Y,0.09748700000000099,5.092646,4.995158999999999,0.0050490041939549,0.4026473365715353,14.48,72.71,16100.0,1,
2024-07-18,Indonesia,10Y,Indonesia_10Y,0.0958439999999996,5.112575,5.016731,-0.0069488603031576,0.4882417934403734,15.93,74.19,16155.0,1,
2024-07-19,Indonesia,10Y,Indonesia_10Y,0.0918720000000004,5.132792,5.04092,0.1075996622245345,0.3808619533207111,16.52,74.19,16190.0,1,
2024-07-22,Indonesia,10Y,Indonesia_10Y,0.11538999999999966,5.132916,5.017526,0.0084676653439879,0.4236009916561529,14.91,76.19,16220.0,1,
2024-07-23,Indonesia,10Y,Indonesia_10Y,0.08434399999999975,5.113163,5.028819,0.1630542314086006,0.3737925333240075,14.72,73.23,16210.0,1,
2024-07-24,Indonesia,10Y,Indonesia_10Y,0.07354199999999977,5.133165,5.059623,-0.0666257837233285,0.3619241486945456,18.04,73.23,16215.0,1,
2024-07-25,Indonesia,10Y,Indonesia_10Y,0.07722500000000032,5.153209,5.075984,-0.1578862256766423,0.4499381818207698,18.46,76.23,16250.0,1,
2024-07-26,Indonesia,10Y,Indonesia_10Y,0.06782500000000002,5.133667,5.065842,-0.0688480202055305,0.3988234409598835,16.39,75.7,16290.0,1,
2024-07-29,Indonesia,10Y,Indonesia_10Y,0.06248100000000001,5.0741499999999995,5.0116689999999995,0.1176281030725244,0.4776028259743701,16.6,74.73,16280.0,1,
2024-07-30,Indonesia,10Y,Indonesia_10Y,0.12943199999999955,5.093999999999999,4.964568,-0.1563699754182597,0.4932301071446863,17.69,75.2,16300.0,1,
2024-07-31,Indonesia,10Y,Indonesia_10Y,0.12130999999999936,5.01487,4.893560000000001,-0.0438007761534325,0.3900762343676726,16.36,75.2,16260.0,1,
2024-08-01,Indonesia,10Y,Indonesia_10Y,0.09678499999999968,4.955825,4.85904,-0.059674587888271,0.371177647635188,18.59,74.7,16235.0,1,
2024-08-02,Indonesia,10Y,Indonesia_10Y,0.09736000000000011,4.916743,4.819383,0.0361002134767969,0.5487499848057046,23.39,77.2,16200.0,1,
2024-08-05,Indonesia,10Y,Indonesia_10Y,0.019662999999999542,4.81902,4.7993570000000005,-0.0568655675255359,0.4632050350575715,38.57,82.18,16185.0,1,
2024-08-06,Indonesia,10Y,Indonesia_10Y,-0.0019599999999995177,4.819057,4.821016999999999,-0.1676294133553423,0.4897737887658668,27.71,80.12,16165.0,1,
2024-08-07,Indonesia,10Y,Indonesia_10Y,0.02147699999999997,4.838605,4.817128,-0.071603535389214,0.4352988909950116,27.85,79.15,16035.0,1,
2024-08-08,Indonesia,10Y,Indonesia_10Y,-0.0021919999999990836,4.838649,4.840840999999999,0.0533165494536314,0.4126267923846208,23.79,80.19,15894.5,1,
2024-08-09,Indonesia,10Y,Indonesia_10Y,-0.032418999999999976,4.819247,4.851666,0.1470567379456275,0.4428702123557232,20.37,80.17,15925.0,1,
2024-08-12,Indonesia,10Y,Indonesia_10Y,0.02582299999999993,4.838826,4.813003,0.0250693364177007,0.4530223408439578,20.71,78.67,15955.0,1,
2024-08-13,Indonesia,10Y,Indonesia_10Y,0.029611000000000942,4.819326,4.789714999999999,-0.0793584995293385,0.5165737514590972,18.12,79.17,15832.5,1,
2024-08-14,Indonesia,10Y,Indonesia_10Y,0.021597000000000754,4.741454,4.719856999999999,0.0031176095794494,0.4588015226354945,16.19,79.17,15677.5,1,
2024-08-15,Indonesia,10Y,Indonesia_10Y,0.016911999999999594,4.760911,4.7439990000000005,-0.0819200469872407,0.5094738219811102,15.23,76.2,15695.0,1,
2024-08-16,Indonesia,10Y,Indonesia_10Y,0.037865000000000926,4.760981,4.723115999999999,-0.0261716978294675,0.4554681228359302,14.8,72.73,15690.0,1,
2024-08-19,Indonesia,10Y,Indonesia_10Y,0.005589999999999762,4.722108,4.716518000000001,0.1203135370325872,0.4947554211616772,14.65,71.74,15550.0,1,
2024-08-20,Indonesia,10Y,Indonesia_10Y,0.022190000000000154,4.70271,4.68052,0.0439030129817445,0.5156804164009587,15.88,71.74,15435.0,1,
2024-08-21,Indonesia,10Y,Indonesia_10Y,-0.023471000000000686,4.625337,4.648808000000001,-0.0720950575733595,0.4255093490365586,16.27,71.73,15485.0,1,
2024-08-22,Indonesia,10Y,Indonesia_10Y,-0.05188000000000059,4.606043,4.657923,-0.0687459109032806,0.4312954727529533,17.55,71.22,15600.0,1,
2024-08-23,Indonesia,10Y,Indonesia_10Y,-0.04711899999999947,4.548262,4.595381,0.0035671986929401,0.492632573909588,15.86,70.25,15490.0,1,
2024-08-26,Indonesia,10Y,Indonesia_10Y,-0.0819649999999994,4.509875,4.5918399999999995,-0.0304683059599919,0.3055826198577815,16.15,67.29,15430.0,1,
2024-08-27,Indonesia,10Y,Indonesia_10Y,-0.08518899999999974,4.528993,4.614182,0.0464676817040713,0.5065310007481868,15.43,67.26,15495.0,1,
2024-08-28,Indonesia,10Y,Indonesia_10Y,-0.09188000000000063,4.528951,4.620831000000001,0.1018983281924441,0.3817227412085914,17.11,67.27,15425.0,1,
2024-08-29,Indonesia,10Y,Indonesia_10Y,-0.09094899999999928,4.548115,4.639063999999999,0.0157555219474264,0.369408171634875,15.65,67.28,15415.0,1,
2024-08-30,Indonesia,10Y,Indonesia_10Y,-0.12743599999999944,4.567259,4.694694999999999,0.1820409455617609,0.4197690611896766,15.0,67.27,15455.0,1,
2024-09-02,Indonesia,10Y,Indonesia_10Y,-0.12743599999999944,4.567259,4.694694999999999,0.0911647860681775,0.3823148938373788,15.55,67.25,15525.0,1,
2024-09-03,Indonesia,10Y,Indonesia_10Y,-0.02675699999999992,4.625171,4.651928,-0.0113513425575848,0.4481661263933129,20.72,70.62,15525.0,1,
2024-09-04,Indonesia,10Y,Indonesia_10Y,-0.05980999999999881,4.5864910000000005,4.646300999999999,0.1703030017711361,0.3932480706996301,21.32,70.74,15475.0,1,
2024-09-05,Indonesia,10Y,Indonesia_10Y,-0.06056499999999865,4.5479020000000006,4.608466999999999,0.0054203325717878,0.3118804383570241,19.9,70.72,15397.5,1,
2024-09-06,Indonesia,10Y,Indonesia_10Y,-0.08465999999999951,4.509311,4.593971,0.0200951558468134,0.4232232180201717,22.38,70.74,15365.0,1,
2024-09-09,Indonesia,10Y,Indonesia_10Y,-0.03260699999999961,4.547764,4.5803709999999995,-0.0350200170091507,0.347413782728104,19.45,71.19,15455.0,1,
2024-09-10,Indonesia,10Y,Indonesia_10Y,-0.033350999999999686,4.528461,4.561812,0.1219994764687153,0.3837395006044977,19.08,70.71,15450.0,1,
2024-09-11,Indonesia,10Y,Indonesia_10Y,-0.0071830000000003835,4.489956,4.497139000000001,-0.034975672343735,0.4172980721924976,17.69,72.23,15400.0,1,
2024-09-12,Indonesia,10Y,Indonesia_10Y,-0.05298699999999901,4.470709,4.523695999999999,-0.01553044554955,0.4413674893841309,17.07,71.21,15430.0,1,
2024-09-13,Indonesia,10Y,Indonesia_10Y,-0.032873000000000374,4.4513549999999995,4.484228,0.0314595292332136,0.4140601957557272,16.56,70.27,15400.0,1,
2024-09-16,Indonesia,10Y,Indonesia_10Y,-0.028264000000000067,4.4129950000000004,4.4412590000000005,-0.008454359497293,0.362580077365399,17.14,69.25,15400.0,1,
2024-09-17,Indonesia,10Y,Indonesia_10Y,-0.039806999999999704,4.355665,4.395472,-0.0339336356825632,0.3973817598795619,17.61,68.24,15335.0,1,
2024-09-18,Indonesia,10Y,Indonesia_10Y,-0.06082400000000021,4.374639,4.435463,0.0554421472869255,0.4828934472556597,18.23,67.73,15335.0,1,
2024-09-19,Indonesia,10Y,Indonesia_10Y,-0.05399199999999915,4.3936530000000005,4.447645,0.1589595420347621,0.4480181523095812,16.33,67.73,15235.0,1,
2024-09-20,Indonesia,10Y,Indonesia_10Y,-0.09301400000000015,4.39342,4.486434,0.0680275866175918,0.4340947664609851,16.15,70.27,15150.0,1,
2024-09-23,Indonesia,10Y,Indonesia_10Y,-0.09662949999999881,4.3933420000000005,4.489971499999999,0.0175231232766374,0.4599269931934166,15.89,70.28,15200.0,1,
2024-09-24,Indonesia,10Y,Indonesia_10Y,-0.05880699999999983,4.431601000000001,4.490408,0.1160770378103007,0.4354273154171357,15.39,70.28,15185.0,1,
2024-09-25,Indonesia,10Y,Indonesia_10Y,-0.09235900000000008,4.409181,4.50154,0.1206480385318037,0.4059199280067749,15.41,69.75,15100.0,1,
2024-09-26,Indonesia,10Y,Indonesia_10Y,-0.0929259999999994,4.428237,4.521163,0.1328568866705504,0.3882674717370573,15.37,68.79,15165.0,1,
2024-09-27,Indonesia,10Y,Indonesia_10Y,-0.08780650000000012,4.4088525,4.496659,-0.1891312536201364,0.4824460362529264,16.96,68.78,15125.0,1,
2024-09-30,Indonesia,10Y,Indonesia_10Y,-0.07911250000000081,4.408770499999999,4.487883,-0.0371418379353638,0.4476523491009582,16.73,68.75,15140.0,1,
2024-10-01,Indonesia,10Y,Indonesia_10Y,-0.07553649999999923,4.3895495,4.4650859999999994,0.009599661197004,0.4363542403054714,19.26,68.75,15200.0,1,
2024-10-02,Indonesia,10Y,Indonesia_10Y,-0.12415599999999927,4.370345,4.494501,-0.0050202223743101,0.5110619659687984,18.9,69.26,15265.0,1,
2024-10-03,Indonesia,10Y,Indonesia_10Y,-0.13750350000000022,4.3893755,4.526879,0.0554801718400403,0.3473028177704076,20.49,69.26,15420.0,1,
2024-10-04,Indonesia,10Y,Indonesia_10Y,-0.19510300000000136,4.427479999999999,4.6225830000000006,0.0021570629302259,0.4842805461996946,19.21,69.26,15485.0,1,
2024-10-07,Indonesia,10Y,Indonesia_10Y,-0.09943499999999972,4.585841,4.685276,0.0726132467618635,0.342741168509012,22.64,68.23,15680.0,1,
2024-10-08,Indonesia,10Y,Indonesia_10Y,-0.08164000000000016,4.624891,4.706531,0.0038521954648529,0.4579873251018697,21.42,69.28,15645.0,1,
2024-10-09,Indonesia,10Y,Indonesia_10Y,-0.09730399999999939,4.624888,4.722192,0.0395003973237419,0.4387338011467341,20.86,71.27,15620.0,1,
2024-10-10,Indonesia,10Y,Indonesia_10Y,-0.08910500000000088,4.664089,4.753194000000001,-0.0805788768637459,0.5074202985051962,20.93,69.76,15665.0,1,
2024-10-11,Indonesia,10Y,Indonesia_10Y,-0.11169099999999954,4.644486000000001,4.756177,0.0878444126785315,0.3961310348881984,20.46,69.75,15577.5,1,
2024-10-14,Indonesia,10Y,Indonesia_10Y,-0.08289699999999911,4.664127000000001,4.747024,0.0689519788497987,0.3830411830373122,19.7,69.75,15560.0,1,
2024-10-15,Indonesia,10Y,Indonesia_10Y,-0.09744899999999923,4.644491,4.74194,0.0127712671427639,0.3532001556400801,20.64,68.28,15580.0,1,
2024-10-16,Indonesia,10Y,Indonesia_10Y,-0.0758770000000002,4.624871,4.700748,0.0734619210162386,0.3911315071724093,19.58,68.29,15510.0,1,
2024-10-17,Indonesia,10Y,Indonesia_10Y,-0.10292000000000012,4.62487,4.72779,0.195579483012628,0.3802940049753958,19.11,67.76,15495.0,1,
2024-10-18,Indonesia,10Y,Indonesia_10Y,-0.087974,4.683898,4.771872,-0.1044670315476612,0.3927918877873808,18.03,67.77,15465.0,1,
2024-10-21,Indonesia,10Y,Indonesia_10Y,-0.12843300000000024,4.683916,4.812349,0.0636298660592056,0.2964100406541568,18.37,67.75,15495.0,1,
2024-10-22,Indonesia,10Y,Indonesia_10Y,-0.09650200000000009,4.782964,4.879466,0.1858715665943647,0.449899059470738,18.2,70.24,15560.0,1,
2024-10-23,Indonesia,10Y,Indonesia_10Y,-0.11196800000000007,4.842803,4.954771,-0.0008036583061682,0.4436822681767527,19.24,70.24,15620.0,1,
2024-10-24,Indonesia,10Y,Indonesia_10Y,-0.11195499999999914,4.822904,4.934858999999999,-0.0855835468701174,0.3648101882475539,19.08,69.79,15580.0,1,
2024-10-25,Indonesia,10Y,Indonesia_10Y,-0.11127299999999973,4.803136,4.914409,-0.0054744838806968,0.469005688408083,20.33,68.78,15640.0,1,
2024-10-28,Indonesia,10Y,Indonesia_10Y,-0.08593199999999968,4.883215,4.9691469999999995,0.1110775004245258,0.3204195519001566,19.8,69.25,15724.0,1,
2024-10-29,Indonesia,10Y,Indonesia_10Y,-0.05203500000000005,4.903384,4.955419,-0.0625910672031641,0.4382471047311828,19.34,69.25,15760.0,1,
2024-10-30,Indonesia,10Y,Indonesia_10Y,-0.12339699999999976,4.843213,4.96661,-0.0956164622790626,0.451883093215407,20.35,69.28,15695.0,1,
2024-10-31,Indonesia,10Y,Indonesia_10Y,-0.10856400000000033,4.883379,4.991943,-0.0788854864967448,0.408204313383526,23.16,69.25,15695.0,1,
2024-11-01,Indonesia,10Y,Indonesia_10Y,-0.16248599999999946,4.9238800000000005,5.086366,-0.1092398295251353,0.4101007745222397,21.88,71.24,15720.0,1,
2024-11-04,Indonesia,10Y,Indonesia_10Y,-0.07799599999999973,4.944155,5.022151,-0.1766509830530989,0.419491081585265,21.98,71.78,15752.5,1,
2024-11-05,Indonesia,10Y,Indonesia_10Y,-0.06669999999999998,4.964472,5.031172,-0.0706204946358177,0.44945264370001,20.49,72.23,15735.0,1,
2024-11-06,Indonesia,10Y,Indonesia_10Y,-0.10671900000000001,5.0457719999999995,5.1524909999999995,0.0935361856276745,0.4595770771141135,16.27,72.19,15830.0,1,
2024-11-07,Indonesia,10Y,Indonesia_10Y,0.006127000000000216,5.005237,4.99911,0.0059542179667777,0.2989035704037651,15.2,70.77,15735.0,1,
2024-11-08,Indonesia,10Y,Indonesia_10Y,-0.059037000000000006,4.924657,4.983694,-0.0096915729889723,0.4072327887322333,14.94,68.79,15670.0,1,
2024-11-11,Indonesia,10Y,Indonesia_10Y,-0.14551800000000004,4.904465,5.049983,0.0122880986682584,0.3854714126893965,14.97,68.74,15680.0,1,
2024-11-12,Indonesia,10Y,Indonesia_10Y,-0.11481299999999983,4.944984,5.059797,0.0875739332226447,0.4699259988433775,14.71,69.2,15780.0,1,
2024-11-13,Indonesia,10Y,Indonesia_10Y,-0.06224900000000044,5.005977,5.068226,0.00157188439174,0.4163754357834042,14.02,70.25,15775.0,1,
2024-11-14,Indonesia,10Y,Indonesia_10Y,-0.04964099999999938,5.046860000000001,5.096501,0.1536386929947568,0.3808508344130715,14.31,70.23,15855.0,1,
2024-11-15,Indonesia,10Y,Indonesia_10Y,-0.09330600000000011,5.06772,5.161026,0.0827895806976633,0.3799489563643357,16.14,71.25,15855.0,1,
2024-11-18,Indonesia,10Y,Indonesia_10Y,-0.059212000000000486,5.10886,5.168072,-0.0925572638853971,0.4874993587971005,15.58,73.23,15850.0,1,
2024-11-19,Indonesia,10Y,Indonesia_10Y,-0.07584499999999927,5.0884990000000005,5.164344,0.0023800355472751,0.5000937992892766,16.35,73.27,15830.0,1,
2024-11-20,Indonesia,10Y,Indonesia_10Y,-0.05896100000000004,5.109178,5.168139,0.1139768524594739,0.4356579373119541,17.16,73.2,15865.0,1,
2024-11-21,Indonesia,10Y,Indonesia_10Y,-0.07112799999999986,5.109337,5.180465,0.0242929402840792,0.4631693262143412,16.87,73.23,15925.0,1,
2024-11-22,Indonesia,10Y,Indonesia_10Y,-0.06430700000000034,5.109818,5.174125,0.0885546860353205,0.441791075639083,15.24,73.23,15875.0,1,
2024-11-25,Indonesia,10Y,Indonesia_10Y,-0.0298620000000005,5.048398,5.07826,0.0725459781207795,0.4140999711993346,14.6,73.73,15870.0,1,
2024-11-26,Indonesia,10Y,Indonesia_10Y,-0.07580600000000004,5.007629,5.083435,-0.1801132054356616,0.5597375130489599,14.1,74.2,15930.0,1,
2024-11-27,Indonesia,10Y,Indonesia_10Y,-0.05630000000000024,4.9874659999999995,5.043766,0.0198690911221482,0.5309431671986983,14.1,74.23,15930.0,1,
2024-11-28,Indonesia,10Y,Indonesia_10Y,-0.05630000000000024,4.9874659999999995,5.043766,0.0474791808460876,0.4075172707573787,13.9,75.21,15870.0,1,
2024-11-29,Indonesia,10Y,Indonesia_10Y,-0.08496199999999998,4.967429,5.052391,0.0819997668733511,0.4728590564406705,13.51,75.22,15845.0,1,
2024-12-02,Indonesia,10Y,Indonesia_10Y,-0.07151700000000005,4.9471609999999995,5.0186779999999995,0.0685167042207747,0.4356248916470467,13.34,74.7,15900.0,1,
2024-12-03,Indonesia,10Y,Indonesia_10Y,-0.07550999999999952,4.9676670000000005,5.043177,-0.0381899183912,0.5020003379938023,13.3,73.71,15940.0,1,
2024-12-04,Indonesia,10Y,Indonesia_10Y,-0.0686050000000007,4.9677869999999995,5.036392,0.140344127121112,0.4740813715664542,13.45,73.22,15930.0,1,
2024-12-05,Indonesia,10Y,Indonesia_10Y,-0.050351000000000035,4.947501,4.997852,-0.0388952312179347,0.4713475480202538,13.54,72.22,15860.0,1,
2024-12-06,Indonesia,10Y,Indonesia_10Y,-0.04685600000000001,4.927292,4.974148,-0.0406496671261504,0.5700651522754652,12.77,72.22,15850.0,1,
2024-12-09,Indonesia,10Y,Indonesia_10Y,-0.10582899999999995,4.906979,5.012808,-0.09391027990959,0.5599308157310052,14.19,71.23,15865.0,1,
2024-12-10,Indonesia,10Y,Indonesia_10Y,-0.0866579999999999,4.947811,5.034469,0.0660267737023435,0.4645935264637553,14.18,71.24,15865.0,1,
2024-12-11,Indonesia,10Y,Indonesia_10Y,-0.08908699999999925,4.927462,5.0165489999999995,0.0183265126466111,0.430649397735132,13.58,71.23,15915.0,1,
2024-12-12,Indonesia,10Y,Indonesia_10Y,-0.09239700000000006,4.975331,5.067728,-0.0161186641496714,0.5101690943346143,13.92,71.23,15925.0,1,
2024-12-13,Indonesia,10Y,Indonesia_10Y,-0.1262300000000005,5.030188,5.156418,0.03649724676916,0.4961073314415638,13.81,71.24,15994.5,1,
2024-12-16,Indonesia,10Y,Indonesia_10Y,-0.10659100000000077,5.050876,5.1574670000000005,0.008071023218376,0.4935295819786853,14.69,71.25,16000.0,1,
2024-12-17,Indonesia,10Y,Indonesia_10Y,-0.09308899999999998,5.092275,5.185364,-0.1439295786997635,0.4374740183625,15.87,74.2,16065.0,1,
2024-12-18,Indonesia,10Y,Indonesia_10Y,-0.181754999999999,5.0717110000000005,5.2534659999999995,-0.0369656930100733,0.3638509130228201,27.62,75.2,16090.0,1,
2024-12-19,Indonesia,10Y,Indonesia_10Y,-0.15924700000000058,5.2172339999999995,5.376481,-0.0160485545233168,0.4480588508036862,24.09,76.2,16290.0,1,
2024-12-20,Indonesia,10Y,Indonesia_10Y,-0.12568799999999936,5.238601,5.364288999999999,-0.0323276921355464,0.425237905935618,18.36,76.21,16194.5,1,
2024-12-23,Indonesia,10Y,Indonesia_10Y,-0.14092199999999977,5.238757,5.379678999999999,-0.0602605831151314,0.5163889257172515,16.78,76.2,16175.0,1,
2024-12-24,Indonesia,10Y,Indonesia_10Y,-0.09453099999999992,5.2933330000000005,5.387864,-0.0441432425788846,0.4760158684270126,14.27,77.2,16190.0,1,
2024-12-25,Indonesia,10Y,Indonesia_10Y,-0.12723900000000032,5.260625,5.387864,-0.0832922440215637,0.5109191463236052,14.27,77.2,16190.0,1,
2024-12-26,Indonesia,10Y,Indonesia_10Y,-0.14229499999999984,5.235521,5.377816,-0.0450980119473913,0.3448204587737883,14.73,77.19,16190.0,1,
2024-12-27,Indonesia,10Y,Indonesia_10Y,-0.17291399999999957,5.243579,5.416493,-0.0347361827033279,0.4784755643668386,15.95,77.19,16235.0,1,
2024-12-30,Indonesia,10Y,Indonesia_10Y,-0.10074700000000014,5.273111,5.373858,-0.035055623046113,0.5869078628883723,17.4,77.21,16135.0,1,
2024-12-31,Indonesia,10Y,Indonesia_10Y,-0.12661299999999986,5.271968,5.398581,0.0832802433425419,0.4646327183903553,17.35,79.19,16095.0,1,
