date,ytm_green,ytm_conv,greenium,country,tenor,pair_id,sentiment,signaling_noise,sentiment_climatebert,vix,fx,cds,log_fx,log_vix,post,greenium_fd,sentiment_fd,signaling_noise_fd,log_vix_fd,log_fx_fd,cds_fd,sentiment_climatebert_fd,post_stack,treated_unit,stack_id,sentiment_fd_z,signaling_noise_fd_z,log_vix_fd_z,cds_fd_z,log_fx_fd_z,sent_x_noise_stack,pair_stack,month_stack
2023-05-02,7.09,7.053,0.03699999999999992,India,10Y,India_10Y,-0.1049348692194363,0.3375175551909439,,17.78,81.77000000000001,81.74,4.403910428173886,2.8780742300857587,0,0.0,-0.0751143952780347,0.04736481648043539,0.10049796633493857,-0.00024455857299621186,0.030000000000001137,,0,1,B_India,-0.883256155685992,0.7547096644875737,1.9581787025212352,0.04299174828449366,-0.21140045396805268,-0.6666019569143592,India_10Y_B_India,2023-05_B_India
2023-05-03,7.099,6.99705,0.10195000000000043,India,10Y,India_10Y,0.0530512325085242,0.2435354929165182,,18.34,81.78,81.74,4.404032714936497,2.9090844668283187,0,0.06495000000000051,0.15798610172796052,-0.09398206227442571,0.031010236742559982,0.0001222867626102797,0.0,,0,1,B_India,1.8605089065062634,-1.5106135160750152,0.6045867485583486,-0.019197065838103173,0.03331590104777193,-2.8105099009463084,India_10Y_B_India,2023-05_B_India
2023-05-04,7.02,6.99005,0.029949999999999477,India,10Y,India_10Y,-0.0390817135650632,0.3796318271990964,,20.09,81.725,81.74,4.403359952610274,3.000222178826843,0,-0.07200000000000095,-0.09213294607358741,0.1360963342825782,0.09113771199852438,-0.0006727623262223759,0.0,,0,1,B_India,-1.0835770716932227,2.1767825527916833,1.775844856946777,-0.019197065838103173,-0.49704797765909187,-2.3587116642669104,India_10Y_B_India,2023-05_B_India
2023-05-05,7.02,6.99005,0.029949999999999477,India,10Y,India_10Y,-0.1085148260664536,0.3616059798716439,,17.19,81.725,81.71,4.403359952610274,2.844327819394758,0,0.0,-0.06943311250139039,-0.018025847327452493,-0.15589435943208496,0.0,-0.030000000000001137,,0,1,B_India,-0.8163832601271706,-0.2932864980119759,-3.0362367324326045,-0.0813858799607,-0.04825954208331834,0.23943418739829783,India_10Y_B_India,2023-05_B_India
2023-05-08,7.02,7.058,-0.038000000000000256,India,10Y,India_10Y,-0.1464768930853173,0.3567912535947897,,16.98,81.78,81.71,4.404032714936497,2.8320361808832013,0,-0.06794999999999973,-0.037962067018863704,-0.004814726276854198,-0.01229163851155679,0.0006727623262223759,0.0,,0,1,B_India,-0.4459458042885445,-0.08155590289185229,-0.2389156982665331,-0.019197065838103173,0.40052889349245513,0.0363695127095855,India_10Y_B_India,2023-05_B_India
2023-05-09,7.02,7.048,-0.02800000000000047,India,10Y,India_10Y,-0.0629798787316181,0.3408608035434775,,17.71,82.125,81.74,4.408242476804775,2.8741294517947424,0,0.009999999999999787,0.0834970143536992,-0.015930450051312217,0.042093270911541136,0.00420976186827815,0.030000000000001137,,0,1,B_India,0.9837173162814349,-0.2597042069565038,0.8204796258279212,0.04299174828449366,2.760001814671975,-0.2554755254942503,India_10Y_B_India,2023-05_B_India
2023-05-10,7.027,7.048,-0.020999999999999908,India,10Y,India_10Y,0.0413445563221102,0.3009244349998793,,16.94,81.92500000000001,81.75,4.405804194584879,2.8296776892239084,0,0.007000000000000561,0.10432443505372829,-0.039936368543598166,-0.04445176257083405,-0.0024382822198960596,0.010000000000005116,,0,1,B_India,1.228871445021237,-0.6444397179937522,-0.8653814846787071,0.0015325388694389264,-1.6747966121713869,-0.7919335674800607,India_10Y_B_India,2023-05_B_India
2023-05-11,7.032,7.0280000000000005,0.0039999999999995595,India,10Y,India_10Y,-0.0078672298187036,0.3551008994838845,,16.93,82.1,81.78,4.407938016458383,2.829087196145044,0,0.024999999999999467,-0.0492117861408138,0.054176464484005205,-0.0005904930788642737,0.0021338218735040826,0.030000000000001137,,0,1,B_India,-0.5783633095394618,0.8638778630091763,-0.0109822717068698,0.04299174828449366,1.3751771503136416,-0.49963525988786506,India_10Y_B_India,2023-05_B_India
2023-05-12,7.014,7.029,-0.01499999999999968,India,10Y,India_10Y,-0.0561526420500516,0.2424275346043329,,17.03,82.2005,81.78,4.409161384768695,2.834976494674597,0,-0.01899999999999924,-0.048285412231347996,-0.11267336487955162,0.005889298529552889,0.0012233683103124449,0.0,,0,1,B_India,-0.5674592042288097,-1.8101733043016472,0.11524136282488362,-0.019197065838103173,0.7678288872450224,1.0271995027752476,India_10Y_B_India,2023-05_B_India
2023-05-15,7.004,7.013,-0.009000000000000341,India,10Y,India_10Y,-0.0273804293934221,0.309312327996729,,17.12,82.26650000000001,81.8,4.409963977429142,2.840247370713596,0,0.005999999999999339,0.028772212656629496,0.06688479339239609,0.005270876038999006,0.0008025926604471323,0.01999999999999602,,0,1,B_India,0.3395659701435608,1.0675503622959812,0.10319475096587079,0.022262143576951565,0.48713652640522437,0.3625037744501447,India_10Y_B_India,2023-05_B_India
2023-05-16,6.987,7.019,-0.03200000000000003,India,10Y,India_10Y,-0.0237305208233983,0.3335727746481833,,17.99,82.2915,81.81,4.41026782166877,2.8898160479624417,0,-0.022999999999999687,0.003649908570023803,0.024260446651454326,0.04956867724884573,0.00030384423962726004,0.010000000000005116,,0,1,B_India,0.0438578909247268,0.384422998047253,0.9660974195036621,0.0015325388694389264,0.1544298411446528,0.016859981917312885,India_10Y_B_India,2023-05_B_India
2023-05-17,6.92,6.979,-0.05900000000000016,India,10Y,India_10Y,-0.1064239147872084,0.300817823340516,,16.87,82.405,81.82,4.411646114686143,2.825536896557877,0,-0.027000000000000135,-0.0826933939638101,-0.03275495130766731,-0.06427915140456486,0.0013782930173737995,0.009999999999990905,,0,1,B_India,-0.9724665695097631,-0.5293453411164248,-1.251610739122145,0.0015325388694094678,0.8711765543245823,0.514770647961465,India_10Y_B_India,2023-05_B_India
2023-05-18,6.952999999999999,6.998,-0.04500000000000082,India,10Y,India_10Y,-0.0352834703089228,0.2919473969447169,,16.05,82.725,82.11,4.415521853807676,2.775708849576025,0,0.013999999999999346,0.0711404444782856,-0.008870426395799103,-0.04982804698185195,0.0038757391215327175,0.29000000000000625,,0,1,B_India,0.8382713599314355,-0.14655536785202475,-0.9701092598364105,0.5819614706803231,2.5371808567857936,-0.12285316751456857,India_10Y_B_India,2023-05_B_India
2023-05-19,6.963,6.970000000000001,-0.007000000000000561,India,10Y,India_10Y,-0.0908452242666515,0.3003642208014908,,16.81,82.905,81.72,4.417695373953336,2.821973947420524,0,0.038000000000000256,-0.05556175395772869,0.008416823856773892,0.04626509784449917,0.0021735201456598574,-0.39000000000000057,,0,1,B_India,-0.6531071220404202,0.13050210289168823,0.9017450723017547,-0.8276516494318326,1.401659200157144,-0.0852318528398133,India_10Y_B_India,2023-05_B_India
2023-05-22,6.963,6.9719999999999995,-0.008999999999999453,India,10Y,India_10Y,0.0020493631752848,0.3198674955155607,,17.21,82.845,81.74,4.416971392021261,2.845490610223448,0,-0.0019999999999988916,0.0928945874419363,0.01950327471406993,0.02351666280292397,-0.0007239819320750129,0.01999999999999602,,0,1,B_India,1.094333694367664,0.3081812588690676,0.45861505757609233,0.022262143576951565,-0.5312157154848491,0.3372531355530642,India_10Y_B_India,2023-05_B_India
2023-05-23,6.954,6.918,0.03599999999999959,India,10Y,India_10Y,0.0206717242444435,0.3280096634005224,,18.53,82.83500000000001,81.69,4.416850677390501,2.9193910402972683,0,0.04499999999999904,0.0186223610691587,0.008142167884961693,0.07390043007382019,-0.00012071463075979949,-0.04999999999999716,,0,1,B_India,0.22009471834514568,0.1261002756627674,1.4400698034468484,-0.12284508937575474,-0.128786242491763,0.027754004655242023,India_10Y_B_India,2023-05_B_India
2023-05-24,6.98,6.952,0.02800000000000047,India,10Y,India_10Y,-0.0084490848147734,0.3373106929091261,,20.03,82.67500000000001,81.73,4.414917258867857,2.997231149677727,0,-0.007999999999999119,-0.0291208090592169,0.009301029508603675,0.0778401093804586,-0.0019334185226442813,0.04000000000000625,,0,1,B_India,-0.3418776662661525,0.14467299634981898,1.5168131111062302,0.06372135299203577,-1.3380105288291793,-0.049460466363807715,India_10Y_B_India,2023-05_B_India
2023-05-25,6.971,6.99695,-0.025949999999999918,India,10Y,India_10Y,0.0155438571119107,0.3666879942137461,,19.14,82.7418,81.71,4.415724915691483,2.9517803860248084,0,-0.05395000000000039,0.0239929419266841,0.029377301304620018,-0.04545076365291845,0.0008076568236257131,-0.020000000000010232,,0,1,B_India,0.28331042277231266,0.46642926206592095,-0.88484160856881,-0.06065627525318737,0.4905147445096437,0.13214427142927387,India_10Y_B_India,2023-05_B_India
2023-05-26,6.977,6.994949999999999,-0.017949999999999022,India,10Y,India_10Y,0.0712251592066282,0.3348737606362672,,17.95,82.57499999999999,81.74,4.413706971276853,2.8875901149342877,0,0.008000000000000895,0.0556813020947175,-0.03181423357747887,-0.06419027109052067,-0.0020179444146295467,0.030000000000001137,,0,1,B_India,0.6563058330093768,-0.5142687458683758,-1.2498793877215215,0.04299174828449366,-1.3943963301012547,-0.3375175776478319,India_10Y_B_India,2023-05_B_India
2023-05-29,6.9879999999999995,7.010949999999999,-0.022949999999999804,India,10Y,India_10Y,0.0198505758957149,0.3370575989874133,,17.46,82.6135,81.72,4.414173105429014,2.859912550411456,0,-0.005000000000000782,-0.0513745833109133,0.00218383835114605,-0.027677564522831766,0.0004661341521607909,-0.01999999999999602,,0,1,B_India,-0.603821030085526,0.030607951182138826,-0.5386271117103006,-0.06065627525315791,0.262690712951523,-0.01848172461160656,India_10Y_B_India,2023-05_B_India
2023-05-30,7.01,7.010949999999999,-0.0009499999999995623,India,10Y,India_10Y,0.0033234617360507,0.2980104558756502,,17.46,82.6925,81.74,4.415128908678917,2.859912550411456,0,0.02200000000000024,-0.0165271141596642,-0.03904714311176305,0.0,0.0009558032499032976,0.01999999999999602,,0,1,B_India,-0.19364057319632186,-0.6301883740572836,0.0005202868759208928,0.022262143576951565,0.5893407344526095,0.12203003797411048,India_10Y_B_India,2023-05_B_India
2023-05-31,7.011,6.99095,0.020050000000000345,India,10Y,India_10Y,-0.0891103806948518,0.259989320310618,,17.94,82.69,81.73,4.415098675734075,2.88703285663065,0,0.020999999999999908,-0.09243384243090251,-0.03802113556503223,0.027120306219194035,-3.0232944841834808e-05,-0.009999999999990905,,0,1,B_India,-1.0871188441181905,-0.6137448650140281,0.5288125264217213,-0.039926670545615814,-0.06842743123163376,0.6672136082375251,India_10Y_B_India,2023-05_B_India
2023-06-01,6.974,7.00195,-0.027949999999999697,India,10Y,India_10Y,-0.0861300958614278,0.329878149129859,,15.65,82.2769,81.7,4.4100903878474735,2.750470916986162,0,-0.04800000000000004,0.00298028483342401,0.06988882881924102,-0.13656193964448793,-0.005008287886601792,-0.030000000000001137,,0,1,B_India,0.03597592483329506,1.1156951189939004,-2.6596492683057815,-0.0813858799607,-3.3892041787456417,0.04013816373779874,India_10Y_B_India,2023-06_B_India
2023-06-02,7.009,6.981949999999999,0.027050000000000907,India,10Y,India_10Y,-0.0836697324946328,0.3803357220373297,,14.6,82.40299999999999,81.71,4.4116218440196695,2.681021528714291,0,0.055000000000000604,0.0024603633667949903,0.05045757290747066,-0.06944938827187119,0.0015314561721959663,0.009999999999990905,,0,1,B_India,0.029856065058033524,0.8042763255112504,-1.3523247941750491,0.0015325388694094678,0.9733491195252226,0.02401252629910004,India_10Y_B_India,2023-06_B_India
2023-06-05,7.009,6.99195,0.01705000000000023,India,10Y,India_10Y,-0.0342375477471925,0.3408135109253549,,14.73,82.525,81.7,4.413101277739257,2.689886230474539,0,-0.010000000000000675,0.0494321847474403,-0.03952221111197479,0.008864701760248117,0.001479433719587142,-0.009999999999990905,,0,1,B_India,0.5827491050434226,-0.6378021435490712,0.1732009752124205,-0.039926670545615814,0.9386458161279813,-0.37167862834799775,India_10Y_B_India,2023-06_B_India
2023-06-06,7.021,6.96795,0.05304999999999982,India,10Y,India_10Y,-0.0254058503642729,0.3706485594470044,,13.96,82.515,81.73,4.412980094995531,2.6361960973342264,0,0.03599999999999959,0.008831697382919602,0.029835048521649532,-0.05369013314031257,-0.00012118274372596716,0.030000000000001137,,0,1,B_India,0.10485137350883517,0.4737654366649608,-1.0453410853726575,0.04299174828449366,-0.12909851278034878,0.0496749567553342,India_10Y_B_India,2023-06_B_India
2023-06-07,7.0120000000000005,6.9899000000000004,0.02210000000000001,India,10Y,India_10Y,0.0393896707501619,0.4228186353252397,,13.94,82.50999999999999,81.72,4.412919498116252,2.6347624053323777,0,-0.03094999999999981,0.0647955211144348,0.0521700758782353,-0.0014336920018487298,-6.0596879278840277e-05,-0.010000000000005116,,0,1,B_India,0.7635869243698356,0.8317220866814242,-0.027407434601630924,-0.03992667054564527,-0.08868270133634643,0.6350921100995305,India_10Y_B_India,2023-06_B_India
2023-06-08,7.018,7.0029,0.015099999999999447,India,10Y,India_10Y,-0.0786928007077399,0.311748581136007,,13.65,82.5155,81.72,4.412986154481505,2.613739521630969,0,-0.007000000000000561,-0.1180824714579018,-0.11107005418923271,-0.021022883701408812,6.665636525315932e-05,0.0,,0,1,B_India,-1.3890221567293206,-1.7844775344026722,-0.4089967083439887,-0.019197065838103173,-0.003794201624814869,2.47867883347102,India_10Y_B_India,2023-06_B_India
2023-06-09,7.051,7.0139,0.03710000000000058,India,10Y,India_10Y,0.0442660149893244,0.3643834850520424,,13.83,82.445,81.69,4.412131404352931,2.626840145676667,0,0.02200000000000113,0.1229588156970643,0.05263490391603537,0.013100624045697895,-0.0008547501285738335,-0.030000000000001137,,0,1,B_India,1.448211872096611,0.8391717434285684,0.2557149723861859,-0.0813858799607,-0.6184489805508427,1.215298481561264,India_10Y_B_India,2023-06_B_India
2023-06-12,7.061999999999999,7.0139,0.04809999999999981,India,10Y,India_10Y,-0.0865381327948005,0.3754074367975462,,15.01,82.41499999999999,81.71,4.411767459183319,2.7087166456453704,0,0.010999999999999233,-0.1308041477841249,0.011023951745503802,0.08187649996870361,-0.0003639451696120233,0.01999999999999602,,0,1,B_India,-1.5387656857425238,0.1722857439105597,1.5954403141440916,0.022262143576951565,-0.29104124512944085,-0.26510739087219326,India_10Y_B_India,2023-06_B_India
2023-06-13,7.0600000000000005,7.011900000000001,0.04809999999999981,India,10Y,India_10Y,-0.0501105378777028,0.3760117049354571,,14.61,82.2399,81.71,4.4096405857528085,2.681706225762608,0,0.0,0.036427594917097704,0.0006042681379109238,-0.027010419882762537,-0.0021268734305106562,0.0,,0,1,B_India,0.4296754750729253,0.005292662645959084,-0.5256314127253935,-0.019197065838103173,-1.4670610449948365,0.0022741273368031955,India_10Y_B_India,2023-06_B_India
2023-06-14,7.039,7.0039,0.03509999999999991,India,10Y,India_10Y,-0.0776084056713687,0.3362104428502368,,13.88,81.96000000000001,81.73,4.406231323370699,2.6304489550786583,0,-0.0129999999999999,-0.0274978677936659,-0.03980126208522028,-0.051257270683949585,-0.003409262382109368,0.020000000000010232,,0,1,B_India,-0.32277444855703546,-0.6422744081213075,-0.9979499407008001,0.022262143576981024,-2.322521151715213,0.20730976790365138,India_10Y_B_India,2023-06_B_India
2023-06-15,7.045,7.0159,0.02909999999999968,India,10Y,India_10Y,-0.101578907377744,0.3729669321633033,,14.5,81.905,81.69,4.405560039056595,2.6741486494265287,0,-0.006000000000000227,-0.023970501706375297,0.036756489313066465,0.043699694347870466,-0.0006712843141043479,-0.04000000000000625,,0,1,B_India,-0.2812547437250855,0.5846932506061584,0.8517720835154621,-0.10211548466824209,-0.496062020627377,-0.16444775035702228,India_10Y_B_India,2023-06_B_India
2023-06-16,7.061999999999999,7.04485,0.01714999999999911,India,10Y,India_10Y,-0.1598134581343158,0.3918948994638058,,13.54,81.91499999999999,81.7,4.405682124272227,2.605648267484129,0,-0.011950000000000571,-0.0582345507565718,0.018927967300502502,-0.06850038194239971,0.00012208521563206176,0.010000000000005116,,0,1,B_India,-0.6845679149996751,0.2989609829677932,-1.3338385471877345,0.0015325388694389264,0.03318145244753988,-0.2046590967765156,India_10Y_B_India,2023-06_B_India
2023-06-19,7.061999999999999,7.04485,0.01714999999999911,India,10Y,India_10Y,-0.0863365779199861,0.3171725113158676,,14.19,81.91499999999999,81.7,4.405682124272227,2.6525374911719513,0,0.0,0.0734768802143297,-0.07472238814793819,0.046889223687822223,0.0,0.0,,0,1,B_India,0.8657729346811898,-1.201944611369447,0.9139027830909563,-0.019197065838103173,-0.04825954208331834,-1.0406111135095681,India_10Y_B_India,2023-06_B_India
2023-06-20,7.077999999999999,7.0968,-0.018800000000000594,India,10Y,India_10Y,0.007155311175933,0.3576969423325939,,13.88,82.005,81.71,4.406780221015072,2.6304489550786583,0,-0.035949999999999704,0.0934918890959191,0.040524431016726314,-0.022088536093292976,0.0010980967428455557,0.009999999999990905,,0,1,B_India,1.1013643761158267,0.6450808994845784,-0.4297551719150005,0.0015325388694094678,0.6842623309824665,0.710469122405069,India_10Y_B_India,2023-06_B_India
2023-06-21,7.101,7.053850000000001,0.04714999999999936,India,10Y,India_10Y,0.0974567485866379,0.4172817281257318,,13.2,81.94,81.71,4.405987272118725,2.580216829592325,0,0.06594999999999995,0.0903014374107049,0.05958478579313786,-0.05023212548633316,-0.0007929488963469566,0.0,,0,1,B_India,1.063810402705474,0.9505553739484653,-0.9779805403580741,-0.019197065838103173,-0.5772224176969244,1.0112106951539694,India_10Y_B_India,2023-06_B_India
2023-06-22,7.101,7.0868,0.014199999999999768,India,10Y,India_10Y,-0.018517293113732,0.2561538174486907,,12.91,81.96000000000001,81.71,4.406231323370699,2.558002204858551,0,-0.03294999999999959,-0.1159740417003699,-0.16112791067704108,-0.022214624733774002,0.00024405125197368704,0.0,,0,1,B_India,-1.3642043807953048,-2.586739485073499,-0.4322113259761911,-0.019197065838103173,0.11454294447770316,3.528841337513458,India_10Y_B_India,2023-06_B_India
2023-06-23,7.107,7.0768,0.030199999999999783,India,10Y,India_10Y,0.0257654440800887,0.2730606092243023,,13.44,81.985,81.73,4.406536303701832,2.5982353350950036,0,0.016000000000000014,0.0442827371938207,0.016906791775611607,0.040233130236452475,0.00030498033113257605,0.020000000000010232,,0,1,B_India,0.52213630297441,0.266568221211364,0.7842448622832037,0.022262143576981024,0.1551877086848949,0.1391849455137663,India_10Y_B_India,2023-06_B_India
2023-06-26,7.116,7.0778,0.03819999999999979,India,10Y,India_10Y,-0.0226899498140691,0.4092066525037811,,14.25,81.975,81.72,4.406414322730712,2.6567569067146595,0,0.008000000000000007,-0.0484553938941578,0.13614604327947877,0.05852157161965588,-0.00012198097111948414,-0.010000000000005116,,0,1,B_India,-0.5694600139809181,2.1775792236764837,1.1404960630641419,-0.03992667054564527,-0.12963099685266855,-1.240044295159367,India_10Y_B_India,2023-06_B_India
2023-06-27,7.107,7.0758,0.031200000000000117,India,10Y,India_10Y,-0.1238380006236981,0.2759051702853581,,13.74,82.01050000000001,81.71,4.406847287847196,2.620311286794203,0,-0.006999999999999673,-0.10114805080962899,-0.13330148221842297,-0.03644561992045636,0.0004329651164836079,-0.010000000000005116,,0,1,B_India,-1.1896915147101275,-2.1407738296953025,-0.7094251692630003,-0.03992667054564527,0.2405642069762173,2.546860460102005,India_10Y_B_India,2023-06_B_India
2023-06-28,7.106,7.0578,0.048199999999999577,India,10Y,India_10Y,-0.1251142080487866,0.3759583536740962,,13.43,82.03,81.72,4.407085034014658,2.5974910105351463,0,0.01699999999999946,-0.0012762074250884936,0.10005318338873809,-0.022820276259056804,0.00023774616746230492,0.010000000000005116,,0,1,B_India,-0.01412613370542201,1.5991300008599474,-0.4440091647649557,0.0015325388694389264,0.11033692861780064,-0.02258952420449923,India_10Y_B_India,2023-06_B_India
2023-06-29,7.106,7.0578,0.048199999999999577,India,10Y,India_10Y,-0.043017995684634,0.2599913984605134,1.0,13.54,82.10499999999999,81.7,4.407998915943801,2.605648267484129,0,0.0,0.0820962123641526,-0.1159669552135828,0.008157256948982727,0.000913881929142768,-0.01999999999999602,,0,1,B_India,0.9672288419652754,-1.8629586689073805,0.1594202457222077,-0.06065627525315791,0.5613757262646072,-1.8019073559564565,India_10Y_B_India,2023-06_B_India
2023-06-30,7.099,7.08875,0.010250000000000092,India,10Y,India_10Y,0.102830337630674,0.3119201160768879,0.0,13.59,82.096,81.69,4.407889294199609,2.6093342281630525,0,-0.037949999999999484,0.145848333315308,0.05192871761637452,0.003685960678923461,-0.00010962174419226756,-0.010000000000005116,-1.0,0,1,B_India,1.717638405021403,0.8278539116624218,0.07232126162185072,-0.03992667054564527,-0.12138636438530578,1.4219536724185717,India_10Y_B_India,2023-06_B_India
2023-07-03,7.099,7.12975,-0.03074999999999939,India,10Y,India_10Y,-0.0624345754929741,0.3428535142121602,,13.57,81.945,81.69,4.40604829051579,2.6078614738467776,0,-0.04099999999999948,-0.1652649131236481,0.030933398135272294,-0.0014727543162749157,-0.001841003683818343,0.0,,0,1,B_India,-1.9443943530746133,0.491368349881154,-0.028168352173993987,-0.019197065838103173,-1.276362143769385,-0.9554138447885067,India_10Y_B_India,2023-07_B_India
2023-07-04,7.132,7.13075,0.0012499999999997513,India,10Y,India_10Y,-0.0050136039679406,0.3900225335936957,,13.7,81.9735,81.72,4.406396024301632,2.617395832834079,0,0.03199999999999914,0.0574209715250335,0.047169019381535504,0.009534358987301594,0.0003477337858415197,0.030000000000001137,,0,1,B_India,0.6767830274554366,0.7515716842878548,0.18624561834250924,0.04299174828449366,0.18370781943786282,0.508650959842116,India_10Y_B_India,2023-07_B_India
2023-07-05,7.144,7.15075,-0.006750000000000256,India,10Y,India_10Y,-0.0686749911065795,0.364522153772785,,14.18,82.4034,81.72,4.41162669820009,2.6518325211039815,0,-0.008000000000000007,-0.0636613871386389,-0.02550037982091069,0.034436688269902316,0.005230673898457994,0.0,,0,1,B_India,-0.7484457885117448,-0.41307854344274086,0.6713325934040711,-0.019197065838103173,3.441035063750571,0.3091668961642852,India_10Y_B_India,2023-07_B_India
2023-07-06,7.141,7.1057500000000005,0.03524999999999956,India,10Y,India_10Y,-0.0344345981569982,0.3741826478088291,,15.44,82.76599999999999,81.68,4.416017349041119,2.73696154459663,0,0.041999999999999815,0.0342403929495813,0.009660494036044076,0.0851290234926485,0.004390650841028965,-0.03999999999999204,,0,1,B_India,0.4039304920312318,0.15043402435251702,1.6587981141170194,-0.10211548466821264,2.880669806813546,0.060764889474950505,India_10Y_B_India,2023-07_B_India
2023-07-07,7.154,7.1547,-0.000700000000000145,India,10Y,India_10Y,-0.0302645863088959,0.3842004967408891,,14.83,82.61500000000001,81.7,4.414191262102954,2.696652156149841,0,-0.035949999999999704,0.0041700118481023014,0.01001784893205998,-0.04030938844678911,-0.0018260869381645506,0.01999999999999602,,0,1,B_India,0.04997989075506926,0.1561612419378188,-0.7846897666228292,0.022262143576951565,-1.2664114335632455,0.007804921812228124,India_10Y_B_India,2023-07_B_India
2023-07-10,7.175,7.1547,0.020299999999999763,India,10Y,India_10Y,-0.0946815913488897,0.3513603945054926,,15.07,82.525,81.72,4.413101277739257,2.712706012638404,0,0.020999999999999908,-0.0644170050399938,-0.03284010223539646,0.016053856488563056,-0.0010899843636975604,0.01999999999999602,,0,1,B_India,-0.7573399694540156,-0.5307100289831148,0.31324270708544827,0.022262143576951565,-0.7753697834261002,0.4019279171390119,India_10Y_B_India,2023-07_B_India
2023-07-11,7.178,7.1517,0.02629999999999999,India,10Y,India_10Y,3.837189973411829e-05,0.3345787853055121,,14.84,82.39500000000001,81.73,4.411524755462693,2.6973262377392344,0,0.006000000000000227,0.09471996324862382,-0.016781609199980507,-0.01537977489916953,-0.0015765222765633524,0.010000000000005116,,0,1,B_India,1.115819716182673,-0.2733454742190813,-0.2990713054727741,0.0015325388694389264,-1.0999310441456343,-0.30500426946295345,India_10Y_B_India,2023-07_B_India
2023-07-12,7.118,7.10175,0.01625000000000032,India,10Y,India_10Y,-0.083039627357778,0.3598484365133153,,13.54,81.985,81.72,4.406536303701832,2.605648267484129,0,-0.01004999999999967,-0.08307799925751212,0.025269651207803168,-0.09167797025510538,-0.004988451760861601,-0.010000000000005116,,0,1,B_India,-0.9769936579593713,0.40059721070455084,-1.7853282884180137,-0.03992667054564527,-3.3759718328014037,-0.39138093425456016,India_10Y_B_India,2023-07_B_India
2023-07-13,7.122,7.07675,0.045250000000000234,India,10Y,India_10Y,-0.0590065711746473,0.4429366683909428,,13.61,82.05000000000001,81.75,4.4073288175361,2.6108048166633746,0,0.028999999999999915,0.02403305618313071,0.08308823187762754,0.005156549179245573,0.0007925138342681493,0.030000000000001137,,0,1,B_India,0.28378259720672067,1.3272379134379793,0.10096771148146283,0.04299174828449366,0.48041311093292155,0.37664702218665846,India_10Y_B_India,2023-07_B_India
2023-07-14,7.0969999999999995,7.0817499999999995,0.015249999999999986,India,10Y,India_10Y,-0.0554352007500701,0.3575034364739853,,13.34,82.077,81.69,4.4076578310469,2.590767040487478,0,-0.03000000000000025,0.003571370424577197,-0.08543323191695751,-0.02003777617589675,0.0003290135108002801,-0.060000000000002274,,0,1,B_India,0.04293343892958486,-1.37360402746044,-0.38980722513388155,-0.14357469408329684,0.17121983873228286,-0.058973544626404605,India_10Y_B_India,2023-07_B_India
2023-07-17,7.032,7.1647,-0.13269999999999982,India,10Y,India_10Y,-0.125050275712157,0.3476885872204957,,13.48,82.05000000000001,81.73,4.4073288175361,2.601207105484161,0,-0.1479499999999998,-0.06961507496208688,-0.009814849253489577,0.010440064996683152,-0.0003290135108002801,0.04000000000000625,,0,1,B_India,-0.8185250927217048,-0.1616913440449608,0.20388839317694812,0.06372135299203577,-0.26773892289891954,0.1323484223766986,India_10Y_B_India,2023-07_B_India
2023-07-18,7.0969999999999995,7.0827,0.014299999999999535,India,10Y,India_10Y,0.0722903351066236,0.3973698104119395,,13.3,82.065,81.73,4.407511616183899,2.5877640352277083,0,0.14699999999999935,0.19734061081878057,0.049681223191443746,-0.01344307025645275,0.00018279864779913169,0.0,,0,1,B_India,2.323740553242488,0.7918340061375835,-0.2613451078122374,-0.019197065838103173,0.07368236217251269,1.840016791498364,India_10Y_B_India,2023-07_B_India
2023-07-19,7.074,7.05175,0.02224999999999966,India,10Y,India_10Y,-0.1474395361455694,0.3847983565207044,,13.76,82.055,81.72,4.407389754131591,2.6217658325051976,0,0.007950000000000124,-0.219729871252193,-0.012571453891235096,0.03400179727748931,-0.00012186205230779734,-0.010000000000005116,,0,1,B_India,-2.5854871484409916,-0.20587060318772063,0.6628610984849777,-0.03992667054564527,-0.12955166811296767,0.5322757987836467,India_10Y_B_India,2023-07_B_India
2023-07-20,7.077,7.1447,-0.06770000000000032,India,10Y,India_10Y,-0.063987217792801,0.4354596397822222,,13.99,82.08,81.69,4.407694381422459,2.63834278867739,0,-0.08994999999999997,0.0834523183527684,0.05066128326151781,0.016576956172192236,0.0003046272908679981,-0.030000000000001137,,0,1,B_India,0.9831912113294986,0.8075411290301449,0.3234324704729493,-0.0813858799607,0.1549522014606351,0.793967340849539,India_10Y_B_India,2023-07_B_India
2023-07-21,7.0920000000000005,7.0877,0.004300000000000637,India,10Y,India_10Y,-0.1590544853655169,0.3811124834878863,,13.6,81.99000000000001,81.7,4.406597288608086,2.6100697927420065,0,0.07200000000000095,-0.09506726757271589,-0.0543471562943359,-0.02827299593538335,-0.0010970928143727576,0.010000000000005116,,0,1,B_India,-1.1181162035867993,-0.8753970042775916,-0.550225866971042,0.0015325388694389264,-0.7801117113455819,0.9787955750541179,India_10Y_B_India,2023-07_B_India
2023-07-24,7.102,7.0987,0.0033000000000003027,India,10Y,India_10Y,-0.0717589343689942,0.3822872069864766,,13.91,81.795,81.72,4.4042161170461345,2.6326080059353516,0,-0.001000000000000334,0.08729555099652268,0.0011747234985903243,0.022538213193345147,-0.0023811715619519447,0.01999999999999602,,0,1,B_India,1.028428898890236,0.014435176180088296,0.4395552677879786,0.022262143576951565,-1.6366990525512448,0.014845552344174768,India_10Y_B_India,2023-07_B_India
2023-07-25,7.04,7.0867,-0.04670000000000041,India,10Y,India_10Y,0.0282630504502583,0.3449148622309149,,13.86,81.85499999999999,81.7,4.404949389306305,2.6290069937617573,0,-0.05000000000000071,0.10002198481925251,-0.037372344755561726,-0.00360101217359432,0.0007332722601702812,-0.01999999999999602,,0,1,B_India,1.1782284271521162,-0.6033468932089454,-0.06962592646120748,-0.06065627525315791,0.44089405297716977,-0.7108804610126915,India_10Y_B_India,2023-07_B_India
2023-07-26,7.039,7.17765,-0.13865000000000016,India,10Y,India_10Y,-0.1135568501287227,0.3446081226614748,,13.19,81.955,81.71,4.406170316141323,2.579458966729223,0,-0.09194999999999975,-0.141819900578981,-0.0003067395694401065,-0.04954802703253414,0.0012209268350185098,0.009999999999990905,,0,1,B_India,-1.6684292344714458,-0.009307779155890709,-0.964654588161726,0.0015325388694094678,0.7662002201289333,0.015529370851692014,India_10Y_B_India,2023-07_B_India
2023-07-27,7.109,7.16765,-0.05865000000000009,India,10Y,India_10Y,-0.0361782782569919,0.3494306010122752,,14.41,82.155,81.71,4.408607706903794,2.667922410011431,0,0.08000000000000007,0.0773785718717308,0.004822478350800408,0.08846344328220779,0.002437390762470848,0.0,,0,1,B_India,0.9116987280215137,0.07289662716162952,1.7237512191437392,-0.019197065838103173,1.5776828517459154,0.06645976226031616,India_10Y_B_India,2023-07_B_India
2023-07-28,7.118,7.10165,0.016350000000000087,India,10Y,India_10Y,0.0265214863863101,0.2846020191683061,,13.33,82.253,81.73,4.409799863144449,2.5900171341906173,0,0.07500000000000018,0.062699764643302,-0.06482858184396911,-0.07790527582081364,0.0011921562406547181,0.020000000000010232,,0,1,B_India,0.7389183223796406,-1.0433796047572539,-1.5170419523986043,0.022262143576981024,0.7470078403956435,-0.7709723071523625,India_10Y_B_India,2023-07_B_India
2023-07-31,7.122,7.15965,-0.03765000000000018,India,10Y,India_10Y,-0.1004558905812178,0.3193665774920353,,13.63,82.245,81.7,4.409702597524122,2.612273245708441,0,-0.05400000000000027,-0.1269773769675279,0.03476455832372921,0.022256111517823918,-9.726562032685848e-05,-0.030000000000001137,,0,1,B_India,-1.493721766049269,0.5527691820736478,0.434060044956193,-0.0813858799607,-0.11314380191829798,-0.825683358864659,India_10Y_B_India,2023-07_B_India
2023-08-01,7.0969999999999995,7.1726,-0.07560000000000056,India,10Y,India_10Y,-0.010505402458131,0.397806378931434,,13.93,82.345,81.7,4.410917738326171,2.6340447877917144,0,-0.03795000000000037,0.0899504881230868,0.07843980143939872,0.021771542083273143,0.0012151408020493193,0.0,,0,1,B_India,1.059679470312211,1.2527389409971723,0.424620834730274,-0.019197065838103173,0.762340454825169,1.3275017374353637,India_10Y_B_India,2023-08_B_India
2023-08-02,7.096,7.1896,-0.09360000000000035,India,10Y,India_10Y,0.0272299316624972,0.3134453518033816,,16.09,82.735,81.73,4.415642728943808,2.7781979610042917,0,-0.017999999999999794,0.0377353341206282,-0.08436102712805238,0.14415317321257737,0.0047249906176363154,0.030000000000001137,,0,1,B_India,0.4450685316437734,-1.3564201293509568,2.808563901818901,0.04299174828449366,3.1037022499898743,-0.6036999152622875,India_10Y_B_India,2023-08_B_India
2023-08-03,7.1530000000000005,7.2096,-0.05659999999999954,India,10Y,India_10Y,-0.0537951260741853,0.3594746461161769,,15.92,82.755,81.69,4.4158844353925035,2.767576180416237,0,0.03700000000000081,-0.0810250577366825,0.04602929431279529,-0.01062178058805463,0.00024170644869592195,-0.04000000000000625,,0,1,B_India,-0.9528290195655233,0.7333056593113627,-0.2063875632594914,-0.10211548466824209,0.11297876563809717,-0.6987149124034954,India_10Y_B_India,2023-08_B_India
2023-08-04,7.173,7.253550000000001,-0.08055000000000057,India,10Y,India_10Y,0.0199045906308387,0.361378769842667,,17.1,82.69550000000001,81.69,4.415165187006249,2.8390784635086144,0,-0.023950000000001026,0.07369971670502401,0.0019041237264900701,0.07150228309237727,-0.0007192483862548116,0.0,,0,1,B_India,0.8683958848061432,0.026125050471791422,1.3933549017290414,-0.019197065838103173,-0.5280580466609973,0.02268688632005646,India_10Y_B_India,2023-08_B_India
2023-08-07,7.173,7.1866,-0.013600000000000279,India,10Y,India_10Y,-0.0550719170107226,0.3625444799157529,,15.77,82.7775,81.69,4.416156285333011,2.758109400974947,0,0.06695000000000029,-0.0749765076415613,0.0011657100730859127,-0.0809690625336672,0.000991098326762696,0.0,,0,1,B_India,-0.8816331163346247,0.014290720767197082,-1.5767232381091083,-0.019197065838103173,0.612885486751983,-0.012599172684651902,India_10Y_B_India,2023-08_B_India
2023-08-08,7.152,7.253550000000001,-0.10155000000000047,India,10Y,India_10Y,-0.0416128924114198,0.3159085986210377,,15.99,82.8805,81.73,4.417399811311508,2.771963526845863,0,-0.0879500000000002,0.013459024599302802,-0.04663588129471519,0.013854125870915723,0.0012435259784968622,0.04000000000000625,,0,1,B_India,0.1593184334710326,-0.7518107591322046,0.2703928732745043,0.06372135299203577,0.7812757287471875,-0.11977731241161067,India_10Y_B_India,2023-08_B_India
2023-08-09,7.1419999999999995,7.1876,-0.04560000000000031,India,10Y,India_10Y,0.0281785318401947,0.4650893987289598,,15.96,82.8715,81.7,4.417291215336692,2.7700855920216627,0,0.055950000000000166,0.0697914242516145,0.14918080010792212,-0.001877934824200178,-0.00010859597481616134,-0.030000000000001137,,0,1,B_India,0.8223923952201949,2.3864832833669682,-0.03606109926254449,-0.0813858799607,-0.12070209088243417,1.962625703561116,India_10Y_B_India,2023-08_B_India
2023-08-10,7.099,7.18755,-0.08854999999999968,India,10Y,India_10Y,0.0290836462045411,0.3457826243740673,,15.85,82.6435,81.71,4.41453617628628,2.7631695003232895,0,-0.04294999999999938,0.0009051143643463988,-0.11930677435489251,-0.006916091698373261,-0.0027550390504123,0.009999999999990905,,0,1,B_India,0.011549635296032404,-1.9164849284636094,-0.13420229120661784,0.0015325388694094678,-1.8860997676610052,-0.02213470197409744,India_10Y_B_India,2023-08_B_India
2023-08-11,7.0920000000000005,7.146599999999999,-0.05459999999999887,India,10Y,India_10Y,0.0479753021562391,0.3411495019565578,,14.84,82.89750000000001,81.71,4.417604904871083,2.6973262377392344,0,0.03395000000000081,0.018891655951698002,-0.0046331224175095165,-0.06584326258405504,0.0030687285848030044,0.0,,0,1,B_India,0.22326451806513298,-0.07864539340004657,-1.282078971716314,-0.019197065838103173,1.9988376973140802,-0.01755872585550419,India_10Y_B_India,2023-08_B_India
2023-08-14,7.1579999999999995,7.176550000000001,-0.018550000000001177,India,10Y,India_10Y,-0.0880758128912625,0.2751816766668455,,14.82,83.18,81.69,4.421006934314765,2.695977619867941,0,0.036049999999997695,-0.13605111504750161,-0.06596782528971229,-0.0013486178712933672,0.0034020294436825083,-0.01999999999999602,,0,1,B_India,-1.600526366842012,-1.0616379109093255,-0.02575022606588453,-0.06065627525315791,2.2211770959431756,1.6991794684494463,India_10Y_B_India,2023-08_B_India
2023-08-15,7.1579999999999995,7.176550000000001,-0.018550000000001177,India,10Y,India_10Y,0.0450395152111864,0.408957810256332,,16.46,83.23949999999999,81.69,4.421721994779858,2.800933195248924,0,0.0,0.1331153281024489,0.13377613358948648,0.10495557538098277,0.0007150604650929537,0.0,,0,1,B_India,1.5677615266428206,2.139597406151597,2.045011065213646,-0.019197065838103173,0.42874527070561497,3.354378495869247,India_10Y_B_India,2023-08_B_India
2023-08-16,7.1579999999999995,7.176550000000001,-0.018550000000001177,India,10Y,India_10Y,-0.0044430300804134,0.3802062217246434,,16.78,83.22229999999999,81.72,4.421515340760003,2.8201877010390604,0,0.0,-0.049482545291599796,-0.028751588531688577,0.019254505790136545,-0.00020665401985553444,0.030000000000001137,,0,1,B_India,-0.5815503447785002,-0.46518467073930037,0.37559001886957055,0.04299174828449366,-0.1861149639188068,0.27052830565411323,India_10Y_B_India,2023-08_B_India
2023-08-17,7.195,7.17755,0.017450000000000188,India,10Y,India_10Y,-0.1204518020688218,0.4579753244376725,,17.89,83.14,81.71,4.420525933824491,2.884241897520628,0,0.036000000000001364,-0.11600877198840841,0.07776910271302911,0.06405419648156752,-0.0009894069355116386,-0.010000000000005116,,0,1,B_India,-1.3646131819439247,1.2419898577107003,1.2482692849165364,-0.03992667054564527,-0.7082762722551513,-1.694835731672681,India_10Y_B_India,2023-08_B_India
2023-08-18,7.215,7.2225,-0.007500000000000284,India,10Y,India_10Y,-0.0535854073014791,0.3234907770825519,,17.3,83.16749999999999,81.72,4.420856646513344,2.8507065015037334,0,-0.024950000000000472,0.06686639476734271,-0.1344845473551206,-0.03353539601689448,0.0003307126888527634,0.010000000000005116,,0,1,B_India,0.7879626372063339,-2.159734452681004,-0.6527352229487393,0.0015325388694389264,0.17235333184005033,-1.701790054999902,India_10Y_B_India,2023-08_B_India
2023-08-21,7.215,7.2225,-0.007500000000000284,India,10Y,India_10Y,0.0644933549110387,0.3615199761650253,,17.13,83.095,81.69,4.419984531579487,2.8408313123360287,0,0.0,0.11807876221251781,0.038029199082473375,-0.00987518916770469,-0.0008721149338573042,-0.030000000000001137,,0,1,B_India,1.390770037246367,0.6050905806934122,-0.19184427417217256,-0.0813858799607,-0.6300327501727327,0.8415418494484026,India_10Y_B_India,2023-08_B_India
2023-08-22,7.194,7.19955,-0.005550000000000388,India,10Y,India_10Y,-0.014257867088305,0.2647450693595731,,16.97,83.045,81.7,4.419382629550962,2.831447079246135,0,0.0019499999999998963,-0.0787512219993437,-0.0967749068054522,-0.00938423308989389,-0.0006019020285243926,0.010000000000005116,,0,1,B_India,-0.9260642930488144,-1.5553735808997518,-0.18228065480264916,0.0015325388694389264,-0.4497782645541998,1.4403759356227317,India_10Y_B_India,2023-08_B_India
2023-08-23,7.205,7.2044999999999995,0.0005000000000006111,India,10Y,India_10Y,0.0059331527971322,0.3304270662903694,,15.98,82.5221,81.72,4.413066136255398,2.7713379403381286,0,0.006050000000000999,0.0201910198854372,0.0656819969307963,-0.06010913890800618,-0.006316493295564385,0.01999999999999602,,0,1,B_India,0.23855899152296783,1.0482735114028945,-1.1703806371116512,0.022262143576951565,-4.261886010079377,0.25007507172051485,India_10Y_B_India,2023-08_B_India
2023-08-24,7.184,7.185549999999999,-0.0015499999999990521,India,10Y,India_10Y,0.0611998345413934,0.3349408389153733,,17.2,82.59,81.69,4.413888607822626,2.8449093838194073,0,-0.002049999999999663,0.0552666817442612,0.004513772625003909,0.07357144348127864,0.0008224715672282557,-0.030000000000001137,,0,1,B_India,0.651425445166932,0.06794909494316405,1.4336612820109322,-0.0813858799607,0.5003974108625209,0.04426376942204077,India_10Y_B_India,2023-08_B_India
2023-08-25,7.159,7.230499999999999,-0.07149999999999945,India,10Y,India_10Y,0.0872236103061421,0.3316924207492008,,15.68,82.6645,81.7,4.414790247475974,2.7523860149222616,0,-0.0699500000000004,0.026023775764748708,-0.0032484181661724953,-0.09252336889714563,0.0009016396533478854,0.010000000000005116,,0,1,B_India,0.3072148374070707,-0.0564531620157406,-1.8017963009213656,0.0015325388694389264,0.5532091099311348,-0.017343248989780766,India_10Y_B_India,2023-08_B_India
2023-08-28,7.17,7.1955,-0.025500000000000078,India,10Y,India_10Y,0.0705613173516673,0.4148229026844576,,15.08,82.6275,81.69,4.414342554900193,2.71336936257981,0,0.045999999999999375,-0.0166622929544748,0.0831304819352568,-0.039016652342451774,-0.0004476925757810335,-0.010000000000005116,,0,1,B_India,-0.1952317274800514,1.327915042185149,-0.7595078071647631,-0.03992667054564527,-0.3469077316034407,-0.259251147632552,India_10Y_B_India,2023-08_B_India
2023-08-29,7.15,7.176500000000001,-0.026500000000000412,India,10Y,India_10Y,0.0428856027818784,0.3232657449044478,,14.45,82.6005,81.69,4.414015733777377,2.670694414558441,0,-0.001000000000000334,-0.027675714569788908,-0.09155715778000978,-0.04267494802136884,-0.0003268211228162343,0.0,,0,1,B_India,-0.32486783650351114,-1.471750313645355,-0.8307698792636399,-0.019197065838103173,-0.2662764177389475,0.4781243402673304,India_10Y_B_India,2023-08_B_India
2023-08-30,7.136,7.176500000000001,-0.04050000000000065,India,10Y,India_10Y,-0.0863575645807161,0.3884787094902717,,13.88,82.6155,81.69,4.414197314254342,2.6304489550786583,0,-0.014000000000000234,-0.1292431673625945,0.06521296458582387,-0.04024545947978275,0.00018158047696559265,0.0,,0,1,B_India,-1.5203917929436117,1.0407564735110117,-0.7834444570426691,-0.019197065838103173,0.07286974089254626,-1.5823576007790776,India_10Y_B_India,2023-08_B_India
2023-08-31,7.141,7.160500000000001,-0.01950000000000074,India,10Y,India_10Y,-0.0121525316208488,0.4225759093472435,,13.57,82.7096,81.71,4.415335677517535,2.6078614738467776,0,0.020999999999999908,0.0742050329598673,0.034097199856971794,-0.0225874812318807,0.001138363263192943,0.01999999999999602,,0,1,B_India,0.874343830448495,0.542073632106024,-0.43947441485217825,0.022262143576951565,0.7111234496397124,0.47395873588070925,India_10Y_B_India,2023-08_B_India
2023-09-01,7.138,7.1585,-0.020500000000000185,India,10Y,India_10Y,-0.0163466524261421,0.291761980047058,,13.09,82.6972,81.71,4.415185744140875,2.5718485799218085,0,-0.0009999999999994458,-0.0041941208052933,-0.13081392930018548,-0.03601289392496909,-0.00014993337665991646,0.0,,0,1,B_India,-0.04847212991710466,-2.100906580144412,-0.7009958475799043,-0.019197065838103173,-0.14827757657943472,0.10183541669645998,India_10Y_B_India,2023-09_B_India
2023-09-04,7.138,7.1585,-0.020500000000000185,India,10Y,India_10Y,0.1209216536806336,0.3760695201504053,,13.82,82.7244,81.69,4.415514600834864,2.626116818339524,0,0.0,0.1372683061067757,0.08430754010334729,0.05426823841771533,0.00032885669398829975,-0.01999999999999602,,0,1,B_India,1.6166451459344249,1.3467793933228231,1.0576429085080405,-0.06065627525315791,0.17111522887382688,2.1772643688598516,India_10Y_B_India,2023-09_B_India
2023-09-05,7.163,7.231450000000001,-0.06845000000000034,India,10Y,India_10Y,-0.050994351318151,0.3522658108573849,,14.01,83.04175000000001,81.68,4.419343493376639,2.6397713603489157,0,-0.04795000000000016,-0.1719160049987846,-0.023803709293020392,0.013654542009391868,0.0038288925417750974,-0.009999999999990905,,0,1,B_India,-2.022682618208432,-0.38588652399055984,0.2665050629994487,-0.039926670545615814,2.505930291137222,0.7805259646765765,India_10Y_B_India,2023-09_B_India
2023-09-06,7.176,7.21645,-0.040449999999999875,India,10Y,India_10Y,-0.0007659250519076,0.3292273587909696,,14.45,83.2245,81.7,4.421541775632889,2.670694414558441,0,0.02800000000000047,0.0502284262662434,-0.023038452066415305,0.030923054209525347,0.0021982822562502946,0.01999999999999602,,0,1,B_India,0.5921214559754013,-0.3736219805510966,0.6028884692227876,0.022262143576951565,1.418177587766386,-0.22122959110832838,India_10Y_B_India,2023-09_B_India
2023-09-07,7.195,7.22945,-0.03444999999999965,India,10Y,India_10Y,0.0328359338992966,0.2728477742024323,,14.4,83.155,81.71,4.4207063361221035,2.667228206581955,0,0.006000000000000227,0.0336018589512042,-0.05637958458853731,-0.003466207976486224,-0.0008354395107854629,0.009999999999990905,,0,1,B_India,0.3964144751274843,-0.9079701107249627,-0.06699999699659076,0.0015325388694094678,-0.6055671921250445,-0.35993249487447987,India_10Y_B_India,2023-09_B_India
2023-09-08,7.149,7.199450000000001,-0.05045000000000055,India,10Y,India_10Y,-0.0336234671855695,0.2534959778940053,,13.84,83.0315,81.71,4.419220053870119,2.6275629501895237,0,-0.016000000000000902,-0.0664594010848661,-0.019351796308426983,-0.039665256392431125,-0.0014862822519843277,0.0,,0,1,B_India,-0.7813804798049487,-0.31453707665442476,-0.7721423431973821,-0.019197065838103173,-1.0397334411012669,0.24577313187268035,India_10Y_B_India,2023-09_B_India
2023-09-11,7.159,7.20745,-0.04844999999999988,India,10Y,India_10Y,0.0304159926948517,0.3302667586988647,,13.8,82.91,81.69,4.417755682128127,2.624668592163159,0,0.002000000000000668,0.0640394598804212,0.07677078080485938,-0.0028943580263645075,-0.0014643717419922098,-0.01999999999999602,,0,1,B_India,0.7546875250746417,1.2259900579262102,-0.055860598776221626,-0.06065627525315791,-1.0251173083025649,0.9252394025824481,India_10Y_B_India,2023-09_B_India
2023-09-12,7.208,7.2504,-0.04239999999999977,India,10Y,India_10Y,0.0441826865957442,0.3803974273765476,,14.23,82.86,81.69,4.417152436649256,2.655352412101761,0,0.006050000000000111,0.013766693900892503,0.0501306686776829,0.030683819938601697,-0.0006032454788709174,0.0,,0,1,B_India,0.16293992845389918,0.7990371314371704,0.5982282855308751,-0.019197065838103173,-0.4506744576907508,0.13019505302838139,India_10Y_B_India,2023-09_B_India
2023-09-13,7.21,7.2524,-0.04239999999999977,India,10Y,India_10Y,0.0521855647236263,0.4198337030476388,,13.48,82.94120000000001,81.68,4.418131923003901,2.601207105484161,0,0.0,0.008002878127882099,0.0394362756710912,-0.054145306617599864,0.0009794863546446209,-0.009999999999990905,,0,1,B_India,0.09509555855325562,0.627641366682475,-1.0542076746270137,-0.039926670545615814,0.605139335402988,0.059685906335798684,India_10Y_B_India,2023-09_B_India
2023-09-14,7.183,7.17745,0.0055499999999995,India,10Y,India_10Y,0.047184102703473,0.2806047439477194,,12.82,83.03,81.71,4.419201988273939,2.551006451492524,0,0.04794999999999927,-0.005001462020153301,-0.1392289590999194,-0.05020065399163709,0.0010700652700386115,0.029999999999986926,,0,1,B_India,-0.05797513247202306,-2.2357716881566154,-0.9773674887840815,0.042991748284464205,0.6655630068116968,0.1296191597980784,India_10Y_B_India,2023-09_B_India
2023-09-15,7.127,7.1674500000000005,-0.04045000000000076,India,10Y,India_10Y,-0.0319283488872255,0.3566221044385264,,13.79,83.086,81.69,4.41987621594763,2.6239436918052106,0,-0.04600000000000026,-0.07911245159069849,0.07601736049080698,0.07293724031268667,0.0006742276736906305,-0.01999999999999602,,0,1,B_India,-0.9303162322120491,1.2139152210627118,1.421307269133844,-0.06065627525315791,0.4015064021492576,-1.1293250346839185,India_10Y_B_India,2023-09_B_India
2023-09-18,7.127,7.1674500000000005,-0.04045000000000076,India,10Y,India_10Y,-0.0181719860300003,0.3771519490540734,,14.0,83.2975,81.69,4.422418536717625,2.6390573296152584,0,0.0,0.013756362857225198,0.02052984461554702,0.01511363781004782,0.0025423207699954986,0.0,,0,1,B_India,0.16281832443745814,0.3246337805997884,0.294927639868985,-0.019197065838103173,1.6476798954067349,0.05285632821305496,India_10Y_B_India,2023-09_B_India
2023-09-19,7.127,7.1674500000000005,-0.04045000000000076,India,10Y,India_10Y,-0.1391965700780552,0.3992064789053505,,14.11,83.315,81.7,4.422628604990587,2.6468837658647226,0,0.0,-0.1210245840480549,0.022054529851277094,0.00782643624946422,0.00021006827296154995,0.010000000000005116,,0,1,B_India,-1.423652995520241,0.3490694443936172,0.15297599664831452,0.0015325388694389264,0.09187347058980266,-0.49695376015555937,India_10Y_B_India,2023-09_B_India
2023-09-20,7.177,7.2194,-0.04240000000000066,India,10Y,India_10Y,-0.1457997608181152,0.3194684244441632,,15.14,82.92500000000001,82.94,4.417936584833116,2.717340248009303,0,-0.0019499999999998963,-0.006603190740059994,-0.07973805446118731,0.07045648214458033,-0.004692020157470722,1.2399999999999949,,0,1,B_India,-0.07682866284727953,-1.282329160822962,1.3729831359987654,2.551273917895791,-3.1782272945660135,0.09851963475610225,India_10Y_B_India,2023-09_B_India
2023-09-21,7.168,7.1944,-0.026399999999999757,India,10Y,India_10Y,-0.1422888499154806,0.3829489006115216,,17.54,83.12700000000001,82.89,4.420369558836954,2.864483986944037,0,0.016000000000000902,0.003510910902634584,0.06348047616735841,0.1471437389347341,0.0024329740038373515,-0.04999999999999716,,0,1,B_India,0.042221785689400125,1.0129904116851078,2.8668188732081594,-0.12284508937575474,1.5747365063276562,0.04277026406758583,India_10Y_B_India,2023-09_B_India
2023-09-22,7.1739999999999995,7.1744,-0.0004000000000008441,India,10Y,India_10Y,0.0693933720171878,0.3563550859201086,,17.2,82.975,82.93,4.418539357606038,2.8449093838194073,0,0.025999999999998913,0.2116822219326684,-0.026593814691412976,-0.019574603124629775,-0.0018302012309154847,0.04000000000000625,,0,1,B_India,2.4925519114989294,-0.43060268957461356,-0.38078480751907173,0.06372135299203577,-1.2691560090770981,-1.073299556995783,India_10Y_B_India,2023-09_B_India
2023-09-25,7.146,7.153449999999999,-0.007449999999999513,India,10Y,India_10Y,0.0689891624945169,0.3948360119864637,,16.9,83.13499999999999,82.91,4.420465792492343,2.8273136219290276,0,-0.0070499999999986684,-0.00040420952267089527,0.03848092606635506,-0.017595761890379702,0.0019264348863048397,-0.020000000000010232,,0,1,B_India,-0.0038620741702044465,0.612330270857689,-0.3422378066519623,-0.06065627525318737,1.2368327782877373,-0.002364864922713773,India_10Y_B_India,2023-09_B_India
2023-09-26,7.157,7.26835,-0.11134999999999984,India,10Y,India_10Y,-0.0063923899028224,0.3646597104317874,,18.94,83.255,82.93,4.42190818711708,2.9412760877579323,0,-0.10390000000000033,-0.0753815523973393,-0.030176301554676266,0.11396246582890468,0.0014423946247372754,0.020000000000010232,,0,1,B_India,-0.8864007923533477,-0.4880181104661215,2.2204615298071744,0.022262143576981024,0.9139376587521774,0.4325796397999536,India_10Y_B_India,2023-09_B_India
2023-09-27,7.18,7.27135,-0.09135000000000026,India,10Y,India_10Y,0.0058411051898981,0.3299956890722684,,18.22,83.2085,82.93,4.421349506070371,2.9025198918318122,0,0.019999999999999574,0.0122334950927205,-0.034664021359519015,-0.03875619592612001,-0.0005586810467095304,0.0,,0,1,B_India,0.14489304576900747,-0.5599414227552545,-0.7544342249427969,-0.019197065838103173,-0.4209462743301673,-0.08113161819524024,India_10Y_B_India,2023-09_B_India
2023-09-28,7.18,7.2224,-0.04240000000000066,India,10Y,India_10Y,-0.1815648801368936,0.3456758577415798,,17.34,83.165,82.92,4.420826586242498,2.853015971352396,0,0.048949999999999605,-0.1874059853267917,0.01568016866931138,-0.04950392047941632,-0.0005229198278726699,-0.010000000000005116,,0,1,B_India,-2.205011130519318,0.24690950797345296,-0.9637954109261546,-0.03992667054564527,-0.397090566555632,-0.5444382133125121,India_10Y_B_India,2023-09_B_India
2023-09-29,7.241,7.24035,0.0006499999999993733,India,10Y,India_10Y,-0.1258311628916863,0.352442455852991,,17.52,83.035,82.94,4.4192622056587165,2.8633430855082453,0,0.04305000000000003,0.05573371724520729,0.006766598111411226,0.010327114155849415,-0.0015643805837814995,0.01999999999999602,,0,1,B_India,0.6569227980544566,0.10405443975924245,0.201688157966462,0.022262143576951565,-1.0918315250488881,0.06835573371663045,India_10Y_B_India,2023-09_B_India
2023-10-02,7.241,7.24035,0.0006499999999993733,India,10Y,India_10Y,0.0274714513639436,0.3468633138027729,,17.61,83.18705,82.89,4.421091686674132,2.8684669225081145,0,0.0,0.1533026142556299,-0.005579142050218089,0.00512383699986918,0.0018294810154158014,-0.04999999999999716,,0,1,B_India,1.8053807988409019,-0.0938069606176625,0.10033049188801488,-0.12284508937575474,1.1721564812607772,-0.16935728549675255,India_10Y_B_India,2023-10_B_India
2023-10-03,7.241,7.2733,-0.03230000000000022,India,10Y,India_10Y,0.024615286289321,0.4352443657921338,,19.78,83.2217,82.92,4.4215081311279345,2.984671326194566,0,-0.03294999999999959,-0.002856165074622597,0.08838105198936091,0.11620440368645157,0.0004164444538021783,0.030000000000001137,,0,1,B_India,-0.03272340249813322,1.4120643220242752,2.2641335430253626,0.04299174828449366,0.22954355069020652,-0.04620754916285396,India_10Y_B_India,2023-10_B_India
2023-10-04,7.25,7.25035,-0.0003500000000000725,India,10Y,India_10Y,0.0892098848304551,0.2814323046711548,,18.58,83.255,82.94,4.42190818711708,2.922085733385692,0,0.031950000000000145,0.0645945985411341,-0.153812061120979,-0.06258559280887388,0.00040005598914572005,0.01999999999999602,,0,1,B_India,0.7612219172423987,-2.4694906025311525,-1.2186209249184092,0.022262143576951565,0.21861108148379374,-1.8798303710708504,India_10Y_B_India,2023-10_B_India
2023-10-05,7.269,7.2693,-0.000300000000000189,India,10Y,India_10Y,-0.1151882308299307,0.4271423125035518,,18.49,83.21000000000001,82.93,4.421367532912338,2.9172300453990334,0,4.999999999988347e-05,-0.2043981156603858,0.14571000783239696,-0.004855687986658808,-0.0005406542047419194,-0.009999999999990905,,0,1,B_India,-2.4050210581701097,2.3308579574600508,-0.09406648733948669,-0.039926670545615814,-0.4089208711681868,-5.605762471294792,India_10Y_B_India,2023-10_B_India
2023-10-06,7.269,7.360250000000001,-0.0912500000000005,India,10Y,India_10Y,-0.1088706003920422,0.376469108305395,,17.45,83.1248,82.87,4.4203430929580865,2.859339648648436,0,-0.09095000000000031,0.006317630437888494,-0.050673204198156796,-0.05789039675059726,-0.0010244399542518323,-0.060000000000002274,,0,1,B_India,0.0752589481970549,-0.8165156980820362,-1.1271604664454857,-0.14357469408329684,-0.7316462099896126,-0.061450112624038086,India_10Y_B_India,2023-10_B_India
2023-10-09,7.269,7.4582,-0.1891999999999996,India,10Y,India_10Y,-0.0484953843979194,0.3915490979530306,,17.7,83.2805,82.95,4.4222144281311495,2.8735646395797834,0,-0.0979499999999991,0.0603752159941228,0.015079989647635628,0.014224990931347214,0.0018713351730630379,0.0799999999999983,,0,1,B_India,0.711556667424353,0.2372906224185238,0.2776171697762148,0.14663977182214524,1.2000766860652243,0.16884572449917526,India_10Y_B_India,2023-10_B_India
2023-10-10,7.405,7.4102,-0.005199999999999427,India,10Y,India_10Y,-0.0591754574830009,0.3504538829028027,,17.03,83.18950000000001,82.96,4.421121137939953,2.834976494674597,0,0.18400000000000016,-0.010680073085081496,-0.041095215050227896,-0.03858814490518636,-0.0010932901911964166,0.009999999999990905,,0,1,B_India,-0.12481658001011049,-0.6630121964050735,-0.7511606612341334,0.0015325388694094678,-0.7775750453643329,0.08275491486027295,India_10Y_B_India,2023-10_B_India
2023-10-11,7.402,7.4152000000000005,-0.013200000000000323,India,10Y,India_10Y,-0.0026544004630536,0.2704191512604665,,16.09,83.16499999999999,82.92,4.420826586242498,2.7781979610042917,0,-0.008000000000000895,0.05652105701994729,-0.08003473164233621,-0.056778533670305276,-0.00029455169745506993,-0.03999999999999204,,0,1,B_India,0.6661903688822889,-1.2870839152365077,-1.1055018379621528,-0.10211548466821264,-0.2447500266788464,-0.8574429082738697,India_10Y_B_India,2023-10_B_India
2023-10-12,7.369,7.3812,-0.012199999999999989,India,10Y,India_10Y,-0.0077005807044334,0.3154218871815618,,16.69,83.295,82.9,4.42238852336168,2.8148097376737438,0,0.001000000000000334,-0.0050461802413798,0.04500273592109527,0.036611776669452034,0.0015619371191819553,-0.01999999999999602,,0,1,B_India,-0.05850149897325577,0.7168533220443176,0.7137024070972132,-0.06065627525315791,0.99368244673384,-0.041936993883550634,India_10Y_B_India,2023-10_B_India
2023-10-13,7.3580000000000005,7.3952,-0.037199999999999456,India,10Y,India_10Y,-0.084054175430147,0.268734450826941,,19.32,83.2825,82.94,4.422238443068442,2.961140828784372,0,-0.024999999999999467,-0.0763535947257136,-0.046687436354620804,0.14633109111062836,-0.0001500802932383749,0.03999999999999204,,0,1,B_India,-0.8978424486939466,-0.7526370163039815,2.8509888329612316,0.0637213529920063,-0.148375582158577,0.6757494616960725,India_10Y_B_India,2023-10_B_India
2023-10-16,7.369,7.3952,-0.026200000000000223,India,10Y,India_10Y,0.0076887245241017,0.3330712145212754,,17.21,83.195,82.91,4.4211872498674705,2.845490610223448,0,0.010999999999999233,0.0917428999542487,0.06433676369433444,-0.11565021856092406,-0.0010511932009711344,-0.030000000000001137,,0,1,B_India,1.0807774817818114,1.02671386989779,-2.2522976744593093,-0.0813858799607,-0.7494928510302105,1.109649230818592,India_10Y_B_India,2023-10_B_India
2023-10-17,7.377,7.3952,-0.018200000000000216,India,10Y,India_10Y,-0.0759240927394054,0.3317635438257565,,17.88,83.25,87.21,4.421848128860553,2.883682769745368,0,0.008000000000000007,-0.0836128172635071,-0.0013076706955189032,0.03819215952192012,0.0006608789930826475,4.299999999999997,,0,1,B_India,-0.9832888610083919,-0.025349396077516108,0.7444876050858427,8.894532958400433,0.3926017217687495,0.02492577879631141,India_10Y_B_India,2023-10_B_India
2023-10-18,7.355,7.4062,-0.05119999999999969,India,10Y,India_10Y,-0.0438052732451297,0.3021129806160922,,19.22,83.30000000000001,82.94,4.422448549172797,2.9559514035421466,0,-0.032999999999999474,0.0321188194942757,-0.029650563209664305,0.07226863379677839,0.0006004203122440543,-4.269999999999996,,0,1,B_India,0.37895800506398053,-0.4795922628608715,1.4082830934180806,-8.870738275954043,0.3522707523714551,-0.181745327177876,India_10Y_B_India,2023-10_B_India
2023-10-19,7.381,7.4092,-0.028200000000000003,India,10Y,India_10Y,0.0315417611599897,0.2727223845817316,,21.4,83.10390000000001,82.91,4.420091632168101,3.0633909220278057,0,0.022999999999999687,0.07534703440511939,-0.029390596034360617,0.10743951848565914,-0.0023569170046959798,-0.030000000000001137,,0,1,B_India,0.8877860311589257,-0.4754258484795382,2.09339723958306,-0.0813858799607,-1.6205192452371093,-0.42207642713201404,India_10Y_B_India,2023-10_B_India
2023-10-20,7.4030000000000005,7.431150000000001,-0.02815000000000012,India,10Y,India_10Y,-0.0216338699859485,0.3037482413130721,,21.71,83.16,84.49,4.420766462989812,3.0777729838902004,0,4.999999999988347e-05,-0.05317563114593819,0.031025856731340506,0.014382061862394657,0.0006748308217110477,1.5799999999999983,,0,1,B_India,-0.6250206937007915,0.4928501555125245,0.2806768459192471,3.256080477951869,0.40190875205196924,-0.30804154608898104,India_10Y_B_India,2023-10_B_India
2023-10-23,7.4030000000000005,7.40815,-0.005149999999999544,India,10Y,India_10Y,-0.0698066318681568,0.3755965549180355,,20.37,83.0985,82.89,4.420026651156974,3.0140632302387145,0,0.023000000000000576,-0.0481727618822083,0.07184831360496341,-0.0637097536514859,-0.000739811832838555,-1.5999999999999943,,0,1,B_India,-0.5661332263944282,1.1470991821480292,-1.2405191086761165,-3.3359338190431305,-0.5417755761103407,-0.6494109609838736,India_10Y_B_India,2023-10_B_India
2023-10-24,7.4030000000000005,7.40815,-0.005149999999999544,India,10Y,India_10Y,-0.0050178734815872,0.3766440355548291,,18.97,83.015,85.23,4.41902131435975,2.9428587839469227,0,0.0,0.06478875838656961,0.0010474806367936074,-0.07120444629179179,-0.0010053367972240324,2.3400000000000034,,0,1,B_India,0.7635073220666231,0.012395893764173528,-1.3865125914802459,4.831530435724273,-0.7189028151488158,0.009464355652506482,India_10Y_B_India,2023-10_B_India
2023-10-25,7.4030000000000005,7.40815,-0.005149999999999544,India,10Y,India_10Y,-0.1327782236999688,0.432105358984119,,20.19,83.14500000000001,82.91,4.420586071539878,3.005187432324746,0,0.0,-0.1277603502183816,0.05546132342928989,0.06232864837782337,0.0015647571801284954,-2.3200000000000074,,0,1,B_India,-1.502937939665013,0.8844699042211688,1.2146563284549374,-4.828465357985425,0.9955636619730056,-1.329303375545875,India_10Y_B_India,2023-10_B_India
2023-10-26,7.366,7.40915,-0.04315000000000069,India,10Y,India_10Y,-0.0493613811799809,0.3334374889977502,,20.68,83.2493,82.91,4.421839720416794,3.0291670496402285,0,-0.038000000000001144,0.0834168425199879,-0.09866786998636878,0.023979617315482482,0.0012536488769159249,0.0,,0,1,B_India,0.9827736345684642,-1.58571152264602,0.46763321814812436,-0.019197065838103173,0.7880285440697892,-1.5583954764879226,India_10Y_B_India,2023-10_B_India
2023-10-27,7.386,7.37715,0.008849999999999802,India,10Y,India_10Y,-0.0129325221879415,0.3202895766659839,,21.27,83.2723,82.92,4.422115960858229,3.0572976292121457,1,0.05200000000000049,0.036428858992039403,-0.01314791233176632,0.028130579571917114,0.00027624044143514936,0.010000000000005116,,1,1,B_India,0.4296903541688757,-0.21510932624598578,0.5484922294364972,0.0015325388694389264,0.13601581151824968,-0.09243040257966585,India_10Y_B_India,2023-10_B_India
2023-10-30,7.377,7.472099999999999,-0.09509999999999952,India,10Y,India_10Y,-0.0983901644269811,0.3123421649955634,,19.75,83.255,82.89,4.42190818711708,2.9831534913471307,1,-0.10394999999999932,-0.08545764223903961,-0.007947411670420512,-0.07414413786501495,-0.00020777374114899771,-0.030000000000001137,,1,1,B_India,-1.0050038139095674,-0.13176249324580835,-1.443776555693631,-0.0813858799607,-0.18686191116598094,0.132421808242271,India_10Y_B_India,2023-10_B_India
2023-10-31,7.389,7.476100000000001,-0.0871000000000004,India,10Y,India_10Y,0.0963097741233314,0.4006380270006394,,18.14,83.2835,82.93,4.422250450320822,2.8981194446869907,1,0.007999999999999119,0.1946999385503125,0.088295862005076,-0.08503404666014003,0.0003422632037421991,0.04000000000000625,,1,1,B_India,2.2926578897390453,1.4106990082101154,-1.6559074313308129,0.06372135299203577,0.18005848610520025,3.234250211219967,India_10Y_B_India,2023-10_B_India
2023-11-01,7.375,7.399150000000001,-0.02415000000000056,India,10Y,India_10Y,-0.0497488330776932,0.3850926777363339,,16.87,83.2645,82.93,4.422022287868167,2.825536896557877,1,0.06294999999999984,-0.1460586072010246,-0.015545349264305508,-0.0725825481291138,-0.00022816245265566693,0.0,,1,1,B_India,-1.7183219429290646,-0.25353231446517993,-1.4133574397676065,-0.019197065838103173,-0.20046287778351315,0.43565013918711054,India_10Y_B_India,2023-11_B_India
2023-11-02,7.378,7.37815,-0.0001499999999996504,India,10Y,India_10Y,0.0376211255305823,0.3128187342888274,,15.66,83.2615,82.93,4.421986257458498,2.751109690562657,1,0.02400000000000091,0.0873699586082755,-0.07227394344750648,-0.07442720599522001,-3.6030409669152164e-05,0.0,,1,1,B_India,1.0293047314522028,-1.1627041372601252,-1.4492906046590606,-0.019197065838103173,-0.07229482253573201,-1.1967768697608983,India_10Y_B_India,2023-11_B_India
2023-11-03,7.351,7.35915,-0.008149999999999658,India,10Y,India_10Y,-0.1668052467496517,0.2946682703024432,,14.91,83.15,81.58,4.420646205638937,2.702032128776647,1,-0.008000000000000007,-0.204426372280234,-0.018150463986384202,-0.04907756178600975,-0.0013400518195609834,-1.3500000000000085,,1,1,B_India,-2.4053536594614453,-0.295283691078063,-0.9554901216285667,-2.8176937013548726,-0.9421855784417438,0.7102617069139018,India_10Y_B_India,2023-11_B_India
2023-11-06,7.351,7.33915,0.011849999999999916,India,10Y,India_10Y,-0.0796517122672034,0.3465075378848564,,14.89,83.223,82.91,4.421523751931721,2.7006898466959175,1,0.019999999999999574,0.0871535344824483,0.051839267582413195,-0.0013422820807296176,0.0008775462927843591,1.3299999999999983,,1,1,B_India,1.0267572595991294,0.8264203233354653,-0.025626807511567196,2.7378403602635815,0.5371368342200631,0.8485330664649489,India_10Y_B_India,2023-11_B_India
2023-11-07,7.3149999999999995,7.36115,-0.0461500000000008,India,10Y,India_10Y,-0.1391462731510801,0.3121816030009911,,14.81,83.235,82.93,4.421667932445974,2.6953026282797072,1,-0.05800000000000072,-0.05949456088387671,-0.03432593488386526,-0.00538721841621026,0.0001441805142530228,0.020000000000010232,,1,1,B_India,-0.6993991650815602,-0.5545230142479013,-0.10442047813682302,0.022262143576981024,0.047920854633391415,0.38783293318349227,India_10Y_B_India,2023-11_B_India
2023-11-08,7.313000000000001,7.2942,0.018800000000000594,India,10Y,India_10Y,-0.0244679867802544,0.4144623479828654,,14.45,83.21799999999999,82.9,4.421463670581555,2.670694414558441,1,0.0649500000000014,0.11467828637082571,0.10228074498187428,-0.024608213721266203,-0.00020426186441913075,-0.030000000000001137,,1,1,B_India,1.3507439243504187,1.6348304489880872,-0.4788374398752841,-0.0813858799607,-0.18451919725038188,2.208237296313726,India_10Y_B_India,2023-11_B_India
2023-11-09,7.301,7.293150000000001,0.007849999999999469,India,10Y,India_10Y,0.0069966895889978,0.3473675693586768,,15.29,83.32,82.91,4.422688616392771,2.727199019940971,1,-0.010950000000001125,0.0314646763692522,-0.06709477862418861,0.05650460538252977,0.0012249458112165712,0.009999999999990905,,1,1,B_India,0.37125825720773054,-1.0796992472082971,1.1012064030622395,0.0015325388694094678,0.7688812115730768,-0.400847260827051,India_10Y_B_India,2023-11_B_India
2023-11-10,7.287,7.32715,-0.040149999999999686,India,10Y,India_10Y,-0.0315974590782895,0.3722570658513088,,14.17,83.314,82.93,4.422616602277974,2.6511270537025893,1,-0.047999999999999154,-0.038594148667287304,0.024889496492632,-0.07607196623838153,-7.201411479762498e-05,0.020000000000010232,,1,1,B_India,-0.45338587226640453,0.39450458739327876,-1.4813298473340097,0.022262143576981024,-0.0962989471743779,-0.17886280646839972,India_10Y_B_India,2023-11_B_India
2023-11-13,7.33,7.3581,-0.028100000000000236,India,10Y,India_10Y,-0.1844476748127205,0.4022019588986496,,14.76,83.209,82.92,4.421355515053801,2.6919208191723265,1,0.01204999999999945,-0.152850215734431,0.029944893047340826,0.04079376546973723,-0.001261087224173174,-0.010000000000005116,,1,1,B_India,-1.7982641929430918,0.4755258812711551,0.7951658025029226,-0.03992667054564527,-0.8895096246187068,-0.8551211651076261,India_10Y_B_India,2023-11_B_India
2023-11-14,7.33,7.3581,-0.028100000000000236,India,10Y,India_10Y,-0.0410506826913081,0.3484353701864653,,14.16,82.97800000000001,82.91,4.41857551242096,2.6504210882655737,1,0.0,0.1433969921214124,-0.053766588712184316,-0.04149973090675285,-0.002780002632841061,-0.010000000000005116,,1,1,B_India,1.6887843081416767,-0.8660924252637737,-0.8078771406487038,-0.03992667054564527,-1.9027525537459193,-1.462643297185829,India_10Y_B_India,2023-11_B_India
2023-11-15,7.318,7.25215,0.0658499999999993,India,10Y,India_10Y,0.0489566910547996,0.3664116855556995,,14.18,83.193,82.91,4.421163209672263,2.6518325211039815,1,0.09394999999999953,0.0900073737461077,0.017976315369234164,0.0014114328384078334,0.002587697251303034,0.0,,1,1,B_India,1.0603490561217246,0.2837091486243682,0.028014409145205484,-0.019197065838103173,1.677949783098411,0.3008307279569469,India_10Y_B_India,2023-11_B_India
2023-11-16,7.259,7.25015,0.00885000000000069,India,10Y,India_10Y,0.1098540699821402,0.304536611407652,,14.32,83.1603,82.93,4.420770070486912,2.6616571615324998,1,-0.05699999999999861,0.0608973789273406,-0.06187507414804749,0.009824640428518272,-0.00039313918535022196,0.020000000000010232,,1,1,B_India,0.7177029109173387,-0.9960446405438249,0.19190017959412253,0.022262143576981024,-0.3105160821419254,-0.7148641379219175,India_10Y_B_India,2023-11_B_India
2023-11-17,7.253,7.25115,0.0018500000000001293,India,10Y,India_10Y,-0.006110986303176,0.3316966046812081,,13.8,83.249,82.93,4.421836116776396,2.624668592163159,1,-0.007000000000000561,-0.1159650562853162,0.027159993273556116,-0.036988569369340585,0.001066046289484035,0.0,,1,1,B_India,-1.3640986158217836,0.4308931446400248,-0.7200015977882873,-0.019197065838103173,0.6628820124613953,-0.5877807421705534,India_10Y_B_India,2023-11_B_India
2023-11-20,7.253,7.264150000000001,-0.01115000000000066,India,10Y,India_10Y,-0.0452185728368714,0.2685540297830441,,13.41,83.322,82.9,4.422712619945298,2.596000697293587,1,-0.013000000000000789,-0.0391075865336954,-0.063142574898164,-0.02866789486957222,0.0008765031689019764,-0.030000000000001137,,1,1,B_India,-0.4594294152770436,-1.0163584872726166,-0.557918333296855,-0.0813858799607,0.536440983817864,0.4669449855195188,India_10Y_B_India,2023-11_B_India
2023-11-21,7.26,7.27515,-0.015150000000000219,India,10Y,India_10Y,0.0441526907161429,0.3467039199582339,,13.35,83.3355,82.92,4.4228746288561425,2.5915163848462583,1,-0.0039999999999995595,0.08937126355301431,0.0781498901751898,-0.004484312447328609,0.0001620089108440581,0.01999999999999602,,1,1,B_India,1.0528615691968506,1.2480926218643837,-0.08683224692200844,0.022262143576951565,0.059813878221443025,1.3140687563591464,India_10Y_B_India,2023-11_B_India
2023-11-22,7.277,7.286149999999999,-0.009149999999999103,India,10Y,India_10Y,-0.0667362615188043,0.3428596241817094,,12.85,83.31450000000001,82.92,4.422622603652289,2.553343811341229,1,0.0060000000000011156,-0.1108889522349472,-0.003844295776524509,-0.03817257350502956,-0.0002520252038538118,0.0,,1,1,B_India,-1.3043491209715137,-0.066003110167406,-0.743065503904212,-0.019197065838103173,-0.21638131786454923,0.08609109872824199,India_10Y_B_India,2023-11_B_India
2023-11-23,7.289,7.2981,-0.009100000000000108,India,10Y,India_10Y,-0.0310238159314134,0.4105986281329934,,12.8,83.3335,82.9,4.422850629192137,2.5494451709255714,1,4.999999999899529e-05,0.035712445587390895,0.06773900395128402,-0.0038986404156573506,0.00022802553984835328,-0.01999999999999602,,1,1,B_India,0.4212576391167485,1.0812405335765665,-0.07542360032523919,-0.06065627525315791,0.10385246138525524,0.4554808344917978,India_10Y_B_India,2023-11_B_India
2023-11-24,7.282,7.2811,0.0008999999999996788,India,10Y,India_10Y,-0.0049342557386247,0.3332227889898054,,12.46,83.345,82.89,4.422988619395051,2.522523513359307,1,0.009999999999999787,0.0260895601927887,-0.07737583914318802,-0.0269216575662643,0.00013799020291394015,-0.010000000000005116,,1,1,B_India,0.30798916872601156,-1.2444706586439052,-0.5239023598676887,-0.03992667054564527,0.04379140202686186,-0.3832834836596484,India_10Y_B_India,2023-11_B_India
2023-11-27,7.282,7.2811,0.0008999999999996788,India,10Y,India_10Y,0.0650493015814009,0.3428825673924654,,12.69,83.33500000000001,82.91,4.42286862899414,2.540814281726296,1,0.0,0.0699835573200256,0.009659778402660024,0.018290768366989063,-0.0001199904009112629,0.01999999999999602,,1,1,B_India,0.8246539433814785,0.15042255511521968,0.3568168163292412,0.022262143576951565,-0.12830312093745855,0.1240465532492837,India_10Y_B_India,2023-11_B_India
2023-11-28,7.18,7.3101,-0.13010000000000055,India,10Y,India_10Y,0.0138366264629716,0.2604942614002038,,12.69,83.345,82.9,4.422988619395051,2.540814281726296,1,-0.13100000000000023,-0.05121267511842931,-0.0823883059922616,0.0,0.0001199904009112629,-0.009999999999990905,,1,1,B_India,-0.6019152510437557,-1.3248039312639586,0.0005202868759208928,-0.039926670545615814,0.031784036770821866,0.7974196908705,India_10Y_B_India,2023-11_B_India
2023-11-29,7.292,7.2691,0.02289999999999992,India,10Y,India_10Y,0.0799926326504861,0.2844318371130051,,12.98,83.357,82.93,4.423132588873771,2.563409711275944,1,0.15300000000000047,0.06615600618751451,0.023937575712801307,0.022595429549647772,0.00014396947871997412,0.030000000000001137,,1,1,B_India,0.7796008387934249,0.3792484442961994,0.4406698185148569,0.04299174828449366,0.047780076377778286,0.29566240528441856,India_10Y_B_India,2023-11_B_India
2023-11-30,7.285,7.2890999999999995,-0.004099999999999326,India,10Y,India_10Y,0.057293857469683,0.3298845296794427,,12.92,83.38300000000001,82.9,4.423444451656675,2.558776498354456,1,-0.026999999999999247,-0.022698775180803106,0.04545269256643758,-0.004633212921488106,0.0003118627829037379,-0.030000000000001137,,1,1,B_India,-0.26628558297963084,0.7240646395344611,-0.08973276597689579,-0.0813858799607,0.1597788765355817,-0.19280797465337024,India_10Y_B_India,2023-11_B_India
2023-12-01,7.296,7.290100000000001,0.005899999999999572,India,10Y,India_10Y,0.0032606426336326,0.3154941828239124,,12.63,83.265,82.92,4.422028292810234,2.5360749363624,1,0.009999999999998899,-0.0540332148360504,-0.014390346855530312,-0.022701561992056085,-0.0014161588464407515,0.01999999999999602,,1,1,B_India,-0.6351150873080915,-0.235021444234067,-0.4416966604195785,0.022262143576951565,-0.9929552963620135,0.14926566507399322,India_10Y_B_India,2023-12_B_India
2023-12-04,7.296,7.290100000000001,0.005899999999999572,India,10Y,India_10Y,-0.0507690695382382,0.3061557891591731,,13.08,83.43100000000001,82.89,4.424019942938279,2.5710843460290524,1,0.0,-0.054029712171870796,-0.00933839366473932,0.03500940966665267,0.0019916501280450305,-0.030000000000001137,,1,1,B_India,-0.6350738583629626,-0.15405533609620065,0.6824889670408447,-0.0813858799607,1.2803367694826928,0.09783651669601713,India_10Y_B_India,2023-12_B_India
2023-12-05,7.276,7.2730999999999995,0.0029000000000003467,India,10Y,India_10Y,-0.0433986666143892,0.3980534061880514,,12.85,83.32499999999999,82.92,4.422748624193804,2.553343811341229,1,-0.0029999999999992255,0.007370402923848995,0.09189761702887833,-0.01774053468782366,-0.0012713187444752805,0.030000000000001137,,1,1,B_India,0.0876508581351166,1.4684232340154664,-0.3450579202881737,0.04299174828449366,-0.8963348997730505,0.12870855656699876,India_10Y_B_India,2023-12_B_India
2023-12-06,7.274,7.28005,-0.006050000000000111,India,10Y,India_10Y,-0.0572692667116635,0.4162184300559298,,12.97,83.33699999999999,82.9,4.422892628226165,2.5626389983283526,1,-0.008950000000000458,-0.013870600097274297,0.018165023867878383,0.009295186987123838,0.00014400403236169979,-0.01999999999999602,,1,1,B_India,-0.1623714400746521,0.28673352199655494,0.1815866476587221,-0.06065627525315791,0.047803126531166897,-0.04655733488425756,India_10Y_B_India,2023-12_B_India
2023-12-07,7.258,7.26905,-0.011050000000000004,India,10Y,India_10Y,0.006004359941702,0.3631036401930201,,13.06,83.348,82.9,4.423024613707954,2.569554123848285,1,-0.004999999999999893,0.0632736266533655,-0.053114789862909684,0.006915125519932452,0.00013198548178827707,0.0,,1,1,B_India,0.7456731022018868,-0.8556462445250634,0.1352240442059146,-0.019197065838103173,0.0397857535310744,-0.6380323895423983,India_10Y_B_India,2023-12_B_India
2023-12-08,7.252,7.2371,0.014899999999999913,India,10Y,India_10Y,-0.0346055821966657,0.3251966732894876,,12.35,83.43,82.9,4.424007956913983,2.513656063073986,1,0.025949999999999918,-0.0406099421383677,-0.03790696690353251,-0.05589806077429893,0.0009833432060295522,0.0,,1,1,B_India,-0.47711325067007826,-0.6119151188062066,-1.088350593638762,-0.019197065838103173,0.6077121761103605,0.2919528114677964,India_10Y_B_India,2023-12_B_India
2023-12-11,7.25,7.2700499999999995,-0.020049999999999457,India,10Y,India_10Y,0.1054702816639002,0.3070536668949556,,12.63,83.35499999999999,82.9,4.423108595399994,2.5360749363624,1,-0.03494999999999937,0.1400758638605659,-0.01814300639453198,0.022418873288413632,-0.0008993615139889499,0.0,,1,1,B_India,1.6496921748935196,-0.29516417053510635,0.43723057627697964,-0.019197065838103173,-0.6482084856374879,-0.4869300224407013,India_10Y_B_India,2023-12_B_India
2023-12-12,7.269,7.27905,-0.01004999999999967,India,10Y,India_10Y,0.0235303900311312,0.2629050236854712,,12.07,83.40100000000001,82.92,4.423660299700491,2.4907230351094403,1,0.009999999999999787,-0.08193989163276899,-0.04414864320948442,-0.045351901252959514,0.0005517043004967803,0.01999999999999602,,1,1,B_India,-0.9635972903930486,-0.7119485553135894,-0.8829158103031468,0.022262143576951565,0.31977312007638603,0.6860316987994203,India_10Y_B_India,2023-12_B_India
2023-12-13,7.256,7.24905,0.00694999999999979,India,10Y,India_10Y,-0.0661241613498196,0.3762423225923534,,12.19,83.35499999999999,82.91,4.423108595399994,2.5006159434931803,1,0.01699999999999946,-0.0896545513809508,0.11333729890688221,0.009892908383740018,-0.0005517043004967803,-0.010000000000005116,,1,1,B_India,-1.0544045351464468,1.8120304559786862,0.19323001085273064,-0.03992667054564527,-0.4162922042430227,-1.9106131306074108,India_10Y_B_India,2023-12_B_India
2023-12-14,7.244,7.123150000000001,0.12084999999999901,India,10Y,India_10Y,-0.0817918032527593,0.3021661725337279,,12.48,83.312,82.95,4.422592596420543,2.5241273629412815,1,0.11389999999999922,-0.01566764190293969,-0.0740761500586255,0.0235114194481012,-0.0005159989794512043,0.04000000000000625,,1,1,B_India,-0.1835239497647399,-1.191587551229326,0.4585129192138015,0.06372135299203577,-0.39247378494515295,0.21868485389210024,India_10Y_B_India,2023-12_B_India
2023-12-15,7.184,7.1231,0.060900000000000176,India,10Y,India_10Y,0.0091659164119362,0.4204281009742177,,12.28,83.025,82.9,4.41914176726281,2.5079719227189963,1,-0.05994999999999884,0.0909577196646955,0.11826192844048977,-0.01615544022228521,-0.003450829157732649,-0.04999999999999716,,1,1,B_India,1.071535329690035,1.8909559868176942,-0.3141809420445318,-0.12284508937575474,-2.3502496488037004,2.0262261467640434,India_10Y_B_India,2023-12_B_India
2023-12-18,7.109999999999999,7.1231,-0.013100000000000556,India,10Y,India_10Y,-0.0310866337596604,0.3976220044947581,,12.56,83.149,82.92,4.4206341791084105,2.5305171610400525,1,-0.07400000000000073,-0.040252550171596596,-0.02280609647945958,0.02254523832105626,0.0014924118456001167,0.01999999999999602,,1,1,B_India,-0.47290648318339407,-0.3698980886484186,0.43969211434205524,0.022262143576951565,0.9473033057688963,0.17492720423898298,India_10Y_B_India,2023-12_B_India
2023-12-19,7.143,7.146100000000001,-0.003100000000000769,India,10Y,India_10Y,0.1135772086983416,0.3172598969403262,,12.53,83.11099999999999,82.92,4.420177063738969,2.528125768907977,1,0.009999999999999787,0.144663842458002,-0.0803621075544319,-0.0023913921320755094,-0.00045711536944192943,0.0,,1,1,B_India,1.7036960725403243,-1.2923306688186251,-0.04606303319707502,-0.019197065838103173,-0.35319351881386923,-2.201738684889702,India_10Y_B_India,2023-12_B_India
2023-12-20,7.12,7.146100000000001,-0.026100000000000456,India,10Y,India_10Y,-0.0225666834732591,0.2998465771933953,,13.67,83.1665,82.93,4.42084462251344,2.6152036507358583,1,-0.022999999999999687,-0.1361438921716007,-0.01741331974693089,0.08707788182788123,0.0006675587744711109,0.010000000000005116,,1,1,B_India,-1.6016184221355156,-0.2834697058824802,1.6967610606323111,0.0015325388694389264,0.3970576916149649,0.45401030305871665,India_10Y_B_India,2023-12_B_India
2023-12-21,7.13,7.18605,-0.05604999999999993,India,10Y,India_10Y,-0.0634443658173638,0.2968948610636903,,13.65,83.219,82.91,4.421475687140373,2.613739521630969,1,-0.029949999999999477,-0.0408776823441047,-0.0029517161297050176,-0.0014641291048893557,0.0006310646269334086,-0.020000000000010232,,1,1,B_India,-0.480264750695522,-0.05169800925360867,-0.02800033665814378,-0.06065627525318737,0.37271305942802047,0.024828731525639157,India_10Y_B_India,2023-12_B_India
2023-12-22,7.152,7.158099999999999,-0.006099999999999106,India,10Y,India_10Y,-0.0937637278612824,0.4251522456268228,,13.03,83.19149999999999,82.92,4.421145179146582,2.567254391136754,1,0.04995000000000083,-0.030319362043918593,0.12825738456313251,-0.0464851304942151,-0.00033050799379097384,0.010000000000005116,,1,1,B_India,-0.35598552037564496,2.05115010397389,-0.9049906426794124,0.0015325388694389264,-0.26873586737283817,-0.7301797371317036,India_10Y_B_India,2023-12_B_India
2023-12-25,7.152,7.158099999999999,-0.006099999999999106,India,10Y,India_10Y,-0.0183954711026616,0.369362289119934,,13.03,83.16900000000001,82.92,4.420874682242123,2.567254391136754,1,0.0,0.0753682567586208,-0.05578995650688878,0.0,-0.0002704969044593497,0.0,,1,1,B_India,0.8880358339385104,-0.8985203218577775,0.0005202868759208928,-0.019197065838103173,-0.22870347874375888,-0.7979182433316703,India_10Y_B_India,2023-12_B_India
2023-12-26,7.17,7.1720500000000005,-0.0020500000000005514,India,10Y,India_10Y,-0.1521099937863124,0.3532734841620397,,12.99,83.16300000000001,82.91,4.420802537375199,2.5641798306825083,1,0.004049999999998555,-0.1337145226836508,-0.01608880495789433,-0.0030745604542454785,-7.214486692408428e-05,-0.010000000000005116,,1,1,B_India,-1.5730229484672578,-0.26224211259542796,-0.059370866817717874,-0.03992667054564527,-0.09638616971939074,0.4125128611671427,India_10Y_B_India,2023-12_B_India
2023-12-27,7.1579999999999995,7.15705,0.0009499999999995623,India,10Y,India_10Y,-0.0336559178391451,0.2693749155121779,,12.43,83.268,82.92,4.422064321705412,2.5201129055226197,1,0.0030000000000001137,0.11845407594716731,-0.08389856864986178,-0.04406692515988864,0.0012617843302136222,0.010000000000005116,,1,1,B_India,1.3951877571814115,-1.3490084488107041,-0.8578850126239236,0.0015325388694389264,0.7934555681700753,-1.8821200721149813,India_10Y_B_India,2023-12_B_India
2023-12-28,7.166,7.159050000000001,0.00694999999999979,India,10Y,India_10Y,-0.0671824970545759,0.3461103066780687,,12.47,83.174,82.9,4.420934798988863,2.523325759691945,1,0.006000000000000227,-0.03352657921543079,0.07673539116589079,0.0032128541693254853,-0.0011295227165488697,-0.01999999999999602,,1,1,B_India,-0.3937368359459069,1.2254228790099617,0.06310534438702536,-0.06065627525315791,-0.8017451537905769,-0.48249412707710626,India_10Y_B_India,2023-12_B_India
2023-12-29,7.135,7.12305,0.011949999999999683,India,10Y,India_10Y,-0.0380537075067866,0.2954980764357269,,12.45,83.2175,82.91,4.421457662247996,2.5217206229107165,1,0.004999999999999893,0.029128789547789295,-0.050612230242341794,-0.0016051367812286443,0.0005228632591327553,0.009999999999990905,,1,1,B_India,0.34376314358812976,-0.8155384871472416,-0.030747107307573636,0.0015325388694094678,0.30053374633378055,-0.2803520740588433,India_10Y_B_India,2023-12_B_India
2024-01-01,7.135,7.12305,0.011949999999999683,India,10Y,India_10Y,-0.1455709752357344,0.2382953373595693,0.0,12.45,83.2425,82.91,4.4217580347121075,2.5217206229107165,1,0.0,-0.10751726772894779,-0.05720273907615761,0.0,0.00030037246411129814,0.0,,1,1,B_India,-1.2646619033674336,-0.9211625558529826,0.0005202868759208928,-0.019197065838103173,0.15211387807456286,1.1649591911958428,India_10Y_B_India,2024-01_B_India
2024-01-02,7.164,7.16205,0.0019499999999998963,India,10Y,India_10Y,-0.0910457148270407,0.3174039417793902,,13.2,83.275,82.88,4.422148384079743,2.580216829592325,1,-0.009999999999999787,0.054525260408693696,0.0791086044198209,0.0584962066816086,0.0003903493676356007,-0.030000000000001137,,1,1,B_India,0.6426983682922667,1.2634576417433507,1.1400019646635327,-0.0813858799607,0.21213595748760744,0.8120221647548468,India_10Y_B_India,2024-01_B_India
2024-01-03,7.172000000000001,7.1560500000000005,0.01595000000000013,India,10Y,India_10Y,-0.0720672417986452,0.4031541062899603,,14.04,83.2907,82.89,4.4223368982822056,2.641910398597665,1,0.014000000000000234,0.018978473028395504,0.0857501645105701,0.06169356900533973,0.0001885142024624642,0.010000000000005116,,1,1,B_India,0.22428641919749367,1.369899893324772,1.2022852474919477,0.0015325388694389264,0.07749511258350546,0.30724994173284165,India_10Y_B_India,2024-01_B_India
2024-01-04,7.1690000000000005,7.113049999999999,0.055950000000001054,India,10Y,India_10Y,-0.0121292038235966,0.3810349784656859,,14.13,83.24799999999999,82.9,4.421824104547947,2.6483001966964363,1,0.040000000000000924,0.0599380379750486,-0.022119127824274387,0.006389798098771493,-0.0005127937342583877,0.010000000000005116,,1,1,B_India,0.7064107591568842,-0.3588882521906227,0.12499088542161123,0.0015325388694389264,-0.39033561977202547,-0.2535225226824651,India_10Y_B_India,2024-01_B_India
2024-01-05,7.177,7.1160499999999995,0.06095000000000006,India,10Y,India_10Y,-0.1125731267499763,0.3848319027167311,,13.35,83.132,82.9,4.420429705956827,2.5915163848462583,1,0.004999999999999005,-0.1004439229263797,0.0037969242510452195,-0.056783811850178,-0.0013943985911204493,0.0,,1,1,B_India,-1.1814034093212955,0.05646038537431996,-1.1056046547018736,-0.019197065838103173,-0.9784393959284035,-0.06670249177281581,India_10Y_B_India,2024-01_B_India
2024-01-08,7.177,7.1419999999999995,0.03500000000000014,India,10Y,India_10Y,0.0417650745599243,0.3534099521664121,,13.08,83.05000000000001,82.91,4.419442836059304,2.5710843460290524,1,-0.025949999999999918,0.1543382013099006,-0.031421950550319044,-0.0204320388172059,-0.0009868698975230572,0.009999999999990905,,1,1,B_India,1.8175704235515409,-0.5079817458115327,-0.3974872967401174,0.0015325388694094678,-0.7065838568723146,-0.9232925968911185,India_10Y_B_India,2024-01_B_India
2024-01-09,7.175,7.136,0.0389999999999997,India,10Y,India_10Y,-0.0351340517579518,0.3497500608388081,,12.76,83.114,82.9,4.420213159392454,2.546315277916644,1,0.0039999999999995595,-0.0768991263178761,-0.00365989132760397,-0.024769068112408643,0.0007703233331506354,-0.009999999999990905,,1,1,B_India,-0.9042637585672545,-0.06304771648331164,-0.48197081624097105,-0.039926670545615814,0.46561020076241405,0.057011765076282035,India_10Y_B_India,2024-01_B_India
2024-01-10,7.157,7.09905,0.057949999999999946,India,10Y,India_10Y,-0.0216347647822395,0.3374892281485042,,12.69,83.02799999999999,82.92,4.419177900304674,2.540814281726296,1,0.018950000000000244,0.013499286975712298,-0.012260832690303924,-0.005500996190347607,-0.0010352590877804602,0.01999999999999602,,1,1,B_India,0.1597923513868334,-0.2008923722353136,-0.1066368216627311,0.022262143576951565,-0.738863472046872,-0.03210106453515976,India_10Y_B_India,2024-01_B_India
2024-01-11,7.149,7.082050000000001,0.0669499999999994,India,10Y,India_10Y,0.0663705506207649,0.3697138014810698,,12.44,83.068,82.92,4.419659549480732,2.5209170873110334,1,0.008999999999999453,0.0880053154030044,0.03222457333256562,-0.01989719441526283,0.0004816491760584185,0.0,,1,1,B_India,1.0367833503217232,0.5120616197316243,-0.3870687511445273,-0.019197065838103173,0.2730405245142999,0.5308969616765217,India_10Y_B_India,2024-01_B_India
2024-01-12,7.139,7.107,0.03200000000000003,India,10Y,India_10Y,-0.118294806910752,0.4203678520711376,,12.7,82.862,82.9,4.417176573456682,2.5416019934645457,1,-0.03494999999999937,-0.18466535753151692,0.05065405059006778,0.020684906153512372,-0.002482976024050565,-0.01999999999999602,,1,1,B_India,-2.1727519166191667,0.8074252132176594,0.40345362060427836,-0.06065627525315791,-1.704611097413238,-1.7543346795453088,India_10Y_B_India,2024-01_B_India
2024-01-15,7.095,7.098050000000001,-0.0030500000000008853,India,10Y,India_10Y,0.0797230533458261,0.370175518567205,,13.25,82.832,82.9,4.416814460159546,2.583997552432231,1,-0.035050000000000914,0.1980178602565781,-0.050192333503932596,0.04239555896768543,-0.00036211329713609075,0.0,,1,1,B_India,2.3317122794708127,-0.8088089305886518,0.8263680709242893,-0.019197065838103173,-0.28981923380299757,-1.8859097151992157,India_10Y_B_India,2024-01_B_India
2024-01-16,7.101,7.08305,0.01794999999999991,India,10Y,India_10Y,-0.0566536028559548,0.3882138942840635,,13.84,83.089,82.89,4.41991232246185,2.6275629501895237,1,0.021000000000000796,-0.1363766562017809,0.018038375716858512,0.04356539775729251,0.003097862302304577,-0.010000000000005116,,1,1,B_India,-1.60435822673459,0.2847037708283083,0.849156042014073,-0.03992667054564527,2.018272310386804,-0.45676683691075576,India_10Y_B_India,2024-01_B_India
2024-01-17,7.1262,7.0889,0.03730000000000011,India,10Y,India_10Y,-0.0356448968875182,0.3558988384608819,,14.79,83.187,82.89,4.42109108561886,2.6939512767227085,1,0.0193500000000002,0.021008705968436597,-0.032315055823181615,0.06638832653318483,0.0011787631570099322,0.0,,1,1,B_India,0.24818376081857718,-0.5222952707731066,1.2937371635751982,-0.019197065838103173,0.7380735394959046,-0.12962520455822668,India_10Y_B_India,2024-01_B_India
2024-01-18,7.122199999999999,7.0936,0.02859999999999907,India,10Y,India_10Y,-0.0147726678511029,0.299906432067729,,14.13,83.17,82.92,4.420886705880596,2.6483001966964363,1,-0.00870000000000104,0.0208722290364153,-0.055992406393152894,-0.04565108002627216,-0.00020437973826403777,0.030000000000001137,,1,1,B_India,0.24657732650082628,-0.9017649242451549,-0.8887436878684098,0.04299174828449366,-0.18459782891031468,-0.22235478415259044,India_10Y_B_India,2024-01_B_India
2024-01-19,7.1345,7.1017,0.03279999999999994,India,10Y,India_10Y,-0.0361643610305654,0.2532412739583383,,13.3,83.0989,82.91,4.420031464710013,2.5877640352277083,1,0.00420000000000087,-0.021391693179462504,-0.0466651581093907,-0.06053616146872809,-0.0008552411705826657,-0.010000000000005116,,1,1,B_India,-0.25090026216409245,-0.7522799696837337,-1.178698858267307,-0.03992667054564527,-0.6187765464182469,0.18874724161444428,India_10Y_B_India,2024-01_B_India
2024-01-22,7.1337,7.1021,0.03160000000000007,India,10Y,India_10Y,-0.0066564310803634,0.4060342485434853,,13.19,83.10499999999999,82.91,4.420104868523073,2.579458966729223,1,-0.0011999999999998678,0.029507929950202003,0.152792974585147,-0.008305068498485113,7.34038130598691e-05,0.0,,1,1,B_India,0.3482259062298531,2.444374498564479,-0.16125897922767427,-0.019197065838103173,0.0007069073512271759,0.8511945249277584,India_10Y_B_India,2024-01_B_India
2024-01-23,7.1258,7.101,0.024799999999999933,India,10Y,India_10Y,0.0706666130306914,0.3247088915578403,,12.55,83.155,82.9,4.4207063361221035,2.529720665577793,1,-0.006800000000000139,0.0773230441110548,-0.08132535698564503,-0.049738301151430075,0.0006014675990302365,-0.009999999999990905,,1,1,B_India,0.9110451252549753,-1.3077683727453968,-0.9683610485381947,-0.039926670545615814,0.35296937977678117,-1.1914360009523253,India_10Y_B_India,2024-01_B_India
2024-01-24,7.1389,7.1019000000000005,0.036999999999999034,India,10Y,India_10Y,0.0264815050638915,0.3871247805537214,,13.14,83.13499999999999,82.92,4.420465792492343,2.5756610130564646,1,0.0121999999999991,-0.0441851079667999,0.06241588899588113,0.045940347478671484,-0.00024054362976055899,0.01999999999999602,,1,1,B_India,-0.5191955937692592,0.9959285987995217,0.8954190707931506,0.022262143576951565,-0.2087221528453192,-0.5170817402055039,India_10Y_B_India,2024-01_B_India
2024-01-25,7.1358999999999995,7.10065,0.03524999999999956,India,10Y,India_10Y,0.1055424420873233,0.388154287590536,,13.45,83.172,82.91,4.420910752723848,2.598979106047848,1,-0.0017499999999994742,0.07906093702343181,0.001029507036814592,0.023318092991383654,0.0004449602315048651,-0.010000000000005116,,1,1,B_India,0.9315014087724186,0.012107836376353619,0.4547470005712427,-0.03992667054564527,0.2485659465135202,0.011278466641759332,India_10Y_B_India,2024-01_B_India
2024-01-26,7.1358999999999995,7.0967,0.039199999999999235,India,10Y,India_10Y,-0.0555313288593973,0.3609054882094304,,13.26,83.12,82.91,4.420285346790972,2.5847519847577165,1,0.003949999999999676,-0.1610737709467206,-0.027248799381105582,-0.014227121290131706,-0.0006254059328760775,0.0,,1,1,B_India,-1.8950615132761708,-0.44109992880299115,-0.27661809452384417,-0.019197065838103173,-0.4654573239378381,0.8359114985834076,India_10Y_B_India,2024-01_B_India
2024-01-29,7.1358999999999995,7.10305,0.032849999999999824,India,10Y,India_10Y,-0.0030400781046109,0.3733033614014486,,13.6,83.13900000000001,82.92,4.420513905847416,2.6100697927420065,1,-0.006349999999999412,0.0524912507547864,0.012397873192018183,0.025317807984289953,0.0002285590564445883,0.010000000000005116,,1,1,B_India,0.6187565719587776,0.19430516258098487,0.4937006135399674,0.0015325388694389264,0.10420836133572137,0.12022759631250315,India_10Y_B_India,2024-01_B_India
2024-01-30,7.1429,7.1064,0.0365000000000002,India,10Y,India_10Y,0.0094725099659834,0.3713332871917258,,13.31,83.125,82.9,4.420345498976018,2.58851563240702,1,0.003650000000000375,0.0125125880705943,-0.001970074209722783,-0.02155416033498625,-0.0001684068713982967,-0.01999999999999602,,1,1,B_India,0.1481781763098215,-0.03596553453653789,-0.41934575530173795,-0.06065627525315791,-0.1606009342944958,-0.005329307317632086,India_10Y_B_India,2024-01_B_India
2024-01-31,7.127,7.08765,0.039349999999999774,India,10Y,India_10Y,-0.0901077653673388,0.2979332299315947,,14.35,83.1,82.92,4.420044701861403,2.66374994220563,1,0.002849999999999575,-0.0995802753333222,-0.0734000572601311,0.0752343097986099,-0.00030079711461539205,0.01999999999999602,,1,1,B_India,-1.1712376390963755,-1.1807520187992324,1.4660532234495018,0.022262143576951565,-0.248916239452141,1.3829412068566922,India_10Y_B_India,2024-01_B_India
2024-02-01,7.109999999999999,7.0491,0.06089999999999929,India,10Y,India_10Y,0.0962941709185005,0.3128242341570442,,13.88,82.952,82.91,4.418262127255977,2.6304489550786583,1,0.021549999999999514,0.1864019362858393,0.014891004225449478,-0.033300987126971826,-0.0017825746054258573,-0.010000000000005116,,1,1,B_India,2.1949842726009905,0.2342618108774556,-0.6481690356636178,-0.03992667054564527,-1.237385088036882,0.5142009905470427,India_10Y_B_India,2024-02_B_India
2024-02-02,7.0828,7.0158000000000005,0.06699999999999928,India,10Y,India_10Y,0.0255705568341009,0.3543420998521516,,13.85,83.00399999999999,82.89,4.418888799406448,2.6282852326333477,1,0.006099999999999994,-0.07072361408439959,0.0415178656951074,-0.0021637224453106008,0.0006266721504708528,-0.01999999999999602,,1,1,B_India,-0.8315734171694928,0.6610023731324994,-0.041628122775134405,-0.06065627525315791,0.36978291223770016,-0.5496720021829368,India_10Y_B_India,2024-02_B_India
2024-02-05,7.114,7.05755,0.05644999999999989,India,10Y,India_10Y,-0.066765327116631,0.2481363850360407,,13.67,83.041,82.87,4.419334461734279,2.6152036507358583,1,-0.010549999999999393,-0.09233588395073189,-0.10620571481611088,-0.013081581897489425,0.00044566232783171955,-0.01999999999999602,,1,1,B_India,-1.0859658004357882,-1.7065182555199243,-0.2543034655393595,-0.06065627525315791,0.24903430316767738,1.8532204633139795,India_10Y_B_India,2024-02_B_India
2024-02-06,7.075200000000001,7.0068,0.06840000000000046,India,10Y,India_10Y,-0.1087628150452203,0.2718416360403294,,13.06,83.06700000000001,82.91,4.419647511078229,2.569554123848285,1,0.011950000000000571,-0.0419974879285893,0.02370525100428869,-0.04564952688757318,0.0003130493439496007,0.03999999999999204,,1,1,B_India,-0.4934456897266284,0.3755250472728819,-0.8887134333751537,0.0637213529920063,0.16057041145769607,-0.18530121596119192,India_10Y_B_India,2024-02_B_India
2024-02-07,7.0401,7.0093,0.03080000000000016,India,10Y,India_10Y,-0.0133578104496552,0.2936648559567268,,12.83,82.982,82.9,4.418623716807568,2.551786178627545,1,-0.0376000000000003,0.0954050045955651,0.021823219916397407,-0.01776794522073999,-0.0010237942706607939,-0.009999999999990905,,1,1,B_India,1.1238831589382081,0.34536231083684343,-0.3455918660225793,-0.039926670545615814,-0.7312154853229592,0.38814688488151095,India_10Y_B_India,2024-02_B_India
2024-02-08,7.0361,7.02085,0.015249999999999986,India,10Y,India_10Y,-0.0177784152709636,0.3994536500858942,,12.79,82.983,82.9,4.418635767541157,2.548663615590751,1,-0.015550000000000175,-0.004420604821308401,0.10578879412916736,-0.003122563036793924,1.20507335887865e-05,0.0,,1,1,B_India,-0.05113801410984082,1.6910528793800461,-0.06030593707959245,-0.019197065838103173,-0.04022070033482204,-0.08647708600622374,India_10Y_B_India,2024-02_B_India
2024-02-09,7.07,7.1437,-0.07369999999999965,India,10Y,India_10Y,0.0140694511530367,0.4428018641574356,,12.93,83.005,82.9,4.418900846946039,2.559550192783766,1,-0.08894999999999964,0.0318478664240003,0.043348214071541435,0.01088657719301489,0.0002650794048824068,0.0,,1,1,B_India,0.3757686872492861,0.690336806564398,0.21258626429529343,-0.019197065838103173,0.128570471702575,0.25940695556256815,India_10Y_B_India,2024-02_B_India
2024-02-12,7.105,7.079,0.02600000000000069,India,10Y,India_10Y,0.025341251808711,0.3592510982343362,,13.93,82.975,82.9,4.418539357606038,2.6340447877917144,1,0.09970000000000034,0.0112718006556743,-0.0835507659230994,0.0744945950079483,-0.000361489340001242,0.0,,1,1,B_India,0.133573191754264,-1.3434343209195312,1.4516438882367897,-0.019197065838103173,-0.2894030024899461,-0.17944681015744396,India_10Y_B_India,2024-02_B_India
2024-02-13,7.0669,7.0922,-0.025299999999999656,India,10Y,India_10Y,0.0155024388219949,0.3781232657422535,,15.85,83.10300000000001,82.9,4.420080802292807,2.7631695003232895,1,-0.051300000000000345,-0.0098388129867161,0.018872167507917315,0.1291247125315751,0.001541444686768756,0.0,,1,1,B_India,-0.11491432713738485,0.2980666967640417,2.515815763729159,-0.019197065838103173,0.9800122896435898,-0.03425213390070277,India_10Y_B_India,2024-02_B_India
2024-02-14,7.1072,7.0924,0.014800000000000146,India,10Y,India_10Y,-0.1220427616684711,0.4229854448312391,,14.38,83.039,82.92,4.419310376955858,2.6658383522929006,1,0.0400999999999998,-0.137545200490466,0.0448621790889856,-0.09733114803038889,-0.0007704253369489322,0.01999999999999602,,1,1,B_India,-1.6181128563218277,0.7146006606996218,-1.8954498306792658,0.022262143576951565,-0.5621973299477389,-1.1563045162141303,India_10Y_B_India,2024-02_B_India
2024-02-15,7.1289,7.0922,0.03669999999999973,India,10Y,India_10Y,-0.0195342970668788,0.3361757435149904,,14.01,82.993,82.92,4.418756266890606,2.6397713603489157,1,0.021899999999999586,0.1025084646015923,-0.08680970131624871,-0.026066991943984874,-0.0005541100652521891,0.0,,1,1,B_India,1.207496131177886,-1.39566428139047,-0.5072538304592246,-0.019197065838103173,-0.4178970494593203,-1.685259220202157,India_10Y_B_India,2024-02_B_India
2024-02-16,7.089700000000001,7.0736,0.01610000000000067,India,10Y,India_10Y,0.0742994406071884,0.3898622196992394,,14.24,83.018,82.89,4.419057451754127,2.65605490598383,1,-0.020599999999999064,0.0938337376740672,0.05368647618424899,0.016283545634914187,0.0003011848635212644,-0.030000000000001137,,1,1,B_India,1.1053881864351103,0.8560249704414724,0.31771695573679,-0.0813858799607,0.1526558160607588,0.946239889619468,India_10Y_B_India,2024-02_B_India
2024-02-19,7.0832,7.0656,0.017599999999999838,India,10Y,India_10Y,-0.0427903736439431,0.4215034812747082,,14.71,83.031,82.9,4.419214032040989,2.688527534613346,1,0.0014999999999991687,-0.1170898142511315,0.031641261575468815,0.032472628629516276,0.00015658028686171832,0.010000000000005116,,1,1,B_India,-1.3773378480399245,0.5027130606655428,0.63307353181255,0.0015325388694389264,0.056192534443108295,-0.6924057251586427,India_10Y_B_India,2024-02_B_India
2024-02-20,7.053,7.0598,-0.006800000000000139,India,10Y,India_10Y,0.0217085712138884,0.3678432523256753,,15.42,82.89500000000001,82.91,4.417574746691429,2.7356653681351832,1,-0.024399999999999977,0.0644989448578315,-0.05366022894903294,0.04713783352183709,-0.0016392853495599269,0.009999999999990905,,1,1,B_India,0.760096002721895,-0.8643878298806396,0.9187455988365939,0.0015325388694094678,-1.141799234804025,-0.6570177342937276,India_10Y_B_India,2024-02_B_India
2024-02-21,7.0829,7.05875,0.02415000000000056,India,10Y,India_10Y,-0.0012833203382009,0.3206106044002979,,15.34,82.935,82.9,4.418057168458006,2.73046379593911,1,0.0309500000000007,-0.0229918915520893,-0.04723264792537735,-0.005201572196073201,0.00048242176657709024,-0.009999999999990905,,1,1,B_India,-0.26973577922125846,-0.7613749553403839,-0.10080416729553879,-0.039926670545615814,0.2735559066584849,0.20537006685828932,India_10Y_B_India,2024-02_B_India
2024-02-22,7.061999999999999,7.0453,0.01669999999999927,India,10Y,India_10Y,0.0226078269306976,0.3238303111703844,,14.54,82.842,82.89,4.416935179162071,2.6769034721053733,1,-0.007450000000001289,0.0238911472688985,0.0032197067700864834,-0.05356032383373677,-0.0011219892959353217,-0.010000000000005116,,1,1,B_India,0.28211222444525047,0.047209497407352384,-1.0428124542897133,-0.03992667054564527,-0.7967197355709321,0.013318376328530467,India_10Y_B_India,2024-02_B_India
2024-02-23,7.0742,7.08215,-0.007950000000000124,India,10Y,India_10Y,0.0862176349402193,0.3549048665813822,,13.75,82.8865,82.89,4.417472202076891,2.6210388241125804,1,-0.024649999999999395,0.0636098080095217,0.031074555410997795,-0.05586464799279289,0.0005370229148207173,0.0,,1,1,B_India,0.7496302051314361,0.4936306343519743,-1.0876997266084043,-0.019197065838103173,0.3099794145538996,0.3700404336884314,India_10Y_B_India,2024-02_B_India
2024-02-26,7.0745000000000005,7.06515,0.009350000000000414,India,10Y,India_10Y,-0.0057124516971455,0.401305567431868,,13.74,82.8735,82.9,4.417315348794717,2.620311286794203,1,0.017300000000000537,-0.09193008663736481,0.04640070085048581,-0.0007275373183772693,-0.00015685328217429628,0.010000000000005116,,1,1,B_India,-1.0811892662582594,0.7392580782586675,-0.013651836262078686,0.0015325388694389264,-0.15289372919245153,-0.7992778992079796,India_10Y_B_India,2024-02_B_India
2024-02-27,7.0591,7.056649999999999,0.0024500000000005073,India,10Y,India_10Y,-0.0856165440915865,0.4412270941150504,,13.43,82.9045,82.9,4.417689342935812,2.5974910105351463,1,-0.006899999999999906,-0.079904092394441,0.039921526683182385,-0.022820276259056804,0.00037399414109540174,0.0,,1,1,B_India,-0.9396344293288001,0.6354183361901502,-0.4440091647649557,-0.019197065838103173,0.20122566086966473,-0.5970609457110875,India_10Y_B_India,2024-02_B_India
2024-02-28,7.0655,7.06205,0.003449999999999953,India,10Y,India_10Y,0.0285033341309395,0.3732489977526698,,13.84,82.92500000000001,82.9,4.417936584833116,2.6275629501895237,1,0.0009999999999994458,0.114119878222526,-0.06797809636238061,0.030071939654377378,0.0002472418973038515,0.0,,1,1,B_India,1.3441710478982987,-1.0938559103462135,0.5863091131190972,-0.019197065838103173,0.11667137032794665,-1.4703294452598172,India_10Y_B_India,2024-02_B_India
2024-02-29,7.0666,7.09495,-0.028349999999999653,India,10Y,India_10Y,-0.0045027510093676,0.2948881446495467,,13.4,82.91,82.88,4.417755682128127,2.5952547069568657,1,-0.031799999999999606,-0.033006085140307104,-0.07836085310312307,-0.03230824323265802,-0.00018090270498927197,-0.020000000000010232,,1,1,B_India,-0.38761023614562545,-1.26025717601362,-0.6288307991782465,-0.06065627525318737,-0.16893669477026196,0.48848858159885833,India_10Y_B_India,2024-02_B_India
2024-03-01,7.058,7.04185,0.016149999999999665,India,10Y,India_10Y,0.0757686023586743,0.3178596729885037,,13.11,82.846,82.89,4.416983462682914,2.5733752977756086,1,0.04449999999999932,0.0802713533680419,0.022971528338956992,-0.02187940918125708,-0.000772219445212663,0.010000000000005116,,1,1,B_India,0.9457489033925706,0.36376589859891156,-0.42568146700120607,0.0015325388694389264,-0.5633941494032134,0.3440311996915336,India_10Y_B_India,2024-03_B_India
2024-03-04,7.0568,7.0747,-0.017900000000000027,India,10Y,India_10Y,-0.0612771759885197,0.3954886618812912,,13.49,82.916,82.89,4.417828047137265,2.6019486702196644,1,-0.03404999999999969,-0.137045778347194,0.07762898889278752,0.028573372444055778,0.0008445844543505387,0.0,,1,1,B_India,-1.6122342887271834,1.2397442963816743,0.5571176496727738,-0.019197065838103173,0.5151485460418603,-1.998758263880491,India_10Y_B_India,2024-03_B_India
2024-03-05,7.047000000000001,7.0600000000000005,-0.0129999999999999,India,10Y,India_10Y,-0.1180276061766362,0.4490941927635232,,14.46,82.896,82.9,4.417586810072432,2.671386216730619,1,0.0049000000000001265,-0.0567504301881165,0.053605530882231966,0.06943754651095446,-0.000241237064832589,0.010000000000005116,,1,1,B_India,-0.6670987194547859,0.8547276848513546,1.353134695369424,0.0015325388694389264,-0.20918473172201874,-0.5701877440468925,India_10Y_B_India,2024-03_B_India
2024-03-06,7.0433,7.067550000000001,-0.024250000000000327,India,10Y,India_10Y,-0.1286228232502329,0.3963421160548132,,14.5,82.805,82.89,4.416488446041455,2.6741486494265287,1,-0.011250000000000426,-0.010595217073596688,-0.052752076708710016,0.002762432695909922,-0.0010983640309776277,-0.010000000000005116,,1,1,B_India,-0.12381776206411954,-0.8498331517752158,0.05433132218362494,-0.03992667054564527,-0.7809597185676584,0.10522443898070445,India_10Y_B_India,2024-03_B_India
2024-03-07,6.9857,7.0593,-0.07360000000000078,India,10Y,India_10Y,-0.0158518613608109,0.3621142768965994,,14.44,82.713,82.89,4.415376784355421,2.67000213346468,1,-0.04935000000000045,0.11277096188942198,-0.03422783915821376,-0.004146515961848785,-0.0011116616860338269,0.0,,1,1,B_India,1.3282933060910982,-0.5529508640653857,-0.08025211245071927,-0.019197065838103173,-0.789830360660547,-0.7344809313353406,India_10Y_B_India,2024-03_B_India
2024-03-08,6.9867,7.055899999999999,-0.06919999999999948,India,10Y,India_10Y,0.0992521822064969,0.3002387545681897,,14.74,82.744,82.9,4.415751504075502,2.6905648867611904,1,0.004400000000001292,0.1151040435673078,-0.061875522328409704,0.020562753296510472,0.0003747197200816288,0.010000000000005116,,1,1,B_India,1.3557554010983832,-0.9960518233933687,0.40107413396165414,0.0015325388694389264,0.2017096824110372,-1.3504026393394526,India_10Y_B_India,2024-03_B_India
2024-03-11,6.9885,7.0291,-0.040599999999999525,India,10Y,India_10Y,0.1034564869334598,0.3055634884661616,,15.22,82.731,82.89,4.415594380642636,2.7226103524335397,1,0.02859999999999996,0.004204304726962899,0.0053247338979718895,0.03204546567234923,-0.00015712343286633512,-0.010000000000005116,,1,1,B_India,0.05038354327451146,0.08094612315047939,0.6247525757927734,-0.03992667054564527,-0.1530739421766277,0.0040783524986561116,India_10Y_B_India,2024-03_B_India
2024-03-12,6.9922,7.0116499999999995,-0.01944999999999908,India,10Y,India_10Y,-0.0421853526230384,0.4473437725871159,,13.84,82.78585000000001,82.89,4.416257153067412,2.6275629501895237,1,0.021150000000000446,-0.1456418395564982,0.14178028412095428,-0.09504740224401598,0.0006627724247758593,0.0,,1,1,B_India,-1.7134162798490145,2.2678774778402886,-1.8509634164667905,-0.019197065838103173,0.39386479821394454,-3.885818191234473,India_10Y_B_India,2024-03_B_India
2024-03-13,7.0174,7.0245,-0.00709999999999944,India,10Y,India_10Y,-0.0039051549967752,0.3413510530865378,,13.75,82.835,82.88,4.4168506773905,2.6210388241125804,1,0.012349999999999639,0.0382801976262632,-0.10599271950057809,-0.006524126076943304,0.0005935243230883458,-0.010000000000005116,,1,1,B_India,0.45148197764507675,-1.7031046447640443,-0.12656696458837924,-0.03992667054564527,0.3476705539591633,-0.7689210531545866,India_10Y_B_India,2024-03_B_India
2024-03-14,7.0009,7.0341000000000005,-0.033200000000000784,India,10Y,India_10Y,0.0296662533816732,0.3629291586308958,,14.4,82.9425,82.89,4.418147596635488,2.667228206581955,1,-0.026100000000001344,0.0335714083784484,0.021578105544358017,0.04618938246937443,0.0012969192449876488,0.010000000000005116,,1,1,B_India,0.3960560493895548,0.3414339377891947,0.9002701684135239,0.0015325388694389264,0.8168934790353628,0.13522697652830748,India_10Y_B_India,2024-03_B_India
2024-03-15,7.0121,7.0512999999999995,-0.039199999999999235,India,10Y,India_10Y,-0.046934423539474,0.323789892278242,,14.41,82.888,82.89,4.417490298949451,2.667922410011431,1,-0.005999999999998451,-0.0766006769211472,-0.0391392663526538,0.0006942034294761257,-0.0006572976860370616,0.0,,1,1,B_India,-0.9007507886761777,-0.6316648050538272,0.014043079778560045,-0.019197065838103173,-0.4867317762236159,0.5689725713312189,India_10Y_B_India,2024-03_B_India
2024-03-18,7.0369,7.0703499999999995,-0.033449999999999314,India,10Y,India_10Y,-0.0158606751375488,0.3912128923046701,,14.33,82.92500000000001,82.9,4.417936584833116,2.6623552418400807,1,0.005749999999999922,0.031073748401925203,0.06742300002642809,-0.0055671681713502785,0.0004462858836653538,0.010000000000005116,,1,1,B_India,0.36665674621842503,1.076176035354668,-0.10792582421884318,0.0015325388694389264,0.24945026677943644,0.39458720348138737,India_10Y_B_India,2024-03_B_India
2024-03-19,7.0649,7.088150000000001,-0.02325000000000088,India,10Y,India_10Y,-0.0126116509570999,0.303160530561543,,13.82,83.03450000000001,82.89,4.419256184083412,2.626116818339524,1,0.010199999999998433,0.0032490241804489003,-0.08805236174312708,-0.03623842350055684,0.0013195992502961218,-0.010000000000005116,,1,1,B_India,0.039139185489853366,-1.4155800198586503,-0.7053890695298372,-0.03992667054564527,0.832022929220829,-0.055404648972978025,India_10Y_B_India,2024-03_B_India
2024-03-20,7.0709,7.09305,-0.022149999999999892,India,10Y,India_10Y,0.0099648387517225,0.3884114291591734,,13.04,83.2005,84.11,4.42125335742449,2.5680215564985067,1,0.001100000000000989,0.022576489708822402,0.08525089859763041,-0.0580952618410171,0.0019971733410777404,1.2199999999999989,,1,1,B_India,0.2666377337066445,1.3618983112890728,-1.1311511528539617,2.5098147084807363,1.28402121202605,0.3631334792610246,India_10Y_B_India,2024-03_B_India
2024-03-21,7.0823,7.0938,-0.011499999999999844,India,10Y,India_10Y,-0.0467917681813072,0.2911144078246563,,12.92,83.20150000000001,84.13,4.421265376510799,2.558776498354456,1,0.010650000000000048,-0.0567566069330297,-0.09729702133451712,-0.009245058144050855,1.2019086309322802e-05,0.01999999999999602,,1,1,B_India,-0.6671714243057348,-1.563741350715529,-0.179569584977927,0.022262143576951565,-0.04024181170281509,1.0432835442026531,India_10Y_B_India,2024-03_B_India
2024-03-22,7.0599,7.0888,-0.028900000000000148,India,10Y,India_10Y,-0.016753335929522,0.2925785336516224,,13.06,83.58699999999999,84.13,4.425888005606561,2.569554123848285,1,-0.017400000000000304,0.030038432251785204,0.0014641258269660895,0.010777625493829213,0.00462262909576161,0.0,,1,1,B_India,0.3544703102495457,0.019073338753988502,0.21046393069404573,-0.019197065838103173,3.0354185999180068,0.006760932305620988,India_10Y_B_India,2024-03_B_India
2024-03-25,7.0273,7.066750000000001,-0.03945000000000043,India,10Y,India_10Y,0.0340411286032128,0.28468140945124,,13.19,83.4148,84.09,4.42382575165446,2.579458966729223,1,-0.010550000000000281,0.0507944645327348,-0.00789712420038241,0.00990484288093807,-0.00206225395210069,-0.03999999999999204,,1,1,B_India,0.5987841445556965,-0.1309565513490175,0.1934624898742304,-0.10211548466821264,-1.4239544774999358,-0.07841470657348559,India_10Y_B_India,2024-03_B_India
2024-03-26,7.0703,7.0957,-0.02540000000000031,India,10Y,India_10Y,0.0801459073456106,0.3191757909624865,,13.24,83.3295,84.12,4.422802628136104,2.5832425505088623,1,0.014050000000000118,0.046104778742397795,0.03449438151124651,0.003783583779639166,-0.001023123518356428,0.030000000000001137,,1,1,B_India,0.543583078108141,0.5484391409608967,0.07422291885579464,0.04299174828449366,-0.7307680377391662,0.2981222363985089,India_10Y_B_India,2024-03_B_India
2024-03-27,7.0705,7.0777,-0.007200000000000095,India,10Y,India_10Y,0.0380523446593313,0.2890353259193191,,12.78,83.3215,84.11,4.422706619111183,2.5478814489493886,1,0.018200000000000216,-0.0420935626862793,-0.03014046504316742,-0.035361101559473695,-9.600902492135077e-05,-0.010000000000005116,,1,1,B_India,-0.4945765606037575,-0.4874437696603915,-0.6882992044924926,-0.03992667054564527,-0.11230554825246607,0.24107826308636662,India_10Y_B_India,2024-03_B_India
2024-03-28,7.0605,7.0789,-0.01839999999999975,India,10Y,India_10Y,0.0044925016805207,0.3155511373462316,,13.01,83.37950000000001,84.1,4.42340247579279,2.565718292524414,1,-0.011199999999999655,-0.0335598429788106,0.026515811426912506,0.017836843575025352,0.0006958566816077649,-0.010000000000005116,,1,1,B_India,-0.3941283750158395,0.42056903927205114,0.3479745509435299,-0.03992667054564527,0.4159347496470903,-0.16575819203026632,India_10Y_B_India,2024-03_B_India
2024-03-29,7.053599999999999,7.0785,-0.02490000000000059,India,10Y,India_10Y,-0.0315661393206918,0.3804578923010545,,13.01,83.365,84.12,4.423228557012422,2.565718292524414,1,-0.0065000000000008384,-0.0360586410012125,0.0649067549548229,0.0,-0.00017391878036843167,0.020000000000010232,,1,1,B_India,-0.42354107382773903,1.035848945440151,0.0005202868759208928,0.022262143576981024,-0.16427783608778274,-0.4387245746750526,India_10Y_B_India,2024-03_B_India
2024-04-01,7.053599999999999,7.0785,-0.02490000000000059,India,10Y,India_10Y,-0.0473331399942318,0.2946198908835906,,13.65,83.3875,84.11,4.423498418035634,2.613739521630969,1,0.0,-0.015767000673539998,-0.0858380014174639,0.04802122910655493,0.0002698610232121368,-0.010000000000005116,,1,1,B_India,-0.1846934759000209,-1.3800911444053574,0.935953775915552,-0.03992667054564527,0.13176020888921205,0.2548938305190631,India_10Y_B_India,2024-04_B_India
2024-04-02,7.1126000000000005,7.0785,0.03410000000000046,India,10Y,India_10Y,0.0565841765336566,0.3852025979839614,,14.61,83.3495,84.1,4.4230426103785705,2.681706225762608,1,0.05900000000000105,0.1039173165278884,0.09058270710037081,0.06796670413163897,-0.000455807657063545,-0.010000000000005116,,1,1,B_India,1.2240793591968038,1.447349574889495,1.3244833000530423,-0.03992667054564527,-0.35232116587494405,1.7716707401644993,India_10Y_B_India,2024-04_B_India
2024-04-03,7.0534,7.08675,-0.033350000000000435,India,10Y,India_10Y,-0.0336223634060476,0.2914645252333059,,14.33,83.51050000000001,84.11,4.424972372454124,2.6623552418400807,1,-0.0674500000000009,-0.0902065399397042,-0.09373807275065549,-0.01935098392252721,0.0019297620755533984,0.010000000000005116,,1,1,B_India,-1.0609018482868753,-1.5067031706264278,-0.37642879884684666,0.0015325388694389264,1.2390522902900065,1.5984641785372724,India_10Y_B_India,2024-04_B_India
2024-04-04,7.0698,7.0601,0.009699999999999598,India,10Y,India_10Y,-0.01491098833531,0.3904460521426641,,16.35,83.36500000000001,84.1,4.423228557012422,2.7942278973432626,1,0.04305000000000003,0.0187113750707376,0.09898152690935819,0.13187265550318195,-0.0017438154417019902,-0.010000000000005116,,1,1,B_India,0.22114247890642766,1.5819548903394691,2.569344545258436,-0.03992667054564527,-1.211529501637548,0.34983742596781614,India_10Y_B_India,2024-04_B_India
2024-04-05,7.0656,7.059699999999999,0.00590000000000046,India,10Y,India_10Y,-0.0719709040034381,0.3377704483076192,,16.03,83.32050000000001,84.1,4.422694617334919,2.7744619666214616,1,-0.0037999999999991374,-0.0570599156681281,-0.05267560383504488,-0.019765930721800995,-0.0005339396775028149,0.0,,1,1,B_India,-0.6707415921994536,-0.8486075444259491,-0.384511789212404,-0.019197065838103173,-0.40444172294924724,0.5691963755007297,India_10Y_B_India,2024-04_B_India
2024-04-08,7.0984,7.1089,-0.010500000000000398,India,10Y,India_10Y,-0.0578451254427987,0.3650243840620527,,15.19,83.285,84.09,4.422268460929071,2.7206373166076814,1,-0.01640000000000086,0.014125778560639402,0.027253935754433467,-0.05382465001378023,-0.00042615640584831027,-0.009999999999990905,,1,1,B_India,0.16716662018745387,0.43239873203923507,-1.0479614178927465,-0.039926670545615814,-0.3325413147639726,0.07228263460833945,India_10Y_B_India,2024-04_B_India
2024-04-09,7.0854,7.1281,-0.04269999999999996,India,10Y,India_10Y,-0.0128948359255775,0.364096888968455,,14.98,83.1925,84.12,4.421157199533158,2.7067159780890733,1,-0.03219999999999956,0.0449502895172212,-0.0009274950935976856,-0.013921338518608106,-0.001111261395912777,0.030000000000001137,,1,1,B_India,0.5299938870021458,-0.019256438020691304,-0.2706615738313014,0.04299174828449366,-0.7895633338515236,-0.01020579443640209,India_10Y_B_India,2024-04_B_India
2024-04-10,7.0977,7.1122,-0.014499999999999957,India,10Y,India_10Y,0.0350107694044279,0.3660735811133154,,15.8,83.3963,84.11,4.423603943872174,2.760009940032921,1,0.028200000000000003,0.0479056053300054,0.0019766921448604036,0.05329396194384772,0.002446744339016149,-0.010000000000005116,,1,1,B_India,0.5647801374778496,0.027288082310620947,1.0386644096608546,-0.03992667054564527,1.5839224653823907,0.015411766878899376,India_10Y_B_India,2024-04_B_India
2024-04-11,7.0946,7.09515,-0.0005500000000004945,India,10Y,India_10Y,-0.0053716156873187,0.3513530801340577,,14.91,83.33359999999999,84.11,4.422851829189017,2.702032128776647,1,0.013949999999999463,-0.040382385091746596,-0.0147205009792577,-0.05797781125627388,-0.000752114683157501,0.0,,1,1,B_India,-0.4744347361143646,-0.24031272336400863,-1.1288632645112393,-0.019197065838103173,-0.5499826006902777,0.11401270349412773,India_10Y_B_India,2024-04_B_India
2024-04-12,7.0753,7.12165,-0.04634999999999945,India,10Y,India_10Y,0.0743502119407637,0.3788765075550107,,17.31,83.565,84.12,4.425624772140888,2.851284369188118,1,-0.04579999999999895,0.0797218276280824,0.027523427420952984,0.1492522404114709,0.002772942951871471,0.010000000000005116,,1,1,B_India,0.9392805794488535,0.4367177925272553,2.9078916014520075,0.0015325388694389264,1.8015240751103674,0.4102005412206245,India_10Y_B_India,2024-04_B_India
2024-04-15,7.1287,7.16795,-0.03925000000000001,India,10Y,India_10Y,-0.0337560392556394,0.3843212718036319,,19.23,83.5115,84.07,4.4249843469245524,2.9564715596006885,1,0.00709999999999944,-0.1081062511964031,0.0054447642486212255,0.10518719041257052,-0.0006404252163356716,-0.05000000000001137,,1,1,B_India,-1.2715946739147703,0.08286981285691124,2.0495228293051357,-0.1228450893757842,-0.47547643539009316,-0.10537681265716209,India_10Y_B_India,2024-04_B_India
2024-04-16,7.1201,7.19345,-0.07335000000000047,India,10Y,India_10Y,-0.1341268457532949,0.2995841723090549,,18.4,83.6645,84.1,4.426814753714014,2.91235066461494,1,-0.03410000000000046,-0.1003708064976555,-0.08473709949457703,-0.04412089498574856,0.0018304067894616693,0.030000000000001137,,1,1,B_India,-1.1805427749374888,-1.3624473261094705,-0.8589363222935488,0.04299174828449366,1.1727740495602308,1.608427347071436,India_10Y_B_India,2024-04_B_India
2024-04-17,7.1114999999999995,7.20615,-0.09465000000000057,India,10Y,India_10Y,-0.1116422374794698,0.3992760412096314,,18.21,83.6613,84.11,4.426776504980102,2.9019708937395166,1,-0.021300000000000097,0.02248460827382509,0.09969186890057652,-0.01037977087542341,-3.824873391256034e-05,0.010000000000005116,,1,1,B_India,0.2655562213355953,1.593339324102769,-0.2016733151221567,0.0015325388694389264,-0.07377462933821621,0.42312117021414275,India_10Y_B_India,2024-04_B_India
2024-04-18,7.1424,7.17905,-0.03664999999999985,India,10Y,India_10Y,-0.0607901067349256,0.3396065178223026,,18.0,83.53999999999999,84.1,4.425325559069029,2.8903717578961645,1,0.05800000000000072,0.0508521307445442,-0.05966952338732878,-0.011599135843352038,-0.00145094591107231,-0.010000000000005116,,1,1,B_India,0.5994629184719423,-0.9606969532926006,-0.22542603548321208,-0.03992667054564527,-1.0161611622462308,-0.5759021993878857,India_10Y_B_India,2024-04_B_India
2024-04-19,7.1291,7.26375,-0.13464999999999971,India,10Y,India_10Y,-0.0980811609945881,0.3101083008314979,,18.71,83.38550000000001,84.11,4.42347443333787,2.9290581402859983,1,-0.09799999999999986,-0.037291054259662504,-0.029498216990804738,0.038686382389833796,-0.0018511257311590867,0.010000000000005116,,1,1,B_India,-0.43804748837489754,-0.47715065662171163,0.7541148601623386,0.0015325388694389264,-1.2831143913519507,0.20901464670957395,India_10Y_B_India,2024-04_B_India
2024-04-22,7.0995,7.17545,-0.07594999999999974,India,10Y,India_10Y,-0.0469507064370694,0.3789898239582129,,16.94,83.37,84.1,4.423288532422522,2.8296776892239084,1,0.058699999999999974,0.051130454557518704,0.06888152312671503,-0.09938045106208993,-0.00018590091534775866,-0.010000000000005116,,1,1,B_India,0.60273899537364,1.0995513388461318,-1.9353693979354465,-0.03992667054564527,-0.1722709168573686,0.6627424693378582,India_10Y_B_India,2024-04_B_India
2024-04-23,7.1688,7.1727,-0.0038999999999997925,India,10Y,India_10Y,0.0375457942289823,0.3093619180628392,,15.69,83.29650000000001,84.1,4.422406531483344,2.753023566744941,1,0.07204999999999995,0.0844965006660517,-0.06962790589537371,-0.07665412247896741,-0.0008820009391783401,0.0,,1,1,B_India,0.9954820085888118,-1.1202969029703527,-1.4926700077886517,-0.019197065838103173,-0.6366275380929096,-1.1152354111847518,India_10Y_B_India,2024-04_B_India
2024-04-24,7.1353,7.19675,-0.06144999999999978,India,10Y,India_10Y,-0.049378552011809,0.360577854643801,,15.97,83.3249,84.09,4.422747424073071,2.770711962226921,1,-0.05754999999999999,-0.08692434624079129,0.051215936580961796,0.0176883954819802,0.0003408925897270265,-0.009999999999990905,,1,1,B_India,-1.022268003597161,0.8164303880840469,0.34508284408383294,-0.039926670545615814,0.17914417254204124,-0.834610662902734,India_10Y_B_India,2024-04_B_India
