date,ytm_green,ytm_conv,greenium,country,tenor,pair_id,sentiment,signaling_noise,sentiment_climatebert,vix,fx,cds,log_fx,log_vix,post,greenium_fd,sentiment_fd,signaling_noise_fd,log_vix_fd,log_fx_fd,cds_fd,sentiment_climatebert_fd,post_stack,treated_unit,stack_id,sentiment_fd_z,signaling_noise_fd_z,log_vix_fd_z,cds_fd_z,log_fx_fd_z,sent_x_noise_stack,pair_stack,month_stack
2023-01-30,7.385,7.30615,0.07885000000000009,India,10Y,India_10Y,-0.0940426224246385,0.2871747499843916,,19.94,81.525,80.5,4.400909721675383,2.9927277645336923,0,0.11399999999999988,-0.0914200469980028,-0.031091655505673,0.07441663794828601,0.00012266928376547526,0.0,,0,0,A_Indo,-0.8900742963109857,-0.46266637074110917,1.3942389404669748,0.02422351434052551,0.044199389498179024,0.41180744436415034,India_10Y_A_Indo,2023-01_A_Indo
2023-01-31,7.324,7.3241499999999995,-0.0001499999999996504,India,10Y,India_10Y,0.0102998227588578,0.3326536354173707,,19.4,81.7685,80.54,4.403892083869639,2.9652730660692823,0,-0.07899999999999974,0.1043424451834963,0.04547888543297912,-0.027454698464409955,0.002982362194256183,0.04000000000000625,,0,0,A_Indo,1.0303082370664836,0.6636378394282302,-0.4580324815538324,0.03410402459608341,0.872659550513214,0.6837515323919099,India_10Y_A_Indo,2023-01_A_Indo
2023-02-01,7.268,7.2522,0.015799999999999592,India,10Y,India_10Y,-0.0933279484653523,0.3636593628838367,,17.87,81.7575,80.52,4.403757548688486,2.8831233291713367,0,0.015949999999999243,-0.1036277712242101,0.031005727466466015,-0.08214973689794558,-0.00013453518115280616,-0.020000000000010232,,0,0,A_Indo,-1.0098291079454949,0.45074684306985213,-1.452522788487135,0.019283259212744805,-0.030313384806465234,-0.45517728244647676,India_10Y_A_Indo,2023-02_A_Indo
2023-02-02,7.2,7.2102,-0.010200000000000209,India,10Y,India_10Y,-0.0499183937473215,0.2878899253908121,,18.73,82.04400000000001,80.51,4.4072556887196574,2.930126516455997,0,-0.0259999999999998,0.043409554718030804,-0.07576943749302462,0.04700318728466035,0.003498140031171104,-0.009999999999990905,,0,0,A_Indo,0.43257137106053933,-1.119848275642352,0.8957949911552142,0.021753386776638666,1.0220816749136972,-0.484414303974393,India_10Y_A_Indo,2023-02_A_Indo
2023-02-03,7.197,7.1982,-0.0011999999999998678,India,10Y,India_10Y,-0.0862419084831025,0.2890508915300032,,18.33,82.23349999999999,80.52,4.409562761618289,2.9085390618516134,0,0.009000000000000341,-0.03632351473578099,0.0011609661391910886,-0.021587454604383716,0.0023070728986311906,0.009999999999990905,,0,0,A_Indo,-0.3495906876943682,0.011749287060153815,-0.35135155921934114,0.02669364190441235,0.677026559106031,-0.004107441343277713,India_10Y_A_Indo,2023-02_A_Indo
2023-02-06,7.239,7.25315,-0.014149999999999885,India,10Y,India_10Y,-0.0255731479613585,0.3608861136967463,,19.43,82.75,80.5,4.415824014257172,2.9668182633893485,0,-0.012950000000000017,0.060668760521744,0.0718352221667431,0.05827920153773514,0.006261252638883441,-0.01999999999999602,,0,0,A_Indo,0.6018799908889408,1.0513228768326652,1.1008206606983766,0.019283259212748313,1.8225622815866822,0.6327702035293796,India_10Y_A_Indo,2023-02_A_Indo
2023-02-07,7.268,7.25315,0.01485000000000003,India,10Y,India_10Y,-0.1722738098281863,0.3468831243284415,,18.66,82.87,80.54,4.417273114860951,2.926382195419198,0,0.028999999999999915,-0.1467006618668278,-0.014002989368304797,-0.040436067970150535,0.0014491006037786747,0.04000000000000625,,0,0,A_Indo,-1.4323637106183662,-0.21130290405074528,-0.6940657034678523,0.03410402459608341,0.4284698476729892,0.30266261171056213,India_10Y_A_Indo,2023-02_A_Indo
2023-02-08,7.2490000000000006,7.28315,-0.03414999999999946,India,10Y,India_10Y,-0.0607637519617921,0.2926859318717819,,19.63,82.655,80.53,4.414675318504975,2.9770590082883697,0,-0.04899999999999949,0.1115100578663942,-0.054197192456659604,0.050676812869171695,-0.002597796355975568,-0.010000000000005116,,0,0,A_Indo,1.1006207777828652,-0.8025342001582948,0.962590538607626,0.021753386776635155,-0.7439262842997798,-0.883285815575572,India_10Y_A_Indo,2023-02_A_Indo
2023-02-09,7.244,7.3231,-0.07910000000000039,India,10Y,India_10Y,-0.0395464626355019,0.323450679620648,,20.71,82.53999999999999,80.53,4.413283024324436,3.030616675407493,0,-0.044950000000000934,0.021217289326290203,0.030764747748866117,0.05355766711912313,-0.001392294180539544,0.0,,0,0,A_Indo,0.21487063401197606,0.447202183894522,1.0149715535829749,0.02422351434052551,-0.3946893006006,0.09609061678495626,India_10Y_A_Indo,2023-02_A_Indo
2023-02-10,7.246,7.36405,-0.11804999999999932,India,10Y,India_10Y,-0.00324047857429,0.3433657442165603,,20.53,82.52000000000001,80.51,4.4130406882030515,3.0218872310308424,0,-0.03894999999999893,0.036305984061211896,0.019915064595912302,-0.008729444376650353,-0.00024233612138413463,-0.01999999999999602,,0,0,A_Indo,0.3628870670758919,0.28761020943053245,-0.11756131234953013,0.019283259212748313,-0.06154358577454528,0.10437002536132894,India_10Y_A_Indo,2023-02_A_Indo
2023-02-13,7.304,7.3341,-0.030100000000000016,India,10Y,India_10Y,-0.0270219574388755,0.3557526447386475,,20.34,82.59700000000001,80.51,4.413973360254769,3.012589390620414,0,0.0879499999999993,-0.023781478864585502,0.012386900522087185,-0.00929784041042847,0.0009326720517170983,0.0,,0,0,A_Indo,-0.22655635996570977,0.1768756790582301,-0.12789615006572574,0.02422351434052551,0.2788592094732813,-0.04007231001389573,India_10Y_A_Indo,2023-02_A_Indo
2023-02-14,7.297000000000001,7.3450500000000005,-0.048049999999999926,India,10Y,India_10Y,-0.1218850495132389,0.4007275520692244,,18.91,82.91499999999999,80.52,4.417815986666062,2.9396908826703663,0,-0.01794999999999991,-0.0948630920743634,0.04497490733057691,-0.07289850795004771,0.003842626411293182,0.009999999999990905,,0,0,A_Indo,-0.9238497328238391,0.6562246404144795,-1.284312695224559,0.02669364190441235,1.1218802375133614,-0.6062529587193367,India_10Y_A_Indo,2023-02_A_Indo
2023-02-15,7.268,7.3251,-0.05710000000000015,India,10Y,India_10Y,-0.1200232291210994,0.3241130922873043,,18.23,82.765,80.53,4.416005266712129,2.9030685886905716,0,-0.009050000000000225,0.0018618203921395016,-0.07661445978192011,-0.03662229397979466,-0.0018107199539327823,0.010000000000005116,,0,0,A_Indo,0.024998181673090057,-1.132278018856945,-0.624721913338659,0.026693641904415862,-0.515908289648875,-0.0283048916198324,India_10Y_A_Indo,2023-02_A_Indo
2023-02-16,7.297000000000001,7.3121,-0.015099999999999447,India,10Y,India_10Y,-0.0914361213793572,0.3781678294058891,,20.17,82.715,80.53,4.415400964058979,3.0041963519661206,0,0.0420000000000007,0.02858710774174221,0.05405473711858483,0.10112776327554895,-0.000604302653149702,0.0,,0,0,A_Indo,0.28716676388590495,0.7897831916861472,1.8799128879772897,0.02422351434052551,-0.1664061918566434,0.22679948332799224,India_10Y_A_Indo,2023-02_A_Indo
2023-02-17,7.332,7.34605,-0.014050000000000118,India,10Y,India_10Y,-0.0459992285941111,0.3882494897604657,,20.02,82.765,80.5,4.416005266712129,2.9967317738870745,0,0.0010499999999993292,0.0454368927852461,0.010081660354576583,-0.0074645780790461025,0.000604302653149702,-0.030000000000001137,,0,0,A_Indo,0.4524590654301119,0.14296705474540347,-0.0945629324496309,0.016813131648857962,0.18372977658502243,0.0646867399774009,India_10Y_A_Indo,2023-02_A_Indo
2023-02-20,7.316,7.34705,-0.031050000000000466,India,10Y,India_10Y,-0.0736446457610644,0.3417633170109002,,21.23,82.7205,80.5,4.415467455229279,3.055415275715165,0,-0.017000000000000348,-0.027645417166953304,-0.04648617274956551,0.058683501828090456,-0.0005378114828502589,0.0,,0,0,A_Indo,-0.26446065686767056,-0.6891099791154116,1.1081718342483737,0.02422351434052551,-0.14714353415998102,0.1822424777309285,India_10Y_A_Indo,2023-02_A_Indo
2023-02-21,7.302,7.36305,-0.061050000000000715,India,10Y,India_10Y,-0.0732514649707599,0.3798416367969712,,22.87,82.84899999999999,80.48,4.4170196737936935,3.12982600803469,0,-0.03000000000000025,0.0003931807903044954,0.03807831978607101,0.07441073231952489,0.0015522185644147868,-0.01999999999999602,,0,0,A_Indo,0.010591183643173633,0.5547802011829241,1.3941315616127408,0.019283259212748313,0.45834337778482076,0.005875778992325164,India_10Y_A_Indo,2023-02_A_Indo
2023-02-22,7.3149999999999995,7.417,-0.10200000000000031,India,10Y,India_10Y,-0.0977213704081638,0.3176274957346467,,22.29,82.83500000000001,80.52,4.416850677390501,3.1041381473977774,0,-0.0409499999999996,-0.02446990543740389,-0.06221414106232448,-0.02568786063691242,-0.0001689964031923452,0.03999999999999204,,0,0,A_Indo,-0.2333096575520913,-0.9204584417345163,-0.42590702477214293,0.0341040245960799,-0.04029688669050229,0.21475184383201157,India_10Y_A_Indo,2023-02_A_Indo
2023-02-23,7.332,7.398,-0.06599999999999984,India,10Y,India_10Y,-0.057169542447825,0.3602732396261012,,21.14,82.6175,80.51,4.4142215224936185,3.051166980442092,0,0.036000000000000476,0.04055182796033879,0.04264574389145448,-0.0529711669556856,-0.002629154896882646,-0.009999999999990905,,0,0,A_Indo,0.40453776518700413,0.6219641199127647,-0.9219846298383418,0.021753386776638666,-0.7530109317294986,0.2516079750960117,India_10Y_A_Indo,2023-02_A_Indo
2023-02-24,7.329,7.3870000000000005,-0.05800000000000072,India,10Y,India_10Y,-0.1554287232620571,0.3051491714633102,,21.67,82.9254,80.5,4.417941408457298,3.075928815548268,0,0.007999999999999119,-0.09825918081423209,-0.05512406816279097,0.024761835106176022,0.003719885963679559,-0.010000000000005116,,0,0,A_Indo,-0.9571645390728172,-0.8161679553508544,0.4913925117334122,0.021753386776635155,1.086322024035261,0.7812070247894042,India_10Y_A_Indo,2023-02_A_Indo
2023-02-27,7.3420000000000005,7.3870000000000005,-0.04499999999999993,India,10Y,India_10Y,-0.176578477908726,0.3760079908643005,,20.95,82.652,80.49,4.414639022401358,3.0421386463681466,0,0.013000000000000789,-0.021149754646668906,0.07085881940099026,-0.03379016918012123,-0.003302386055939799,-0.010000000000005116,,0,0,A_Indo,-0.2007397841526688,1.0369606099293989,-0.5732269196067645,0.021753386776635155,-0.9480476758451881,-0.20815924901204733,India_10Y_A_Indo,2023-02_A_Indo
2023-02-28,7.368,7.469950000000001,-0.10195000000000043,India,10Y,India_10Y,-0.0667012950752171,0.4005510742747089,,20.7,82.64500000000001,80.5,4.414554326369317,3.0301337002713233,0,-0.0569500000000005,0.10987718283350889,0.024543083410408395,-0.012004946096823232,-8.469603204108722e-05,0.010000000000005116,,0,0,A_Indo,1.0846026700371083,0.35568543799246904,-0.1771179888662435,0.026693641904415862,-0.015874859135937232,0.38577737573995025,India_10Y_A_Indo,2023-02_A_Indo
2023-03-01,7.368,7.450950000000001,-0.0829500000000003,India,10Y,India_10Y,-0.0466175723093524,0.3399223654900353,,20.58,82.435,80.5,4.412010104013142,3.0243197304059035,0,0.019000000000000128,0.020083722765864703,-0.06062870878467358,-0.005813969865419821,-0.002544222356175574,0.0,,0,0,A_Indo,0.20375062119029808,-0.8971377360510179,-0.06455081588460523,0.02422351434052551,-0.7284057630795813,-0.18279237101365256,India_10Y_A_Indo,2023-03_A_Indo
2023-03-02,7.383,7.42695,-0.04394999999999971,India,10Y,India_10Y,-0.062713508603717,0.3529212926602869,,19.59,82.35499999999999,80.51,4.411039171234639,2.9750192319564492,0,0.03900000000000059,-0.016095936294364593,0.012998927170251584,-0.04930049844945428,-0.0009709327785030197,0.010000000000005116,,0,0,A_Indo,-0.15116305276517925,0.18587820381661826,-0.8552428493412252,0.026693641904415862,-0.2726198526203274,-0.02809791673142821,India_10Y_A_Indo,2023-03_A_Indo
2023-03-03,7.354,7.42795,-0.07394999999999996,India,10Y,India_10Y,-0.0845054218055602,0.3014013588956482,,18.49,81.71000000000001,80.52,4.403176393396616,2.9172300453990334,0,-0.03000000000000025,-0.021791913201843205,-0.0515199337646387,-0.05778918655741583,-0.007862777838022694,0.009999999999990905,,0,0,A_Indo,-0.20703920371600526,-0.7631534187302058,-1.0095880748630286,0.02669364190441235,-2.2692045372047307,0.15800267612704894,India_10Y_A_Indo,2023-03_A_Indo
2023-03-06,7.354,7.39595,-0.04194999999999993,India,10Y,India_10Y,-0.0245152423416795,0.2949740603265699,,18.61,81.815,80.51,4.404460600880859,2.9236990706541595,0,0.03200000000000003,0.0599901794638807,-0.006427298569078255,0.0064690252551260485,0.0012842074842431828,-0.009999999999990905,,0,0,A_Indo,0.5952232754145931,-0.09986928561847903,0.15878424223653945,0.021753386776638666,0.38069990011690563,-0.0594445232991466,India_10Y_A_Indo,2023-03_A_Indo
2023-03-07,7.354,7.39595,-0.04194999999999993,India,10Y,India_10Y,-0.0407272357986901,0.4384318399108083,,19.59,82.025,80.52,4.407024078847165,2.9750192319564492,0,0.0,-0.0162119934570106,0.1434577795842384,0.05132016130228978,0.0025634779663059604,0.009999999999990905,,0,0,A_Indo,-0.15230154536166757,2.1048453800503397,0.9742881952697406,0.02669364190441235,0.7513077460375538,-0.3205712041290332,India_10Y_A_Indo,2023-03_A_Indo
2023-03-08,7.3870000000000005,7.41695,-0.029949999999999477,India,10Y,India_10Y,-0.088215001842473,0.3810398432038341,,19.11,81.955,80.49,4.406170316141323,2.950211758252182,0,0.012000000000000455,-0.047487766043782895,-0.0573919967069742,-0.02480747370426739,-0.0008537627058418096,-0.030000000000001137,,0,0,A_Indo,-0.4591092832701023,-0.849527749292017,-0.4098994252541326,0.016813131648857962,-0.238675390644376,0.3900260760955211,India_10Y_A_Indo,2023-03_A_Indo
2023-03-09,7.3580000000000005,7.5039,-0.14589999999999925,India,10Y,India_10Y,0.0377627909703694,0.4108495001691659,,22.61,82.025,80.51,4.407024078847165,3.1183922862898785,0,-0.11594999999999978,0.12597779281284238,0.029809656965331777,0.16818052803769667,0.0008537627058418096,0.020000000000010232,,0,0,A_Indo,1.2425457460394742,0.43315340276536,3.099097050176337,0.029163769468306216,0.255998975372755,0.5382129179886211,India_10Y_A_Indo,2023-03_A_Indo
2023-03-10,7.348,7.40395,-0.055950000000000166,India,10Y,India_10Y,0.0683199884569873,0.3632977472474495,,24.8,81.965,80.54,4.40629232687842,3.2108436531709366,0,0.08994999999999909,0.030557197486617893,-0.04755175292171637,0.09245136688105804,-0.0007317519687450869,0.030000000000001137,,0,0,A_Indo,0.30649286610847815,-0.7047839892432498,1.7221546641867063,0.031633897032193055,-0.20332857612107497,-0.21601126485053046,India_10Y_A_Indo,2023-03_A_Indo
2023-03-13,7.339,7.324,0.015000000000000568,India,10Y,India_10Y,0.0031848188094958,0.2424588655267189,,26.52,82.2625,80.55,4.409915353782238,3.277899165317662,0,0.07095000000000073,-0.0651351696474915,-0.12083888172073062,0.06705551214672534,0.003623026903817994,0.009999999999990905,,0,0,A_Indo,-0.6322260292941777,-1.7827912842901248,1.2603955706215628,0.02669364190441235,1.0582617130716938,1.1271270547270131,India_10Y_A_Indo,2023-03_A_Indo
2023-03-14,7.274,7.325,-0.051000000000000156,India,10Y,India_10Y,-0.0910538411209661,0.4442978839209795,,23.73,82.26,80.61,4.409884962802278,3.166740070447672,0,-0.06600000000000072,-0.09423865993046189,0.20183901839426063,-0.11115909486998987,-3.0390979960159825e-05,0.060000000000002274,,0,0,A_Indo,-0.9177242050525839,2.9635964644825656,-1.979984257384607,0.039044279723860605,-0.00014255024855568279,-2.7197642094639107,India_10Y_A_Indo,2023-03_A_Indo
2023-03-15,7.209,7.37495,-0.16595000000000049,India,10Y,India_10Y,-0.0303741284603222,0.3990915103773264,,26.14,82.9075,80.59,4.4177255284953665,3.2634667081960758,0,-0.11495000000000033,0.0606797126606439,-0.045206373543653144,0.09672663774840373,0.007840565693088664,-0.01999999999999602,,0,0,A_Indo,0.6019874287132765,-0.6702849425397218,1.7998896024710305,0.019283259212748313,2.280093208204775,-0.40350310906471343,India_10Y_A_Indo,2023-03_A_Indo
2023-03-16,7.258,7.324,-0.06599999999999984,India,10Y,India_10Y,-0.038275223824973,0.4364383006484961,,22.99,82.625,80.49,4.414312298171851,3.1350593387750902,0,0.09995000000000065,-0.007901095364650796,0.037346790271169716,-0.12840736942098552,-0.0034132303235159256,-0.10000000000000853,,0,0,A_Indo,-0.07077365227349285,0.5440198648656375,-2.293600306363781,-0.0004777612983674877,-0.9801595363274223,-0.038502272745873194,India_10Y_A_Indo,2023-03_A_Indo
2023-03-17,7.237,7.307,-0.07000000000000028,India,10Y,India_10Y,-0.0321671223357223,0.3360474502090958,,25.51,82.53999999999999,80.5,4.413283024324436,3.23907053215372,0,-0.004000000000000448,0.0061081014892507,-0.10039085043940027,0.10401119337862985,-0.0010292738474149132,0.010000000000005116,,0,0,A_Indo,0.0666531685903128,-1.4820136818400025,1.9323407382971725,0.026693641904415862,-0.2895214056392642,-0.09878090778883188,India_10Y_A_Indo,2023-03_A_Indo
2023-03-20,7.237,7.287,-0.04999999999999982,India,10Y,India_10Y,-0.0595501207082627,0.2992419349365227,,24.15,82.53,81.8,4.413161863604593,3.184284380098582,0,0.020000000000000462,-0.0273829983725404,-0.03680551527257314,-0.05478615205513826,-0.00012116071984280552,1.2999999999999972,,0,0,A_Indo,-0.2618863921880337,-0.5467136326891859,-0.9549855224298596,0.3453400976461064,-0.02643877004285721,0.14317686082498476,India_10Y_A_Indo,2023-03_A_Indo
2023-03-21,7.1850000000000005,7.288,-0.10299999999999976,India,10Y,India_10Y,-0.0778782867631949,0.3494123304796466,,21.38,82.7045,81.73,4.415274014092208,3.062455905596899,0,-0.052999999999999936,-0.018328166054932205,0.050170395543123913,-0.12182847450168266,0.002112150487615594,-0.06999999999999318,,0,0,A_Indo,-0.1730606849158009,0.7326469847775057,-2.173979817651081,0.00693262139330357,0.6205570509910111,-0.1267923889870915,India_10Y_A_Indo,2023-03_A_Indo
2023-03-22,7.1850000000000005,7.288,-0.10299999999999976,India,10Y,India_10Y,-0.0981228792518682,0.2847513328363441,,22.26,82.525,81.74,4.413101277739257,3.102791345847399,0,0.0,-0.020244592488673302,-0.06466099764330252,0.04033544025049984,-0.0021727363529517874,0.009999999999990905,,0,0,A_Indo,-0.19186036308115217,-0.9564501538871591,0.774558952485751,0.02669364190441235,-0.6207853423985369,0.18350487379381422,India_10Y_A_Indo,2023-03_A_Indo
2023-03-23,7.205,7.258,-0.052999999999999936,India,10Y,India_10Y,0.122792572407057,0.18681748954841,,22.61,82.265,81.71,4.409945743838613,3.1183922862898785,0,0.04999999999999982,0.2209154516589252,-0.09793384328793409,0.015600940442479505,-0.0031555339006432703,-0.030000000000001137,,0,0,A_Indo,2.173861136317268,-1.4458726612178587,0.3248249179112776,0.016813131648857962,-0.9055042405776962,-3.143126386285127,India_10Y_A_Indo,2023-03_A_Indo
2023-03-24,7.183,7.218999999999999,-0.03599999999999959,India,10Y,India_10Y,-0.0928604298296342,0.3246361634504137,,21.74,82.339,81.76,4.4108448715024045,3.0791538816930633,0,0.017000000000000348,-0.2156530022366912,0.1378186739020037,-0.03923840459681527,0.0008991276637910772,0.05000000000001137,,0,0,A_Indo,-2.108769433728066,2.0218977033899455,-0.6722892379992647,0.03657415215997376,0.26914131671619723,-4.263716075033693,India_10Y_A_Indo,2023-03_A_Indo
2023-03-27,7.179,7.218999999999999,-0.03999999999999915,India,10Y,India_10Y,0.0263736171426427,0.3101193630559731,,20.6,82.2,81.69,4.409155302062135,3.0252910757955354,0,-0.0039999999999995595,0.11923404697227691,-0.014516800394440588,-0.0538628058975279,-0.001689569440269878,-0.07000000000000739,,0,0,A_Indo,1.1763912361666027,-0.21886073915121593,-0.9381968185549466,0.00693262139330006,-0.48081068399757404,-0.25746585547843526,India_10Y_A_Indo,2023-03_A_Indo
2023-03-28,7.17,7.220000000000001,-0.05000000000000071,India,10Y,India_10Y,-0.0417748792480271,0.3210330940642156,,19.97,82.1995,81.72,4.409149219318573,2.994231147427724,0,-0.010000000000001563,-0.0681484963906698,0.0109137310082425,-0.031059928367811462,-6.082743561286463e-06,0.030000000000001137,,0,0,A_Indo,-0.6617860332585415,0.15520628760041397,-0.523584427322291,0.031633897032193055,0.006899606399497314,-0.1027133534078623,India_10Y_A_Indo,2023-03_A_Indo
2023-03-29,7.172000000000001,7.226,-0.05399999999999938,India,10Y,India_10Y,-0.0264409342262462,0.3643051625677374,,19.12,82.2055,81.74,4.409222209799431,2.9507349076232554,0,-0.003999999999998671,0.015333945021780898,0.04327206850352178,-0.043496239804468484,7.29904808576265e-05,0.01999999999999602,,0,0,A_Indo,0.15715645437356804,0.6311769586736827,-0.7497071531119125,0.029163769468302705,0.02980731652241035,0.09919353290744806,India_10Y_A_Indo,2023-03_A_Indo
2023-03-30,7.172000000000001,7.226,-0.05399999999999938,India,10Y,India_10Y,-0.0646959211389361,0.3221882173102515,,19.02,82.1,81.73,4.407938016458383,2.9454910571172443,0,0.0,-0.0382549869126899,-0.04211694525748588,-0.005243850506011061,-0.0012841933410481232,-0.009999999999990905,,0,0,A_Indo,-0.3685379609483351,-0.6248414071660551,-0.05418464387037368,0.021753386776638666,-0.36337221806968045,0.23027777811306635,India_10Y_A_Indo,2023-03_A_Indo
2023-03-31,7.2379999999999995,7.1610499999999995,0.07695000000000007,India,10Y,India_10Y,0.0542789727172592,0.405374685625252,,18.7,82.185,81.72,4.4089728036584885,2.928523523860541,0,0.13094999999999946,0.11897489385619531,0.08318646831500048,-0.016967533256703415,0.0010347872001057468,-0.010000000000005116,,0,0,A_Indo,1.1738490069987595,1.2182925256130497,-0.26735002762437926,0.021753386776635155,0.30844222237854363,1.4300914714248891,India_10Y_A_Indo,2023-03_A_Indo
2023-04-03,7.2379999999999995,7.25095,-0.012950000000000017,India,10Y,India_10Y,-0.121304410863092,0.3760994425679658,,18.55,82.205,81.7,4.40921612746284,2.920469789053444,0,-0.08990000000000009,-0.1755833835803512,-0.029275243057286182,-0.008053734807096813,0.00024332380435154732,-0.01999999999999602,,0,0,A_Indo,-1.7156962002948255,-0.43594809288982456,-0.10527525064322646,0.019283259212748313,0.07915330471936861,0.7479544864968476,India_10Y_A_Indo,2023-04_A_Indo
2023-04-04,7.2379999999999995,7.25095,-0.012950000000000017,India,10Y,India_10Y,-0.1009819370086267,0.3355370084655005,,19.0,82.11,81.73,4.4080598117206975,2.9444389791664403,0,0.0,0.020322473854465298,-0.040562434102465295,0.02396919011299614,-0.0011563157421425885,0.030000000000001137,,0,0,A_Indo,0.2060927114204753,-0.6019755316323082,0.47698027645334184,0.031633897032193055,-0.32632575906324246,-0.1240627695228845,India_10Y_A_Indo,2023-04_A_Indo
2023-04-05,7.186999999999999,7.202,-0.015000000000000568,India,10Y,India_10Y,-0.0227069908844611,0.3249580406863284,,19.08,81.945,81.72,4.40604829051579,2.9486406660201405,0,-0.0020500000000005514,0.0782749461241656,-0.01057896777917211,0.004201686853700259,-0.0020115212049072184,-0.010000000000005116,,0,0,A_Indo,0.7745923983247084,-0.16093771289138475,0.11755845416993733,0.021753386776635155,-0.574080912346938,-0.12466112900943105,India_10Y_A_Indo,2023-04_A_Indo
2023-04-06,7.166,7.10305,0.06295000000000073,India,10Y,India_10Y,-0.0329600726709612,0.3627358022483516,,18.4,81.84,81.76,4.404766121643371,2.91235066461494,0,0.0779500000000013,-0.010253081786500102,0.03777776156202323,-0.036290001405200556,-0.0012821688724189428,0.04000000000000625,,0,0,A_Indo,-0.09384606820428697,0.5503591798737335,-0.6186800171454363,0.03410402459608341,-0.3627857244638993,-0.051649045131285834,India_10Y_A_Indo,2023-04_A_Indo
2023-04-07,7.166,7.10305,0.06295000000000073,India,10Y,India_10Y,-0.0371204258470286,0.3435721955613449,,18.4,81.88499999999999,81.73,4.40531582390183,2.91235066461494,0,0.0,-0.004160353176067395,-0.01916360668700673,0.0,0.0005497022584588507,-0.030000000000001137,,0,0,A_Indo,-0.034077879345941836,-0.28721231962851523,0.041161454214417185,0.016813131648857962,0.16791190620770796,0.009787586774968625,India_10Y_A_Indo,2023-04_A_Indo
2023-04-10,7.166,7.10305,0.06295000000000073,India,10Y,India_10Y,-0.1080190447201281,0.3459430172605969,,18.97,81.985,81.74,4.406536303701832,2.9428587839469227,0,0.0,-0.0708986188730995,0.0023708216992520126,0.03050811933198272,0.001220479800001506,0.009999999999990905,,0,0,A_Indo,-0.6887640673091613,0.029545496859496388,0.5958740904490538,0.02669364190441235,0.3622378312163273,-0.020349876587616784,India_10Y_A_Indo,2023-04_A_Indo
2023-04-11,7.147,7.22295,-0.07594999999999974,India,10Y,India_10Y,-0.0024191551833187,0.3896145763418018,,19.1,82.07,81.75,4.4075725416416205,2.9496883350525844,0,-0.13890000000000047,0.1055998895368094,0.0436715590812049,0.006829551105661746,0.0010362379397887977,0.010000000000005116,,0,0,A_Indo,1.0426434609691186,0.6370532123092418,0.16533948881877428,0.026693641904415862,0.30886250527920134,0.6642193661036027,India_10Y_A_Indo,2023-04_A_Indo
2023-04-12,7.151,7.133,0.017999999999999794,India,10Y,India_10Y,-0.0550232214279416,0.3678362490001866,,19.09,81.96000000000001,81.72,4.406231323370699,2.949164637737656,0,0.09394999999999953,-0.0526040662446229,-0.021778327341615222,-0.0005236973149282953,-0.0013412182709213738,-0.030000000000001137,,0,0,A_Indo,-0.509298946426308,-0.3256732060947839,0.03163934913177669,0.016813131648857962,-0.3798924823299984,0.16586502074335133,India_10Y_A_Indo,2023-04_A_Indo
2023-04-13,7.156000000000001,7.1259999999999994,0.030000000000001137,India,10Y,India_10Y,-0.060591825217183,0.2387579305249936,,17.8,81.67500000000001,81.73,4.402747957487134,2.8791984572980396,0,0.012000000000001343,-0.0055686037892414,-0.12907831847519297,-0.06996618043961655,-0.003483365883565348,0.010000000000005116,,0,0,A_Indo,-0.04789247605453979,-1.9039881857644152,-1.2309957697886016,0.026693641904415862,-1.00047798281455,0.09118670859484891,India_10Y_A_Indo,2023-04_A_Indo
2023-04-14,7.156000000000001,7.1259999999999994,0.030000000000001137,India,10Y,India_10Y,0.0968626771527248,0.3165722701657245,,17.07,81.845,81.73,4.404827214596318,2.837322536806349,0,0.0,0.1574545023699078,0.07781433964073087,-0.04187592049169053,0.002079257109183885,0.0,,0,0,A_Indo,1.5513246268556267,1.139271911820481,-0.7202457632519779,0.02422351434052551,0.6110277573064015,1.767380573492004,India_10Y_A_Indo,2023-04_A_Indo
2023-04-17,7.156000000000001,7.1259999999999994,0.030000000000001137,India,10Y,India_10Y,-0.0352082200430728,0.3177554287123977,,16.95,82.005,81.71,4.406780221015072,2.830267833826459,0,0.0,-0.1320708971957976,0.0011831585466732242,-0.007054702979889971,0.0019530064187547325,-0.020000000000010232,,0,0,A_Indo,-1.2888492700910081,0.012075723332831436,-0.0871103951658437,0.019283259212744805,0.5744526177389689,-0.015563787203340753,India_10Y_A_Indo,2023-04_A_Indo
2023-04-18,7.151,7.165,-0.014000000000000234,India,10Y,India_10Y,0.0033023717110995,0.3659370879903155,,16.83,82.10499999999999,81.73,4.407998915943801,2.8231630082027146,0,-0.04400000000000137,0.0385105917541723,0.04818165927791779,-0.007104825623744482,0.0012186949287285032,0.020000000000010232,,0,0,A_Indo,0.38451373344763756,0.7033939326120167,-0.08802174809471591,0.029163769468306216,0.3617207495615809,0.2704646271130625,India_10Y_A_Indo,2023-04_A_Indo
2023-04-19,7.151,7.161,-0.009999999999999787,India,10Y,India_10Y,0.0329498164521854,0.2145750701286789,,16.46,82.28,81.7,4.4101280647847565,2.800933195248924,0,0.004000000000000448,0.0296474447410859,-0.15136201786163658,-0.022229812953790784,0.002129148840955608,-0.030000000000001137,,0,0,A_Indo,0.29756841248744403,-2.231767304592999,-0.3630312137247363,0.016813131648857962,0.6254815163045409,-0.6641034538691206,India_10Y_A_Indo,2023-04_A_Indo
2023-04-20,7.122,7.14495,-0.022949999999999804,India,10Y,India_10Y,0.026670709734273,0.2966502061076901,,17.17,82.14,81.75,4.408425108528412,2.843163674909384,0,-0.012950000000000017,-0.006279106717912399,0.0820751359790112,0.04223047966046023,-0.0017029562563442013,0.04999999999999716,,0,0,A_Indo,-0.05486233733352423,1.2019455301030544,0.8090154293150403,0.03657415215997025,-0.4846888779671879,-0.06594154112903537,India_10Y_A_Indo,2023-04_A_Indo
2023-04-21,7.181,7.125,0.05600000000000005,India,10Y,India_10Y,0.0392707334352793,0.2812729526735428,,16.77,82.055,81.74,4.407389754131591,2.8195915758351173,0,0.07894999999999985,0.0126000237010063,-0.015377253434147309,-0.023572099074266717,-0.0010353543968211198,-0.010000000000005116,,0,0,A_Indo,0.13033734978648423,-0.23151745894703332,-0.3874372763983471,0.021753386776635155,-0.2912829559517631,-0.030175372028457485,India_10Y_A_Indo,2023-04_A_Indo
2023-04-24,7.165,7.095000000000001,0.0699999999999994,India,10Y,India_10Y,0.0098037629548738,0.2610212703904944,,16.89,81.96000000000001,81.74,4.406231323370699,2.826721730819709,0,0.013999999999999346,-0.029466970480405502,-0.02025168228304841,0.007130154984591464,-0.0011584307608920597,0.0,,0,0,A_Indo,-0.2823296527503254,-0.303217223208681,0.17080520659471898,0.02422351434052551,-0.32693848526447505,0.08560721333642482,India_10Y_A_Indo,2023-04_A_Indo
2023-04-25,7.121,7.0360499999999995,0.08495000000000097,India,10Y,India_10Y,-0.003811717146779,0.3138074619913096,,18.76,81.99000000000001,81.77,4.406597288608086,2.9317269435780786,0,0.014950000000001573,-0.0136154801016528,0.05278619160081521,0.10500521275836983,0.00036596523738730014,0.030000000000001137,,0,0,A_Indo,-0.12683037956404658,0.771123689742703,1.9504144551527978,0.031633897032193055,0.1146828334275682,-0.0978019102608951,India_10Y_A_Indo,2023-04_A_Indo
2023-04-26,7.102,7.0360499999999995,0.06595000000000084,India,10Y,India_10Y,-0.0903922369870565,0.3654553044455177,,18.84,81.75999999999999,81.71,4.403788126455394,2.935982269148217,0,-0.019000000000000128,-0.08658051984027751,0.051647842454208115,0.004255325570138524,-0.002809162152692224,-0.060000000000002274,,0,0,A_Indo,-0.8425997095301586,0.754379294042358,0.11853373794524759,0.009402748957190413,-0.8051594822206378,-0.635639774035657,India_10Y_A_Indo,2023-04_A_Indo
2023-04-27,7.093,7.04605,0.046949999999999825,India,10Y,India_10Y,-0.0336818167774931,0.391435624159944,,17.03,81.715,81.72,4.403237583545021,2.834976494674597,0,-0.019000000000001016,0.056710420209563406,0.02598031971442627,-0.10100577447362014,-0.000550542910373153,0.010000000000005116,,0,0,A_Indo,0.5630496331837077,0.3768262746690768,-1.795371923129681,0.026693641904415862,-0.15083186043336333,0.2121718957264068,India_10Y_A_Indo,2023-04_A_Indo
2023-04-28,7.09,7.053,0.03699999999999992,India,10Y,India_10Y,0.0360728926781958,0.3179691797966797,,15.78,81.745,81.75,4.403604645827376,2.7587433154177283,0,-0.009949999999999903,0.0697547094556889,-0.07346644436326427,-0.07623317925686868,0.00036706228235505733,0.030000000000001137,,0,0,A_Indo,0.691010944614899,-1.0859727038331057,-1.344945220338733,0.031633897032193055,0.11500065008798468,-0.7504190239017103,India_10Y_A_Indo,2023-04_A_Indo
2023-05-01,7.09,7.053,0.03699999999999992,India,10Y,India_10Y,-0.0298204739414016,0.2901527387105085,,16.08,81.78999999999999,81.71,4.4041549867468825,2.77757626375082,0,0.0,-0.0658933666195974,-0.027816441086171206,0.018832948333091792,0.0005503409195064535,-0.04000000000000625,,0,0,A_Indo,-0.639663757563094,-0.41449003889505737,0.3835907696448257,0.014343004084967609,0.16809692790440486,0.2651342557520854,India_10Y_A_Indo,2023-05_A_Indo
2023-05-02,7.09,7.053,0.03699999999999992,India,10Y,India_10Y,-0.1049348692194363,0.3375175551909439,,17.78,81.77000000000001,81.74,4.403910428173886,2.8780742300857587,0,0.0,-0.0751143952780347,0.04736481648043539,0.10049796633493857,-0.00024455857299621186,0.030000000000001137,,0,0,A_Indo,-0.7301198106001509,0.6913786918866307,1.868461630775334,0.031633897032193055,-0.06218743554374084,-0.5047892795732468,India_10Y_A_Indo,2023-05_A_Indo
2023-05-03,7.099,6.99705,0.10195000000000043,India,10Y,India_10Y,0.0530512325085242,0.2435354929165182,,18.34,81.78,81.74,4.404032714936497,2.9090844668283187,0,0.06495000000000051,0.15798610172796052,-0.09398206227442571,0.031010236742559982,0.0001222867626102797,0.0,,0,0,A_Indo,1.5565394875298186,-1.3877444628452262,0.6050038198004344,0.02422351434052551,0.044088572166477984,-2.1600790550194517,India_10Y_A_Indo,2023-05_A_Indo
2023-05-04,7.02,6.99005,0.029949999999999477,India,10Y,India_10Y,-0.0390817135650632,0.3796318271990964,,20.09,81.725,81.74,4.403359952610274,3.000222178826843,0,-0.07200000000000095,-0.09213294607358741,0.1360963342825782,0.09113771199852438,-0.0006727623262223759,0.0,,0,0,A_Indo,-0.8970676632096065,1.9965631773317503,1.698269187829964,0.02422351434052551,-0.18623912971118103,-1.7910522639393405,India_10Y_A_Indo,2023-05_A_Indo
2023-05-05,7.02,6.99005,0.029949999999999477,India,10Y,India_10Y,-0.1085148260664536,0.3616059798716439,,17.19,81.725,81.71,4.403359952610274,2.844327819394758,0,0.0,-0.06943311250139039,-0.018025847327452493,-0.15589435943208496,0.0,-0.030000000000001137,,0,0,A_Indo,-0.6743878055062911,-0.2704765993225531,-2.7933813818635005,0.016813131648857962,0.008661792364189527,0.18240612025794095,India_10Y_A_Indo,2023-05_A_Indo
2023-05-08,7.02,7.058,-0.038000000000000256,India,10Y,India_10Y,-0.1464768930853173,0.3567912535947897,,16.98,81.78,81.71,4.404032714936497,2.8320361808832013,0,-0.06794999999999973,-0.037962067018863704,-0.004814726276854198,-0.01229163851155679,0.0006727623262223759,0.0,,0,0,A_Indo,-0.36566448788659517,-0.07614936749240045,-0.1823307620114766,0.02422351434052551,0.20356271443956006,0.02784511946699675,India_10Y_A_Indo,2023-05_A_Indo
2023-05-09,7.02,7.048,-0.02800000000000047,India,10Y,India_10Y,-0.0629798787316181,0.3408608035434775,,17.71,82.125,81.74,4.408242476804775,2.8741294517947424,0,0.009999999999999787,0.0834970143536992,-0.015930450051312217,0.042093270911541136,0.00420976186827815,0.030000000000001137,,0,0,A_Indo,0.8258196201706789,-0.23965463117183805,0.8065206368304844,0.031633897032193055,1.2282402941097545,-0.19791149648647144,India_10Y_A_Indo,2023-05_A_Indo
2023-05-10,7.027,7.048,-0.020999999999999908,India,10Y,India_10Y,0.0413445563221102,0.3009244349998793,,16.94,81.92500000000001,81.75,4.405804194584879,2.8296776892239084,0,0.007000000000000561,0.10432443505372829,-0.039936368543598166,-0.04445176257083405,-0.0024382822198960596,0.010000000000005116,,0,0,A_Indo,1.0301315620648277,-0.5927665033800588,-0.7670809068639898,0.026693641904415862,-0.6977146416524834,-0.6106274840666059,India_10Y_A_Indo,2023-05_A_Indo
2023-05-11,7.032,7.0280000000000005,0.0039999999999995595,India,10Y,India_10Y,-0.0078672298187036,0.3551008994838845,,16.93,82.1,81.78,4.407938016458383,2.829087196145044,0,0.024999999999999467,-0.0492117861408138,0.054176464484005205,-0.0005904930788642737,0.0021338218735040826,0.030000000000001137,,0,0,A_Indo,-0.47602150197265297,0.7915737242132145,0.030424837876624047,0.031633897032193055,0.6268353054765654,-0.3768061131220609,India_10Y_A_Indo,2023-05_A_Indo
2023-05-12,7.014,7.029,-0.01499999999999968,India,10Y,India_10Y,-0.0561526420500516,0.2424275346043329,,17.03,82.2005,81.78,4.409161384768695,2.834976494674597,0,-0.01899999999999924,-0.048285412231347996,-0.11267336487955162,0.005889298529552889,0.0012233683103124449,0.0,,0,0,A_Indo,-0.4669339987676705,-1.662681697970276,0.14824338467862253,0.02422351434052551,0.3630746398500499,0.7763626139110812,India_10Y_A_Indo,2023-05_A_Indo
2022-09-21,4.748013,5.0480350000000005,-0.30002200000000023,Indonesia,10Y,Indonesia_10Y,-0.0665431880180393,0.4384134226632147,,27.99,14997.5,128.51,9.615638799527249,3.331847303527362,0,-0.008095000000000852,-0.1034287581756936,0.12168369714360361,0.03010200083686687,0.0010006671949085444,5.859999999999985,,0,1,A_Indo,-1.0078768382434369,1.7845624040542587,0.5884898574651088,1.471718266779528,0.29855757186386384,-1.798619113446313,Indonesia_10Y_A_Indo,2022-09_A_Indo
2022-09-22,4.780651,5.063441,-0.2827900000000003,Indonesia,10Y,Indonesia_10Y,-0.1043184548670528,0.4421825344738186,,27.35,15017.5,134.52,9.616971466724317,3.3087165288679903,0,0.017231999999999914,-0.0377752668490135,0.003769111810603909,-0.023130774659371856,0.0013326671970688153,6.010000000000019,,0,1,A_Indo,-0.36383202355997796,0.0501134596836796,-0.379412913213023,1.5087701802378728,0.394738799658527,-0.01823288144430452,Indonesia_10Y_A_Indo,2022-09_A_Indo
2022-09-23,4.9451625,5.054773,-0.10961049999999961,Indonesia,10Y,Indonesia_10Y,-0.1066018021109353,0.4352672869989675,,29.92,15037.5,141.35,9.618302360282934,3.3985271531062766,0,0.1731795000000007,-0.0022833472438825025,-0.006915247474851116,0.08981062423828634,0.001330893558616708,6.829999999999984,,0,1,A_Indo,-0.01566490673282336,-0.107046705291664,1.6741394687218893,1.7113206404767696,0.39422497217998037,0.0016768766544499455,Indonesia_10Y_A_Indo,2022-09_A_Indo
2022-09-26,5.0451525,5.234915,-0.1897624999999996,Indonesia,10Y,Indonesia_10Y,0.0017348353898446,0.3757231192812086,,32.26,15127.5,154.25,9.624269558496476,3.4738280726970627,0,-0.080152,0.1083366375007799,-0.05954416771775889,0.07530091959078611,0.005967198213541636,12.900000000000006,,0,1,A_Indo,1.0694902942398794,-0.881184823157974,1.4103173553881756,3.2106880717574517,1.737373981936685,-0.9424186157989377,Indonesia_10Y_A_Indo,2022-09_A_Indo
2022-09-27,5.2479455,5.415867,-0.16792150000000028,Indonesia,10Y,Indonesia_10Y,-0.0286230706814419,0.4652576429012237,,32.6,15122.5,154.1,9.62393897998107,3.484312288372662,0,0.021840999999999333,-0.0303579060712865,0.08953452362001507,0.010484215675599096,-0.000330578515406188,-0.15000000000000568,,0,1,A_Indo,-0.29106951465148023,1.311668402664175,0.23179027839655053,-0.012828399117812231,-0.08710762717622082,-0.3817866853471437,Indonesia_10Y_A_Indo,2022-09_A_Indo
2022-09-28,5.506957,5.358866000000001,0.14809099999999908,Indonesia,10Y,Indonesia_10Y,-0.0769940968537954,0.3686590489457215,,30.18,15262.5,166.69,9.63315411841896,3.407179453339703,0,0.31601249999999936,-0.04837102617235349,-0.09659859395550219,-0.07713283503295898,0.009215138437889792,12.590000000000003,,0,1,A_Indo,-0.4677738507489588,-1.4262319883649823,-1.361303174817284,3.1341141172768894,2.678310357083678,0.6671540292588319,Indonesia_10Y_A_Indo,2022-09_A_Indo
2022-09-29,5.368595,5.39958,-0.030985000000000262,Indonesia,10Y,Indonesia_10Y,0.0399908880402073,0.3537846887046817,,31.84,15262.5,166.88,9.63315411841896,3.460723360976182,0,-0.17907599999999935,0.11698498489400269,-0.014874360241039775,0.053543907636479204,0.0,0.18999999999999773,,0,1,A_Indo,1.1543284830647722,-0.2241202182625732,1.0147213723506419,0.07115593805441764,0.008661792364189527,-0.25870835157118177,Indonesia_10Y_A_Indo,2022-09_A_Indo
2022-09-30,5.47281,5.456109,0.0167010000000003,Indonesia,10Y,Indonesia_10Y,-0.0732916584638094,0.4117716097186726,,31.62,15227.5,157.89,9.630858282710639,3.453789831781326,0,0.04768600000000056,-0.1132825465040167,0.05798692101399089,-0.006933529194856014,-0.0022958357083204817,-8.990000000000009,,0,1,A_Indo,-1.1045401100604209,0.8476231288508106,-0.0849071577585398,-2.196421165595768,-0.6564475323474904,-0.9362337440306326,Indonesia_10Y_A_Indo,2022-09_A_Indo
2022-10-03,5.4208285,5.442969,-0.022140499999999896,Indonesia,10Y,Indonesia_10Y,0.0054177197326654,0.3760714570303124,,30.1,15302.5,157.83,9.635771492725224,3.40452517175483,0,-0.038841500000000195,0.0787093781964748,-0.03570015268836019,-0.0492646600264961,0.004913210014585445,-0.05999999999997385,,0,1,A_Indo,0.7788540715099275,-0.5304544484506917,-0.8545912186765718,0.009402748957197433,1.4320309747165991,-0.41314660692637417,Indonesia_10Y_A_Indo,2022-10_A_Indo
2022-10-04,5.062605,5.350174,-0.2875690000000004,Indonesia,10Y,Indonesia_10Y,0.0738558863534364,0.3815437818675551,,29.07,15247.5,157.76,9.632170834170612,3.3697067145707846,0,-0.2654285000000005,0.068438166620771,0.0054723248372426925,-0.034818457184045304,-0.003600658554612224,-0.0700000000000216,,0,1,A_Indo,0.6780959789519386,0.0751666456635917,-0.5919237243248187,0.00693262139329655,-1.0344579618482792,0.050970200175786705,Indonesia_10Y_A_Indo,2022-10_A_Indo
2022-10-05,5.197869,5.26155,-0.06368099999999988,Indonesia,10Y,Indonesia_10Y,-0.032497983503329,0.3754400790986225,,28.55,15192.5,144.13,9.62855716400951,3.351656936102019,0,0.22388800000000053,-0.1063538698567654,-0.006103702768932628,-0.01804977846876543,-0.0036136701611013677,-13.629999999999995,,0,1,A_Indo,-1.0365714738598482,-0.09510939614102133,-0.2870279070800913,-3.342560355240302,-1.0382274566662422,0.09858768693581864,Indonesia_10Y_A_Indo,2022-10_A_Indo
2022-10-06,5.181350999999999,5.307474,-0.12612300000000065,Indonesia,10Y,Indonesia_10Y,-0.1873778602844417,0.4077379731236906,,30.52,15187.5,150.98,9.628228000082904,3.4183822064162563,0,-0.062442000000000775,-0.1548798767811127,0.03229789402506811,0.06672527031423714,-0.0003291639266063129,6.849999999999994,,0,1,A_Indo,-1.5125998236913978,0.4697537955786453,1.254390961963092,1.7162608956045502,-0.08669781727648809,-0.7105495083706238,Indonesia_10Y_A_Indo,2022-10_A_Indo
2022-10-07,5.2496624999999995,5.398320999999999,-0.1486584999999998,Indonesia,10Y,Indonesia_10Y,-0.0072224040024762,0.3819314026206102,,31.36,15252.5,153.96,9.632498703026007,3.445533195482207,0,-0.022535499999999153,0.1801554562819655,-0.025806570503080384,0.027150989065950704,0.004270702943102833,2.980000000000018,,0,1,A_Indo,1.7740154748210497,-0.38492611428540385,0.5348332062244582,0.7603215283794785,1.2458950753194693,-0.6828648834050424,Indonesia_10Y_A_Indo,2022-10_A_Indo
2022-10-10,5.2496624999999995,5.471783,-0.22212050000000083,Indonesia,10Y,Indonesia_10Y,-0.2035358003081301,0.4739820780809894,,32.45,15312.5,158.83,9.636424767287084,3.479700443150099,0,-0.07346200000000103,-0.1963133963056539,0.0920506754603792,0.03416724766789203,0.003926064261076334,4.8700000000000045,,0,1,A_Indo,-1.9190525935994989,1.348679404238501,0.662406042269671,1.2271756379545131,1.1460523904786382,-2.5881867086381223,Indonesia_10Y_A_Indo,2022-10_A_Indo
2022-10-11,5.457022,5.599409,-0.14238699999999938,Indonesia,10Y,Indonesia_10Y,-0.06058124611166,0.4307505557211797,,33.63,15357.5,165.74,9.639359233038082,3.515418525752178,0,0.07973350000000146,0.1429545541964701,-0.043231522359809704,0.03571808260207909,0.0029344657509984273,6.909999999999997,,0,1,A_Indo,1.4090836546609546,-0.6412361311358314,0.6906040352480788,1.7310816609878854,0.8587838315687771,-0.9035553511615285,Indonesia_10Y_A_Indo,2022-10_A_Indo
2022-10-12,5.4746555,5.552989,-0.07833350000000028,Indonesia,10Y,Indonesia_10Y,-0.0737089231377369,0.3682973698182429,,33.57,15357.5,162.67,9.639359233038082,3.5136328109919437,0,0.0640534999999991,-0.013127677026076902,-0.0624531859029368,-0.0017857147602344803,0.0,-3.0700000000000216,,0,1,A_Indo,-0.12204514979084136,-0.9239746400935774,0.008692768372667062,-0.7341056477734302,0.008661792364189527,0.11276662335315939,Indonesia_10Y_A_Indo,2022-10_A_Indo
2022-10-13,5.475217499999999,5.556096999999999,-0.0808795,Indonesia,10Y,Indonesia_10Y,-0.2181568916633995,0.4147152611794433,,31.94,15361.5,161.78,9.639619658183602,3.4638591427868666,0,-0.002545999999999715,-0.1444479685256626,0.04641789136120039,-0.049773668205077115,0.00026042514551960494,-0.8899999999999864,,0,1,A_Indo,-1.4102653357089452,0.6774500225128048,-0.8638462391363111,-0.19561783884560005,0.08410760586327394,-0.9553842834250532,Indonesia_10Y_A_Indo,2022-10_A_Indo
2022-10-14,5.4754055,5.64767,-0.17226449999999982,Indonesia,10Y,Indonesia_10Y,-0.0831928499235666,0.407126545086907,,32.02,15426.5,161.68,9.643842088778204,3.4663607075685685,0,-0.09138499999999983,0.1349640417398329,-0.007588716092536307,0.002501564781701937,0.0042224305946021445,-0.09999999999999432,,0,1,A_Indo,1.3306986668961158,-0.11695300254668127,0.08664605389326017,-0.00047776129836397745,1.2319104556895972,-0.1556292045783668,Indonesia_10Y_A_Indo,2022-10_A_Indo
2022-10-17,5.563373,5.754409000000001,-0.19103600000000043,Indonesia,10Y,Indonesia_10Y,-0.0109227457402622,0.4086898518812127,,31.37,15487.5,166.58,9.647788525937399,3.445852022202587,0,-0.018771500000000607,0.0722701041833044,0.0015633067943057188,-0.020508685365981716,0.003946437159195071,4.900000000000006,,0,1,A_Indo,0.7156863563632537,0.017667463531454517,-0.3317368815130207,1.2345860206461807,1.151954469822149,0.012644362601007347,Indonesia_10Y_A_Indo,2022-10_A_Indo
2022-10-18,5.5989,5.7379999999999995,-0.1390999999999991,Indonesia,10Y,Indonesia_10Y,0.0857331199471049,0.4249032148942157,,30.5,15466.5,155.79,9.646431673626108,3.417726683613366,0,0.051936000000001314,0.0966558656873671,0.016213363013002968,-0.02812533858922084,-0.0013568523112912345,-10.79000000000002,,0,1,A_Indo,0.9549047578744726,0.2331605212539573,-0.4702263682877347,-2.6410441270958067,-0.3844217027769267,0.22264609109389594,Indonesia_10Y_A_Indo,2022-10_A_Indo
2022-10-19,5.616823,5.768440999999999,-0.15161799999999914,Indonesia,10Y,Indonesia_10Y,-0.084444366808142,0.4271628364467474,,30.76,15498.0,152.95,9.648466262323895,3.4262151446374434,0,-0.012518000000000029,-0.1701774867552469,0.002259621552531732,0.00848846102407741,0.0020345886977874983,-2.8400000000000034,,0,1,A_Indo,-1.6626656645446676,0.02790981305881845,0.19550255079275317,-0.6772927138039767,0.5980872072347554,-0.04640468787675782,Indonesia_10Y_A_Indo,2022-10_A_Indo
2022-10-20,5.7244045,5.944312,-0.2199074999999997,Indonesia,10Y,Indonesia_10Y,-0.3000345447394955,0.4772394771214522,,29.98,15572.5,160.79,9.6532618171283,3.4005304926744517,0,-0.06828950000000056,-0.2155901779313535,0.0500766406747048,-0.025684651962991634,0.004795554804404745,7.840000000000003,,0,1,A_Indo,-2.108153142541242,0.7312679099828151,-0.4258486831893647,1.9608035244295723,1.3979459671925447,-1.5416247424698377,Indonesia_10Y_A_Indo,2022-10_A_Indo
2022-10-21,5.8688769999999995,6.008974,-0.1400970000000008,Indonesia,10Y,Indonesia_10Y,-0.0440243447891256,0.3506511665712021,,29.69,15632.5,160.78,9.657107359441452,3.3908102887756684,0,0.0798104999999989,0.2560101999503699,-0.1265883105502501,-0.009720203898783364,0.0038455423131527056,-0.009999999999990905,,0,1,A_Indo,2.518132098957467,-1.8673617446443882,-0.13557575697708935,0.021753386776638666,1.1227249815469544,-4.702263549554251,Indonesia_10Y_A_Indo,2022-10_A_Indo
2022-10-24,5.8148395,5.987867,-0.1730274999999999,Indonesia,10Y,Indonesia_10Y,-0.0308443272521341,0.30838725681857,,29.85,15587.0,160.65,9.65419251248905,3.396184839838611,0,-0.032930499999999086,0.013180017536991499,-0.04226390975263211,0.005374551062942601,-0.0029148469524020726,-0.12999999999999545,,0,1,A_Indo,0.1360269485430219,-0.6270031619035752,0.13888400984822596,-0.007888143990031526,-0.8357766320073395,-0.08528932684056965,Indonesia_10Y_A_Indo,2022-10_A_Indo
2022-10-25,5.797058,6.057321,-0.26026300000000013,Indonesia,10Y,Indonesia_10Y,-0.1156201436429637,0.3702952704103001,,28.46,15622.5,158.77,9.656467461803237,3.3484995926617063,0,-0.08723550000000024,-0.08477581639082961,0.06190801359173009,-0.0476852471769047,0.0022749493141862587,-1.8799999999999955,,0,1,A_Indo,-0.8248960067236342,0.9052999197501952,-0.8258736089161682,-0.4401604676706221,0.6677202766573112,-0.7467782886891625,Indonesia_10Y_A_Indo,2022-10_A_Indo
2022-10-26,5.6896115,5.8340440000000005,-0.14443250000000063,Indonesia,10Y,Indonesia_10Y,-0.1122828163163477,0.4508181611054741,,27.28,15569.5,158.74,9.653069151274517,3.3061538329752613,0,0.1158304999999995,0.003337327326615999,0.08052289069517404,-0.04234575968644494,-0.003398310528719861,-0.030000000000001137,,0,1,A_Indo,0.039472546569399795,1.1791129841007737,-0.7287885952598281,0.016813131648857962,-0.9758372346027459,0.04654259217550175,Indonesia_10Y_A_Indo,2022-10_A_Indo
2022-10-27,5.618835499999999,5.736026000000001,-0.11719050000000131,Indonesia,10Y,Indonesia_10Y,-0.0840141264770438,0.4260034987921116,,27.39,15567.5,141.21,9.652940686746607,3.3101779832749867,0,0.027241999999999322,0.028268689839303904,-0.024814662313362545,0.00402415029972536,-0.00012846452790959972,-17.53,,0,1,A_Indo,0.28404316154848536,-0.3703357724060676,0.11433040301372635,-4.305910105157048,-0.028554701437043497,-0.10519134362871976,Indonesia_10Y_A_Indo,2022-10_A_Indo
2022-10-28,5.548245,5.668258,-0.12001300000000015,Indonesia,10Y,Indonesia_10Y,0.0310711650556838,0.410040835349213,,25.75,15551.5,139.26,9.65191237597763,3.248434627109745,0,-0.00282249999999884,0.1150852915327276,-0.015962663442898595,-0.061743356165241625,-0.0010283107689765814,-1.950000000000017,,0,1,A_Indo,1.1356929522789079,-0.24012846978030025,-1.0814846025843057,-0.4574513606178511,-0.28924239941619617,-0.2727122107710057,Indonesia_10Y_A_Indo,2022-10_A_Indo
2022-10-31,5.5132095,5.654636999999999,-0.14142749999999893,Indonesia,10Y,Indonesia_10Y,-0.2180997553623462,0.5189420098634093,,25.88,15597.5,136.38,9.654865923984941,3.2534704696327,0,-0.02141449999999878,-0.24917092041803,0.10890117451419634,0.005035842522954859,0.0029535480073104026,-2.8799999999999955,,0,1,A_Indo,-2.437572075711908,1.596539583820808,0.13272545562574992,-0.6871732240595311,0.8643120087652708,-3.8916803072903132,Indonesia_10Y_A_Indo,2022-10_A_Indo
2022-11-01,5.460742,5.6311979999999995,-0.17045599999999972,Indonesia,10Y,Indonesia_10Y,-0.0685829529808219,0.4732376656083775,,25.81,15627.5,136.3,9.656787461805967,3.2507620137305224,0,-0.02902850000000079,0.1495168023815243,-0.04570434425503184,-0.002708455902177498,0.0019215378210262202,-0.07999999999998408,,0,1,A_Indo,1.4734577165858622,-0.6776097766324599,-0.00808493482953504,0.004462493829416728,0.5653360865738771,-0.9984293542131205,Indonesia_10Y_A_Indo,2022-11_A_Indo
2022-11-02,5.513612999999999,5.639908,-0.1262950000000007,Indonesia,10Y,Indonesia_10Y,-0.0503283685044994,0.3791713620550153,,25.86,15647.5,136.9,9.658066438798857,3.2526973733437115,0,0.04416099999999901,0.0182545844763225,-0.09406630355336221,0.001935359613189025,0.001278976992889369,0.5999999999999943,,0,1,A_Indo,0.1858072185332044,-1.3889835987579822,0.07635105149544892,0.17243116817386944,0.3791846137400811,-0.25808317907346107,Indonesia_10Y_A_Indo,2022-11_A_Indo
2022-11-03,5.620424,5.693307000000001,-0.07288300000000092,Indonesia,10Y,Indonesia_10Y,-0.0488212308997887,0.33451577321302,,25.3,15696.5,141.28,9.661193036547521,3.2308043957334744,0,0.05341199999999979,0.0015071376047106969,-0.044655588841995275,-0.021892977610237008,0.00312659774866475,4.3799999999999955,,0,1,A_Indo,0.021518829616024852,-0.6621832480659797,-0.35690671882006886,1.1061393873239456,0.9144449499842747,-0.014249408489717737,Indonesia_10Y_A_Indo,2022-11_A_Indo
2022-11-04,5.638457,5.7757950000000005,-0.13733800000000063,Indonesia,10Y,Indonesia_10Y,0.0376907877573927,0.2693832155162244,,24.55,15737.5,141.25,9.663801678352602,3.2007118542405295,0,-0.06445499999999971,0.0865120186571814,-0.0651325576967956,-0.030092541492944935,0.0026086418050805804,-0.030000000000001137,,0,1,A_Indo,0.8553960805944512,-0.9633865039127187,-0.5059949549009792,0.016813131648857962,0.7643918226550177,-0.8240770395445305,Indonesia_10Y_A_Indo,2022-11_A_Indo
2022-11-07,5.603102,5.790976000000001,-0.18787400000000076,Indonesia,10Y,Indonesia_10Y,-0.061627810091714,0.416257836324337,,24.35,15707.5,127.51,9.661893584277102,3.192531849528599,0,-0.050536000000000136,-0.09931859784910671,0.1468746208081126,-0.0081800047119307,-0.0019080940754996334,-13.739999999999995,,0,1,A_Indo,-0.967557163046206,2.1551049525798454,-0.10757114804107336,-3.369731758443082,-0.5441178152717253,-2.0851872339849833,Indonesia_10Y_A_Indo,2022-11_A_Indo
2022-11-08,5.567845,5.735639,-0.16779399999999978,Indonesia,10Y,Indonesia_10Y,-0.1641141513015056,0.3069789125058845,,25.54,15697.5,127.51,9.661256742988265,3.2402458506043934,0,0.020080000000000986,-0.10248634120979161,-0.1092789238184525,0.0477140010757946,-0.0006368412888377861,0.0,,0,1,A_Indo,-0.998631956548741,-1.6127516176623582,0.9087193339395516,0.02422351434052551,-0.1758327156845932,1.610545303373308,Indonesia_10Y_A_Indo,2022-11_A_Indo
2022-11-09,5.480427,5.689821,-0.20939400000000052,Indonesia,10Y,Indonesia_10Y,0.1195021569869186,0.2822111747914752,,26.09,15659.5,127.79,9.658833040554866,3.261552099148637,0,-0.04160000000000075,0.2836163082884242,-0.02476773771440932,0.021306248544243456,-0.0024237024333988444,0.28000000000000114,,0,1,A_Indo,2.7889413212765928,-0.3696455412451846,0.4285614499217098,0.09338708612942027,-0.6934908411791049,-1.0309197242043464,Indonesia_10Y_A_Indo,2022-11_A_Indo
2022-11-10,5.533527,5.616377,-0.08284999999999965,Indonesia,10Y,Indonesia_10Y,-0.1521079561890095,0.4113130326369598,,23.53,15691.0,123.61,9.660842578559068,3.158276202739271,0,0.12654400000000088,-0.2716101131759281,0.1291018578454846,-0.10327589640936585,0.002009538004202227,-4.180000000000007,,0,1,A_Indo,-2.6576951102889588,1.8936788544256278,-1.8366483226955974,-1.0082898073651154,0.5908299588899913,-5.032821031864588,Indonesia_10Y_A_Indo,2022-11_A_Indo
2022-11-11,5.2542795,5.316565000000001,-0.06228550000000066,Indonesia,10Y,Indonesia_10Y,-0.0659930805716363,0.2998545735024018,,22.52,15495.0,106.89,9.648272670221848,3.1144038032714896,0,0.020564499999998986,0.08611487561737319,-0.11145845913455799,-0.04387239946778143,-0.012569908337219715,-16.72,,0,1,A_Indo,0.8515002037673772,-1.644811203145882,-0.7565466608577313,-4.105829772482031,-3.6328719705076944,-1.4005570746375833,Indonesia_10Y_A_Indo,2022-11_A_Indo
2022-11-14,5.2544245,5.1692409999999995,0.0851835000000003,Indonesia,10Y,Indonesia_10Y,-0.1251763074097891,0.2956245755893294,,23.73,15517.5,103.94,9.649723698287808,3.166740070447672,0,0.14746900000000096,-0.0591832268381528,-0.004229997913072381,0.05233626717618245,0.0014510280659596475,-2.950000000000003,,0,1,A_Indo,-0.57383891497343,-0.06754838322534999,0.9927634989050458,-0.7044641170067565,0.4290282382690358,0.03876189093824428,Indonesia_10Y_A_Indo,2022-11_A_Indo
2022-11-15,5.185821000000001,5.063135,0.12268600000000074,Indonesia,10Y,Indonesia_10Y,-0.0575561937402063,0.3251000062541795,,24.54,15537.5,101.96,9.651011735818967,3.2003044392827653,1,0.03750250000000044,0.06762011366958282,0.02947543066485009,0.03356436883509328,0.0012880375311592474,-1.980000000000004,,1,1,A_Indo,0.6700710780563004,0.4282371453539954,0.6514442224658109,-0.4648617433095151,0.38180947425094564,0.2869493256511043,Indonesia_10Y_A_Indo,2022-11_A_Indo
2022-11-16,5.1688265,5.000392,0.16843450000000004,Indonesia,10Y,Indonesia_10Y,-0.1167250988907656,0.3227905415070354,,24.11,15602.5,102.21,9.655186436808197,3.1826266921930797,1,0.045748499999999304,-0.0591689051505593,-0.0023094647471441077,-0.017677747089685614,0.004174700989230118,0.25,,1,1,A_Indo,-0.5736984226942576,-0.03929855549737389,-0.28026346169407146,0.08597670343775272,1.218083070096328,0.022545519303006148,Indonesia_10Y_A_Indo,2022-11_A_Indo
2022-11-17,5.100925999999999,5.010812,0.0901139999999998,Indonesia,10Y,Indonesia_10Y,0.0146939586591513,0.3946771073205927,,23.93,15662.5,113.29,9.659024599204324,3.175132901920282,1,-0.07832050000000024,0.1314190575499169,0.07188656581355729,-0.007493790272797618,0.0038381623961267763,11.080000000000013,,1,1,A_Indo,1.2959232324216596,1.052078109391602,-0.09509408197182098,2.7611248551296392,1.1205870011976833,1.3634124642828334,Indonesia_10Y_A_Indo,2022-11_A_Indo
2022-11-18,5.135133,5.243364,-0.10823099999999997,Indonesia,10Y,Indonesia_10Y,0.0543430449565627,0.3598476985943031,,23.12,15687.5,112.3,9.66061949587414,3.1406980438041767,1,-0.19834499999999977,0.0396490862974114,-0.03482940872628959,-0.03443485811610536,0.0015948966698164924,-0.9900000000000091,,1,1,A_Indo,0.39568208858461085,-0.5176463556980834,-0.5849489499076017,-0.22031911448449656,0.4707073312510153,-0.20482339117083,Indonesia_10Y_A_Indo,2022-11_A_Indo
2022-11-21,5.1523445,5.293737999999999,-0.1413934999999995,Indonesia,10Y,Indonesia_10Y,-0.3016084837673979,0.4441520220952435,,22.36,15712.5,113.28,9.662211852898503,3.1072736482868986,1,-0.03316249999999954,-0.35595152872396063,0.08430432350094041,-0.03342439551727816,0.0015923570243625562,0.980000000000004,,1,1,A_Indo,-3.4850639257033333,1.2347354681187388,-0.5665762548911532,0.2662960156016572,0.4699715896355536,-4.303132037727035,Indonesia_10Y_A_Indo,2022-11_A_Indo
2022-11-22,5.1184205,5.226983000000001,-0.10856250000000056,Indonesia,10Y,Indonesia_10Y,-0.1896730221789451,0.3742814810303293,,21.29,15697.0,112.78,9.661224890275207,3.058237478905388,1,0.032830999999998944,0.1119354615884528,-0.0698705410649142,-0.049036169381510675,-0.000986962623295895,-0.5,,1,1,A_Indo,1.1047938850434618,-1.0330792414826384,-0.8504366968374644,-0.09928286385392895,-0.27726373859473874,-1.1413396287553568,Indonesia_10Y_A_Indo,2022-11_A_Indo
2022-11-23,5.1017125,5.178489000000001,-0.07677650000000114,Indonesia,10Y,Indonesia_10Y,-0.0573876224262372,0.4491898796609616,,20.35,15686.5,112.98,9.66055574882242,3.013080911888604,1,0.031785999999999426,0.13228539975270792,0.07490839863063226,-0.04515656701678372,-0.0006691414527875139,0.20000000000000284,,1,1,A_Indo,1.3044218391548899,1.096527358183331,-0.7798959849744511,0.07362606561830799,-0.18519015365579541,1.4303342332451534,Indonesia_10Y_A_Indo,2022-11_A_Indo
2022-11-24,5.1017125,5.13261,-0.030897500000000022,Indonesia,10Y,Indonesia_10Y,-0.0369252371935582,0.4025111051354272,,20.42,15665.5,100.0,9.659216121166095,3.01651481273652,1,0.04587900000000111,0.020462385232679,-0.04667877452553437,0.0034339008479156163,-0.0013396276563248932,-12.980000000000004,,1,1,A_Indo,0.20746520808185442,-0.6919430293786143,0.1035982164149219,-3.1820020635875133,-0.3794316773184257,-0.14355410457082293,Indonesia_10Y_A_Indo,2022-11_A_Indo
2022-11-25,4.94944,4.912765,0.03667499999999979,Indonesia,10Y,Indonesia_10Y,-0.0973939054753345,0.3442068502471156,,20.5,15672.5,95.07,9.659662863148123,3.0204248861443626,1,0.06757249999999981,-0.0604686682817763,-0.05830425488831159,0.0039100734078427735,0.0004467419820279872,-4.930000000000007,,1,1,A_Indo,-0.5864487835366347,-0.8629464899435286,0.11225620457687598,-1.1935493746567971,0.13808405760300277,0.5060739192845911,Indonesia_10Y_A_Indo,2022-11_A_Indo
2022-11-28,4.9159310000000005,4.873869,0.04206200000000049,Indonesia,10Y,Indonesia_10Y,0.0298491006817403,0.4232864349389925,,22.21,15722.5,96.55,9.66284808641766,3.100542637906336,1,0.005387000000000697,0.1272430061570748,0.07907958469187687,0.08011775176197355,0.003185223269536408,1.480000000000004,,1,1,A_Indo,1.2549571818573597,1.1578828659881342,1.497899210005418,0.3898023937961117,0.9314289094446595,1.4530934184213917,Indonesia_10Y_A_Indo,2022-11_A_Indo
2022-11-29,4.849117,4.869107,-0.019989999999999952,Indonesia,10Y,Indonesia_10Y,-0.2047042379552114,0.4479127093665027,,21.89,15742.5,96.05,9.664119340362898,3.0860299115347716,1,-0.06205200000000044,-0.23455333863695169,0.024626274427510197,-0.014512726371564533,0.0012712539452390814,-0.5,,1,1,A_Indo,-2.294177146377981,0.35690912521814894,-0.22271560149392955,-0.09928286385392895,0.37694722759403293,-0.8188127584092345,Indonesia_10Y_A_Indo,2022-11_A_Indo
2022-11-30,4.766115,4.77993,-0.013815000000000133,Indonesia,10Y,Indonesia_10Y,-0.1550075150929077,0.437641959793509,,20.58,15731.5,92.11,9.663420350692194,3.0243197304059035,1,0.0061749999999998195,0.0496967228623037,-0.010270749572993676,-0.06171018112886806,-0.0006989896707043641,-3.9399999999999977,,1,1,A_Indo,0.4942469645520384,-0.15640401809160862,-1.0808813988376667,-0.949006745831775,-0.1938372567523172,-0.07730221118551966,Indonesia_10Y_A_Indo,2022-11_A_Indo
2022-12-01,4.60185,4.589138,0.012711999999999612,Indonesia,10Y,Indonesia_10Y,-0.0865732339527293,0.3027190576783798,,19.84,15562.5,91.81,9.652619453207063,2.987700101856727,1,0.026526999999999745,0.0684342811401784,-0.1349229021151292,-0.036619628549176664,-0.010800897485131244,-0.29999999999999716,,1,1,A_Indo,0.6780578633303982,-1.9899583131743952,-0.6246734492550909,-0.04988031257614646,-3.120385119216002,-1.3493068819475937,Indonesia_10Y_A_Indo,2022-12_A_Indo
2022-12-02,4.520554000000001,4.5167850000000005,0.0037690000000001334,Indonesia,10Y,Indonesia_10Y,-0.046819147178659,0.3821115294596799,,19.06,15427.5,90.11,9.643906910195222,2.947591898226056,1,-0.00894299999999948,0.039754086774070295,0.0793924717813001,-0.040108203630671024,-0.008712543011840879,-1.7000000000000028,,1,1,A_Indo,0.3967121177752134,1.1624852371063865,-0.6881043234791048,-0.3956981715206203,-2.515383625226311,0.4611719802948957,Indonesia_10Y_A_Indo,2022-12_A_Indo
2022-12-05,4.520494,4.6765810000000005,-0.1560870000000003,Indonesia,10Y,Indonesia_10Y,-0.157658720780674,0.4366328159227318,,20.75,15467.5,90.1,9.646496327405144,3.0325462466767075,1,-0.15985600000000044,-0.11083957360201499,0.05452128646305188,0.08495434845065164,0.002589417209922118,-0.010000000000005116,,1,1,A_Indo,-1.080575138843315,0.7966458373522656,1.585840432156327,0.021753386776635155,0.7588224095400635,-0.8608356863058733,Indonesia_10Y_A_Indo,2022-12_A_Indo
2022-12-06,4.5528925000000005,4.643351,-0.09045849999999955,Indonesia,10Y,Indonesia_10Y,-0.0065966644415961,0.5190651767962315,,22.17,15617.5,97.03,9.656147359367726,3.09874002362822,1,0.06562850000000076,0.1510620563390779,0.08243236087349975,0.06619377695151263,0.009651031962581769,6.930000000000007,,1,1,A_Indo,1.4886162828497567,1.2072000822807922,1.2447271055591658,1.736021916115666,2.8045897972036173,1.7970576991407534,Indonesia_10Y_A_Indo,2022-12_A_Indo
2022-12-07,4.618062999999999,4.637721,-0.01965800000000062,Indonesia,10Y,Indonesia_10Y,-0.1920375051000881,0.3950874130156118,,22.68,15637.5,102.96,9.657427154775167,3.121483478859551,1,0.07080049999999893,-0.185440840658492,-0.12397776378061975,0.022743455231331033,0.0012797954074414974,5.929999999999993,,1,1,A_Indo,-1.8123954616570526,-1.8289622533852843,0.4546934019287491,1.4890091597267536,0.37942171047488993,3.3148028875775455,Indonesia_10Y_A_Indo,2022-12_A_Indo
2022-12-08,4.5364265,4.702529999999999,-0.1661034999999993,Indonesia,10Y,Indonesia_10Y,-0.1933360274828937,0.406348528489616,,22.29,15620.5,101.97,9.656339433124637,3.1041381473977774,1,-0.14644549999999867,-0.0012985223828055892,0.011261115474004213,-0.01734533146177375,-0.0010877216505296161,-0.9899999999999949,,1,1,A_Indo,-0.006004013879586931,0.16031609329772933,-0.27421932808891425,-0.22031911448449304,-0.3064538798226803,-0.0009625400492807202,Indonesia_10Y_A_Indo,2022-12_A_Indo
2022-12-09,4.503922,4.673887000000001,-0.16996500000000037,Indonesia,10Y,Indonesia_10Y,-0.2049756436270986,0.4702713064837776,,22.83,15582.5,101.97,9.653903768683005,3.1280754605417043,1,-0.0038615000000010724,-0.011639616144204917,0.06392277799416157,0.023937313143926886,-0.002435664441632568,0.0,,1,1,A_Indo,-0.10744763371764078,0.9349358293459755,0.47640067476255393,0.02422351434052551,-0.6969562647674276,-0.10045664254106508,Indonesia_10Y_A_Indo,2022-12_A_Indo
2022-12-12,4.5688665,4.737536,-0.16866950000000003,Indonesia,10Y,Indonesia_10Y,-0.1983905300600371,0.4212371027362743,,25.0,15627.5,101.97,9.656787461805967,3.2188758248682006,1,0.001295500000000338,0.006585113567061512,-0.04903420374750328,0.0908003643264963,0.0028836931229623275,0.0,,1,1,A_Indo,0.07133254129460323,-0.726589902927346,1.6921353775336951,0.02422351434052551,0.844074874728119,-0.05182950425480667,Indonesia_10Y_A_Indo,2022-12_A_Indo
2022-12-13,4.568818500000001,4.755516999999999,-0.18669849999999855,Indonesia,10Y,Indonesia_10Y,-0.1308134900999796,0.4087861287349344,,22.55,15657.0,98.02,9.658673380311523,3.1157350659486873,1,-0.01802899999999852,0.06757703996005748,-0.012450974001339876,-0.10314075891951324,0.0018859185055557504,-3.950000000000003,,1,1,A_Indo,0.6696485354205869,-0.1884737399801842,-1.8341911907945927,-0.9514768733956654,0.5550170821375416,-0.12621116394297088,Indonesia_10Y_A_Indo,2022-12_A_Indo
2022-12-14,4.503733499999999,4.657935999999999,-0.15420250000000024,Indonesia,10Y,Indonesia_10Y,-0.1054144340102999,0.3803837099484395,,21.14,15592.5,93.09,9.654545308400278,3.051166980442092,1,0.032495999999998304,0.02539905608967971,-0.02840241878649491,-0.06456808550659554,-0.004128071911244646,-4.929999999999993,,1,1,A_Indo,0.2558927509741271,-0.42310940011216974,-1.1328451286967465,-1.1935493746567936,-1.1872509253004981,-0.10827062835771577,Indonesia_10Y_A_Indo,2022-12_A_Indo
2022-12-15,4.503546500000001,4.607773,-0.10422649999999933,Indonesia,10Y,Indonesia_10Y,0.0457880825863573,0.3681245563113514,,22.83,15617.5,94.07,9.656147359367726,3.1280754605417043,1,0.04997600000000091,0.1512025165966572,-0.012259153637088127,0.07690848009961249,0.001602050967447255,0.9799999999999898,,1,1,A_Indo,1.4899941638844898,-0.1856521837889323,1.439546758815313,0.2662960156016537,0.47277994909938215,-0.2766206703579198,Indonesia_10Y_A_Indo,2022-12_A_Indo
2022-12-16,4.5034845,4.606664,-0.10317950000000042,Indonesia,10Y,Indonesia_10Y,0.0250626154454029,0.4701372708187596,,22.62,15597.5,98.02,9.654865923984941,3.1188344706879745,1,0.00104699999999891,-0.0207254671409544,0.10201271450740823,-0.009240989853729786,-0.0012814353827845792,3.950000000000003,,1,1,A_Indo,-0.19657762670348286,1.4952146955266974,-0.12686246713579588,0.9999239020767164,-0.362573230689355,-0.2939257562588089,Indonesia_10Y_A_Indo,2022-12_A_Indo
2022-12-19,4.568535,4.646936,-0.07840100000000039,Indonesia,10Y,Indonesia_10Y,-0.1451214126652801,0.4730247458499199,,22.42,15597.5,98.02,9.654865923984941,3.109953417644014,1,0.024778500000000037,-0.17018402811068298,0.0028874750311602693,-0.008881053043960474,0.0,0.0,,1,1,A_Indo,-1.662729833653796,0.03714514047952133,-0.12031793076328641,0.02422351434052551,0.008661792364189527,-0.06176233325056139,Indonesia_10Y_A_Indo,2022-12_A_Indo
2022-12-20,4.601196,4.784852000000001,-0.18365600000000093,Indonesia,10Y,Indonesia_10Y,0.047898610273669,0.3856933028521916,,21.48,15602.5,102.96,9.655186436808197,3.067122269640664,1,-0.10525500000000054,0.1930200229389491,-0.08733144299772827,-0.042831148003350084,0.00032051282325618047,4.939999999999998,,1,1,A_Indo,1.9002137512745219,-1.2899180612062573,-0.7376141485473976,1.244466530901735,0.10151515581034881,-2.4511200379215006,Indonesia_10Y_A_Indo,2022-12_A_Indo
2022-12-21,4.6833735,4.863716,-0.18034250000000007,Indonesia,10Y,Indonesia_10Y,-0.1009004053811155,0.4401263846238888,,20.07,15587.5,103.94,9.654224589988292,2.9992261628082466,1,0.0033135000000008574,-0.14879901565478448,0.0544330817716972,-0.06789610683241731,-0.0009618468199050767,0.980000000000004,,1,1,A_Indo,-1.4529480519716753,0.7953484021505337,-1.1933567408024577,0.2662960156016572,-0.26998762777708846,-1.1555999115434026,Indonesia_10Y_A_Indo,2022-12_A_Indo
2022-12-22,4.6667875,4.832428999999999,-0.16564149999999955,Indonesia,10Y,Indonesia_10Y,-0.0531035579909788,0.4092314003820056,,21.97,15582.5,103.94,9.653903768683005,3.089677886396519,1,0.01470100000000052,0.0477968473901367,-0.030894984241883194,0.09045172358827225,-0.0003208213052872111,0.0,,1,1,A_Indo,0.47560964730252603,-0.4597734608868709,1.6857962315216264,0.02422351434052551,-0.08428093909493378,-0.2186726935714664,Indonesia_10Y_A_Indo,2022-12_A_Indo
2022-12-23,4.6832755,4.856388,-0.17311250000000022,Indonesia,10Y,Indonesia_10Y,-0.0920996144706829,0.3228142504607705,,20.87,15592.5,99.5,9.654545308400278,3.038312721089109,1,-0.0074710000000006715,-0.038996056479704104,-0.08641714992123511,-0.051365165307409644,0.0006415397172734316,-4.439999999999998,,1,1,A_Indo,-0.3758076735304176,-1.2764693885345053,-0.8927835703296229,-1.0725131240262293,0.19451744683678335,0.47970699123794713,Indonesia_10Y_A_Indo,2022-12_A_Indo
2022-12-26,4.6832755,4.857165,-0.17388950000000047,Indonesia,10Y,Indonesia_10Y,-0.0941463199122758,0.3998673714770856,,20.87,15632.5,101.48,9.657107359441452,3.038312721089109,1,-0.0007770000000002497,-0.002046705441592897,0.07705312101631512,0.0,0.0025620510411741293,1.980000000000004,,1,1,A_Indo,-0.01334350808939686,1.1280748674868686,0.041161454214417185,0.5133087719905661,0.7508943622717178,-0.015052476119756322,Indonesia_10Y_A_Indo,2022-12_A_Indo
2022-12-27,4.6997965,4.9277809999999995,-0.2279844999999998,Indonesia,10Y,Indonesia_10Y,-0.1061681549522906,0.3735968286781286,,21.65,15662.5,101.48,9.659024599204324,3.075005454448499,1,-0.05409499999999934,-0.012021835040014792,-0.02627054279895702,0.03669273335938961,0.0019172397628715032,0.0,,1,1,A_Indo,-0.1111971083144373,-0.3917508531972848,0.7083255829158505,0.02422351434052551,0.5640909284179624,0.043561562055251704,Indonesia_10Y_A_Indo,2022-12_A_Indo
2022-12-28,4.71635,4.885308,-0.16895799999999994,Indonesia,10Y,Indonesia_10Y,-0.1442143680149714,0.3924184998379538,,22.14,15702.5,101.48,9.661575214328536,3.0973859272804907,1,0.05902649999999987,-0.0380462130626808,0.018821671159825193,0.02238047283199185,0.0025506151242122854,0.0,,1,1,A_Indo,-0.3664899401527491,0.2715270837879554,0.44809348924802445,0.02422351434052551,0.7475813486356006,-0.09951194468729828,Indonesia_10Y_A_Indo,2022-12_A_Indo
2022-12-29,4.7995905,4.835001,-0.03541050000000023,Indonesia,10Y,Indonesia_10Y,-0.0653117844179516,0.4516817797147627,1.0,21.44,15657.5,99.01,9.658705314399567,3.0652583362026014,1,0.1335474999999997,0.0789025835970198,0.059263279876808905,-0.03212759107788932,-0.002869899928969133,-2.469999999999999,,1,1,A_Indo,0.780749369595001,0.866397560156326,-0.5429971610300628,-0.5858979939400792,-0.8227553673345498,0.6764393489106985,Indonesia_10Y_A_Indo,2022-12_A_Indo
2022-12-30,4.8330925,4.886004,-0.052911499999999556,Indonesia,10Y,Indonesia_10Y,0.0160340150517597,0.42924451256991,0.0,21.67,15567.5,98.02,9.652940686746607,3.075928815548268,1,-0.017500999999999323,0.0813457994697113,-0.022437267144852724,0.01067047934566645,-0.0057646276529599305,-0.9900000000000091,-1.0,1,1,A_Indo,0.8047167242956006,-0.3353657936818192,0.23517700998539298,-0.22031911448449656,-1.6613652011088307,-0.2698744629324278,Indonesia_10Y_A_Indo,2022-12_A_Indo
2023-01-02,4.8330925,4.886004,-0.052911499999999556,Indonesia,10Y,Indonesia_10Y,-0.1555594178324938,0.4571857684607198,,21.67,15572.5,98.02,9.6532618171283,3.075928815548268,1,0.0,-0.1715934328842535,0.027941255890809813,0.0,0.00032113038169256924,0.0,,1,1,A_Indo,-1.676555752395749,0.40567040511741304,0.041161454214417185,0.02422351434052551,0.10169406402800042,-0.6801290512763127,Indonesia_10Y_A_Indo,2023-01_A_Indo
2023-01-03,4.8667115,4.968998,-0.10228649999999995,Indonesia,10Y,Indonesia_10Y,-0.2095233844818946,0.4026423304140476,,22.9,15597.5,98.02,9.654865923984941,3.131136910560194,1,-0.04937500000000039,-0.053963966649400785,-0.054543438046672166,0.05520809501192625,0.001604106856641252,0.0,,1,1,A_Indo,-0.522639239325967,-0.8076272537139196,1.0449803914719833,0.02422351434052551,0.47337554532107423,0.42209769353996274,Indonesia_10Y_A_Indo,2023-01_A_Indo
2023-01-04,4.849919,4.993872,-0.14395299999999978,Indonesia,10Y,Indonesia_10Y,-0.1549086881049229,0.4612796614473798,,22.01,15587.5,97.04,9.654224589988292,3.0914968955383704,1,-0.04166649999999983,0.054614696376971694,0.058637331033332185,-0.03964001502182368,-0.0006413339966488962,-0.9799999999999898,,1,1,A_Indo,0.5424910910541937,0.8571902487136224,-0.6795915031822314,-0.2178489869206027,-0.1771342643309292,0.46501807326566863,Indonesia_10Y_A_Indo,2023-01_A_Indo
2023-01-05,4.8499835000000004,4.9868749999999995,-0.13689149999999906,Indonesia,10Y,Indonesia_10Y,-0.2941098534185204,0.404368742564179,,22.46,15607.5,96.04,9.6555068469359,3.111735949310297,1,0.00706150000000072,-0.13920116531359752,-0.05691091888320082,0.020239053771926585,0.0012822569476078627,-1.0,,1,1,A_Indo,-1.3587954696879465,-0.842451398887634,0.4091572244732039,-0.2227892420483834,0.3801348247939453,1.1447191442407902,Indonesia_10Y_A_Indo,2023-01_A_Indo
2023-01-06,4.900582,4.9459409999999995,-0.04535899999999948,Indonesia,10Y,Indonesia_10Y,-0.1582196233878156,0.3969989841841464,,21.13,15632.5,97.03,9.657107359441452,3.0506938316279655,1,0.09153249999999957,0.13589023003070483,-0.007369758380032565,-0.061042117682331476,0.0016005125055524871,0.9899999999999949,,1,1,A_Indo,1.3397843492277453,-0.11373227313274649,-1.068734362451461,0.2687661431655441,0.4723342528554326,-0.15237671954534893,Indonesia_10Y_A_Indo,2023-01_A_Indo
2023-01-09,4.7996695,4.842378,-0.042708499999999816,Indonesia,10Y,Indonesia_10Y,-0.2224588066111277,0.3973858129584857,,21.97,15567.5,93.08,9.652940686746607,3.089677886396519,1,0.002650499999999667,-0.06423918322331212,0.0003868287743392651,0.03898405476855338,-0.004166672694845275,-3.950000000000003,,1,1,A_Indo,-0.6234366199442899,0.0003622162285584195,0.7499874410430946,-0.9514768733956654,-1.1984336684823862,-0.0002258188612214294,Indonesia_10Y_A_Indo,2023-01_A_Indo
2023-01-10,4.782940999999999,4.893815999999999,-0.11087500000000006,Indonesia,10Y,Indonesia_10Y,-0.224254351262937,0.4023456265019434,,20.58,15572.5,93.08,9.6532618171283,3.0243197304059035,1,-0.06816650000000024,-0.0017955446518092832,0.004959813543457703,-0.06535815599061534,0.00032113038169256924,0.0,,1,1,A_Indo,-0.010879681702662061,0.06762792880364614,-1.1472105530689514,0.02422351434052551,0.10169406402800042,-0.0007357703395939614,Indonesia_10Y_A_Indo,2023-01_A_Indo
2023-01-11,4.8164605,4.870774,-0.054313500000000126,Indonesia,10Y,Indonesia_10Y,0.051870693456579,0.3989448756016156,,21.09,15482.5,93.08,9.647465632812215,3.0487989944906833,1,0.05656149999999993,0.276125044719516,-0.0034007509003277647,0.02447926408477974,-0.005796184316084307,0.0,,1,1,A_Indo,2.7154538439240854,-0.05535068434174264,0.486254675654545,0.02422351434052551,-1.670507245038517,-0.15030222855961373,Indonesia_10Y_A_Indo,2023-01_A_Indo
2023-01-12,4.7997385,4.7923100000000005,0.007428499999999616,Indonesia,10Y,Indonesia_10Y,-0.2223271428489897,0.4116076091139692,,18.83,15337.5,93.08,9.638056089019166,2.935451342669061,1,0.06174199999999974,-0.2741978363055687,0.012662733512353586,-0.1133476518216221,-0.00940954379304948,0.0,,1,1,A_Indo,-2.6830800461058333,0.18093300782242874,-2.0197776049514906,0.02422351434052551,-2.717306488100632,-0.4854577429702692,Indonesia_10Y_A_Indo,2023-01_A_Indo
2023-01-13,4.7662505,4.785857999999999,-0.019607499999999334,Indonesia,10Y,Indonesia_10Y,-0.1829863807827173,0.4190786893220214,,18.35,15145.0,90.11,9.625425723461337,2.9096295745005794,1,-0.02703599999999895,0.03934076206627238,0.007471080208052205,-0.025821768168481807,-0.012630365557829037,-2.969999999999999,,1,1,A_Indo,0.39265750271272964,0.10456707253330635,-0.42834179300679637,-0.7094043721345337,-3.65038657794571,0.04105904556690894,Indonesia_10Y_A_Indo,2023-01_A_Indo
2023-01-16,4.7662505,4.813489000000001,-0.04723850000000063,Indonesia,10Y,Indonesia_10Y,-0.1837704409399332,0.4176693860333587,,19.49,15045.0,90.11,9.618800989064146,2.9699015135194693,1,-0.027631000000001293,-0.0007840601572158823,-0.0014093032886627332,0.06027193901888994,-0.006624734397190579,0.0,,1,1,A_Indo,-0.0009572643153803615,-0.026057749985342313,1.1370535287249588,0.02422351434052551,-1.9105402678446393,2.4944154200071332e-05,Indonesia_10Y_A_Indo,2023-01_A_Indo
2023-01-17,4.7495385,4.749654,-0.00011549999999971305,Indonesia,10Y,Indonesia_10Y,-0.030142939991092,0.4022017891549567,,19.36,15165.0,88.13,9.626745420122681,2.963209081848431,1,0.047123000000000914,0.1536275009488412,-0.01546759687840199,-0.006692431671038168,0.007944431058534818,-1.980000000000004,,1,1,A_Indo,1.5137826717940144,-0.23284635385071137,-0.08052341185892165,-0.4648617433095151,2.3101832633522146,-0.3524787756496243,Indonesia_10Y_A_Indo,2023-01_A_Indo
2023-01-18,4.682909,4.630257,0.05265200000000014,Indonesia,10Y,Indonesia_10Y,-0.1938502425613273,0.4178614095953761,,20.34,15087.5,86.17,9.621621865405787,3.012589390620414,1,0.052767499999999856,-0.1637073025702353,0.01565962044041941,0.04938030877198285,-0.005123554716893963,-1.9599999999999937,,1,1,A_Indo,-1.599194728114662,0.2250153183703763,0.9390169057063451,-0.4599214881817344,-1.4756447743150116,-0.359843310882948,Indonesia_10Y_A_Indo,2023-01_A_Indo
2023-01-19,4.567133999999999,4.533728999999999,0.03340500000000013,Indonesia,10Y,Indonesia_10Y,-0.1962622080353951,0.4898549101817693,,20.52,15104.0,85.68,9.622714888385282,3.021400020302569,1,-0.019247000000000014,-0.002411965474067801,0.0719935005863932,0.008810629682154847,0.0010930229794947621,-0.4899999999999949,,1,1,A_Indo,-0.01692662035308505,1.0536510522411906,0.20136036928656512,-0.0968127362900386,0.32531327276037675,-0.017834751345915216,Indonesia_10Y_A_Indo,2023-01_A_Indo
2023-01-20,4.583557000000001,4.609234000000001,-0.02567699999999995,Indonesia,10Y,Indonesia_10Y,-0.0598124161287754,0.4501927158924665,,19.85,15075.0,87.14,9.620793021595386,2.9882040071331994,1,-0.05908200000000008,0.1364497919066197,-0.03966219428930279,-0.033196013169369376,-0.0019218667898961428,1.4599999999999937,,1,1,A_Indo,1.3452735154151811,-0.588733573572493,-0.5624237021592274,0.38486213866833097,-0.5481078049467315,-0.7920076841628099,Indonesia_10Y_A_Indo,2023-01_A_Indo
2023-01-23,4.567053,4.587754,-0.020701000000000747,Indonesia,10Y,Indonesia_10Y,-0.1617962552488029,0.5037599370096018,,19.81,15075.0,87.15,9.620793021595386,2.9861868607104594,1,0.004975999999999203,-0.1019838391200275,0.053567221117135244,-0.0020171464227400904,0.0,0.010000000000005116,,1,1,A_Indo,-0.9937025330140529,0.7826121397616542,0.004484771602375538,0.026693641904415862,0.008661792364189527,-0.7776836656487037,Indonesia_10Y_A_Indo,2023-01_A_Indo
2023-01-24,4.5834845,4.562409000000001,0.02107549999999936,Indonesia,10Y,Indonesia_10Y,-0.1728382012628747,0.4478257245202845,,19.2,14887.5,87.15,9.608277213663555,2.954910279033736,1,0.041776500000000105,-0.011041946014071796,-0.05593421248931724,-0.031276581676723314,-0.01251580793183038,0.0,,1,1,A_Indo,-0.10158463480585253,-0.8280846658066732,-0.5275237172807337,0.02422351434052551,-3.617198948276739,0.08412067836429733,Indonesia_10Y_A_Indo,2023-01_A_Indo
2023-01-25,4.599947500000001,4.5767489999999995,0.023198500000001232,Indonesia,10Y,Indonesia_10Y,-0.1133558195962429,0.3870178102870791,,19.08,14965.0,87.14,9.6134694202868,2.9486406660201405,1,0.0021230000000018734,0.05948238166663179,-0.06080791423320542,-0.006269613013595521,0.0051922066232439334,-0.010000000000005116,,1,1,A_Indo,0.5902419022748384,-0.8997737348136282,-0.07283552885417277,0.021753386776635155,1.5128569873573052,-0.5310841608533319,Indonesia_10Y_A_Indo,2023-01_A_Indo
2023-01-26,4.5998515,4.586003,0.01384849999999993,Indonesia,10Y,Indonesia_10Y,-0.099384746503041,0.5165165827110297,,18.73,14947.5,85.17,9.61229934075506,2.930126516455997,1,-0.009350000000001302,0.013971073093201905,0.12949877242395064,-0.018514149564143434,-0.0011700795317395318,-1.9699999999999989,,1,1,A_Indo,0.1437870115466601,1.899517216742567,-0.2954713155939112,-0.46239161574562476,-0.33031316320157844,0.2731259039768431,Indonesia_10Y_A_Indo,2023-01_A_Indo
2023-01-27,4.6163875,4.613213999999999,0.0031735000000008284,Indonesia,10Y,Indonesia_10Y,-0.0400688427410745,0.4267451895925857,,18.51,14985.0,84.17,9.614804979750764,2.9183111265854063,1,-0.010674999999999102,0.05931590376196649,-0.08977139311844401,-0.011815389870590831,0.002505638995703663,-1.0,,1,1,A_Indo,0.5886087944371219,-1.3258081836982365,-0.17367139050913558,-0.2227892420483834,0.7345516521498711,-0.7803823566614893,Indonesia_10Y_A_Indo,2023-01_A_Indo
2023-01-30,4.61636,4.646367,-0.03000699999999945,Indonesia,10Y,Indonesia_10Y,-0.0549283300230569,0.427612901971482,,19.94,14970.0,84.18,9.613803477413674,2.9927277645336923,1,-0.03318050000000028,-0.0148594872819824,0.0008677123788962682,0.07441663794828601,-0.0010015023370897325,0.010000000000005116,,1,1,A_Indo,-0.13903378806114627,0.007435709791153256,1.3942389404669748,0.026693641904415862,-0.2814759299061087,-0.001033814899187392,Indonesia_10Y_A_Indo,2023-01_A_Indo
2023-01-31,4.6163325,4.654026,-0.0376934999999996,Indonesia,10Y,Indonesia_10Y,-0.0242061997726447,0.3447567247948735,,19.4,14990.0,88.14,9.615138591096644,2.9652730660692823,1,-0.0076865000000001515,0.0307221302504122,-0.08285617717660848,-0.027454698464409955,0.0013351136829697907,3.9599999999999937,,1,1,A_Indo,0.3081108164892825,-1.2240897325283577,-0.4580324815538324,1.0023940296406033,0.3954475527193916,-0.37715528694545974,Indonesia_10Y_A_Indo,2023-01_A_Indo
2023-02-01,4.583235,4.5633610000000004,0.019873999999999725,Indonesia,10Y,Indonesia_10Y,-0.0394660917380662,0.33511117176457,,17.87,14975.0,86.15,9.61413742298365,2.8831233291713367,1,0.05756749999999933,-0.0152598919654215,-0.00964555303030351,-0.08214973689794558,-0.0010011681129942218,-1.9899999999999949,,1,1,A_Indo,-0.14296166082058212,-0.14720777251748607,-1.452522788487135,-0.46733187087340194,-0.2813791043529291,0.021045067644798254,Indonesia_10Y_A_Indo,2023-02_A_Indo
2023-02-02,4.451729,4.463188000000001,-0.01145900000000033,Indonesia,10Y,Indonesia_10Y,-0.0509383665102832,0.3681107227013167,,18.73,14880.0,79.72,9.607773308387083,2.930126516455997,1,-0.031333000000000055,-0.011472274772217003,0.03299955093674667,0.04700318728466035,-0.006364114596566495,-6.430000000000007,,1,1,A_Indo,-0.1058060554750678,0.4800747248032559,0.8957949911552142,-1.5640685092401603,-1.8350380622768092,-0.0507948129647112,Indonesia_10Y_A_Indo,2023-02_A_Indo
2023-02-03,4.4190465,4.417039,0.002007500000000384,Indonesia,10Y,Indonesia_10Y,-0.1179382477600625,0.4274182246616701,,18.33,14892.5,78.25,9.608613009502843,2.9085390618516134,1,0.013466500000000714,-0.06699988124977929,0.05930750196035345,-0.021587454604383716,0.0008397011157601497,-1.4699999999999989,,1,1,A_Indo,-0.6505183975150509,0.867048039025459,-0.35135155921934114,-0.3388852375511703,0.251925297692035,-0.564030700915409,Indonesia_10Y_A_Indo,2023-02_A_Indo
2023-02-06,4.4679475,4.613023,-0.1450754999999999,Indonesia,10Y,Indonesia_10Y,-0.1709135968991035,0.3986694396745116,,19.43,15055.0,83.18,9.619465440915834,2.9668182633893485,1,-0.1470830000000003,-0.05297534913904099,-0.028748784987158493,0.05827920153773514,0.010852431412990526,4.930000000000007,,1,1,A_Indo,-0.5129411415038067,-0.4282042277741594,1.1008206606983766,1.241996403337848,3.152638211240572,0.21964356539123334,Indonesia_10Y_A_Indo,2023-02_A_Indo
2023-02-07,4.5335365,4.700414,-0.1668775,Indonesia,10Y,Indonesia_10Y,-0.0363192410993212,0.4008482924086855,,18.66,15145.0,88.14,9.625425723461337,2.926382195419198,1,-0.0218020000000001,0.1345943557997823,0.0021788527341738972,-0.040436067970150535,0.005960282545503404,4.959999999999994,,1,1,A_Indo,1.3270721375533538,0.026721754844110043,-0.6940657034678523,1.2494067860295122,1.7353704956758131,0.0354616963201498,Indonesia_10Y_A_Indo,2023-02_A_Indo
2023-02-08,4.549968,4.657541,-0.10757300000000036,Indonesia,10Y,Indonesia_10Y,-0.0181368706325044,0.3086898641323742,,19.63,15100.0,86.16,9.622450022803015,2.9770590082883697,1,0.05930449999999965,0.0181823704668168,-0.09215842827631132,0.050676812869171695,-0.002975700658321756,-1.980000000000004,,1,1,A_Indo,0.18509881662753533,-1.3609199605666045,0.962590538607626,-0.4648617433095151,-0.8534061022275988,-0.25190467422567053,Indonesia_10Y_A_Indo,2023-02_A_Indo
2023-02-09,4.5498449999999995,4.738061,-0.1882160000000006,Indonesia,10Y,Indonesia_10Y,-0.0410513583986104,0.3996357726104688,,20.71,15094.5,86.15,9.622085718041498,3.030616675407493,1,-0.08064300000000024,-0.022914487766106,0.09094590847809458,0.05355766711912313,-0.00036430476151672053,-0.009999999999990905,,1,1,A_Indo,-0.2180513877232736,1.3324289809275287,1.0149715535829749,0.021753386776638666,-0.09687820470245248,-0.2905379883339549,Indonesia_10Y_A_Indo,2023-02_A_Indo
2023-02-10,4.582863,4.7885,-0.2056370000000003,Indonesia,10Y,Indonesia_10Y,-0.0822498809902721,0.4567717167682014,,20.53,15133.5,88.13,9.624666108516543,3.0218872310308424,1,-0.017420999999999687,-0.0411985225916617,0.0571359441577326,-0.008729444376650353,0.002580390475044325,1.9799999999999898,,1,1,A_Indo,-0.39741333151232433,0.8351057977178322,-0.11756131234953013,0.5133087719905626,0.7562073419561064,-0.3318821772363009,Indonesia_10Y_A_Indo,2023-02_A_Indo
2023-02-13,4.6993375,4.872267000000001,-0.1729295000000004,Indonesia,10Y,Indonesia_10Y,-0.2303163103099366,0.3673956821334815,,20.34,15195.0,92.08,9.628721705350893,3.012589390620414,1,0.03270749999999989,-0.14806642931966452,-0.08937603463471988,-0.00929784041042847,0.004055596834350084,3.950000000000003,,1,1,A_Indo,-1.445761557835449,-1.319992710550392,-0.12789615006572574,0.9999239020767164,1.183578299682871,1.9083947175367715,Indonesia_10Y_A_Indo,2023-02_A_Indo
2023-02-14,4.665913,4.84188,-0.17596699999999998,Indonesia,10Y,Indonesia_10Y,-0.1613542944262084,0.4712145502823748,,18.91,15159.5,90.11,9.626382677122116,2.9396908826703663,1,-0.003037499999999582,0.06896201588372819,0.1038188681488933,-0.07289850795004771,-0.0023390282287767405,-1.9699999999999989,,1,1,A_Indo,0.6832348130743249,1.5217820728193192,-1.284312695224559,-0.46239161574562476,-0.6689605131366401,1.0397344900625662,Indonesia_10Y_A_Indo,2023-02_A_Indo
2023-02-15,4.716079000000001,4.947941999999999,-0.23186299999999882,Indonesia,10Y,Indonesia_10Y,-0.1110524533097495,0.3954565877747039,,18.23,15204.0,88.14,9.629313830109139,2.9030685886905716,1,-0.055895999999998836,0.05030184111645891,-0.07575796250767092,-0.03662229397979466,0.0029311529870224007,-1.9699999999999989,,1,1,A_Indo,0.5001830277526956,-1.1196794858681507,-0.624721913338659,-0.46239161574562476,0.8578241155912624,-0.5600446753541132,Indonesia_10Y_A_Indo,2023-02_A_Indo
2023-02-16,4.7496884999999995,4.951967,-0.20227850000000025,Indonesia,10Y,Indonesia_10Y,-0.2291488638675017,0.4173672498654042,,20.17,15156.5,88.14,9.626184761829217,3.0041963519661206,1,0.02958449999999857,-0.11809641055775219,0.021910662090700306,0.10112776327554895,-0.003129068279921654,0.0,,1,1,A_Indo,-1.1517629480199847,0.3169641859419942,1.8799128879772897,0.02422351434052551,-0.8978370843162812,-0.36506760521730586,Indonesia_10Y_A_Indo,2023-02_A_Indo
2023-02-17,4.851159,5.021719,-0.17056000000000004,Indonesia,10Y,Indonesia_10Y,-0.1200616061233874,0.4413459743308609,,20.02,15202.5,94.55,9.629215166994264,2.9967317738870745,1,0.031718500000000205,0.10908725774411429,0.023978724465456736,-0.0074645780790461025,0.0030304051650471564,6.409999999999997,,1,1,A_Indo,1.0768536966385496,0.3473840749884509,-0.0945629324496309,1.6075752827934309,0.8865777188490934,0.3740818253046765,Indonesia_10Y_A_Indo,2023-02_A_Indo
2023-02-20,4.851159,5.046793,-0.19563400000000009,Indonesia,10Y,Indonesia_10Y,-0.1141360246157081,0.4451352274029278,,21.23,15157.5,94.55,9.626250737945886,3.055415275715165,1,-0.02507400000000004,0.005925581507679301,0.0037892530720669004,0.058683501828090456,-0.0029644290483776814,0.0,,1,1,A_Indo,0.06486269187183537,0.05040972489619865,1.1081718342483737,0.02422351434052551,-0.8501406887438956,0.003269710453286121,Indonesia_10Y_A_Indo,2023-02_A_Indo
2023-02-21,4.885225,5.121454,-0.2362289999999998,Indonesia,10Y,Indonesia_10Y,-0.0743385999224967,0.3764762874552672,,22.87,15190.0,94.59,9.628392595589819,3.12982600803469,1,-0.040594999999999715,0.0397974246932114,-0.06865893994766065,0.07441073231952489,0.0021418576439327097,0.04000000000000625,,1,1,A_Indo,0.3971372522431295,-1.015257355641426,1.3941315616127408,0.03410402459608341,0.6291632881906387,-0.40319651653906163,Indonesia_10Y_A_Indo,2023-02_A_Indo
2023-02-22,4.936522500000001,5.168388,-0.2318654999999996,Indonesia,10Y,Indonesia_10Y,-0.000317584605269,0.3747273985599348,,22.29,15201.5,100.0,9.629149386175929,3.1041381473977774,1,0.004363500000000187,0.0740210153172277,-0.0017488888953323678,-0.02568786063691242,0.0007567905861094459,5.409999999999997,,1,1,A_Indo,0.7328623696108018,-0.031052839399838637,-0.42590702477214293,1.360562526404522,0.2279059106829322,-0.02275745746570941,Indonesia_10Y_A_Indo,2023-02_A_Indo
2023-02-23,4.902463,5.037962,-0.13549900000000026,Indonesia,10Y,Indonesia_10Y,0.0232843844370606,0.4134412816919934,,21.14,15190.0,96.53,9.628392595589819,3.051166980442092,1,0.09636649999999936,0.023601969042329602,0.03871388313205859,-0.0529711669556856,-0.0007567905861094459,-3.469999999999999,,1,1,A_Indo,0.2382637632235503,0.5641289358743592,-0.9219846298383418,-0.8329107503289882,-0.21058232595455317,0.1344114832047217,Indonesia_10Y_A_Indo,2023-02_A_Indo
2023-02-24,4.9025095,5.026065,-0.12355550000000015,Indonesia,10Y,Indonesia_10Y,-0.035966610364485,0.413263770885647,,21.67,15225.0,93.56,9.630694092578098,3.075928815548268,1,0.011943500000000107,-0.0592509948015456,-0.0001775108063464259,0.024761835106176022,0.0023014969882790837,-2.969999999999999,,1,1,A_Indo,-0.5745037022458633,-0.007938861939359278,0.4913925117334122,-0.7094043721345337,0.675411203984799,0.00456090557578068,Indonesia_10Y_A_Indo,2023-02_A_Indo
2023-02-27,4.9026505,5.064921999999999,-0.16227149999999924,Indonesia,10Y,Indonesia_10Y,-0.083145949375496,0.4759970484159073,,20.95,15270.0,94.06,9.633645398212678,3.0421386463681466,1,-0.038715999999999084,-0.047179339011011005,0.06273327753026031,-0.03379016918012123,0.002951305634580237,0.5,,1,1,A_Indo,-0.4560836889391544,0.9174390301322445,-0.5732269196067645,0.14772989253497995,0.8636623877985321,-0.4184289772394741,Indonesia_10Y_A_Indo,2023-02_A_Indo
2023-02-28,4.885606,4.977487,-0.09188099999999988,Indonesia,10Y,Indonesia_10Y,-0.056405123336507,0.3613739573104698,,20.7,15250.0,92.07,9.632334782035558,3.0301337002713233,1,0.07039049999999936,0.02674082603898901,-0.1146230911054375,-0.012004946096823232,-0.0013106161771201386,-1.990000000000009,,1,1,A_Indo,0.2690551885062126,-1.691360937139453,-0.1771179888662435,-0.46733187087340544,-0.37102697951150937,-0.45506943577409986,Indonesia_10Y_A_Indo,2023-02_A_Indo
2023-03-01,4.868579,5.095343,-0.2267639999999993,Indonesia,10Y,Indonesia_10Y,-0.1162121048711547,0.4285270809166679,,20.58,15235.0,90.59,9.63135069141981,3.0243197304059035,1,-0.13488299999999942,-0.0598069815346477,0.06715312360619813,-0.005813969865419821,-0.0009840906157485563,-1.4799999999999898,,1,1,A_Indo,-0.5799577971500545,0.9824521694232103,-0.06455081588460523,-0.34135536511505715,-0.27643171085274726,-0.5697807959839771,Indonesia_10Y_A_Indo,2023-03_A_Indo
2023-03-02,4.9543725,5.136559,-0.18218650000000025,Indonesia,10Y,Indonesia_10Y,-0.1357774735964096,0.4660681983190069,,19.59,15280.0,93.56,9.634300062720511,2.9750192319564492,1,0.04457749999999905,-0.019565368725254897,0.03754111740233901,-0.04930049844945428,0.0029493713007013866,2.969999999999999,,1,1,A_Indo,-0.18519734282130443,0.546878294012187,-0.8552428493412252,0.7578514008155847,0.8631020064544898,-0.10128040689770512,Indonesia_10Y_A_Indo,2023-03_A_Indo
2023-03-03,4.954433,5.118688000000001,-0.1642550000000007,Indonesia,10Y,Indonesia_10Y,0.018318672206849,0.3768233703380537,,18.49,15300.0,91.09,9.635608107380527,2.9172300453990334,1,0.017931499999999545,0.1540961458032586,-0.08924482798095323,-0.05778918655741583,0.0013080446600159945,-2.469999999999999,,1,1,A_Indo,1.5183799640676843,-1.318062743689403,-1.0095880748630286,-0.5858979939400792,0.387605589327954,-2.001320061402069,Indonesia_10Y_A_Indo,2023-03_A_Indo
2023-03-06,4.920131,5.094271,-0.1741400000000004,Indonesia,10Y,Indonesia_10Y,-0.008571768351986,0.4331640742011677,,18.61,15295.0,87.14,9.635281256585003,2.9236990706541595,1,-0.0098849999999997,-0.026890440558835,0.05634070386311402,0.0064690252551260485,-0.0003268507955240807,-3.950000000000003,,1,1,A_Indo,-0.2570545195878348,0.8234083161414276,0.15878424223653945,-0.9514768733956654,-0.08602769743886325,-0.2116608291303627,Indonesia_10Y_A_Indo,2023-03_A_Indo
2023-03-07,4.9201844999999995,5.106514000000001,-0.18632950000000115,Indonesia,10Y,Indonesia_10Y,-0.1019325150482923,0.3989449172331802,,19.59,15350.0,87.14,9.638870753015343,2.9750192319564492,1,-0.012189500000000741,-0.0933607466963063,-0.034219156967987496,0.05132016130228978,0.0035894964303402332,0.0,,1,1,A_Indo,-0.9091120893101554,-0.508669938446577,0.9742881952697406,0.02422351434052551,1.0485478513649382,0.4624379905104358,Indonesia_10Y_A_Indo,2023-03_A_Indo
2023-03-08,4.989103999999999,5.214473,-0.2253690000000006,Indonesia,10Y,Indonesia_10Y,-0.1070986142139634,0.3681276446970489,,19.11,15435.0,93.06,9.64439293693626,2.950211758252182,1,-0.03903949999999945,-0.005166099165671095,-0.030817272536131313,-0.02480747370426739,0.005522183920916746,5.920000000000002,,1,1,A_Indo,-0.04394400339210841,-0.4586303708643267,-0.4098994252541326,1.4865390321628666,1.6084522326224393,0.02015405457298591,Indonesia_10Y_A_Indo,2023-03_A_Indo
2023-03-09,5.0066109999999995,5.18191,-0.17529900000000076,Indonesia,10Y,Indonesia_10Y,-0.0249971048621886,0.3379555101603387,,22.61,15425.0,92.08,9.643744848773588,3.1183922862898785,1,0.05006999999999984,0.08210150935177479,-0.030172134536710193,0.16818052803769667,-0.0006480881626718116,-0.980000000000004,,1,1,A_Indo,0.8121300548148604,-0.44914079907887466,3.099097050176337,-0.2178489869206062,-0.1790909630555858,-0.3647607417755167,Indonesia_10Y_A_Indo,2023-03_A_Indo
2023-03-10,4.989388,5.010331000000001,-0.020943000000000822,Indonesia,10Y,Indonesia_10Y,-0.0025253315787298,0.4280423515735057,,24.8,15450.0,100.0,9.645364282325891,3.2108436531709366,1,0.15435599999999994,0.022471773283458802,0.09008684141316697,0.09245136688105804,0.0016194335523032066,7.920000000000002,,1,1,A_Indo,0.22717681714697244,1.3197926479437903,1.7221546641867063,1.9805645449406843,0.47781572724038124,0.299826293053845,Indonesia_10Y_A_Indo,2023-03_A_Indo
2023-03-13,4.886194,4.969908,-0.08371400000000051,Indonesia,10Y,Indonesia_10Y,-0.1120611446751128,0.3577974012893632,,26.52,15365.0,99.01,9.639847474564585,3.277899165317662,1,-0.06277099999999969,-0.109535813096383,-0.07024495028414246,0.06705551214672534,-0.005516807761306808,-0.9899999999999949,,1,1,A_Indo,-1.0677855647281582,-1.0385865642045828,1.2603955706215628,-0.22031911448449304,-1.5895711610605079,1.108987740978268,Indonesia_10Y_A_Indo,2023-03_A_Indo
2023-03-14,4.8349475,4.873214,-0.03826649999999976,Indonesia,10Y,Indonesia_10Y,-0.033432867938371,0.2816281715448823,,23.73,15385.0,99.04,9.641148287756142,3.166740070447672,1,0.04544750000000075,0.0786282767367418,-0.07616922974448093,-0.11115909486998987,0.0013008131915572818,0.030000000000001137,,1,1,A_Indo,0.7780584858746656,-1.1257289667082424,-1.979984257384607,0.031633897032193055,0.3855106148984611,-0.875882975342267,Indonesia_10Y_A_Indo,2023-03_A_Indo
2023-03-15,4.8179324999999995,4.825991,-0.008058500000000635,Indonesia,10Y,Indonesia_10Y,-0.0951144320815784,0.3025863691642155,,26.14,15365.0,106.93,9.639847474564585,3.2634667081960758,1,0.030207999999999124,-0.0616815641432074,0.020958197619333208,0.09672663774840373,-0.0013008131915572818,7.890000000000001,,1,1,A_Indo,-0.5983469975465922,0.3029540362031153,1.7998896024710305,1.973154162249017,-0.3681870301700821,-0.1812716379567556,Indonesia_10Y_A_Indo,2023-03_A_Indo
2023-03-16,4.766992,4.73826,0.028731999999999758,Indonesia,10Y,Indonesia_10Y,-0.00438695577816,0.3826915649286191,,22.99,15380.0,108.9,9.640823243059636,3.1350593387750902,1,0.03679050000000039,0.0907274763034184,0.08010519576440361,-0.12840736942098552,0.0009757684950510992,1.9699999999999989,,1,1,A_Indo,0.8967486969399795,1.1729689559493983,-2.293600306363781,0.5108386444266757,0.2913443564807392,1.0518583827986712,Indonesia_10Y_A_Indo,2023-03_A_Indo
2023-03-17,4.7331075,4.7635559999999995,-0.030448499999999434,Indonesia,10Y,Indonesia_10Y,0.0305824439917888,0.3852697168658857,,25.51,15345.0,101.48,9.638544967053836,3.23907053215372,1,-0.05918049999999919,0.0349693997699488,0.0025781519372665707,0.10401119337862985,-0.002278276005799995,-7.420000000000002,,1,1,A_Indo,0.3497754995905913,0.03259519348052849,1.9323407382971725,-1.808611138065179,-0.6513604427777918,0.011401000083903838,Indonesia_10Y_A_Indo,2023-03_A_Indo
2023-03-20,4.7500625,4.767817,-0.017754499999999673,Indonesia,10Y,Indonesia_10Y,-0.0492477637657803,0.3091928433567169,,24.15,15360.0,123.67,9.639522006701663,3.184284380098582,1,0.012693999999999761,-0.0798302077575691,-0.07607687350916881,-0.05478615205513826,0.0009770396478270271,22.189999999999998,,1,1,A_Indo,-0.7763807864156049,-1.1243704649216248,-0.9549855224298596,5.505436578610413,0.2917126126069675,0.8729396257783304,Indonesia_10Y_A_Indo,2023-03_A_Indo
2023-03-21,4.733131,4.760159,-0.027027999999999608,Indonesia,10Y,Indonesia_10Y,-0.0718720557244045,0.4135016331085366,,21.38,15345.0,111.81,9.638544967053836,3.062455905596899,1,-0.009273499999999935,-0.0226242919586242,0.10430878975181973,-0.12182847450168266,-0.0009770396478270271,-11.86,,1,1,A_Indo,-0.2152046372873896,1.5289885096194855,-2.173979817651081,-2.905347776431934,-0.2743890278785885,-0.32904541762924777,Indonesia_10Y_A_Indo,2023-03_A_Indo
2023-03-22,4.7331425,4.663678,0.0694644999999996,Indonesia,10Y,Indonesia_10Y,-0.005728773941499,0.5152714894833234,,22.26,15345.0,106.89,9.638544967053836,3.102791345847399,1,0.0964924999999992,0.0661432817829055,0.10176985637478675,0.04033544025049984,0.0,-4.920000000000002,,1,1,A_Indo,0.6555837157004893,1.491642406054894,0.774558952485751,-1.1910792470929066,0.008661792364189527,0.9778964710578856,Indonesia_10Y_A_Indo,2023-03_A_Indo
2023-03-23,4.64874,4.597773999999999,0.05096600000000073,Indonesia,10Y,Indonesia_10Y,0.0551270411036625,0.3269186578115437,,22.61,15345.0,105.91,9.638544967053836,3.1183922862898785,1,-0.018498499999998863,0.06085581504516149,-0.18835283167177963,0.015600940442479505,0.0,-0.980000000000004,,1,1,A_Indo,0.6037149503623173,-2.775878771238302,0.3248249179112776,-0.2178489869206062,0.008661792364189527,-1.6758395145899418,Indonesia_10Y_A_Indo,2023-03_A_Indo
2023-03-24,4.598357,4.641465999999999,-0.0431089999999994,Indonesia,10Y,Indonesia_10Y,-0.0763405368478883,0.4051344438736947,,21.74,15155.0,112.8,9.626085789491903,3.0791538816930633,1,-0.09407500000000013,-0.13146757795155078,0.07821578606215096,-0.03923840459681527,-0.012459177561932933,6.890000000000001,,1,1,A_Indo,-1.2829308547409017,1.1451769346799268,-0.6722892379992647,1.7261414058601081,-3.6007929890244466,-1.4691828236384843,Indonesia_10Y_A_Indo,2023-03_A_Indo
2023-03-27,4.6151085,4.6538699999999995,-0.03876149999999967,Indonesia,10Y,Indonesia_10Y,-0.1080380460301244,0.3271726881226209,,20.6,15160.0,112.82,9.626415659196363,3.0252910757955354,1,0.004347499999999727,-0.0316975091822361,-0.07796175575107378,-0.0538628058975279,0.00032986970446025055,0.01999999999999602,,1,1,A_Indo,-0.30421069602518597,-1.1520958901139569,-0.9381968185549466,0.029163769468302705,0.10422586760757892,0.350479892619323,Indonesia_10Y_A_Indo,2023-03_A_Indo
2023-03-28,4.648718499999999,4.664099,-0.015380500000000907,Indonesia,10Y,Indonesia_10Y,-0.2078367237055945,0.372926566253155,,19.97,15086.5,106.91,9.621555583176029,2.994231147427724,1,0.023380999999998764,-0.0997986776754701,0.04575387813053411,-0.031059928367811462,-0.004860076020333892,-5.909999999999997,,1,1,A_Indo,-0.9722666296192018,0.6676828080183065,-0.523584427322291,-1.4356218759179251,-1.3993143394716663,-0.6491657134066434,Indonesia_10Y_A_Indo,2023-03_A_Indo
2023-03-29,4.665568,4.692845,-0.027276999999999774,Indonesia,10Y,Indonesia_10Y,-0.0945433880180476,0.3695870406827353,,19.12,15065.0,105.92,9.620129451564402,2.9507349076232554,1,-0.011896499999998866,0.1132933356875469,-0.0033395255704197213,-0.043496239804468484,-0.0014261316116268574,-0.9899999999999949,,1,1,A_Indo,1.118114300376182,-0.05445009847674679,-0.7497071531119125,-0.22031911448449304,-0.40449208869161934,-0.06088143376374195,Indonesia_10Y_A_Indo,2023-03_A_Indo
2023-03-30,4.615048,4.688917999999999,-0.07386999999999944,Indonesia,10Y,Indonesia_10Y,-0.0564822933657337,0.3996759427915063,,19.02,15047.0,99.01,9.618933914758879,2.9454910571172443,1,-0.04659299999999966,0.038061094652313894,0.03008890210877102,-0.005243850506011061,-0.0011955368055236448,-6.909999999999997,,1,1,A_Indo,0.3801042759790825,0.4372609221438237,-0.05418464387037368,-1.6826346323068342,-0.3376881988429303,0.16620474622542405,Indonesia_10Y_A_Indo,2023-03_A_Indo
2023-03-31,4.665558,4.651465,0.014092999999999911,Indonesia,10Y,Indonesia_10Y,-0.1437302213708725,0.3357614578765333,,18.7,14994.5,95.06,9.615438746179022,2.928523523860541,1,0.08796299999999935,-0.08724792800513878,-0.06391448491497304,-0.016967533256703415,-0.0034951685798567667,-3.950000000000003,,1,1,A_Indo,-0.8491468216360099,-0.9454694239803906,-0.26735002762437926,-0.9514768733956654,-1.0038972533362658,0.8028423563269776,Indonesia_10Y_A_Indo,2023-03_A_Indo
2023-04-03,4.63184,4.631802,3.799999999998249e-05,Indonesia,10Y,Indonesia_10Y,-0.2621672408923626,0.4275741795466929,,18.55,14970.0,93.08,9.613803477413674,2.920469789053444,1,-0.014054999999999929,-0.1184370195214901,0.09181272167015964,-0.008053734807096813,-0.0016352687653480302,-1.980000000000004,,1,1,A_Indo,-1.1551042392826012,1.3451792545403976,-0.10527525064322646,-0.4648617433095151,-0.46507964318408346,-1.5538222595146225,Indonesia_10Y_A_Indo,2023-04_A_Indo
2023-04-04,4.6150055000000005,4.601394,0.013611500000000554,Indonesia,10Y,Indonesia_10Y,-0.0334400260343621,0.377910281170898,,19.0,14898.5,91.61,9.609015815724932,2.9444389791664403,1,0.013573500000000571,0.2287272148580005,-0.049663898375794935,0.02396919011299614,-0.004787661688741451,-1.4699999999999989,,1,1,A_Indo,2.250492637250943,-0.7358523124946774,0.47698027645334184,-0.3388852375511703,-1.3783357271910297,-1.6560302113733516,Indonesia_10Y_A_Indo,2023-04_A_Indo
2023-04-05,4.547805,4.575741000000001,-0.027936000000000405,Indonesia,10Y,Indonesia_10Y,-0.0389286563603486,0.3754715417482316,,19.08,14925.0,91.61,9.610792938260802,2.9486406660201405,1,-0.04154750000000096,-0.005488630325986496,-0.0024387394226663694,0.004201686853700259,0.0017771225358700349,0.0,,1,1,A_Indo,-0.04710795579094388,-0.041200104180772315,0.11755845416993733,0.02422351434052551,0.5234986186574372,0.0019408526863301044,Indonesia_10Y_A_Indo,2023-04_A_Indo
2023-04-06,4.497673,4.538375,-0.04070200000000046,Indonesia,10Y,Indonesia_10Y,-0.0392201917035145,0.3597117706822851,,18.4,14912.5,91.62,9.609955066406172,2.91235066461494,1,-0.012766000000000055,-0.00029153534316590096,-0.015759771065946504,-0.036290001405200556,-0.0008378718546300234,0.010000000000005116,,1,1,A_Indo,0.0038742845662084998,-0.23714405128761268,-0.6186800171454363,0.026693641904415862,-0.23407177145670482,-0.0009187635378717547,Indonesia_10Y_A_Indo,2023-04_A_Indo
2023-04-07,4.4477905,4.641408,-0.19361750000000022,Indonesia,10Y,Indonesia_10Y,-0.0474627192731973,0.3384199290315087,,18.4,14912.5,91.61,9.609955066406172,2.91235066461494,1,-0.15291549999999976,-0.0082425275696828,-0.02129184165077641,0.0,0.0,-0.010000000000005116,,1,1,A_Indo,-0.07412301933338963,-0.31851730938748635,0.041161454214417185,0.021753386776635155,0.008661792364189527,0.023609464681747898,Indonesia_10Y_A_Indo,2023-04_A_Indo
2023-04-10,4.5645255,4.6622900000000005,-0.09776450000000025,Indonesia,10Y,Indonesia_10Y,-0.1115567777351504,0.4761171439737979,,18.97,14902.0,91.62,9.609250711113672,2.9428587839469227,1,0.09585299999999997,-0.0640940584619531,0.1376972149422892,0.03050811933198272,-0.0007043552925001251,0.010000000000005116,,1,1,A_Indo,-0.6220129812596329,2.0201111189409886,0.5958740904490538,0.026693641904415862,-0.1953916907548476,-1.2565353395682173,Indonesia_10Y_A_Indo,2023-04_A_Indo
2023-04-11,4.4809755,4.50178,-0.02080450000000056,Indonesia,10Y,Indonesia_10Y,-0.0491782452705524,0.4056681112926468,,19.1,14883.0,92.11,9.60797490096916,2.9496883350525844,1,0.0769599999999997,0.06237853246459799,-0.0704490326811511,0.006829551105661746,-0.0012758101445129455,0.4899999999999949,,1,1,A_Indo,0.6186524386572881,-1.0415884871393633,0.16533948881877428,0.1452597649710896,-0.3609435851469369,-0.6443812576461225,Indonesia_10Y_A_Indo,2023-04_A_Indo
2023-04-12,4.4642945,4.4829740000000005,-0.018679500000000182,Indonesia,10Y,Indonesia_10Y,-0.1013433201958954,0.3754140618869044,,19.09,14880.0,90.13,9.607773308387083,2.949164637737656,1,0.0021250000000003766,-0.052165074925342995,-0.03025404940574239,-0.0005236973149282953,-0.00020159258207641528,-1.980000000000004,,1,1,A_Indo,-0.5049925481349139,-0.45034571497388387,0.03163934913177669,-0.4648617433095151,-0.04974008092569649,0.22742123014630128,Indonesia_10Y_A_Indo,2023-04_A_Indo
2023-04-13,4.397798,4.536791,-0.13899300000000014,Indonesia,10Y,Indonesia_10Y,-0.2285678043729889,0.3888220958010213,,17.8,14751.0,90.15,9.599066156080049,2.8791984572980396,1,-0.12031349999999996,-0.1272244841770935,0.01340803391411688,-0.06996618043961655,-0.008707152307033894,0.020000000000010232,,1,1,A_Indo,-1.241307134685296,0.19189590517246116,-1.2309957697886016,0.029163769468306216,-2.5138219246129356,-0.23820175620746903,Indonesia_10Y_A_Indo,2023-04_A_Indo
2023-04-14,4.3977325,4.506212,-0.10847949999999962,Indonesia,10Y,Indonesia_10Y,-0.0788247828830779,0.379904690844129,,17.07,14700.0,88.16,9.595602772766828,2.837322536806349,1,0.030513500000000526,0.149743021489911,-0.008917404956892305,-0.04187592049169053,-0.0034633833132211578,-1.990000000000009,,1,1,A_Indo,1.4756768711318684,-0.13649717506504278,-0.7202457632519779,-0.46733187087340544,-0.9946889823998162,-0.2014257242183212,Indonesia_10Y_A_Indo,2023-04_A_Indo
2023-04-17,4.414227,4.594111,-0.1798839999999995,Indonesia,10Y,Indonesia_10Y,-0.0065574847919969,0.3529868424282534,,16.95,14790.0,88.65,9.601706555704846,2.830267833826459,1,-0.07140449999999987,0.072267298091081,-0.026917848415875578,-0.007054702979889971,0.006103782938017943,0.4900000000000091,,1,1,A_Indo,0.715658829279629,-0.4012723092646483,-0.0871103951658437,0.1452597649710931,1.7769429169145385,-0.28717407107067144,Indonesia_10Y_A_Indo,2023-04_A_Indo
2023-04-18,4.464001,4.673565999999999,-0.20956499999999956,Indonesia,10Y,Indonesia_10Y,-0.0314360711894965,0.4194167445735601,,16.83,14845.0,89.64,9.60541838719786,2.8231630082027146,1,-0.02968100000000007,-0.024878586397499597,0.0664299021453067,-0.007104825623744482,0.0037118314930140173,0.9899999999999949,,1,1,A_Indo,-0.23731871857673378,0.97181403932381,-0.08802174809471591,0.2687661431655441,1.0839886238159622,-0.23062966250720618,Indonesia_10Y_A_Indo,2023-04_A_Indo
2023-04-19,4.5307580000000005,4.710625,-0.17986699999999978,Indonesia,10Y,Indonesia_10Y,-0.0667034427797763,0.346336470258668,,16.46,14845.0,93.58,9.60541838719786,2.800933195248924,1,0.02969799999999978,-0.0352673715902798,-0.07308027431489211,-0.022229812953790784,0.0,3.9399999999999977,,1,1,A_Indo,-0.33923017978110354,-1.0802923867556629,-0.3630312137247363,0.9974537745128261,0.008661792364189527,0.36646778057528095,Indonesia_10Y_A_Indo,2023-04_A_Indo
2023-04-20,4.497187500000001,4.692188,-0.19500049999999902,Indonesia,10Y,Indonesia_10Y,-0.0386037793332938,0.3345699388879176,,17.17,14845.0,94.58,9.60541838719786,2.843163674909384,1,-0.015133499999999245,0.0280996634464825,-0.0117665313707504,0.04223047966046023,0.0,1.0,,1,1,A_Indo,0.2823850536605194,-0.1784060219387257,0.8090154293150403,0.27123627072943446,0.008661792364189527,-0.05037919407852686,Indonesia_10Y_A_Indo,2023-04_A_Indo
2023-04-21,4.4971485,4.721622,-0.22447350000000021,Indonesia,10Y,Indonesia_10Y,0.0176268846067741,0.2548858717092649,,16.77,14845.0,94.57,9.60541838719786,2.8195915758351173,1,-0.029473000000001193,0.0562306639400679,-0.07968406717865267,-0.023572099074266717,0.0,-0.010000000000005116,,1,1,A_Indo,0.5583433406250529,-1.1774300014879258,-0.3874372763983471,0.021753386776635155,0.008661792364189527,-0.6574102003829294,Indonesia_10Y_A_Indo,2023-04_A_Indo
2023-04-24,4.497109,4.664300000000001,-0.16719100000000076,Indonesia,10Y,Indonesia_10Y,-0.0634761403988555,0.2854385238705449,,16.89,14845.0,95.06,9.60541838719786,2.826721730819709,1,0.05728249999999946,-0.0811030250056296,0.030552652161280003,0.007130154984591464,0.0,0.4900000000000091,,1,1,A_Indo,-0.7888668146844459,0.4440823919963823,0.17080520659471898,0.1452597649710931,0.008661792364189527,-0.35032186203163557,Indonesia_10Y_A_Indo,2023-04_A_Indo
2023-04-25,4.463667,4.602549,-0.13888199999999973,Indonesia,10Y,Indonesia_10Y,-0.2038692729589585,0.3606899738191567,,18.76,14845.0,95.07,9.60541838719786,2.9317269435780786,1,0.028309000000001028,-0.140393132560103,0.07525144994861177,0.10500521275836983,0.0,0.009999999999990905,,1,1,A_Indo,-1.3704883790652183,1.1015734260184014,1.9504144551527978,0.02669364190441235,0.008661792364189527,-1.509693579045278,Indonesia_10Y_A_Indo,2023-04_A_Indo
2023-04-26,4.4136865,4.592810999999999,-0.17912449999999946,Indonesia,10Y,Indonesia_10Y,-0.0176038721842258,0.4602077507107389,,18.84,14835.0,97.53,9.604744532724922,2.935982269148217,1,-0.04024249999999974,0.1862654007747327,0.0995177768915822,0.004255325570138524,-0.0006738544729376628,2.460000000000008,,1,1,A_Indo,1.8339525473065055,1.4585157417728494,0.11853373794524759,0.6318748950572434,-0.18655552733565303,2.6748486599109547,Indonesia_10Y_A_Indo,2023-04_A_Indo
2023-04-27,4.430087,4.659191,-0.22910399999999953,Indonesia,10Y,Indonesia_10Y,-0.0522649329775401,0.3937519801224707,,17.03,14702.5,99.01,9.59577282633411,2.834976494674597,1,-0.049979500000000066,-0.0346610607933143,-0.06645577058826818,-0.10100577447362014,-0.008971706390811462,1.480000000000004,,1,1,A_Indo,-0.33328241802492803,-0.9828501283346746,-1.795371923129681,0.3898023937961117,-2.590463901812488,0.3275666673274912,Indonesia_10Y_A_Indo,2023-04_A_Indo
2023-04-28,4.430033,4.607818999999999,-0.17778599999999933,Indonesia,10Y,Indonesia_10Y,-0.1346365946384493,0.4164428548245864,,15.78,14670.0,90.11,9.593559871137028,2.7587433154177283,1,0.0513180000000002,-0.0823716616609092,0.02269087470211567,-0.07623317925686868,-0.0022129551970824224,-8.900000000000006,,1,1,A_Indo,-0.801311832352808,0.32844061980666284,-1.344945220338733,-2.174190017520765,-0.6324368417473208,-0.26318335487636896,Indonesia_10Y_A_Indo,2023-04_A_Indo
2023-05-01,4.396775,4.691667000000001,-0.2948920000000008,Indonesia,10Y,Indonesia_10Y,-0.1665939638177619,0.3896379962597995,,16.08,14670.0,96.04,9.593559871137028,2.77757626375082,1,-0.11710600000000149,-0.031957369179312606,-0.02680485856478687,0.018832948333091792,0.0,5.930000000000007,,1,1,A_Indo,-0.3067598595240168,-0.39961030004507675,0.3835907696448257,1.4890091597267572,0.008661792364189527,0.12258439950617794,Indonesia_10Y_A_Indo,2023-05_A_Indo
2023-05-02,4.4633424999999995,4.604715000000001,-0.141372500000001,Indonesia,10Y,Indonesia_10Y,0.0304876115964807,0.5278955695934698,,17.78,14704.5,94.58,9.595908848369891,2.8780742300857587,1,0.1535194999999998,0.1970815754142426,0.13825757333367034,0.10049796633493857,0.002348977232863092,-1.460000000000008,,1,1,A_Indo,1.9400565952485258,2.028353636333179,1.868461630775334,-0.33641510998728347,0.6891663491365039,3.935120849664514,Indonesia_10Y_A_Indo,2023-05_A_Indo
2023-05-03,4.39665,4.546001,-0.14935100000000023,Indonesia,10Y,Indonesia_10Y,0.0310562282893315,0.2880594614758089,,18.34,14685.0,98.52,9.59458184363272,2.9090844668283187,1,-0.007978499999999222,0.000568616692850802,-0.23983610811766093,0.031010236742559982,-0.0013270047371705118,3.9399999999999977,,1,1,A_Indo,0.012312167265842689,-3.533165193712005,0.6050038198004344,0.9974537745128261,-0.3757747861897471,-0.04350092084283569,Indonesia_10Y_A_Indo,2023-05_A_Indo
2023-05-04,4.3466965,4.538174,-0.19147749999999952,Indonesia,10Y,Indonesia_10Y,-0.1449898907079198,0.4676609776574728,,20.09,14680.0,100.49,9.594241302168507,3.000222178826843,1,-0.04212649999999929,-0.17604611899725128,0.17960151618166387,0.09113771199852438,-0.000340541464213473,1.9699999999999989,,1,1,A_Indo,-1.7202355224207728,2.6364968768518007,1.698269187829964,0.5108386444266757,-0.08999391826810298,-4.535395582311893,Indonesia_10Y_A_Indo,2023-05_A_Indo
2023-05-05,4.346622,4.514601000000001,-0.16797900000000077,Indonesia,10Y,Indonesia_10Y,-0.0025681799637821,0.4273008909463972,,17.19,14675.0,100.0,9.593900644696298,2.844327819394758,1,0.023498499999998756,0.14242171074413768,-0.04036008671107555,-0.15589435943208496,-0.0003406574722095712,-0.4899999999999949,,1,1,A_Indo,1.4038565897238418,-0.5989991295324243,-2.7933813818635005,-0.0968127362900386,-0.09002752607360336,-0.8409088752329389,Indonesia_10Y_A_Indo,2023-05_A_Indo
2023-05-08,4.346548,4.55084,-0.2042919999999997,Indonesia,10Y,Indonesia_10Y,-0.1586677796437789,0.3846348860784275,,16.98,14700.0,96.04,9.595602772766828,2.8320361808832013,1,-0.03631299999999893,-0.1560995996799968,-0.04266600486796973,-0.01229163851155679,0.0017021280705300512,-3.9599999999999937,,1,1,A_Indo,-1.5245650092817298,-0.6329177266401118,-0.1823307620114766,-0.9539470009595522,0.5017725352018055,0.9649242197896534,Indonesia_10Y_A_Indo,2023-05_A_Indo
2023-05-09,4.396280000000001,4.571096000000001,-0.17481599999999986,Indonesia,10Y,Indonesia_10Y,-0.0910333910490074,0.4612841420078044,,17.71,14730.0,97.53,9.597641509456675,2.8741294517947424,1,0.029475999999999836,0.0676343885947715,0.07664925592937688,0.042093270911541136,0.0020387366898475534,1.4899999999999949,,1,1,A_Indo,0.6702111116076316,1.1221342675879677,0.8065206368304844,0.3922725213599985,0.5992888908691609,0.7520668548531474,Indonesia_10Y_A_Indo,2023-05_A_Indo
2023-05-10,4.3962185,4.528874999999999,-0.1326564999999995,Indonesia,10Y,Indonesia_10Y,0.0013129867035657,0.3845655814957426,,16.94,14725.0,97.54,9.597302008519787,2.8296776892239084,1,0.04215950000000035,0.0923463777525731,-0.07671856051206177,-0.04445176257083405,-0.00033950093688872585,0.010000000000005116,,1,1,A_Indo,0.9126297272209679,-1.1338092747316317,-0.7670809068639898,0.026693641904415862,-0.08969247490967866,-1.0347480491189325,Indonesia_10Y_A_Indo,2023-05_A_Indo
2023-05-11,4.329610000000001,4.482138,-0.15252799999999933,Indonesia,10Y,Indonesia_10Y,-0.0474426584778478,0.3480937687039434,,16.93,14723.5,97.58,9.597200135758778,2.829087196145044,1,-0.01987149999999982,-0.0487556451814135,-0.03647181279179923,-0.0005904930788642737,-0.00010187276100914744,0.03999999999999204,,1,1,A_Indo,-0.47154686987419037,-0.5418050803342961,0.030424837876624047,0.0341040245960799,-0.020851000313329933,0.2554864897135716,Indonesia_10Y_A_Indo,2023-05_A_Indo
2023-05-12,4.3295335,4.515653,-0.18611950000000022,Indonesia,10Y,Indonesia_10Y,-0.0763983428798263,0.4805841456340879,,17.03,14750.0,97.54,9.598998361767967,2.834976494674597,1,-0.033591500000000885,-0.0289556844019785,0.13249037693014454,0.005889298529552889,0.0017982260091891078,-0.03999999999999204,,1,1,A_Indo,-0.27731406041887946,1.943521826207026,0.14824338467862253,0.014343004084971118,0.5296123474566934,-0.5389659291381862,Indonesia_10Y_A_Indo,2023-05_A_Indo
